Date,% Barc Change,Previous % Barc Change,Next % Barc Change
2017-02-28,3.21,-5.37,0.71
2017-03-01,4.86,-5.49,-2.4
2017-03-02,3.68,-4.82,-0.63
2017-03-03,1.11,-2.72,-2.72
2017-03-06,-0.2,-2.84,-2.42
2017-03-07,0.44,-4.32,-4.1
2017-03-08,3.27,-3.95,-5.9
2017-03-09,1.15,-1.16,-6.8
2017-03-10,1.4,-2.81,-7.14
2017-03-13,-0.93,0.54,-6.08
2017-03-14,-3.7,1.58,-5.1
2017-03-15,-4.91,5.12,-6.07
2017-03-16,-3.59,4.25,-7.32
2017-03-17,-2.78,4.22,-10.03
2017-03-20,-3.87,5.79,-8.67
2017-03-21,-2.52,3.19,-9.67
2017-03-22,-4.51,1.86,-7.39
2017-03-23,-2.25,-1.42,-2.1
2017-03-24,0.46,-2.04,-1.83
2017-03-27,-0.36,0.72,0.2
2017-03-28,0.71,3.21,-1.82
2017-03-29,-2.4,4.86,-6.62
2017-03-30,-0.63,3.68,-7.98
2017-03-31,-2.72,1.11,-7.17
2017-04-03,-2.42,-0.2,-4.34
2017-04-04,-4.1,0.44,-5.24
2017-04-05,-5.9,3.27,-6.27
2017-04-06,-6.8,1.15,-5.13
2017-04-07,-7.14,1.4,-2.48
2017-04-10,-6.08,-0.93,-4.46
2017-04-11,-5.1,-3.7,-4.23
2017-04-12,-6.07,-4.91,-1.45
2017-04-13,-7.32,-3.59,-0.49
2017-04-18,-10.03,-2.78,1.06
2017-04-19,-8.67,-3.87,1.8
2017-04-20,-9.67,-2.52,2.86
2017-04-21,-7.39,-4.51,2.74
2017-04-24,-2.1,-2.25,-2.26
2017-04-25,-1.83,0.46,-2.85
2017-04-26,0.2,-0.36,-4.72
2017-04-27,-1.82,0.71,-5.49
2017-04-28,-6.62,-2.4,-1.44
2017-05-02,-7.98,-0.63,0.07
2017-05-03,-7.17,-2.72,1.03
2017-05-04,-4.34,-2.42,-0.45
2017-05-05,-5.24,-4.1,2.59
2017-05-08,-6.27,-5.9,2.24
2017-05-09,-5.13,-6.8,1.39
2017-05-10,-2.48,-7.14,-2.17
2017-05-11,-4.46,-6.08,0.02
2017-05-12,-4.23,-5.1,-0.32
2017-05-15,-1.45,-6.07,-2.04
2017-05-16,-0.49,-7.32,-3.83
2017-05-17,1.06,-10.03,-3.03
2017-05-18,1.8,-8.67,-4.24
2017-05-19,2.86,-9.67,-3.25
2017-05-22,2.74,-7.39,-5.08
2017-05-23,-2.26,-2.1,-6.58
2017-05-24,-2.85,-1.83,-9.45
2017-05-25,-4.72,0.2,-7.71
2017-05-26,-5.49,-1.82,-5.55
2017-05-30,-1.44,-6.62,-3.06
2017-05-31,0.07,-7.98,-3.12
2017-06-01,1.03,-7.17,-2.65
2017-06-02,-0.45,-4.34,-3.86
2017-06-05,2.59,-5.24,-2.2
2017-06-06,2.24,-6.27,-1.22
2017-06-07,1.39,-5.13,-1.9
2017-06-08,-2.17,-2.48,1.83
2017-06-09,0.02,-4.46,0.75
2017-06-12,-0.32,-4.23,1.19
2017-06-13,-2.04,-1.45,-0.27
2017-06-14,-3.83,-0.49,2.21
2017-06-15,-3.03,1.06,4.01
2017-06-16,-4.24,1.8,2.58
2017-06-19,-3.25,2.86,1.11
2017-06-20,-5.08,2.74,1.11
2017-06-21,-6.58,-2.26,3.07
2017-06-22,-9.45,-2.85,6.22
2017-06-23,-7.71,-4.72,3.8
2017-06-26,-5.55,-5.49,2.8
2017-06-27,-3.06,-1.44,3.4
2017-06-28,-3.12,0.07,3.81
2017-06-29,-2.65,1.03,1.51
2017-06-30,-3.86,-0.45,1.16
2017-07-03,-2.2,2.59,-1.96
2017-07-04,-1.22,2.24,-0.17
2017-07-05,-1.9,1.39,1.71
2017-07-06,1.83,-2.17,-0.31
2017-07-07,0.75,0.02,1.06
2017-07-10,1.19,-0.32,1.11
2017-07-11,-0.27,-2.04,2.24
2017-07-12,2.21,-3.83,0.36
2017-07-13,4.01,-3.03,-3.08
2017-07-14,2.58,-4.24,-4.39
2017-07-17,1.11,-3.25,-4.42
2017-07-18,1.11,-5.08,-2.24
2017-07-19,3.07,-6.58,-2.69
2017-07-20,6.22,-9.45,-5.26
2017-07-21,3.8,-7.71,-4.58
2017-07-24,2.8,-5.55,-5.96
2017-07-25,3.4,-3.06,-7.82
2017-07-26,3.81,-3.12,-8.69
2017-07-27,1.51,-2.65,-6.76
2017-07-28,1.16,-3.86,-5.27
2017-07-31,-1.96,-2.2,-6.23
2017-08-01,-0.17,-1.22,-7.7
2017-08-02,1.71,-1.9,-7.99
2017-08-03,-0.31,1.83,-7.84
2017-08-04,1.06,0.75,-9.58
2017-08-07,1.11,1.19,-10.52
2017-08-08,2.24,-0.27,-11.65
2017-08-09,0.36,2.21,-11.86
2017-08-10,-3.08,4.01,-8.4
2017-08-11,-4.39,2.58,-6.37
2017-08-14,-4.42,1.11,-4.23
2017-08-15,-2.24,1.11,-4.44
2017-08-16,-2.69,3.07,-5.45
2017-08-17,-5.26,6.22,-5.37
2017-08-18,-4.58,3.8,-4.19
2017-08-21,-5.96,2.8,-2.56
2017-08-22,-7.82,3.4,-3.83
2017-08-23,-8.69,3.81,-1.27
2017-08-24,-6.76,1.51,-1.52
2017-08-25,-5.27,1.16,-2.37
2017-08-29,-6.23,-1.96,-1.08
2017-08-30,-7.7,-0.17,-0.24
2017-08-31,-7.99,1.71,0.58
2017-09-01,-7.84,-0.31,0.62
2017-09-04,-9.58,1.06,1.31
2017-09-05,-10.52,1.11,3.06
2017-09-06,-11.65,2.24,3.5
2017-09-07,-11.86,0.36,3.34
2017-09-08,-8.4,-3.08,1.39
2017-09-11,-6.37,-4.39,0.91
2017-09-12,-4.23,-4.42,-0.71
2017-09-13,-4.44,-2.24,-0.6
2017-09-14,-5.45,-2.69,1.71
2017-09-15,-5.37,-5.26,2.46
2017-09-18,-4.19,-4.58,0.96
2017-09-19,-2.56,-5.96,1.62
2017-09-20,-3.83,-7.82,3.63
2017-09-21,-1.27,-8.69,0.84
2017-09-22,-1.52,-6.76,2.17
2017-09-25,-2.37,-5.27,3.03
2017-09-26,-1.08,-6.23,5.15
2017-09-27,-0.24,-7.7,3.55
2017-09-28,0.58,-7.99,-5.1
2017-09-29,0.62,-7.84,-4.94
2017-10-02,1.31,-9.58,-4.77
2017-10-03,3.06,-10.52,-3.98
2017-10-04,3.5,-11.65,-4.29
2017-10-05,3.34,-11.86,-2.71
2017-10-06,1.39,-8.4,-3.65
2017-10-09,0.91,-6.37,-3.37
2017-10-10,-0.71,-4.23,-4.55
2017-10-11,-0.6,-4.44,-5.75
2017-10-12,1.71,-5.45,-7.04
2017-10-13,2.46,-5.37,-6.33
2017-10-16,0.96,-4.19,-5.47
2017-10-17,1.62,-2.56,-5.57
2017-10-18,3.63,-3.83,-5.32
2017-10-19,0.84,-1.27,-3.41
2017-10-20,2.17,-1.52,-5.47
2017-10-23,3.03,-2.37,-3.43
2017-10-24,5.15,-1.08,-4.44
2017-10-25,3.55,-0.24,-3.96
2017-10-26,-5.1,0.58,3.48
2017-10-27,-4.94,0.62,3.02
2017-10-30,-4.77,1.31,2.18
2017-10-31,-3.98,3.06,0.75
2017-11-01,-4.29,3.5,5.51
2017-11-02,-2.71,3.34,4.59
2017-11-03,-3.65,1.39,3.36
2017-11-06,-3.37,0.91,6.73
2017-11-07,-4.55,-0.71,5.71
2017-11-08,-5.75,-0.6,6.44
2017-11-09,-7.04,1.71,6.8
2017-11-10,-6.33,2.46,9.63
2017-11-13,-5.47,0.96,11.01
2017-11-14,-5.57,1.62,11.01
2017-11-15,-5.32,3.63,11.73
2017-11-16,-3.41,0.84,9.3
2017-11-17,-5.47,2.17,9.32
2017-11-20,-3.43,3.03,8.34
2017-11-21,-4.44,5.15,7.93
2017-11-22,-3.96,3.55,7.58
2017-11-23,3.48,-5.1,8.37
2017-11-24,3.02,-4.94,6.76
2017-11-27,2.18,-4.77,8.08
2017-11-28,0.75,-3.98,8.57
2017-11-29,5.51,-4.29,4.56
2017-11-30,4.59,-2.71,5.01
2017-12-01,3.36,-3.65,7.55
2017-12-04,6.73,-3.37,5.28
2017-12-05,5.71,-4.55,3.9
2017-12-06,6.44,-5.75,4.76
2017-12-07,6.8,-7.04,5.3
2017-12-08,9.63,-6.33,2.44
2017-12-11,11.01,-5.47,-1.26
2017-12-12,11.01,-5.57,-3.04
2017-12-13,11.73,-5.32,-4.05
2017-12-14,9.3,-3.41,-1.63
2017-12-15,9.32,-5.47,-1.84
2017-12-18,8.34,-3.43,-2.54
2017-12-19,7.93,-4.44,-1.81
2017-12-20,7.58,-3.96,2.78
2017-12-21,8.37,3.48,2.27
2017-12-22,6.76,3.02,3.14
2017-12-27,8.08,2.18,3.77
2017-12-28,8.57,0.75,3.24
2017-12-29,4.56,5.51,2.24
2018-01-02,5.01,4.59,-0.71
2018-01-03,7.55,3.36,-1.85
2018-01-04,5.28,6.73,-3.5
2018-01-05,3.9,5.71,-1.82
2018-01-08,4.76,6.44,-3.09
2018-01-09,5.3,6.8,-6.31
2018-01-10,2.44,9.63,-3.98
2018-01-11,-1.26,11.01,-1.02
2018-01-12,-3.04,11.01,-0.82
2018-01-15,-4.05,11.73,-1.14
2018-01-16,-1.63,9.3,-3.21
2018-01-17,-1.84,9.32,-1.42
2018-01-18,-2.54,8.34,-0.4
2018-01-19,-1.81,7.93,-0.22
2018-01-22,2.78,7.58,-3.92
2018-01-23,2.27,8.37,-3.9
2018-01-24,3.14,6.76,-3.07
2018-01-25,3.77,8.08,0.33
2018-01-26,3.24,8.57,-0.1
2018-01-29,2.24,4.56,0.41
2018-01-30,-0.71,5.01,5.08
2018-01-31,-1.85,7.55,6.78
2018-02-01,-3.5,5.28,7.05
2018-02-02,-1.82,3.9,4.98
2018-02-05,-3.09,4.76,6.85
2018-02-06,-6.31,5.3,11.79
2018-02-07,-3.98,2.44,9.19
2018-02-08,-1.02,-1.26,9.38
2018-02-09,-0.82,-3.04,9.25
2018-02-12,-1.14,-4.05,9.4
2018-02-13,-3.21,-1.63,8.65
2018-02-14,-1.42,-1.84,5.98
2018-02-15,-0.4,-2.54,4.28
2018-02-16,-0.22,-1.81,4.72
2018-02-19,-3.92,2.78,7.96
2018-02-20,-3.9,2.27,7.41
2018-02-21,-3.07,3.14,4.63
2018-02-22,0.33,3.77,-1.9
2018-02-23,-0.1,3.24,-2.6
2018-02-26,0.41,2.24,-1.25
2018-02-27,5.08,-0.71,-2.76
2018-02-28,6.78,-1.85,-3.51
2018-03-01,7.05,-3.5,-2.25
2018-03-02,4.98,-1.82,0.75
2018-03-05,6.85,-3.09,0.1
2018-03-06,11.79,-6.31,0.4
2018-03-07,9.19,-3.98,-0.66
2018-03-08,9.38,-1.02,-0.52
2018-03-09,9.25,-0.82,1.9
2018-03-12,9.4,-1.14,1.47
2018-03-13,8.65,-3.21,3.0
2018-03-14,5.98,-1.42,2.87
2018-03-15,4.28,-0.4,3.29
2018-03-16,4.72,-0.22,1.07
2018-03-19,7.96,-3.92,-1.38
2018-03-20,7.41,-3.9,-0.81
2018-03-21,4.63,-3.07,1.92
2018-03-22,-1.9,0.33,4.52
2018-03-23,-2.6,-0.1,5.41
2018-03-26,-1.25,0.41,3.45
2018-03-27,-2.76,5.08,1.87
2018-03-28,-3.51,6.78,1.43
2018-03-29,-2.25,7.05,0.36
2018-04-03,0.75,4.98,-0.65
2018-04-04,0.1,6.85,-0.94
2018-04-05,0.4,11.79,-4.48
2018-04-06,-0.66,9.19,-1.88
2018-04-09,-0.52,9.38,-2.04
2018-04-10,1.9,9.25,-1.77
2018-04-11,1.47,9.4,-0.37
2018-04-12,3.0,8.65,-0.72
2018-04-13,2.87,5.98,-0.68
2018-04-16,3.29,4.28,-1.03
2018-04-17,1.07,4.72,-1.53
2018-04-18,-1.38,7.96,-2.34
2018-04-19,-0.81,7.41,-3.13
2018-04-20,1.92,4.63,-3.06
2018-04-23,4.52,-1.9,-2.43
2018-04-24,5.41,-2.6,-3.06
2018-04-25,3.45,-1.25,-3.62
2018-04-26,1.87,-2.76,-1.81
2018-04-27,1.43,-3.51,-4.88
2018-04-30,0.36,-2.25,-3.89
2018-05-01,-0.65,0.75,-4.02
2018-05-02,-0.94,0.1,-1.73
2018-05-03,-4.48,0.4,0.91
2018-05-04,-1.88,-0.66,-3.79
2018-05-08,-2.04,-0.52,-2.73
2018-05-09,-1.77,1.9,-4.65
2018-05-10,-0.37,1.47,-6.92
2018-05-11,-0.72,3.0,-6.74
2018-05-14,-0.68,2.87,-6.17
2018-05-15,-1.03,3.29,-6.48
2018-05-16,-1.53,1.07,-3.79
2018-05-17,-2.34,-1.38,-6.92
2018-05-18,-3.13,-0.81,-6.04
2018-05-21,-3.06,1.92,-7.61
2018-05-22,-2.43,4.52,-8.24
2018-05-23,-3.06,5.41,-8.91
2018-05-24,-3.62,3.45,-5.49
2018-05-25,-1.81,1.87,-7.63
2018-05-29,-4.88,1.43,-4.88
2018-05-30,-3.89,0.36,-5.61
2018-05-31,-4.02,-0.65,-3.71
2018-06-01,-1.73,-0.94,-6.39
2018-06-04,0.91,-4.48,-9.36
2018-06-05,-3.79,-1.88,-6.09
2018-06-06,-2.73,-2.04,-7.7
2018-06-07,-4.65,-1.77,-7.23
2018-06-08,-6.92,-0.37,-6.28
2018-06-11,-6.74,-0.72,-5.81
2018-06-12,-6.17,-0.68,-6.21
2018-06-13,-6.48,-1.03,-5.27
2018-06-14,-3.79,-1.53,-5.53
2018-06-15,-6.92,-2.34,-2.5
2018-06-18,-6.04,-3.13,-1.76
2018-06-19,-7.61,-3.06,-2.4
2018-06-20,-8.24,-2.43,-2.48
2018-06-21,-8.91,-3.06,-2.46
2018-06-22,-5.49,-3.62,-3.73
2018-06-25,-7.63,-1.81,-2.04
2018-06-26,-4.88,-4.88,0.15
2018-06-27,-5.61,-3.89,0.0
2018-06-28,-3.71,-4.02,-0.39
2018-06-29,-6.39,-1.73,1.01
2018-07-02,-9.36,0.91,4.08
2018-07-03,-6.09,-3.79,4.41
2018-07-04,-7.7,-2.73,3.2
2018-07-05,-7.23,-4.65,-0.03
2018-07-06,-6.28,-6.92,1.18
2018-07-09,-5.81,-6.74,0.1
2018-07-10,-6.21,-6.17,1.54
2018-07-11,-5.27,-6.48,3.02
2018-07-12,-5.53,-3.79,1.06
2018-07-13,-2.5,-6.92,-1.08
2018-07-16,-1.76,-6.04,-3.67
2018-07-17,-2.4,-7.61,-2.34
2018-07-18,-2.48,-8.24,-4.82
2018-07-19,-2.46,-8.91,-1.8
2018-07-20,-3.73,-5.49,-2.24
2018-07-23,-2.04,-7.63,-1.53
2018-07-24,0.15,-4.88,-2.61
2018-07-25,0.0,-5.61,-1.49
2018-07-26,-0.39,-3.71,-3.19
2018-07-27,1.01,-6.39,-3.79
2018-07-30,4.08,-9.36,-4.8
2018-07-31,4.41,-6.09,-6.45
2018-08-01,3.2,-7.7,-6.99
2018-08-02,-0.03,-7.23,-5.81
2018-08-03,1.18,-6.28,-5.92
2018-08-06,0.1,-5.81,-4.0
2018-08-07,1.54,-6.21,-6.0
2018-08-08,3.02,-5.27,-8.76
2018-08-09,1.06,-5.53,-8.88
2018-08-10,-1.08,-2.5,-5.78
2018-08-13,-3.67,-1.76,-5.29
2018-08-14,-2.34,-2.4,-6.38
2018-08-15,-4.82,-2.48,-4.23
2018-08-16,-1.8,-2.46,-6.09
2018-08-17,-2.24,-3.73,-6.28
2018-08-20,-1.53,-2.04,-7.76
2018-08-21,-2.61,0.15,-6.12
2018-08-22,-1.49,0.0,-5.91
2018-08-23,-3.19,-0.39,-3.63
2018-08-24,-3.79,1.01,-4.18
2018-08-28,-4.8,4.08,-4.67
2018-08-29,-6.45,4.41,-3.22
2018-08-30,-6.99,3.2,-0.91
2018-08-31,-5.81,-0.03,-2.23
2018-09-03,-5.92,1.18,-2.88
2018-09-04,-4.0,0.1,-5.93
2018-09-05,-6.0,1.54,-3.08
2018-09-06,-8.76,3.02,-1.08
2018-09-07,-8.88,1.06,-0.89
2018-09-10,-5.78,-1.08,-4.41
2018-09-11,-5.29,-3.67,-3.99
2018-09-12,-6.38,-2.34,-0.34
2018-09-13,-4.23,-4.82,-2.44
2018-09-14,-6.09,-1.8,-3.55
2018-09-17,-6.28,-2.24,-4.55
2018-09-18,-7.76,-1.53,-3.91
2018-09-19,-6.12,-2.61,-4.71
2018-09-20,-5.91,-1.49,-5.31
2018-09-21,-3.63,-3.19,-7.41
2018-09-24,-4.18,-3.79,-6.06
2018-09-25,-4.67,-4.8,-5.34
2018-09-26,-3.22,-6.45,-2.79
2018-09-27,-0.91,-6.99,-2.61
2018-09-28,-2.23,-5.81,-2.17
2018-10-01,-2.88,-5.92,0.35
2018-10-02,-5.93,-4.0,-0.19
2018-10-03,-3.08,-6.0,-0.01
2018-10-04,-1.08,-8.76,0.71
2018-10-05,-0.89,-8.88,1.61
2018-10-08,-4.41,-5.78,3.49
2018-10-09,-3.99,-5.29,3.1
2018-10-10,-0.34,-6.38,2.19
2018-10-11,-2.44,-4.23,6.49
2018-10-12,-3.55,-6.09,7.15
2018-10-15,-4.55,-6.28,4.52
2018-10-16,-3.91,-7.76,7.75
2018-10-17,-4.71,-6.12,5.23
2018-10-18,-5.31,-5.91,0.87
2018-10-19,-7.41,-3.63,0.95
2018-10-22,-6.06,-4.18,0.46
2018-10-23,-5.34,-4.67,-2.55
2018-10-24,-2.79,-3.22,-2.38
2018-10-25,-2.61,-0.91,-3.8
2018-10-26,-2.17,-2.23,-2.09
2018-10-29,0.35,-2.88,-2.49
2018-10-30,-0.19,-5.93,-0.94
2018-10-31,-0.01,-3.08,-3.3
2018-11-01,0.71,-1.08,-4.73
2018-11-02,1.61,-0.89,-7.31
2018-11-05,3.49,-4.41,-6.58
2018-11-06,3.1,-3.99,-8.0
2018-11-07,2.19,-0.34,-9.66
2018-11-08,6.49,-2.44,-14.3
2018-11-09,7.15,-3.55,-12.69
2018-11-12,4.52,-4.55,-10.18
2018-11-13,7.75,-3.91,-12.21
2018-11-14,5.23,-4.71,-8.4
2018-11-15,0.87,-5.31,-4.46
2018-11-16,0.95,-7.41,-3.96
2018-11-19,0.46,-6.06,-7.97
2018-11-20,-2.55,-5.34,-5.78
2018-11-21,-2.38,-2.79,-9.11
2018-11-22,-3.8,-2.61,-10.68
2018-11-23,-2.09,-2.17,-9.44
2018-11-26,-2.49,0.35,-13.24
2018-11-27,-0.94,-0.19,-13.23
2018-11-28,-3.3,-0.01,-9.99
2018-11-29,-4.73,0.71,-10.0
2018-11-30,-7.31,1.61,-7.49
2018-12-03,-6.58,3.49,-8.04
2018-12-04,-8.0,3.1,-2.53
2018-12-05,-9.66,2.19,-1.92
2018-12-06,-14.3,6.49,2.61
2018-12-07,-12.69,7.15,1.59
2018-12-10,-10.18,4.52,3.9
2018-12-11,-12.21,7.75,2.06
2018-12-12,-8.4,5.23,0.08
2018-12-13,-4.46,0.87,0.05
2018-12-14,-3.96,0.95,1.87
2018-12-17,-7.97,0.46,4.93
2018-12-18,-5.78,-2.55,8.98
2018-12-19,-9.11,-2.38,8.91
2018-12-20,-10.68,-3.8,10.43
2018-12-21,-9.44,-2.09,9.3
2018-12-24,-13.24,-2.49,11.14
2018-12-27,-13.23,-0.94,12.34
2018-12-28,-9.99,-3.3,6.62
2018-12-31,-10.0,-4.73,7.16
2019-01-02,-7.49,-7.31,7.41
2019-01-03,-8.04,-6.58,5.27
2019-01-04,-2.53,-8.0,2.27
2019-01-07,-1.92,-9.66,1.92
2019-01-08,2.61,-14.3,2.03
2019-01-09,1.59,-12.69,3.04
2019-01-10,3.9,-10.18,-1.83
2019-01-11,2.06,-12.21,-0.81
2019-01-14,0.08,-8.4,-1.43
2019-01-15,0.05,-4.46,-0.65
2019-01-16,1.87,-3.96,-2.09
2019-01-17,4.93,-7.97,-2.13
2019-01-18,8.98,-5.78,-3.83
2019-01-21,8.91,-9.11,-4.15
2019-01-22,10.43,-10.68,-2.61
2019-01-23,9.3,-9.44,-1.22
2019-01-24,11.14,-13.24,-1.16
2019-01-25,12.34,-13.23,-4.85
2019-01-28,6.62,-9.99,-0.54
2019-01-29,7.16,-10.0,2.23
2019-01-30,7.41,-7.49,3.13
2019-01-31,5.27,-8.04,3.78
2019-02-01,2.27,-2.53,2.45
2019-02-04,1.92,-1.92,3.37
2019-02-05,2.03,2.61,2.52
2019-02-06,3.04,1.59,2.31
2019-02-07,-1.83,3.9,3.75
2019-02-08,-0.81,2.06,1.82
2019-02-11,-1.43,0.08,2.65
2019-02-12,-0.65,0.05,3.04
2019-02-13,-2.09,1.87,3.72
2019-02-14,-2.13,4.93,5.11
2019-02-15,-3.83,8.98,4.04
2019-02-18,-4.15,8.91,5.12
2019-02-19,-2.61,10.43,6.04
2019-02-20,-1.22,9.3,2.21
2019-02-21,-1.16,11.14,-0.12
2019-02-22,-4.85,12.34,-0.45
2019-02-25,-0.54,6.62,-2.31
2019-02-26,2.23,7.16,-7.03
2019-02-27,3.13,7.41,-6.81
2019-02-28,3.78,5.27,-6.75
2019-03-01,2.45,2.27,-4.81
2019-03-04,3.37,1.92,-3.31
2019-03-05,2.52,2.03,-2.77
2019-03-06,2.31,3.04,-0.8
2019-03-07,3.75,-1.83,1.47
2019-03-08,1.82,-0.81,2.51
2019-03-11,2.65,-1.43,0.7
2019-03-12,3.04,-0.65,-0.87
2019-03-13,3.72,-2.09,-1.68
2019-03-14,5.11,-2.13,-0.79
2019-03-15,4.04,-3.83,0.01
2019-03-18,5.12,-4.15,0.88
2019-03-19,6.04,-2.61,-0.71
2019-03-20,2.21,-1.22,2.72
2019-03-21,-0.12,-1.16,5.49
2019-03-22,-0.45,-4.85,7.17
2019-03-25,-2.31,-0.54,6.97
2019-03-26,-7.03,2.23,4.63
2019-03-27,-6.81,3.13,3.54
2019-03-28,-6.75,3.78,7.59
2019-03-29,-4.81,2.45,6.21
2019-04-01,-3.31,3.37,3.3
2019-04-02,-2.77,2.52,2.84
2019-04-03,-0.8,2.31,-0.2
2019-04-04,1.47,3.75,-3.18
2019-04-05,2.51,1.82,-1.97
2019-04-08,0.7,2.65,-3.24
2019-04-09,-0.87,3.04,-2.43
2019-04-10,-1.68,3.72,-3.75
2019-04-11,-0.79,5.11,-3.69
2019-04-12,0.01,4.04,-3.59
2019-04-15,0.88,5.12,-4.17
2019-04-16,-0.71,6.04,-5.17
2019-04-17,2.72,2.21,-7.44
2019-04-18,5.49,-0.12,-7.32
2019-04-23,7.17,-0.45,-8.26
2019-04-24,6.97,-2.31,-10.15
2019-04-25,4.63,-7.03,-6.95
2019-04-26,3.54,-6.81,-6.45
2019-04-29,7.59,-6.75,-8.46
2019-04-30,6.21,-4.81,-8.14
2019-05-01,3.3,-3.31,-8.68
2019-05-02,2.84,-2.77,-9.15
2019-05-03,-0.2,-0.8,-5.85
2019-05-07,-3.18,1.47,-4.34
2019-05-08,-1.97,2.51,-5.21
2019-05-09,-3.24,0.7,-3.7
2019-05-10,-2.43,-0.87,-2.82
2019-05-13,-3.75,-1.68,-1.86
2019-05-14,-3.69,-0.79,-4.54
2019-05-15,-3.59,0.01,-6.55
2019-05-16,-4.17,0.88,-7.27
2019-05-17,-5.17,-0.71,-5.04
2019-05-20,-7.44,2.72,-3.04
2019-05-21,-7.32,5.49,-2.41
2019-05-22,-8.26,7.17,-1.53
2019-05-23,-10.15,6.97,-0.54
2019-05-24,-6.95,4.63,-0.54
2019-05-28,-6.45,3.54,-2.5
2019-05-29,-8.46,7.59,-0.97
2019-05-30,-8.14,6.21,-0.6
2019-05-31,-8.68,3.3,0.31
2019-06-03,-9.15,2.84,2.03
2019-06-04,-5.85,-0.2,-0.21
2019-06-05,-4.34,-3.18,1.63
2019-06-06,-5.21,-1.97,3.12
2019-06-07,-3.7,-3.24,4.08
2019-06-10,-2.82,-2.43,2.51
2019-06-11,-1.86,-3.75,2.77
2019-06-12,-4.54,-3.69,3.99
2019-06-13,-6.55,-3.59,5.63
2019-06-14,-7.27,-4.17,5.5
2019-06-17,-5.04,-5.17,4.01
2019-06-18,-3.04,-7.44,4.27
2019-06-19,-2.41,-7.32,1.67
2019-06-20,-1.53,-8.26,3.88
2019-06-21,-0.54,-10.15,4.65
2019-06-24,-0.54,-6.95,5.48
2019-06-25,-2.5,-6.45,8.99
2019-06-26,-0.97,-8.46,7.11
2019-06-27,-0.6,-8.14,6.36
2019-06-28,0.31,-8.68,6.86
2019-07-01,2.03,-9.15,5.44
2019-07-02,-0.21,-5.85,2.56
2019-07-03,1.63,-4.34,-0.58
2019-07-04,3.12,-5.21,-0.05
2019-07-05,4.08,-3.7,-2.58
2019-07-08,2.51,-2.82,-6.13
2019-07-09,2.77,-1.86,-5.88
2019-07-10,3.99,-4.54,-5.71
2019-07-11,5.63,-6.55,-7.61
2019-07-12,5.5,-7.27,-8.55
2019-07-15,4.01,-5.04,-9.76
2019-07-16,4.27,-3.04,-10.74
2019-07-17,1.67,-2.41,-10.93
2019-07-18,3.88,-1.53,-12.23
2019-07-19,4.65,-0.54,-10.15
2019-07-22,5.48,-0.54,-10.22
2019-07-23,8.99,-2.5,-13.5
2019-07-24,7.11,-0.97,-12.97
2019-07-25,6.36,-0.6,-12.67
2019-07-26,6.86,0.31,-13.77
2019-07-29,5.44,2.03,-15.01
2019-07-30,2.56,-0.21,-13.67
2019-07-31,-0.58,1.63,-10.73
2019-08-01,-0.05,3.12,-12.37
2019-08-02,-2.58,4.08,-10.2
2019-08-05,-6.13,2.51,-6.78
2019-08-06,-5.88,2.77,-6.71
2019-08-07,-5.71,3.99,-5.23
2019-08-08,-7.61,5.63,-3.99
2019-08-09,-8.55,5.5,-2.07
2019-08-12,-9.76,4.01,4.38
2019-08-13,-10.74,4.27,5.39
2019-08-14,-10.93,1.67,7.16
2019-08-15,-12.23,3.88,14.15
2019-08-16,-10.15,4.65,9.77
2019-08-19,-10.22,5.48,6.12
2019-08-20,-13.5,8.99,6.87
2019-08-21,-12.97,7.11,8.12
2019-08-22,-12.67,6.36,8.77
2019-08-23,-13.77,6.86,8.13
2019-08-27,-15.01,5.44,7.58
2019-08-28,-13.67,2.56,8.78
2019-08-29,-10.73,-0.58,8.43
2019-08-30,-12.37,-0.05,10.48
2019-09-02,-10.2,-2.58,9.35
2019-09-03,-6.78,-6.13,8.97
2019-09-04,-6.71,-5.88,5.07
2019-09-05,-5.23,-5.71,1.6
2019-09-06,-3.99,-7.61,2.03
2019-09-09,-2.07,-8.55,2.53
2019-09-10,4.38,-9.76,-2.53
2019-09-11,5.39,-10.74,-2.49
2019-09-12,7.16,-10.93,0.34
2019-09-13,14.15,-12.23,2.46
2019-09-16,9.77,-10.15,2.68
2019-09-17,6.12,-10.22,9.95
2019-09-18,6.87,-13.5,10.99
2019-09-19,8.12,-12.97,8.98
2019-09-20,8.77,-12.67,8.88
2019-09-23,8.13,-13.77,10.96
2019-09-24,7.58,-15.01,12.42
2019-09-25,8.78,-13.67,11.92
2019-09-26,8.43,-10.73,11.57
2019-09-27,10.48,-12.37,12.88
2019-09-30,9.35,-10.2,13.36
2019-10-01,8.97,-6.78,14.76
2019-10-02,5.07,-6.71,16.7
2019-10-03,1.6,-5.23,18.12
2019-10-04,2.03,-3.99,16.96
2019-10-07,2.53,-2.07,16.49
2019-10-08,-2.53,4.38,17.52
2019-10-09,-2.49,5.39,16.08
2019-10-10,0.34,7.16,13.97
2019-10-11,2.46,14.15,3.71
2019-10-14,2.68,9.77,8.91
2019-10-15,9.95,6.12,5.32
2019-10-16,10.99,6.87,4.03
2019-10-17,8.98,8.12,3.72
2019-10-18,8.88,8.77,3.48
2019-10-21,10.96,8.13,2.84
2019-10-22,12.42,7.58,3.1
2019-10-23,11.92,8.78,2.06
2019-10-24,11.57,8.43,1.07
2019-10-25,12.88,10.48,-0.65
2019-10-28,13.36,9.35,0.88
2019-10-29,14.76,8.97,0.01
2019-10-30,16.7,5.07,3.56
2019-10-31,18.12,1.6,3.83
2019-11-01,16.96,2.03,2.61
2019-11-04,16.49,2.53,0.62
2019-11-05,17.52,-2.53,-1.67
2019-11-06,16.08,-2.49,-0.69
2019-11-07,13.97,0.34,-1.69
2019-11-08,3.71,2.46,1.78
2019-11-11,8.91,2.68,0.02
2019-11-12,5.32,9.95,-1.52
2019-11-13,4.03,10.99,-1.29
2019-11-14,3.72,8.98,1.03
2019-11-15,3.48,8.88,6.88
2019-11-18,2.84,10.96,13.0
2019-11-19,3.1,12.42,9.94
2019-11-20,2.06,11.92,9.41
2019-11-21,1.07,11.57,9.04
2019-11-22,-0.65,12.88,5.41
2019-11-25,0.88,13.36,4.34
2019-11-26,0.01,14.76,4.81
2019-11-27,3.56,16.7,4.06
2019-11-28,3.83,18.12,3.46
2019-11-29,2.61,16.96,4.72
2019-12-02,0.62,16.49,9.47
2019-12-03,-1.67,17.52,10.2
2019-12-04,-0.69,16.08,8.27
2019-12-05,-1.69,13.97,9.56
2019-12-06,1.78,3.71,7.46
2019-12-09,0.02,8.91,6.51
2019-12-10,-1.52,5.32,6.38
2019-12-11,-1.29,4.03,7.71
2019-12-12,1.03,3.72,5.32
2019-12-13,6.88,3.48,-2.18
2019-12-16,13.0,2.84,-8.14
2019-12-17,9.94,3.1,-6.47
2019-12-18,9.41,2.06,-5.47
2019-12-19,9.04,1.07,-4.9
2019-12-20,5.41,-0.65,-2.05
2019-12-23,4.34,0.88,-4.44
2019-12-24,4.81,0.01,-3.64
2019-12-27,4.06,3.56,-5.96
2019-12-30,3.46,3.83,-4.56
2019-12-31,4.72,2.61,-4.24
2020-01-02,9.47,0.62,-7.4
2020-01-03,10.2,-1.67,-8.35
2020-01-06,8.27,-0.69,-6.24
2020-01-07,9.56,-1.69,-6.08
2020-01-08,7.46,1.78,-4.99
2020-01-09,6.51,0.02,-3.36
2020-01-10,6.38,-1.52,-2.12
2020-01-13,7.71,-1.29,-2.63
2020-01-14,5.32,1.03,-1.09
2020-01-15,-2.18,6.88,0.47
2020-01-16,-8.14,13.0,-0.27
2020-01-17,-6.47,9.94,0.39
2020-01-20,-5.47,9.41,1.54
2020-01-21,-4.9,9.04,0.39
2020-01-22,-2.05,5.41,1.13
2020-01-23,-4.44,4.34,5.73
2020-01-24,-3.64,4.81,3.56
2020-01-27,-5.96,4.06,-0.39
2020-01-28,-4.56,3.46,-3.58
2020-01-29,-4.24,4.72,-3.53
2020-01-30,-7.4,9.47,-9.95
2020-01-31,-8.35,10.2,-11.46
2020-02-03,-6.24,8.27,-15.55
2020-02-04,-6.08,9.56,-18.86
2020-02-05,-4.99,7.46,-19.9
2020-02-06,-3.36,6.51,-23.79
2020-02-07,-2.12,6.38,-26.09
2020-02-10,-2.63,7.71,-33.24
2020-02-11,-1.09,5.32,-34.73
2020-02-12,0.47,-2.18,-34.24
2020-02-13,-0.27,-8.14,-44.69
2020-02-14,0.39,-6.47,-41.8
2020-02-17,1.54,-5.47,-49.88
2020-02-18,0.39,-4.9,-49.87
2020-02-19,1.13,-2.05,-52.93
2020-02-20,5.73,-4.44,-53.82
2020-02-21,3.56,-3.64,-50.44
2020-02-24,-0.39,-5.96,-50.18
2020-02-25,-3.58,-4.56,-42.11
2020-02-26,-3.53,-4.24,-36.25
2020-02-27,-9.95,-7.4,-30.08
2020-02-28,-11.46,-8.35,-34.54
2020-03-02,-15.55,-6.24,-34.4
2020-03-03,-18.86,-6.08,-32.57
2020-03-04,-19.9,-4.99,-40.19
2020-03-05,-23.79,-3.36,-39.4
2020-03-06,-26.09,-2.12,-38.72
2020-03-09,-33.24,-2.63,-26.71
2020-03-10,-34.73,-1.09,-18.87
2020-03-11,-34.24,0.47,-21.44
2020-03-12,-44.69,-0.27,0.06
2020-03-13,-41.8,0.39,-8.62
2020-03-16,-49.88,1.54,-2.31
2020-03-17,-49.87,0.39,-0.77
2020-03-18,-52.93,1.13,9.03
2020-03-19,-53.82,5.73,8.68
2020-03-20,-50.44,3.56,-2.82
2020-03-23,-50.18,-0.39,3.54
2020-03-24,-42.11,-3.58,-5.64
2020-03-25,-36.25,-3.53,-16.23
2020-03-26,-30.08,-9.95,-15.67
2020-03-27,-34.54,-11.46,0.4
2020-03-30,-34.4,-15.55,17.21
2020-03-31,-32.57,-18.86,12.53
2020-04-01,-40.19,-19.9,23.99
2020-04-02,-39.4,-23.79,22.13
2020-04-03,-38.72,-26.09,28.86
2020-04-06,-26.71,-33.24,16.52
2020-04-07,-18.87,-34.73,11.21
2020-04-08,-21.44,-34.24,10.74
2020-04-09,0.06,-44.69,4.53
2020-04-14,-8.62,-41.8,4.77
2020-04-15,-2.31,-49.88,11.66
2020-04-16,-0.77,-49.87,11.91
2020-04-17,9.03,-52.93,15.97
2020-04-20,8.68,-53.82,15.06
2020-04-21,-2.82,-50.44,23.36
2020-04-22,3.54,-50.18,18.49
2020-04-23,-5.64,-42.11,13.84
2020-04-24,-16.23,-36.25,25.02
2020-04-27,-15.67,-30.08,31.61
2020-04-28,0.4,-34.54,25.43
2020-04-29,17.21,-34.4,4.59
2020-04-30,12.53,-32.57,14.05
2020-05-01,23.99,-40.19,16.31
2020-05-04,22.13,-39.4,25.72
2020-05-05,28.86,-38.72,19.46
2020-05-06,16.52,-26.71,30.28
2020-05-07,11.21,-18.87,25.02
2020-05-11,10.74,-21.44,22.11
2020-05-12,4.53,0.06,21.57
2020-05-13,4.77,-8.62,17.33
2020-05-14,11.66,-2.31,20.51
2020-05-15,11.91,-0.77,19.14
2020-05-18,15.97,9.03,16.62
2020-05-19,15.06,8.68,14.0
2020-05-20,23.36,-2.82,11.17
2020-05-21,18.49,3.54,12.16
2020-05-22,13.84,-5.64,11.79
2020-05-26,25.02,-16.23,5.52
2020-05-27,31.61,-15.67,-6.66
2020-05-28,25.43,0.4,-8.16
2020-05-29,4.59,17.21,-3.7
2020-06-01,14.05,12.53,-5.2
2020-06-02,16.31,23.99,-4.25
2020-06-03,25.72,22.13,-9.4
2020-06-04,19.46,28.86,-4.55
2020-06-05,30.28,16.52,-11.93
2020-06-08,25.02,11.21,-11.0
2020-06-09,22.11,10.74,-8.24
2020-06-10,21.57,4.53,-7.74
2020-06-11,17.33,4.77,-2.64
2020-06-12,20.51,11.66,0.6
2020-06-15,19.14,11.91,2.98
2020-06-16,16.62,15.97,-2.71
2020-06-17,14.0,15.06,0.77
2020-06-18,11.17,23.36,-0.05
2020-06-19,12.16,18.49,-0.14
2020-06-22,11.79,13.84,0.8
2020-06-23,5.52,25.02,-0.22
2020-06-24,-6.66,31.61,4.97
2020-06-25,-8.16,25.43,3.41
2020-06-26,-3.7,4.59,2.36
2020-06-29,-5.2,14.05,-3.06
2020-06-30,-4.25,16.31,-2.24
2020-07-01,-9.4,25.72,-7.5
2020-07-02,-4.55,19.46,-14.52
2020-07-03,-11.93,30.28,-13.1
2020-07-06,-11.0,25.02,-11.49
2020-07-07,-8.24,22.11,-8.4
2020-07-08,-7.74,21.57,-6.17
2020-07-09,-2.64,17.33,-5.47
2020-07-10,0.6,20.51,-11.18
2020-07-13,2.98,19.14,-10.81
2020-07-14,-2.71,16.62,-6.37
2020-07-15,0.77,14.0,-7.32
2020-07-16,-0.05,11.17,-8.85
2020-07-17,-0.14,12.16,-6.19
2020-07-20,0.8,11.79,-7.12
2020-07-21,-0.22,5.52,-7.3
2020-07-22,4.97,-6.66,-6.15
2020-07-23,3.41,-8.16,-7.62
2020-07-24,2.36,-3.7,-4.93
2020-07-27,-3.06,-5.2,-0.54
2020-07-28,-2.24,-4.25,-2.43
2020-07-29,-7.5,-9.4,5.12
2020-07-30,-14.52,-4.55,9.68
2020-07-31,-13.1,-11.93,11.34
2020-08-03,-11.49,-11.0,2.0
2020-08-04,-8.4,-8.24,-1.71
2020-08-05,-6.17,-7.74,-1.66
2020-08-06,-5.47,-2.64,0.98
2020-08-07,-11.18,0.6,2.24
2020-08-10,-10.81,2.98,-2.21
2020-08-11,-6.37,-2.71,-6.16
2020-08-12,-7.32,0.77,-5.79
2020-08-13,-8.85,-0.05,-5.05
2020-08-14,-6.19,-0.14,-5.11
2020-08-17,-7.12,0.8,-4.91
2020-08-18,-7.3,-0.22,-4.77
2020-08-19,-6.15,4.97,-8.77
2020-08-20,-7.62,3.41,-9.44
2020-08-21,-4.93,2.36,-14.67
2020-08-24,-0.54,-3.06,-16.69
2020-08-25,-2.43,-2.24,-14.88
2020-08-26,5.12,-7.5,-15.88
2020-08-27,9.68,-14.52,-17.18
2020-08-28,11.34,-13.1,-12.47
2020-09-01,2.0,-11.49,-8.17
2020-09-02,-1.71,-8.4,-5.69
2020-09-03,-1.66,-6.17,-7.16
2020-09-04,0.98,-5.47,-8.58
2020-09-07,2.24,-11.18,-7.0
2020-09-08,-2.21,-10.81,-0.1
2020-09-09,-6.16,-6.37,-0.36
2020-09-10,-5.79,-7.32,1.96
2020-09-11,-5.05,-8.85,4.54
2020-09-14,-5.11,-6.19,2.14
2020-09-15,-4.91,-7.12,-0.53
2020-09-16,-4.77,-7.3,-1.38
2020-09-17,-8.77,-6.15,-0.42
2020-09-18,-9.44,-7.62,4.5
2020-09-21,-14.67,-4.93,12.15
2020-09-22,-16.69,-0.54,13.43
2020-09-23,-14.88,-2.43,10.57
2020-09-24,-15.88,5.12,12.29
2020-09-25,-17.18,9.68,21.84
2020-09-28,-12.47,11.34,12.78
2020-09-29,-8.17,2.0,9.61
2020-09-30,-5.69,-1.71,6.34
2020-10-01,-7.16,-1.66,6.8
2020-10-02,-8.58,0.98,9.06
2020-10-05,-7.0,2.24,7.63
2020-10-06,-0.1,-2.21,8.81
2020-10-07,-0.36,-6.16,5.63
2020-10-08,1.96,-5.79,2.86
2020-10-09,4.54,-5.05,3.41
2020-10-12,2.14,-5.11,21.45
2020-10-13,-0.53,-4.91,31.64
2020-10-14,-1.38,-4.77,33.46
2020-10-15,-0.42,-8.77,32.2
2020-10-16,4.5,-9.44,31.79
2020-10-19,12.15,-14.67,34.27
2020-10-20,13.43,-16.69,32.67
2020-10-21,10.57,-14.88,37.85
2020-10-22,12.29,-15.88,33.24
2020-10-23,21.84,-17.18,23.51
2020-10-26,12.78,-12.47,26.85
2020-10-27,9.61,-8.17,40.9
2020-10-28,6.34,-5.69,38.15
2020-10-29,6.8,-7.16,34.82
2020-10-30,9.06,-8.58,30.91
2020-11-02,7.63,-7.0,25.71
2020-11-03,8.81,-0.1,26.36
2020-11-04,5.63,-0.36,33.12
2020-11-05,2.86,1.96,34.86
2020-11-06,3.41,4.54,33.96
2020-11-09,21.45,2.14,13.79
2020-11-10,31.64,-0.53,8.9
2020-11-11,33.46,-1.38,7.66
2020-11-12,32.2,-0.42,7.1
2020-11-13,31.79,4.5,1.42
2020-11-16,34.27,12.15,2.58
2020-11-17,32.67,13.43,4.55
2020-11-18,37.85,10.57,1.84
2020-11-19,33.24,12.29,4.75
2020-11-20,23.51,21.84,5.26
2020-11-23,26.85,12.78,0.76
2020-11-24,40.9,9.61,-2.81
2020-11-25,38.15,6.34,5.87
2020-11-26,34.82,6.8,9.57
2020-11-27,30.91,9.06,7.01
2020-11-30,25.71,7.63,10.64
2020-12-01,26.36,8.81,2.4
2020-12-02,33.12,5.63,-2.33
2020-12-03,34.86,2.86,-3.61
2020-12-04,33.96,3.41,4.32
2020-12-07,13.79,21.45,6.74
2020-12-08,8.9,31.64,4.48
2020-12-09,7.66,33.46,3.63
2020-12-10,7.1,32.2,8.8
2020-12-11,1.42,31.79,11.98
2020-12-14,2.58,34.27,7.38
2020-12-15,4.55,32.67,2.83
2020-12-16,1.84,37.85,4.94
2020-12-17,4.75,33.24,0.91
2020-12-18,5.26,23.51,0.91
2020-12-21,0.76,26.85,2.51
2020-12-22,-2.81,40.9,-2.0
2020-12-23,5.87,38.15,-9.68
2020-12-24,9.57,34.82,-9.81
2020-12-29,7.01,30.91,-10.02
2020-12-30,10.64,25.71,-8.26
2020-12-31,2.4,26.36,-8.96
2021-01-04,-2.33,33.12,-6.05
2021-01-05,-3.61,34.86,-2.11
2021-01-06,4.32,33.96,-8.54
2021-01-07,6.74,13.79,-6.62
2021-01-08,4.48,8.9,-3.73
2021-01-11,3.63,7.66,-2.46
2021-01-12,8.8,7.1,-4.24
2021-01-13,11.98,1.42,-3.07
2021-01-14,7.38,2.58,-4.51
2021-01-15,2.83,4.55,-1.95
2021-01-18,4.94,1.84,1.74
2021-01-19,0.91,4.75,5.92
2021-01-20,0.91,5.26,5.49
2021-01-21,2.51,0.76,1.86
2021-01-22,-2.0,-2.81,7.4
2021-01-25,-9.68,5.87,12.5
2021-01-26,-9.81,9.57,14.16
2021-01-27,-10.02,7.01,22.53
2021-01-28,-8.26,10.64,19.01
2021-01-29,-8.96,2.4,19.51
2021-02-01,-6.05,-2.33,19.65
2021-02-02,-2.11,-3.61,15.72
2021-02-03,-8.54,4.32,20.13
2021-02-04,-6.62,6.74,14.32
2021-02-05,-3.73,4.48,16.55
2021-02-08,-2.46,3.63,20.64
2021-02-09,-4.24,8.8,19.01
2021-02-10,-3.07,11.98,17.82
2021-02-11,-4.51,7.38,19.39
2021-02-12,-1.95,2.83,23.78
2021-02-15,1.74,4.94,17.1
2021-02-16,5.92,0.91,17.65
2021-02-17,5.49,0.91,17.47
2021-02-18,1.86,2.51,24.61
2021-02-19,7.4,-2.0,18.85
2021-02-22,12.5,-9.68,17.31
2021-02-23,14.16,-9.81,13.76
2021-02-24,22.53,-10.02,11.93
2021-02-25,19.01,-8.26,12.0
2021-02-26,19.51,-8.96,14.64
2021-03-01,19.65,-6.05,11.8
2021-03-02,15.72,-2.11,16.59
2021-03-03,20.13,-8.54,9.15
2021-03-04,14.32,-6.62,10.4
2021-03-05,16.55,-3.73,8.16
2021-03-08,20.64,-2.46,5.31
2021-03-09,19.01,-4.24,6.94
2021-03-10,17.82,-3.07,6.72
2021-03-11,19.39,-4.51,7.93
2021-03-12,23.78,-1.95,3.44
2021-03-15,17.1,1.74,4.05
2021-03-16,17.65,5.92,0.89
2021-03-17,17.47,5.49,4.33
2021-03-18,24.61,1.86,2.11
2021-03-19,18.85,7.4,-0.44
2021-03-22,17.31,12.5,-0.12
2021-03-23,13.76,14.16,0.68
2021-03-24,11.93,22.53,-1.22
2021-03-25,12.0,19.01,2.22
2021-03-26,14.64,19.51,1.93
2021-03-29,11.8,19.65,4.76
2021-03-30,16.59,15.72,-0.22
2021-03-31,9.15,20.13,-5.6
2021-04-01,10.4,14.32,-7.12
2021-04-06,8.16,16.55,-4.75
2021-04-07,5.31,20.64,-5.48
2021-04-08,6.94,19.01,-3.43
2021-04-09,6.72,17.82,-0.13
2021-04-12,7.93,19.39,-4.3
2021-04-13,3.44,23.78,-2.87
2021-04-14,4.05,17.1,-5.0
2021-04-15,0.89,17.65,-2.13
2021-04-16,4.33,17.47,-5.26
2021-04-19,2.11,24.61,-3.95
2021-04-20,-0.44,18.85,-2.05
2021-04-21,-0.12,17.31,-1.03
2021-04-22,0.68,13.76,-1.81
2021-04-23,-1.22,11.93,-1.26
2021-04-26,2.22,12.0,-3.46
2021-04-27,1.93,14.64,-3.88
2021-04-28,4.76,11.8,-2.78
2021-04-29,-0.22,16.59,-2.98
2021-04-30,-5.6,9.15,5.74
2021-05-04,-7.12,10.4,9.09
2021-05-05,-4.75,8.16,5.42
2021-05-06,-5.48,5.31,3.87
2021-05-07,-3.43,6.94,3.0
2021-05-10,-0.13,6.72,-0.16
2021-05-11,-4.3,7.93,0.28
2021-05-12,-2.87,3.44,-1.32
2021-05-13,-5.0,4.05,1.23
2021-05-14,-2.13,0.89,-0.72
2021-05-17,-5.26,4.33,0.0
2021-05-18,-3.95,2.11,-1.74
2021-05-19,-2.05,-0.44,0.42
2021-05-20,-1.03,-0.12,-3.92
2021-05-21,-1.81,0.68,-3.4
2021-05-24,-1.26,-1.22,-3.97
2021-05-25,-3.46,2.22,-3.81
2021-05-26,-3.88,1.93,-2.71
2021-05-27,-2.78,4.76,-4.82
2021-05-28,-2.98,-0.22,-6.32
2021-06-01,5.74,-5.6,-6.67
2021-06-02,9.09,-7.12,-8.22
2021-06-03,5.42,-4.75,-5.92
2021-06-04,3.87,-5.48,-6.31
2021-06-07,3.0,-3.43,-4.96
2021-06-08,-0.16,-0.13,-7.37
2021-06-09,0.28,-4.3,-4.43
2021-06-10,-1.32,-2.87,-6.38
2021-06-11,1.23,-5.0,-3.9
2021-06-14,-0.72,-2.13,-3.72
2021-06-15,0.0,-5.26,-5.14
2021-06-16,-1.74,-3.95,-3.62
2021-06-17,0.42,-2.05,-5.42
2021-06-18,-3.92,-1.03,-3.75
2021-06-21,-3.4,-1.81,-7.88
2021-06-22,-3.97,-1.26,-6.31
2021-06-23,-3.81,-3.46,-3.24
2021-06-24,-2.71,-3.88,-5.21
2021-06-25,-4.82,-2.78,-4.42
2021-06-28,-6.32,-2.98,-1.21
2021-06-29,-6.67,5.74,-2.21
2021-06-30,-8.22,9.09,0.96
2021-07-01,-5.92,5.42,0.52
2021-07-02,-6.31,3.87,1.24
2021-07-05,-4.96,3.0,-1.01
2021-07-06,-7.37,-0.16,2.82
2021-07-07,-4.43,0.28,3.68
2021-07-08,-6.38,-1.32,7.21
2021-07-09,-3.9,1.23,5.36
2021-07-12,-3.72,-0.72,6.75
2021-07-13,-5.14,0.0,9.05
2021-07-14,-3.62,-1.74,9.26
2021-07-15,-5.42,0.42,8.95
2021-07-16,-3.75,-3.92,11.9
2021-07-19,-7.88,-3.4,14.81
2021-07-20,-6.31,-3.97,12.72
2021-07-21,-3.24,-3.81,9.09
2021-07-22,-5.21,-2.71,8.21
2021-07-23,-4.42,-4.82,7.3
2021-07-26,-1.21,-6.32,6.59
2021-07-27,-2.21,-6.67,7.34
2021-07-28,0.96,-8.22,7.17
2021-07-29,0.52,-5.92,4.72
2021-07-30,1.24,-6.31,6.48
2021-08-02,-1.01,-4.96,5.12
2021-08-03,2.82,-7.37,4.32
2021-08-04,3.68,-4.43,3.71
2021-08-05,7.21,-6.38,2.77
2021-08-06,5.36,-3.9,1.61
2021-08-09,6.75,-3.72,0.54
2021-08-10,9.05,-5.14,-1.6
2021-08-11,9.26,-3.62,-2.55
2021-08-12,8.95,-5.42,-2.17
2021-08-13,11.9,-3.75,-0.54
2021-08-16,14.81,-7.88,-1.08
2021-08-17,12.72,-6.31,-1.3
2021-08-18,9.09,-3.24,0.16
2021-08-19,8.21,-5.21,2.14
2021-08-20,7.3,-4.42,-2.45
2021-08-23,6.59,-1.21,-3.09
2021-08-24,7.34,-2.21,-0.33
2021-08-25,7.17,0.96,-0.64
2021-08-26,4.72,0.52,-0.43
2021-08-27,6.48,1.24,1.07
2021-08-31,5.12,-1.01,0.77
2021-09-01,4.32,2.82,2.07
2021-09-02,3.71,3.68,2.22
2021-09-03,2.77,7.21,1.72
2021-09-06,1.61,5.36,0.91
2021-09-07,0.54,6.75,4.97
2021-09-08,-1.6,9.05,5.2
2021-09-09,-2.55,9.26,6.6
2021-09-10,-2.17,8.95,8.27
2021-09-13,-0.54,11.9,7.38
2021-09-14,-1.08,14.81,9.13
2021-09-15,-1.3,12.72,7.26
2021-09-16,0.16,9.09,6.4
2021-09-17,2.14,8.21,8.26
2021-09-20,-2.45,7.3,14.03
2021-09-21,-3.09,6.59,14.0
2021-09-22,-0.33,7.34,9.5
2021-09-23,-0.64,7.17,7.03
2021-09-24,-0.43,4.72,8.23
2021-09-27,1.07,6.48,6.83
2021-09-28,0.77,5.12,8.84
2021-09-29,2.07,4.32,6.22
2021-09-30,2.22,3.71,5.11
2021-10-01,1.72,2.77,7.65
2021-10-04,0.91,1.61,7.25
2021-10-05,4.97,0.54,1.98
2021-10-06,5.2,-1.6,3.97
2021-10-07,6.6,-2.55,-1.16
2021-10-08,8.27,-2.17,-1.42
2021-10-11,7.38,-0.54,-2.65
2021-10-12,9.13,-1.08,-3.78
2021-10-13,7.26,-1.3,-0.08
2021-10-14,6.4,0.16,1.13
2021-10-15,8.26,2.14,-1.27
2021-10-18,14.03,-2.45,-1.73
2021-10-19,14.0,-3.09,-1.87
2021-10-20,9.5,-0.33,-1.38
2021-10-21,7.03,-0.64,-0.79
2021-10-22,8.23,-0.43,-3.97
2021-10-25,6.83,1.07,-2.92
2021-10-26,8.84,0.77,-4.45
2021-10-27,6.22,2.07,-3.06
2021-10-28,5.11,2.22,-1.9
2021-10-29,7.65,1.72,-10.18
2021-11-01,7.25,0.91,-8.75
2021-11-02,1.98,4.97,-7.18
2021-11-03,3.97,5.2,-4.93
2021-11-04,-1.16,6.6,-2.22
2021-11-05,-1.42,8.27,-2.97
2021-11-08,-2.65,7.38,-2.8
2021-11-09,-3.78,9.13,-1.73
2021-11-10,-0.08,7.26,-3.56
2021-11-11,1.13,6.4,-7.0
2021-11-12,-1.27,8.26,-6.55
2021-11-15,-1.73,14.03,-9.11
2021-11-16,-1.87,14.0,-8.02
2021-11-17,-1.38,9.5,-9.82
2021-11-18,-0.79,7.03,-6.76
2021-11-19,-3.97,8.23,-5.3
2021-11-22,-2.92,6.83,-8.29
2021-11-23,-4.45,8.84,-4.91
2021-11-24,-3.06,6.22,-3.89
2021-11-25,-1.9,5.11,-4.14
2021-11-26,-10.18,7.65,3.18
2021-11-29,-8.75,7.25,2.85
2021-11-30,-7.18,1.98,2.08
2021-12-01,-4.93,3.97,-1.41
2021-12-02,-2.22,-1.16,5.03
2021-12-03,-2.97,-1.42,6.03
2021-12-06,-2.8,-2.65,7.16
2021-12-07,-1.73,-3.78,9.92
2021-12-08,-3.56,-0.08,11.83
2021-12-09,-7.0,1.13,13.21
2021-12-10,-6.55,-1.27,16.05
2021-12-13,-9.11,-1.73,21.87
2021-12-14,-8.02,-1.87,19.67
2021-12-15,-9.82,-1.38,21.71
2021-12-16,-6.76,-0.79,15.19
2021-12-17,-5.3,-3.97,14.44
2021-12-20,-8.29,-2.92,15.09
2021-12-21,-4.91,-4.45,8.13
2021-12-22,-3.89,-3.06,2.43
2021-12-23,-4.14,-1.9,4.96
2021-12-24,3.18,-10.18,7.87
2021-12-29,2.85,-8.75,7.98
2021-12-30,2.08,-7.18,4.69
2021-12-31,-1.41,-4.93,5.47
2022-01-04,5.03,-2.22,2.26
2022-01-05,6.03,-2.97,2.59
2022-01-06,7.16,-2.8,2.0
2022-01-07,9.92,-1.73,-2.27
2022-01-10,11.83,-3.56,-1.39
2022-01-11,13.21,-7.0,-0.39
2022-01-12,16.05,-6.55,-1.79
2022-01-13,21.87,-9.11,-3.89
2022-01-14,19.67,-8.02,-4.36
2022-01-17,21.71,-9.82,-8.96
2022-01-18,15.19,-6.76,-5.41
2022-01-19,14.44,-5.3,-5.29
2022-01-20,15.09,-8.29,-6.28
2022-01-21,8.13,-4.91,-4.06
2022-01-24,2.43,-3.89,0.57
2022-01-25,4.96,-4.14,-3.32
2022-01-26,7.87,3.18,-3.08
2022-01-27,7.98,2.85,-11.86
2022-01-28,4.69,2.08,-4.05
2022-01-31,5.47,-1.41,-7.27
2022-02-01,2.26,5.03,-13.86
2022-02-02,2.59,6.03,-12.85
2022-02-03,2.0,7.16,-17.37
2022-02-04,-2.27,9.92,-21.83
2022-02-07,-1.39,11.83,-26.04
2022-02-08,-0.39,13.21,-26.16
2022-02-09,-1.79,16.05,-22.21
2022-02-10,-3.89,21.87,-24.38
2022-02-11,-4.36,19.67,-21.83
2022-02-14,-8.96,21.71,-13.07
2022-02-15,-5.41,15.19,-15.27
2022-02-16,-5.29,14.44,-10.63
2022-02-17,-6.28,15.09,-10.86
2022-02-18,-4.06,8.13,-10.77
2022-02-21,0.57,2.43,-11.98
2022-02-22,-3.32,4.96,-9.1
2022-02-23,-3.08,7.87,-13.26
2022-02-24,-11.86,7.98,-6.16
2022-02-25,-4.05,4.69,-11.43
2022-02-28,-7.27,5.47,-12.25
2022-03-01,-13.86,2.26,-9.69
2022-03-02,-12.85,2.59,-14.42
2022-03-03,-17.37,2.0,-12.22
2022-03-04,-21.83,-2.27,-6.22
2022-03-07,-26.04,-1.39,-3.51
2022-03-08,-26.16,-0.39,-3.45
2022-03-09,-22.21,-1.79,-11.41
2022-03-10,-24.38,-3.89,-10.9
2022-03-11,-21.83,-4.36,-10.24
2022-03-14,-13.07,-8.96,-14.74
2022-03-15,-15.27,-5.41,-14.81
2022-03-16,-10.63,-5.29,-17.64
2022-03-17,-10.86,-6.28,-15.06
2022-03-18,-10.77,-4.06,-14.59
2022-03-21,-11.98,0.57,-11.64
2022-03-22,-9.1,-3.32,-13.19
2022-03-23,-13.26,-3.08,-13.71
2022-03-24,-6.16,-11.86,-14.35
2022-03-25,-11.43,-4.05,-14.54
2022-03-28,-12.25,-7.27,-11.57
2022-03-29,-9.69,-13.86,-6.48
2022-03-30,-14.42,-12.85,-2.14
2022-03-31,-12.22,-17.37,1.82
2022-04-01,-6.22,-21.83,2.39
2022-04-04,-3.51,-26.04,2.41
2022-04-05,-3.45,-26.16,1.12
2022-04-06,-11.41,-22.21,1.84
2022-04-07,-10.9,-24.38,2.18
2022-04-08,-10.24,-21.83,1.87
2022-04-11,-14.74,-13.07,0.69
2022-04-12,-14.81,-15.27,4.96
2022-04-13,-17.64,-10.63,5.16
2022-04-14,-15.06,-10.86,6.86
2022-04-19,-14.59,-10.77,6.52
2022-04-20,-11.64,-11.98,2.96
2022-04-21,-13.19,-9.1,1.77
2022-04-22,-13.71,-13.26,7.53
2022-04-25,-14.35,-6.16,12.9
2022-04-26,-14.54,-11.43,14.62
2022-04-27,-11.57,-12.25,18.15
2022-04-28,-6.48,-9.69,16.46
2022-04-29,-2.14,-14.42,15.53
2022-05-03,1.82,-12.22,11.96
2022-05-04,2.39,-6.22,11.45
2022-05-05,2.41,-3.51,14.38
2022-05-06,1.12,-3.45,13.7
2022-05-09,1.84,-11.41,15.47
2022-05-10,2.18,-10.9,15.51
2022-05-11,1.87,-10.24,8.49
2022-05-12,0.69,-14.74,6.95
2022-05-13,4.96,-14.81,4.26
2022-05-16,5.16,-17.64,5.97
2022-05-17,6.86,-15.06,-1.42
2022-05-18,6.52,-14.59,0.46
2022-05-19,2.96,-11.64,4.46
2022-05-20,1.77,-13.19,5.04
2022-05-23,7.53,-13.71,2.28
2022-05-24,12.9,-14.35,-5.34
2022-05-25,14.62,-14.54,-3.01
2022-05-26,18.15,-11.57,-5.39
2022-05-27,16.46,-6.48,-6.08
2022-05-30,15.53,-2.14,-8.45
2022-05-31,11.96,1.82,-9.43
2022-06-01,11.45,2.39,-8.7
2022-06-06,14.38,2.41,-9.24
2022-06-07,13.7,1.12,-12.73
2022-06-08,15.47,1.84,-12.87
2022-06-09,15.51,2.18,-8.98
2022-06-10,8.49,1.87,-4.91
2022-06-13,6.95,0.69,-3.25
2022-06-14,4.26,4.96,-2.95
2022-06-15,5.97,5.16,-7.18
2022-06-16,-1.42,6.86,-5.27
2022-06-17,0.46,6.52,-3.6
2022-06-20,4.46,2.96,-3.68
2022-06-21,5.04,1.77,-1.37
2022-06-22,2.28,7.53,-2.29
2022-06-23,-5.34,12.9,3.17
2022-06-24,-3.01,14.62,-0.69
2022-06-27,-5.39,18.15,1.31
2022-06-28,-6.08,16.46,-1.96
2022-06-29,-8.45,15.53,0.57
2022-06-30,-9.43,11.96,-1.82
2022-07-01,-8.7,11.45,2.6
2022-07-04,-9.24,14.38,2.75
2022-07-05,-12.73,13.7,8.5
2022-07-06,-12.87,15.47,11.21
2022-07-07,-8.98,15.51,7.59
2022-07-08,-4.91,8.49,7.92
2022-07-11,-3.25,6.95,9.93
2022-07-12,-2.95,4.26,9.02
2022-07-13,-7.18,5.97,13.76
2022-07-14,-5.27,-1.42,16.11
2022-07-15,-3.6,0.46,14.17
2022-07-18,-3.68,4.46,11.24
2022-07-19,-1.37,5.04,7.76
2022-07-20,-2.29,2.28,7.0
2022-07-21,3.17,-5.34,6.0
2022-07-22,-0.69,-3.01,4.71
2022-07-25,1.31,-5.39,1.47
2022-07-26,-1.96,-6.08,4.28
2022-07-27,0.57,-8.45,3.15
2022-07-28,-1.82,-9.43,9.19
2022-07-29,2.6,-8.7,3.13
2022-08-01,2.75,-9.24,3.07
2022-08-02,8.5,-12.73,2.8
2022-08-03,11.21,-12.87,-1.18
2022-08-04,7.59,-8.98,3.79
2022-08-05,7.92,-4.91,1.52
2022-08-08,9.93,-3.25,1.13
2022-08-09,9.02,-2.95,-1.06
2022-08-10,13.76,-7.18,-2.06
2022-08-11,16.11,-5.27,-0.08
2022-08-12,14.17,-3.6,1.38
2022-08-15,11.24,-3.68,0.22
2022-08-16,7.76,-1.37,-0.35
2022-08-17,7.0,-2.29,2.11
2022-08-18,6.0,3.17,1.57
2022-08-19,4.71,-0.69,3.41
2022-08-22,1.47,1.31,2.89
2022-08-23,4.28,-1.96,1.63
2022-08-24,3.15,0.57,-0.47
2022-08-25,9.19,-1.82,-2.03
2022-08-26,3.13,2.6,-3.86
2022-08-30,3.07,2.75,-8.27
2022-08-31,2.8,8.5,-12.06
2022-09-01,-1.18,11.21,-10.59
2022-09-02,3.79,7.59,-13.97
2022-09-05,1.52,7.92,-9.47
2022-09-06,1.13,9.93,-12.07
2022-09-07,-1.06,9.02,-11.76
2022-09-08,-2.06,13.76,-13.7
2022-09-09,-0.08,16.11,-15.16
2022-09-12,1.38,14.17,-19.43
2022-09-13,0.22,11.24,-21.09
2022-09-14,-0.35,7.76,-16.1
2022-09-15,2.11,7.0,-17.08
2022-09-16,1.57,6.0,-15.04
2022-09-20,3.41,4.71,-13.7
2022-09-21,2.89,1.47,-14.0
2022-09-22,1.63,4.28,-12.58
2022-09-23,-0.47,3.15,-10.39
2022-09-26,-2.03,9.19,-7.39
2022-09-27,-3.86,3.13,-3.61
2022-09-28,-8.27,3.07,-0.83
2022-09-29,-12.06,2.8,3.87
2022-09-30,-10.59,-1.18,1.48
2022-10-03,-13.97,3.79,1.85
2022-10-04,-9.47,1.52,-0.27
2022-10-05,-12.07,1.13,1.68
2022-10-06,-11.76,-1.06,3.26
2022-10-07,-13.7,-2.06,7.0
2022-10-10,-15.16,-0.08,6.53
2022-10-11,-19.43,1.38,10.0
2022-10-12,-21.09,0.22,13.8
2022-10-13,-16.1,-0.35,10.14
2022-10-14,-17.08,2.11,10.78
2022-10-17,-15.04,1.57,8.4
2022-10-18,-13.7,3.41,6.59
2022-10-19,-14.0,2.89,7.0
2022-10-20,-12.58,1.63,7.79
2022-10-21,-10.39,-0.47,9.09
2022-10-24,-7.39,-2.03,6.04
2022-10-25,-3.61,-3.86,5.13
2022-10-26,-0.83,-8.27,5.65
2022-10-27,3.87,-12.06,6.1
2022-10-28,1.48,-10.59,8.62
2022-10-31,1.85,-13.97,7.05
2022-11-01,-0.27,-9.47,7.09
2022-11-02,1.68,-12.07,7.42
2022-11-03,3.26,-11.76,5.86
2022-11-04,7.0,-13.7,2.15
2022-11-07,6.53,-15.16,2.41
2022-11-08,10.0,-19.43,2.97
2022-11-09,13.8,-21.09,1.97
2022-11-10,10.14,-16.1,-0.13
2022-11-11,10.78,-17.08,0.8
2022-11-14,8.4,-15.04,0.33
2022-11-15,6.59,-13.7,2.9
2022-11-16,7.0,-14.0,3.8
2022-11-17,7.79,-12.58,-0.93
2022-11-18,9.09,-10.39,-2.4
2022-11-21,6.04,-7.39,-1.62
2022-11-22,5.13,-3.61,-1.38
2022-11-23,5.65,-0.83,-0.13
2022-11-24,6.1,3.87,-1.43
2022-11-25,8.62,1.48,-0.83
2022-11-28,7.05,1.85,0.44
2022-11-29,7.09,-0.27,-1.03
2022-11-30,7.42,1.68,-1.69
2022-12-01,5.86,3.26,3.36
2022-12-02,2.15,7.0,7.18
2022-12-05,2.41,6.53,10.33
2022-12-06,2.97,10.0,8.4
2022-12-07,1.97,13.8,9.64
2022-12-08,-0.13,10.14,9.44
2022-12-09,0.8,10.78,8.82
2022-12-12,0.33,8.4,11.98
2022-12-13,2.9,6.59,11.72
2022-12-14,3.8,7.0,13.88
2022-12-15,-0.93,7.79,16.59
2022-12-16,-2.4,9.09,17.93
2022-12-19,-1.62,6.04,14.16
2022-12-20,-1.38,5.13,14.56
2022-12-21,-0.13,5.65,13.79
2022-12-22,-1.43,6.1,14.39
2022-12-23,-0.83,8.62,15.2
2022-12-28,0.44,7.05,16.47
2022-12-29,-1.03,7.09,16.59
2022-12-30,-1.69,7.42,17.75
2023-01-03,3.36,5.86,13.59
2023-01-04,7.18,2.15,10.95
2023-01-05,10.33,2.41,9.27
2023-01-06,8.4,2.97,9.61
2023-01-09,9.64,1.97,8.06
2023-01-10,9.44,-0.13,10.05
2023-01-11,8.82,0.8,9.32
2023-01-12,11.98,0.33,7.07
2023-01-13,11.72,2.9,2.76
2023-01-16,13.88,3.8,2.09
2023-01-17,16.59,-0.93,3.53
2023-01-18,17.93,-2.4,-5.22
2023-01-19,14.16,-1.62,-1.53
2023-01-20,14.56,-1.38,-2.76
2023-01-23,13.79,-0.13,-2.22
2023-01-24,14.39,-1.43,-4.64
2023-01-25,15.2,-0.83,-4.9
2023-01-26,16.47,0.44,-6.72
2023-01-27,16.59,-1.03,-8.18
2023-01-30,17.75,-1.69,-7.51
2023-01-31,13.59,3.36,-6.03
2023-02-01,10.95,7.18,-6.47
2023-02-02,9.27,10.33,-8.83
2023-02-03,9.61,8.4,-9.1
2023-02-06,8.06,9.64,-7.61
2023-02-07,10.05,9.44,-10.55
2023-02-08,9.32,8.82,-10.98
2023-02-09,7.07,11.98,-13.81
2023-02-10,2.76,11.72,-15.24
2023-02-13,2.09,13.88,-20.85
2023-02-14,3.53,16.59,-18.82
2023-02-15,-5.22,17.93,-19.91
2023-02-16,-1.53,14.16,-18.48
2023-02-17,-2.76,14.56,-19.56
2023-02-20,-2.22,13.79,-22.47
2023-02-21,-4.64,14.39,-16.5
2023-02-22,-4.9,15.2,-17.45
2023-02-23,-6.72,16.47,-19.02
2023-02-24,-8.18,16.59,-21.5
2023-02-27,-7.51,17.75,-20.64
2023-02-28,-6.03,13.59,-21.45
2023-03-01,-6.47,10.95,-18.58
2023-03-02,-8.83,9.27,-15.68
2023-03-03,-9.1,9.61,-14.98
2023-03-06,-7.61,8.06,-13.97
2023-03-07,-10.55,10.05,-13.27
2023-03-08,-10.98,9.32,-12.53
2023-03-09,-13.81,7.07,-7.22
2023-03-10,-15.24,2.76,-3.1
2023-03-13,-20.85,2.09,3.78
2023-03-14,-18.82,3.53,0.58
2023-03-15,-19.91,-5.22,14.21
2023-03-16,-18.48,-1.53,8.36
2023-03-17,-19.56,-2.76,11.03
2023-03-20,-22.47,-2.22,13.96
2023-03-21,-16.5,-4.64,7.91
2023-03-22,-17.45,-4.9,7.42
2023-03-23,-19.02,-6.72,10.32
2023-03-24,-21.5,-8.18,13.11
2023-03-27,-20.64,-7.51,12.31
2023-03-28,-21.45,-6.03,18.12
2023-03-29,-18.58,-6.47,12.58
2023-03-30,-15.68,-8.83,6.99
2023-03-31,-14.98,-9.1,5.12
2023-04-03,-13.97,-7.61,-0.01
2023-04-04,-13.27,-10.55,4.6
2023-04-05,-12.53,-10.98,3.97
2023-04-06,-7.22,-13.81,1.06
2023-04-11,-3.1,-15.24,0.62
2023-04-12,3.78,-20.85,0.55
2023-04-13,0.58,-18.82,1.36
2023-04-14,14.21,-19.91,-2.2
2023-04-17,8.36,-18.48,1.09
2023-04-18,11.03,-19.56,2.0
2023-04-19,13.96,-22.47,2.59
2023-04-20,7.91,-16.5,3.64
2023-04-21,7.42,-17.45,6.66
2023-04-24,10.32,-19.02,2.89
2023-04-25,13.11,-21.5,3.64
2023-04-26,12.31,-20.64,2.25
2023-04-27,18.12,-21.45,-3.85
2023-04-28,12.58,-18.58,-5.34
2023-05-02,6.99,-15.68,-1.5
2023-05-03,5.12,-14.98,2.28
2023-05-04,-0.01,-13.97,5.09
2023-05-05,4.6,-13.27,3.24
2023-05-09,3.97,-12.53,3.03
2023-05-10,1.06,-7.22,2.86
2023-05-11,0.62,-3.1,1.86
2023-05-12,0.55,3.78,0.87
2023-05-15,1.36,0.58,1.12
2023-05-16,-2.2,14.21,1.97
2023-05-17,1.09,8.36,-1.38
2023-05-18,2.0,11.03,-2.61
2023-05-19,2.59,13.96,-3.74
2023-05-22,3.64,7.91,-3.6
2023-05-23,6.66,7.42,-7.33
2023-05-24,2.89,10.32,-7.37
2023-05-25,3.64,13.11,-7.49
2023-05-26,2.25,12.31,-7.88
2023-05-30,-3.85,18.12,-6.08
2023-05-31,-5.34,12.58,-1.98
2023-06-01,-1.5,6.99,-0.85
2023-06-02,2.28,5.12,-2.16
2023-06-05,5.09,-0.01,-0.1
2023-06-06,3.24,4.6,-3.57
2023-06-07,3.03,3.97,-5.18
2023-06-08,2.86,1.06,-6.92
2023-06-09,1.86,0.62,-4.87
2023-06-12,0.87,0.55,-4.2
2023-06-13,1.12,1.36,-4.4
2023-06-14,1.97,-2.2,-1.68
2023-06-15,-1.38,1.09,1.24
2023-06-16,-2.61,2.0,0.75
2023-06-19,-3.74,2.59,1.69
2023-06-20,-3.6,3.64,3.28
2023-06-21,-7.33,6.66,8.46
2023-06-22,-7.37,2.89,11.84
2023-06-23,-7.49,3.64,12.42
2023-06-26,-7.88,2.25,13.41
2023-06-27,-6.08,-3.85,11.76
2023-06-28,-1.98,-5.34,10.6
2023-06-29,-0.85,-1.5,2.7
2023-06-30,-2.16,2.28,1.54
2023-07-03,-0.1,5.09,-0.42
2023-07-04,-3.57,3.24,-0.75
2023-07-05,-5.18,3.03,-2.39
2023-07-06,-6.92,2.86,1.68
2023-07-07,-4.87,1.86,1.36
2023-07-10,-4.2,0.87,1.41
2023-07-11,-4.4,1.12,-1.86
2023-07-12,-1.68,1.97,-3.81
2023-07-13,1.24,-1.38,-4.95
2023-07-14,0.75,-2.61,-5.48
2023-07-17,1.69,-3.74,-6.52
2023-07-18,3.28,-3.6,-9.94
2023-07-19,8.46,-7.33,-11.74
2023-07-20,11.84,-7.37,-11.52
2023-07-21,12.42,-7.49,-11.65
2023-07-24,13.41,-7.88,-12.59
2023-07-25,11.76,-6.08,-12.73
2023-07-26,10.6,-1.98,-12.81
2023-07-27,2.7,-0.85,-6.99
2023-07-28,1.54,-2.16,-7.55
2023-07-31,-0.42,-0.1,-3.23
2023-08-01,-0.75,-3.57,-1.57
2023-08-02,-2.39,-5.18,0.61
2023-08-03,1.68,-6.92,-0.07
2023-08-04,1.36,-4.87,0.04
2023-08-07,1.41,-4.2,-0.78
2023-08-08,-1.86,-4.4,1.45
2023-08-09,-3.81,-1.68,-0.62
2023-08-10,-4.95,1.24,0.16
2023-08-11,-5.48,0.75,2.25
2023-08-14,-6.52,1.69,5.28
2023-08-15,-9.94,3.28,9.54
2023-08-16,-11.74,8.46,10.4
2023-08-17,-11.52,11.84,11.03
2023-08-18,-11.65,12.42,10.09
2023-08-21,-12.59,13.41,10.83
2023-08-22,-12.73,11.76,11.83
2023-08-23,-12.81,10.6,9.55
2023-08-24,-6.99,2.7,7.46
2023-08-25,-7.55,1.54,6.71
2023-08-29,-3.23,-0.42,6.48
2023-08-30,-1.57,-0.75,6.09
2023-08-31,0.61,-2.39,7.95
2023-09-01,-0.07,1.68,6.63
2023-09-04,0.04,1.36,3.33
2023-09-05,-0.78,1.41,3.1
2023-09-06,1.45,-1.86,3.12
2023-09-07,-0.62,-3.81,3.07
2023-09-08,0.16,-4.95,4.4
2023-09-11,2.25,-5.48,1.41
2023-09-12,5.28,-6.52,2.08
2023-09-13,9.54,-9.94,-0.04
2023-09-14,10.4,-11.74,-4.87
2023-09-15,11.03,-11.52,-5.19
2023-09-18,10.09,-11.65,-3.49
2023-09-19,10.83,-12.59,-2.78
2023-09-20,11.83,-12.73,-4.98
2023-09-21,9.55,-12.81,-5.68
2023-09-22,7.46,-6.99,-6.73
2023-09-25,6.71,-7.55,-6.25
2023-09-26,6.48,-3.23,-15.68
2023-09-27,6.09,-1.57,-15.75
2023-09-28,7.95,0.61,-16.87
2023-09-29,6.63,-0.07,-18.71
2023-10-02,3.33,0.04,-16.15
2023-10-03,3.1,-0.78,-14.7
2023-10-04,3.12,1.45,-15.95
2023-10-05,3.07,-0.62,-12.64
2023-10-06,4.4,0.16,-11.9
2023-10-09,1.41,2.25,-10.34
2023-10-10,2.08,5.28,-13.11
2023-10-11,-0.04,9.54,-13.46
2023-10-12,-4.87,10.4,-10.05
2023-10-13,-5.19,11.03,-11.43
2023-10-16,-3.49,10.09,-10.78
2023-10-17,-2.78,10.83,-10.56
2023-10-18,-4.98,11.83,-7.76
2023-10-19,-5.68,9.55,-5.93
2023-10-20,-6.73,7.46,-1.42
2023-10-23,-6.25,6.71,-1.04
2023-10-24,-15.68,6.48,5.26
2023-10-25,-15.75,6.09,5.07
2023-10-26,-16.87,7.95,6.05
2023-10-27,-18.71,6.63,9.63
2023-10-30,-16.15,3.33,7.3
2023-10-31,-14.7,3.1,6.47
2023-11-01,-15.95,3.12,8.47
2023-11-02,-12.64,3.07,5.85
2023-11-03,-11.9,4.4,4.42
2023-11-06,-10.34,1.41,4.9
2023-11-07,-13.11,2.08,2.38
2023-11-08,-13.46,-0.04,3.1
2023-11-09,-10.05,-4.87,2.31
2023-11-10,-11.43,-5.19,5.68
2023-11-13,-10.78,-3.49,4.21
2023-11-14,-10.56,-2.78,2.33
2023-11-15,-7.76,-4.98,0.86
2023-11-16,-5.93,-5.68,7.88
2023-11-17,-1.42,-6.73,2.69
2023-11-20,-1.04,-6.25,2.78
2023-11-21,5.26,-15.68,4.19
2023-11-22,5.07,-15.75,8.33
2023-11-23,6.05,-16.87,7.97
2023-11-24,9.63,-18.71,7.16
2023-11-27,7.3,-16.15,9.6
2023-11-28,6.47,-14.7,9.55
2023-11-29,8.47,-15.95,9.61
