Date,% BP Change,Previous % BP Change,Next % BP Change
2017-02-28,-4.08,-8.59,-0.02
2017-03-01,-1.76,-8.94,-0.73
2017-03-02,-1.66,-8.62,-0.69
2017-03-03,-3.04,-6.98,-1.4
2017-03-06,-2.89,-7.2,-1.45
2017-03-07,1.29,-10.67,0.14
2017-03-08,1.04,-11.17,0.98
2017-03-09,-1.02,-11.0,2.3
2017-03-10,2.42,-11.27,-0.06
2017-03-13,0.85,-10.34,1.33
2017-03-14,-0.54,-8.47,3.0
2017-03-15,-0.31,-9.41,3.58
2017-03-16,2.42,-10.17,2.58
2017-03-17,3.81,-10.5,-2.25
2017-03-20,3.57,-8.61,-2.88
2017-03-21,1.67,-7.94,-2.55
2017-03-22,1.57,-8.27,-2.94
2017-03-23,1.38,-7.21,-1.6
2017-03-24,1.06,-8.16,-0.58
2017-03-27,-0.8,-5.16,1.28
2017-03-28,-0.02,-4.08,-2.38
2017-03-29,-0.73,-1.76,-4.05
2017-03-30,-0.69,-1.66,-2.61
2017-03-31,-1.4,-3.04,-2.38
2017-04-03,-1.45,-2.89,-2.48
2017-04-04,0.14,1.29,-2.65
2017-04-05,0.98,1.04,-2.31
2017-04-06,2.3,-1.02,-1.87
2017-04-07,-0.06,2.42,-2.09
2017-04-10,1.33,0.85,-2.92
2017-04-11,3.0,-0.54,-2.27
2017-04-12,3.58,-0.31,-1.76
2017-04-13,2.58,2.42,-0.39
2017-04-18,-2.25,3.81,3.95
2017-04-19,-2.88,3.57,4.73
2017-04-20,-2.55,1.67,5.71
2017-04-21,-2.94,1.57,7.37
2017-04-24,-1.6,1.38,5.55
2017-04-25,-0.58,1.06,6.51
2017-04-26,1.28,-0.8,4.29
2017-04-27,-2.38,-0.02,7.21
2017-04-28,-4.05,-0.73,6.69
2017-05-02,-2.61,-0.69,3.8
2017-05-03,-2.38,-1.4,5.23
2017-05-04,-2.48,-1.45,4.04
2017-05-05,-2.65,0.14,2.81
2017-05-08,-2.31,0.98,2.3
2017-05-09,-1.87,2.3,0.23
2017-05-10,-2.09,-0.06,-0.91
2017-05-11,-2.92,1.33,2.6
2017-05-12,-2.27,3.0,2.37
2017-05-15,-1.76,3.58,1.28
2017-05-16,-0.39,2.58,-1.63
2017-05-17,3.95,-2.25,-2.03
2017-05-18,4.73,-2.88,-0.5
2017-05-19,5.71,-2.55,0.11
2017-05-22,7.37,-2.94,-2.89
2017-05-23,5.55,-1.6,-3.7
2017-05-24,6.51,-0.58,-4.55
2017-05-25,4.29,1.28,-3.54
2017-05-26,7.21,-2.38,-3.53
2017-05-30,6.69,-4.05,-2.5
2017-05-31,3.8,-2.61,-2.44
2017-06-01,5.23,-2.38,-4.28
2017-06-02,4.04,-2.48,-4.31
2017-06-05,2.81,-2.65,-2.75
2017-06-06,2.3,-2.31,-3.2
2017-06-07,0.23,-1.87,-2.77
2017-06-08,-0.91,-2.09,-2.29
2017-06-09,2.6,-2.92,-5.09
2017-06-12,2.37,-2.27,-5.77
2017-06-13,1.28,-1.76,-5.89
2017-06-14,-1.63,-0.39,-2.37
2017-06-15,-2.03,3.95,-3.06
2017-06-16,-0.5,4.73,-4.68
2017-06-19,0.11,5.71,-5.25
2017-06-20,-2.89,7.37,-3.22
2017-06-21,-3.7,5.55,-2.35
2017-06-22,-4.55,6.51,-1.42
2017-06-23,-3.54,4.29,-2.2
2017-06-26,-3.53,7.21,-3.94
2017-06-27,-2.5,6.69,-3.01
2017-06-28,-2.44,3.8,-2.23
2017-06-29,-4.28,5.23,-1.16
2017-06-30,-4.31,4.04,0.19
2017-07-03,-2.75,2.81,-1.22
2017-07-04,-3.2,2.3,1.43
2017-07-05,-2.77,0.23,3.41
2017-07-06,-2.29,-0.91,3.3
2017-07-07,-5.09,2.6,4.35
2017-07-10,-5.77,2.37,5.57
2017-07-11,-5.89,1.28,6.49
2017-07-12,-2.37,-1.63,4.04
2017-07-13,-3.06,-2.03,2.44
2017-07-14,-4.68,-0.5,0.66
2017-07-17,-5.25,0.11,-0.39
2017-07-18,-3.22,-2.89,-0.3
2017-07-19,-2.35,-3.7,-0.11
2017-07-20,-1.42,-4.55,-1.57
2017-07-21,-2.2,-3.54,-1.41
2017-07-24,-3.94,-3.53,0.09
2017-07-25,-3.01,-2.5,-0.95
2017-07-26,-2.23,-2.44,-0.15
2017-07-27,-1.16,-4.28,-0.35
2017-07-28,0.19,-4.31,0.42
2017-07-31,-1.22,-2.75,-1.21
2017-08-01,1.43,-3.2,-3.19
2017-08-02,3.41,-2.77,-3.08
2017-08-03,3.3,-2.29,-3.44
2017-08-04,4.35,-5.09,-3.64
2017-08-07,5.57,-5.77,-4.64
2017-08-08,6.49,-5.89,-5.18
2017-08-09,4.04,-2.37,-4.04
2017-08-10,2.44,-3.06,-2.55
2017-08-11,0.66,-4.68,0.3
2017-08-14,-0.39,-5.25,0.63
2017-08-15,-0.3,-3.22,1.86
2017-08-16,-0.11,-2.35,1.4
2017-08-17,-1.57,-1.42,1.14
2017-08-18,-1.41,-2.2,2.45
2017-08-21,0.09,-3.94,3.62
2017-08-22,-0.95,-3.01,3.89
2017-08-23,-0.15,-2.23,4.27
2017-08-24,-0.35,-1.16,5.29
2017-08-25,0.42,0.19,6.04
2017-08-29,-1.21,-1.22,7.07
2017-08-30,-3.19,1.43,7.05
2017-08-31,-3.08,3.41,6.94
2017-09-01,-3.44,3.3,7.32
2017-09-04,-3.64,4.35,7.51
2017-09-05,-4.64,5.57,8.89
2017-09-06,-5.18,6.49,8.73
2017-09-07,-4.04,4.04,9.0
2017-09-08,-2.55,2.44,9.43
2017-09-11,0.3,0.66,8.28
2017-09-12,0.63,-0.39,9.14
2017-09-13,1.86,-0.3,8.02
2017-09-14,1.4,-0.11,8.8
2017-09-15,1.14,-1.57,9.49
2017-09-18,2.45,-1.41,9.03
2017-09-19,3.62,0.09,7.56
2017-09-20,3.89,-0.95,6.23
2017-09-21,4.27,-0.15,6.18
2017-09-22,5.29,-0.35,5.42
2017-09-25,6.04,0.42,3.93
2017-09-26,7.07,-1.21,5.24
2017-09-27,7.05,-3.19,3.11
2017-09-28,6.94,-3.08,2.93
2017-09-29,7.32,-3.44,4.32
2017-10-02,7.51,-3.64,4.5
2017-10-03,8.89,-4.64,4.89
2017-10-04,8.73,-5.18,5.82
2017-10-05,9.0,-4.04,5.65
2017-10-06,9.43,-2.55,5.87
2017-10-09,8.28,0.3,7.16
2017-10-10,9.14,0.63,7.09
2017-10-11,8.02,1.86,7.25
2017-10-12,8.8,1.4,4.71
2017-10-13,9.49,1.14,3.28
2017-10-16,9.03,2.45,3.13
2017-10-17,7.56,3.62,2.53
2017-10-18,6.23,3.89,1.43
2017-10-19,6.18,4.27,-0.2
2017-10-20,5.42,5.29,0.24
2017-10-23,3.93,6.04,0.21
2017-10-24,5.24,7.07,-0.39
2017-10-25,3.11,7.05,2.07
2017-10-26,2.93,6.94,2.22
2017-10-27,4.32,7.32,0.68
2017-10-30,4.5,7.51,-1.08
2017-10-31,4.89,8.89,-1.72
2017-11-01,5.82,8.73,-3.79
2017-11-02,5.65,9.0,-5.6
2017-11-03,5.87,9.43,-4.8
2017-11-06,7.16,8.28,-5.39
2017-11-07,7.09,9.14,-6.28
2017-11-08,7.25,8.02,-5.7
2017-11-09,4.71,8.8,-5.13
2017-11-10,3.28,9.49,-2.79
2017-11-13,3.13,9.03,-1.62
2017-11-14,2.53,7.56,1.59
2017-11-15,1.43,6.23,2.1
2017-11-16,-0.2,6.18,2.62
2017-11-17,0.24,5.42,2.45
2017-11-20,0.21,3.93,3.6
2017-11-21,-0.39,5.24,2.73
2017-11-22,2.07,3.11,2.18
2017-11-23,2.22,2.93,3.71
2017-11-24,0.68,4.32,3.17
2017-11-27,-1.08,4.5,4.53
2017-11-28,-1.72,4.89,3.43
2017-11-29,-3.79,5.82,5.7
2017-11-30,-5.6,5.65,5.81
2017-12-01,-4.8,5.87,6.54
2017-12-04,-5.39,7.16,7.51
2017-12-05,-6.28,7.09,7.7
2017-12-06,-5.7,7.25,6.71
2017-12-07,-5.13,4.71,8.15
2017-12-08,-2.79,3.28,7.66
2017-12-11,-1.62,3.13,6.88
2017-12-12,1.59,2.53,4.66
2017-12-13,2.1,1.43,5.4
2017-12-14,2.62,-0.2,2.84
2017-12-15,2.45,0.24,2.2
2017-12-18,3.6,0.21,1.33
2017-12-19,2.73,-0.39,0.41
2017-12-20,2.18,2.07,1.4
2017-12-21,3.71,2.22,-0.73
2017-12-22,3.17,0.68,-0.33
2017-12-27,4.53,-1.08,-0.39
2017-12-28,3.43,-1.72,-0.44
2017-12-29,5.7,-3.79,-1.36
2018-01-02,5.81,-5.6,-1.86
2018-01-03,6.54,-4.8,-4.41
2018-01-04,7.51,-5.39,-5.38
2018-01-05,7.7,-6.28,-7.58
2018-01-08,6.71,-5.7,-8.6
2018-01-09,8.15,-5.13,-10.04
2018-01-10,7.66,-2.79,-8.58
2018-01-11,6.88,-1.62,-9.74
2018-01-12,4.66,1.59,-12.11
2018-01-15,5.4,2.1,-10.12
2018-01-16,2.84,2.62,-8.17
2018-01-17,2.2,2.45,-8.02
2018-01-18,1.33,3.6,-9.05
2018-01-19,0.41,2.73,-7.16
2018-01-22,1.4,2.18,-8.09
2018-01-23,-0.73,3.71,-7.89
2018-01-24,-0.33,3.17,-8.4
2018-01-25,-0.39,4.53,-8.28
2018-01-26,-0.44,3.43,-7.79
2018-01-29,-1.36,5.7,-6.74
2018-01-30,-1.86,5.81,-5.85
2018-01-31,-4.41,6.54,-5.18
2018-02-01,-5.38,7.51,-5.56
2018-02-02,-7.58,7.7,-5.18
2018-02-05,-8.6,6.71,-2.47
2018-02-06,-10.04,8.15,-0.39
2018-02-07,-8.58,7.66,-2.76
2018-02-08,-9.74,6.88,-1.27
2018-02-09,-12.11,4.66,1.73
2018-02-12,-10.12,5.4,-0.18
2018-02-13,-8.17,2.84,-0.41
2018-02-14,-8.02,2.2,-2.14
2018-02-15,-9.05,1.33,-1.11
2018-02-16,-7.16,0.41,0.07
2018-02-19,-8.09,1.4,-3.02
2018-02-20,-7.89,-0.73,-2.34
2018-02-21,-8.4,-0.33,0.11
2018-02-22,-8.28,-0.39,-2.24
2018-02-23,-7.79,-0.44,-2.87
2018-02-26,-6.74,-1.36,-2.35
2018-02-27,-5.85,-1.86,-0.6
2018-02-28,-5.18,-4.41,-0.79
2018-03-01,-5.56,-5.38,1.19
2018-03-02,-5.18,-7.58,3.32
2018-03-05,-2.47,-8.6,2.48
2018-03-06,-0.39,-10.04,5.63
2018-03-07,-2.76,-8.58,5.68
2018-03-08,-1.27,-9.74,3.91
2018-03-09,1.73,-12.11,5.65
2018-03-12,-0.18,-10.12,5.85
2018-03-13,-0.41,-8.17,6.43
2018-03-14,-2.14,-8.02,8.51
2018-03-15,-1.11,-9.05,6.85
2018-03-16,0.07,-7.16,4.84
2018-03-19,-3.02,-8.09,10.84
2018-03-20,-2.34,-7.89,11.34
2018-03-21,0.11,-8.4,9.63
2018-03-22,-2.24,-8.28,12.58
2018-03-23,-2.87,-7.79,15.39
2018-03-26,-2.35,-6.74,11.6
2018-03-27,-0.6,-5.85,12.61
2018-03-28,-0.79,-5.18,14.0
2018-03-29,1.19,-5.56,12.26
2018-04-03,3.32,-5.18,14.22
2018-04-04,2.48,-2.47,13.62
2018-04-05,5.63,-0.39,8.82
2018-04-06,5.68,-2.76,11.98
2018-04-09,3.91,-1.27,11.52
2018-04-10,5.65,1.73,13.22
2018-04-11,5.85,-0.18,11.48
2018-04-12,6.43,-0.41,11.89
2018-04-13,8.51,-2.14,13.13
2018-04-16,6.85,-1.11,16.29
2018-04-17,4.84,0.07,15.95
2018-04-18,10.84,-3.02,14.6
2018-04-19,11.34,-2.34,13.51
2018-04-20,9.63,0.11,14.4
2018-04-23,12.58,-2.24,12.81
2018-04-24,15.39,-2.87,8.13
2018-04-25,11.6,-2.35,8.11
2018-04-26,12.61,-0.6,3.7
2018-04-27,14.0,-0.79,4.06
2018-04-30,12.26,1.19,6.6
2018-05-01,14.22,3.32,5.22
2018-05-02,13.62,2.48,5.35
2018-05-03,8.82,5.63,6.44
2018-05-04,11.98,5.68,3.39
2018-05-08,11.52,3.91,4.81
2018-05-09,13.22,5.65,3.08
2018-05-10,11.48,5.85,3.51
2018-05-11,11.89,6.43,3.91
2018-05-14,13.13,8.51,1.4
2018-05-15,16.29,6.85,-0.68
2018-05-16,15.95,4.84,1.67
2018-05-17,14.6,10.84,-3.25
2018-05-18,13.51,11.34,-2.47
2018-05-21,14.4,9.63,-3.73
2018-05-22,12.81,12.58,-4.08
2018-05-23,8.13,15.39,-3.03
2018-05-24,8.11,11.6,1.78
2018-05-25,3.7,12.61,0.34
2018-05-29,4.06,14.0,0.75
2018-05-30,6.6,12.26,1.53
2018-05-31,5.22,14.22,1.08
2018-06-01,5.35,13.62,0.28
2018-06-04,6.44,8.82,-0.98
2018-06-05,3.39,11.98,0.76
2018-06-06,4.81,11.52,0.54
2018-06-07,3.08,13.22,-1.2
2018-06-08,3.51,11.48,-0.81
2018-06-11,3.91,11.89,-0.34
2018-06-12,1.4,13.13,1.9
2018-06-13,-0.68,16.29,-0.45
2018-06-14,1.67,15.95,-2.41
2018-06-15,-3.25,14.6,1.03
2018-06-18,-2.47,13.51,-2.5
2018-06-19,-3.73,14.4,-1.84
2018-06-20,-4.08,12.81,-0.39
2018-06-21,-3.03,8.13,1.86
2018-06-22,1.78,8.11,-1.61
2018-06-25,0.34,3.7,1.78
2018-06-26,0.75,4.06,0.83
2018-06-27,1.53,6.6,-2.8
2018-06-28,1.08,5.22,-3.09
2018-06-29,0.28,5.35,-1.9
2018-07-02,-0.98,6.44,-1.34
2018-07-03,0.76,3.39,-1.39
2018-07-04,0.54,4.81,-2.9
2018-07-05,-1.2,3.08,-4.52
2018-07-06,-0.81,3.51,-3.21
2018-07-09,-0.34,3.91,-3.04
2018-07-10,1.9,1.4,-2.24
2018-07-11,-0.45,-0.68,1.05
2018-07-12,-2.41,1.67,-1.23
2018-07-13,1.03,-3.25,-2.59
2018-07-16,-2.5,-2.47,0.14
2018-07-17,-1.84,-3.73,-0.87
2018-07-18,-0.39,-4.08,-3.06
2018-07-19,1.86,-3.03,-3.74
2018-07-20,-1.61,1.78,-3.3
2018-07-23,1.78,0.34,-2.65
2018-07-24,0.83,0.75,-2.9
2018-07-25,-2.8,1.53,-2.01
2018-07-26,-3.09,1.08,-1.24
2018-07-27,-1.9,0.28,-0.63
2018-07-30,-1.34,-0.98,-1.03
2018-07-31,-1.39,0.76,-3.26
2018-08-01,-2.9,0.54,-1.19
2018-08-02,-4.52,-1.2,-1.6
2018-08-03,-3.21,-0.81,-1.21
2018-08-06,-3.04,-0.34,-2.45
2018-08-07,-2.24,1.9,-5.21
2018-08-08,1.05,-0.45,-6.16
2018-08-09,-1.23,-2.41,-4.87
2018-08-10,-2.59,1.03,-3.15
2018-08-13,0.14,-2.5,-2.56
2018-08-14,-0.87,-1.84,-0.43
2018-08-15,-3.06,-0.39,0.73
2018-08-16,-3.74,1.86,0.33
2018-08-17,-3.3,-1.61,0.02
2018-08-20,-2.65,1.78,-0.33
2018-08-21,-2.9,0.83,0.33
2018-08-22,-2.01,-2.8,0.16
2018-08-23,-1.24,-3.09,1.7
2018-08-24,-0.63,-1.9,1.14
2018-08-28,-1.03,-1.34,4.82
2018-08-29,-3.26,-1.39,5.66
2018-08-30,-1.19,-2.9,6.61
2018-08-31,-1.6,-4.52,7.67
2018-09-03,-1.21,-3.21,7.51
2018-09-04,-2.45,-3.04,7.98
2018-09-05,-5.21,-2.24,9.45
2018-09-06,-6.16,1.05,10.55
2018-09-07,-4.87,-1.23,9.61
2018-09-10,-3.15,-2.59,7.08
2018-09-11,-2.56,0.14,6.43
2018-09-12,-0.43,-0.87,2.95
2018-09-13,0.73,-3.06,0.98
2018-09-14,0.33,-3.74,1.38
2018-09-17,0.02,-3.3,1.95
2018-09-18,-0.33,-2.65,1.82
2018-09-19,0.33,-2.9,0.89
2018-09-20,0.16,-2.01,-0.18
2018-09-21,1.7,-1.24,-1.68
2018-09-24,1.14,-0.63,-3.39
2018-09-25,4.82,-1.03,-9.12
2018-09-26,5.66,-3.26,-9.06
2018-09-27,6.61,-1.19,-9.74
2018-09-28,7.67,-1.6,-10.39
2018-10-01,7.51,-1.21,-10.1
2018-10-02,7.98,-2.45,-8.54
2018-10-03,9.45,-5.21,-5.12
2018-10-04,10.55,-6.16,-9.49
2018-10-05,9.61,-4.87,-9.38
2018-10-08,7.08,-3.15,-5.98
2018-10-09,6.43,-2.56,-6.8
2018-10-10,2.95,-0.43,-4.37
2018-10-11,0.98,0.73,-4.58
2018-10-12,1.38,0.33,-6.11
2018-10-15,1.95,0.02,-5.6
2018-10-16,1.82,-0.33,-8.32
2018-10-17,0.89,0.33,-8.28
2018-10-18,-0.18,0.16,-4.96
2018-10-19,-1.68,1.7,-5.85
2018-10-22,-3.39,1.14,-5.1
2018-10-23,-9.12,4.82,-2.66
2018-10-24,-9.06,5.66,-0.41
2018-10-25,-9.74,6.61,-1.92
2018-10-26,-10.39,7.67,-2.94
2018-10-29,-10.1,7.51,-1.94
2018-10-30,-8.54,7.98,-3.97
2018-10-31,-5.12,9.45,-7.7
2018-11-01,-9.49,10.55,-3.58
2018-11-02,-9.38,9.61,-2.49
2018-11-05,-5.98,7.08,-1.86
2018-11-06,-6.8,6.43,-0.48
2018-11-07,-4.37,2.95,-3.18
2018-11-08,-4.58,0.98,-4.86
2018-11-09,-6.11,1.38,-1.74
2018-11-12,-5.6,1.95,-3.6
2018-11-13,-8.32,1.82,0.64
2018-11-14,-8.28,0.89,0.86
2018-11-15,-4.96,-0.18,-2.43
2018-11-16,-5.85,-1.68,-2.32
2018-11-19,-5.1,-3.39,-2.7
2018-11-20,-2.66,-9.12,-4.18
2018-11-21,-0.41,-9.06,-5.31
2018-11-22,-1.92,-9.74,-6.25
2018-11-23,-2.94,-10.39,-3.39
2018-11-26,-1.94,-10.1,-4.94
2018-11-27,-3.97,-8.54,-7.33
2018-11-28,-7.7,-5.12,-3.99
2018-11-29,-3.58,-9.49,-5.01
2018-11-30,-2.49,-9.38,-2.44
2018-12-03,-1.86,-5.98,-4.38
2018-12-04,-0.48,-6.8,-3.02
2018-12-05,-3.18,-4.37,-1.18
2018-12-06,-4.86,-4.58,3.28
2018-12-07,-1.74,-6.11,1.57
2018-12-10,-3.6,-5.6,3.52
2018-12-11,0.64,-8.32,0.85
2018-12-12,0.86,-8.28,0.83
2018-12-13,-2.43,-4.96,1.65
2018-12-14,-2.32,-5.85,0.64
2018-12-17,-2.7,-5.1,0.47
2018-12-18,-4.18,-2.66,5.23
2018-12-19,-5.31,-0.41,3.9
2018-12-20,-6.25,-1.92,4.1
2018-12-21,-3.39,-2.94,2.69
2018-12-24,-4.94,-1.94,2.61
2018-12-27,-7.33,-3.97,4.33
2018-12-28,-3.99,-7.7,-1.55
2018-12-31,-5.01,-3.58,1.42
2019-01-02,-2.44,-2.49,0.81
2019-01-03,-4.38,-1.86,2.24
2019-01-04,-3.02,-0.48,0.13
2019-01-07,-1.18,-3.18,-0.13
2019-01-08,3.28,-4.86,5.23
2019-01-09,1.57,-1.74,5.95
2019-01-10,3.52,-3.6,3.85
2019-01-11,0.85,0.64,4.37
2019-01-14,0.83,0.86,4.51
2019-01-15,1.65,-2.43,4.3
2019-01-16,0.64,-2.32,6.82
2019-01-17,0.47,-2.7,5.85
2019-01-18,5.23,-4.18,3.86
2019-01-21,3.9,-5.31,3.05
2019-01-22,4.1,-6.25,4.72
2019-01-23,2.69,-3.39,6.08
2019-01-24,2.61,-4.94,5.27
2019-01-25,4.33,-7.33,5.96
2019-01-28,-1.55,-3.99,8.51
2019-01-29,1.42,-5.01,5.96
2019-01-30,0.81,-2.44,4.42
2019-01-31,2.24,-4.38,2.75
2019-02-01,0.13,-3.02,2.21
2019-02-04,-0.13,-1.18,3.08
2019-02-05,5.23,3.28,-1.59
2019-02-06,5.95,1.57,-2.89
2019-02-07,3.85,3.52,-1.21
2019-02-08,4.37,0.85,-1.78
2019-02-11,4.51,0.83,-1.6
2019-02-12,4.3,1.65,-1.58
2019-02-13,6.82,0.64,-0.62
2019-02-14,5.85,0.47,1.66
2019-02-15,3.86,5.23,0.18
2019-02-18,3.05,3.9,2.97
2019-02-19,4.72,4.1,4.04
2019-02-20,6.08,2.69,3.11
2019-02-21,5.27,2.61,4.62
2019-02-22,5.96,4.33,2.79
2019-02-25,8.51,-1.55,2.09
2019-02-26,5.96,1.42,3.3
2019-02-27,4.42,0.81,2.21
2019-02-28,2.75,2.24,3.03
2019-03-01,2.21,0.13,4.78
2019-03-04,3.08,-0.13,4.31
2019-03-05,-1.59,5.23,4.74
2019-03-06,-2.89,5.95,4.14
2019-03-07,-1.21,3.85,3.5
2019-03-08,-1.78,4.37,6.42
2019-03-11,-1.6,4.51,7.95
2019-03-12,-1.58,4.3,6.97
2019-03-13,-0.62,6.82,5.18
2019-03-14,1.66,5.85,4.13
2019-03-15,0.18,3.86,4.79
2019-03-18,2.97,3.05,2.87
2019-03-19,4.04,4.72,1.72
2019-03-20,3.11,6.08,2.84
2019-03-21,4.62,5.27,0.69
2019-03-22,2.79,5.96,5.51
2019-03-25,2.09,8.51,4.01
2019-03-26,3.3,5.96,3.4
2019-03-27,2.21,4.42,1.89
2019-03-28,3.03,2.75,0.35
2019-03-29,4.78,2.21,0.09
2019-04-01,4.31,3.08,-1.29
2019-04-02,4.74,-1.59,-2.89
2019-04-03,4.14,-2.89,-2.18
2019-04-04,3.5,-1.21,-4.72
2019-04-05,6.42,-1.78,-5.33
2019-04-08,7.95,-1.6,-9.11
2019-04-09,6.97,-1.58,-8.68
2019-04-10,5.18,-0.62,-8.66
2019-04-11,4.13,1.66,-6.64
2019-04-12,4.79,0.18,-5.47
2019-04-15,2.87,2.97,-3.54
2019-04-16,1.72,4.04,-2.13
2019-04-17,2.84,3.11,-2.59
2019-04-18,0.69,4.62,-1.34
2019-04-23,5.51,2.79,-3.78
2019-04-24,4.01,2.09,-4.58
2019-04-25,3.4,3.3,-4.36
2019-04-26,1.89,2.21,-1.91
2019-04-29,0.35,3.03,-2.03
2019-04-30,0.09,4.78,-3.17
2019-05-01,-1.29,4.31,-2.16
2019-05-02,-2.89,4.74,-0.64
2019-05-03,-2.18,4.14,-0.64
2019-05-07,-4.72,3.5,0.83
2019-05-08,-5.33,6.42,0.97
2019-05-09,-9.11,7.95,5.0
2019-05-10,-8.68,6.97,5.97
2019-05-13,-8.66,5.18,5.83
2019-05-14,-6.64,4.13,1.16
2019-05-15,-5.47,4.79,-0.07
2019-05-16,-3.54,2.87,-1.96
2019-05-17,-2.13,1.72,-3.6
2019-05-20,-2.59,2.84,-2.03
2019-05-21,-1.34,0.69,-3.3
2019-05-22,-3.78,5.51,-2.0
2019-05-23,-4.58,4.01,2.22
2019-05-24,-4.36,3.4,1.07
2019-05-28,-1.91,1.89,1.01
2019-05-29,-2.03,0.35,2.44
2019-05-30,-3.17,0.09,1.74
2019-05-31,-2.16,-1.29,1.57
2019-06-03,-0.64,-2.89,2.56
2019-06-04,-0.64,-2.18,2.07
2019-06-05,0.83,-4.72,1.62
2019-06-06,0.97,-5.33,0.44
2019-06-07,5.0,-9.11,-1.69
2019-06-10,5.97,-8.68,-1.73
2019-06-11,5.83,-8.66,-1.9
2019-06-12,1.16,-6.64,0.91
2019-06-13,-0.07,-5.47,1.26
2019-06-14,-1.96,-3.54,1.32
2019-06-17,-3.6,-2.13,1.14
2019-06-18,-2.03,-2.59,-0.42
2019-06-19,-3.3,-1.34,-2.51
2019-06-20,-2.0,-3.78,-6.12
2019-06-21,2.22,-4.58,-6.92
2019-06-24,1.07,-4.36,-4.96
2019-06-25,1.01,-1.91,-4.3
2019-06-26,2.44,-2.03,-5.59
2019-06-27,1.74,-3.17,-4.92
2019-06-28,1.57,-2.16,-4.67
2019-07-01,2.56,-0.64,-5.54
2019-07-02,2.07,-0.64,-2.28
2019-07-03,1.62,0.83,-0.11
2019-07-04,0.44,0.97,-1.32
2019-07-05,-1.69,5.0,-2.88
2019-07-08,-1.73,5.97,-5.55
2019-07-09,-1.9,5.83,-7.21
2019-07-10,0.91,1.16,-7.35
2019-07-11,1.26,-0.07,-7.86
2019-07-12,1.32,-1.96,-7.89
2019-07-15,1.14,-3.6,-7.62
2019-07-16,-0.42,-2.03,-6.75
2019-07-17,-2.51,-3.3,-5.68
2019-07-18,-6.12,-2.0,-5.04
2019-07-19,-6.92,2.22,-5.31
2019-07-22,-4.96,1.07,-4.38
2019-07-23,-4.3,1.01,-6.44
2019-07-24,-5.59,2.44,-4.71
2019-07-25,-4.92,1.74,-5.57
2019-07-26,-4.67,1.57,-6.69
2019-07-29,-5.54,2.56,-7.39
2019-07-30,-2.28,2.07,-8.18
2019-07-31,-0.11,1.62,-7.84
2019-08-01,-1.32,0.44,-7.15
2019-08-02,-2.88,-1.69,-4.38
2019-08-05,-5.55,-1.73,-2.46
2019-08-06,-7.21,-1.9,0.0
2019-08-07,-7.35,0.91,0.28
2019-08-08,-7.86,1.26,-0.38
2019-08-09,-7.89,1.32,0.38
2019-08-12,-7.62,1.14,2.38
2019-08-13,-6.75,-0.42,1.03
2019-08-14,-5.68,-2.51,1.2
2019-08-15,-5.04,-6.12,3.0
2019-08-16,-5.31,-6.92,7.02
2019-08-19,-4.38,-4.96,3.38
2019-08-20,-6.44,-4.3,4.41
2019-08-21,-4.71,-5.59,3.62
2019-08-22,-5.57,-4.92,5.37
2019-08-23,-6.69,-4.67,6.33
2019-08-27,-7.39,-5.54,4.72
2019-08-28,-8.18,-2.28,1.99
2019-08-29,-7.84,-0.11,2.27
2019-08-30,-7.15,-1.32,3.82
2019-09-02,-4.38,-2.88,2.38
2019-09-03,-2.46,-5.55,2.25
2019-09-04,0.0,-7.21,-2.96
2019-09-05,0.28,-7.35,-4.36
2019-09-06,-0.38,-7.86,-1.22
2019-09-09,0.38,-7.89,-0.5
2019-09-10,2.38,-7.62,-2.17
2019-09-11,1.03,-6.75,-1.13
2019-09-12,1.2,-5.68,-0.4
2019-09-13,3.0,-5.04,-2.15
2019-09-16,7.02,-5.31,-6.07
2019-09-17,3.38,-4.38,-5.18
2019-09-18,4.41,-6.44,-5.61
2019-09-19,3.62,-4.71,-5.54
2019-09-20,5.37,-5.57,-6.9
2019-09-23,6.33,-6.69,-5.57
2019-09-24,4.72,-7.39,-2.34
2019-09-25,1.99,-8.18,-0.45
2019-09-26,2.27,-7.84,-0.84
2019-09-27,3.82,-7.15,-1.41
2019-09-30,2.38,-4.38,-0.74
2019-10-01,2.25,-2.46,-4.21
2019-10-02,-2.96,0.0,1.75
2019-10-03,-4.36,0.28,0.91
2019-10-04,-1.22,-0.38,0.44
2019-10-07,-0.5,0.38,1.75
2019-10-08,-2.17,2.38,2.95
2019-10-09,-1.13,1.03,1.54
2019-10-10,-0.4,1.2,2.37
2019-10-11,-2.15,3.0,3.05
2019-10-14,-6.07,7.02,2.83
2019-10-15,-5.18,3.38,4.43
2019-10-16,-5.61,4.41,5.06
2019-10-17,-5.54,3.62,3.7
2019-10-18,-6.9,5.37,4.92
2019-10-21,-5.57,6.33,2.41
2019-10-22,-2.34,4.72,0.55
2019-10-23,-0.45,1.99,-1.84
2019-10-24,-0.84,2.27,-2.5
2019-10-25,-1.41,3.82,-2.54
2019-10-28,-0.74,2.38,-2.29
2019-10-29,-4.21,2.25,0.11
2019-10-30,1.75,-2.96,-2.25
2019-10-31,0.91,-4.36,-0.65
2019-11-01,0.44,-1.22,-3.4
2019-11-04,1.75,-0.5,-5.74
2019-11-05,2.95,-2.17,-8.98
2019-11-06,1.54,-1.13,-8.12
2019-11-07,2.37,-0.4,-9.45
2019-11-08,3.05,-2.15,-6.98
2019-11-11,2.83,-6.07,-7.0
2019-11-12,4.43,-5.18,-8.32
2019-11-13,5.06,-5.61,-9.31
2019-11-14,3.7,-5.54,-7.3
2019-11-15,4.92,-6.9,-9.13
2019-11-18,2.41,-5.57,-6.74
2019-11-19,0.55,-2.34,-4.59
2019-11-20,-1.84,-0.45,-3.58
2019-11-21,-2.5,-0.84,-2.74
2019-11-22,-2.54,-1.41,-2.8
2019-11-25,-2.29,-0.74,-2.25
2019-11-26,0.11,-4.21,-1.1
2019-11-27,-2.25,1.75,-1.1
2019-11-28,-0.65,0.91,-1.56
2019-11-29,-3.4,0.44,-1.79
2019-12-02,-5.74,1.75,-0.19
2019-12-03,-8.98,2.95,5.11
2019-12-04,-8.12,1.54,6.72
2019-12-05,-9.45,2.37,7.19
2019-12-06,-6.98,3.05,4.48
2019-12-09,-7.0,2.83,4.41
2019-12-10,-8.32,4.43,5.53
2019-12-11,-9.31,5.06,7.31
2019-12-12,-7.3,3.7,5.66
2019-12-13,-9.13,4.92,7.08
2019-12-16,-6.74,2.41,6.38
2019-12-17,-4.59,0.55,3.67
2019-12-18,-3.58,-1.84,2.96
2019-12-19,-2.74,-2.5,1.39
2019-12-20,-2.8,-2.54,-0.94
2019-12-23,-2.25,-2.29,-1.41
2019-12-24,-1.1,0.11,-0.33
2019-12-27,-1.1,-2.25,-1.45
2019-12-30,-1.56,-0.65,0.68
2019-12-31,-1.79,-3.4,1.34
2020-01-02,-0.19,-5.74,-2.86
2020-01-03,5.11,-8.98,-7.56
2020-01-06,6.72,-8.12,-10.2
2020-01-07,7.19,-9.45,-5.46
2020-01-08,4.48,-6.98,-2.02
2020-01-09,4.41,-7.0,-3.47
2020-01-10,5.53,-8.32,-5.1
2020-01-13,7.31,-9.31,-6.54
2020-01-14,5.66,-7.3,-5.28
2020-01-15,7.08,-9.13,-4.16
2020-01-16,6.38,-6.74,-7.61
2020-01-17,3.67,-4.59,-7.97
2020-01-20,2.96,-3.58,-6.59
2020-01-21,1.39,-2.74,-6.7
2020-01-22,-0.94,-2.8,-3.68
2020-01-23,-1.41,-2.25,-3.31
2020-01-24,-0.33,-1.1,-6.7
2020-01-27,-1.45,-1.1,-8.11
2020-01-28,0.68,-1.56,-11.01
2020-01-29,1.34,-1.79,-10.36
2020-01-30,-2.86,-0.19,-11.34
2020-01-31,-7.56,5.11,-13.26
2020-02-03,-10.2,6.72,-9.16
2020-02-04,-5.46,7.19,-12.0
2020-02-05,-2.02,4.48,-12.73
2020-02-06,-3.47,4.41,-12.27
2020-02-07,-5.1,5.53,-15.91
2020-02-10,-6.54,7.31,-31.51
2020-02-11,-5.28,5.66,-29.98
2020-02-12,-4.16,7.08,-33.18
2020-02-13,-7.61,6.38,-40.21
2020-02-14,-7.97,3.67,-39.52
2020-02-17,-6.59,2.96,-43.74
2020-02-18,-6.7,1.39,-43.25
2020-02-19,-3.68,-0.94,-49.5
2020-02-20,-3.31,-1.41,-48.36
2020-02-21,-6.7,-0.33,-44.5
2020-02-24,-8.11,-1.45,-41.38
2020-02-25,-11.01,0.68,-27.14
2020-02-26,-10.36,1.34,-20.77
2020-02-27,-11.34,-2.86,-18.63
2020-02-28,-13.26,-7.56,-22.88
2020-03-02,-9.16,-10.2,-21.31
2020-03-03,-12.0,-5.46,-17.05
2020-03-04,-12.73,-2.02,-21.05
2020-03-05,-12.27,-3.47,-15.2
2020-03-06,-15.91,-5.1,-14.65
2020-03-09,-31.51,-6.54,5.55
2020-03-10,-29.98,-5.28,3.68
2020-03-11,-33.18,-4.16,5.74
2020-03-12,-40.21,-7.61,22.09
2020-03-13,-39.52,-7.97,16.21
2020-03-16,-43.74,-6.59,15.56
2020-03-17,-43.25,-6.7,12.44
2020-03-18,-49.5,-3.68,29.89
2020-03-19,-48.36,-3.31,25.57
2020-03-20,-44.5,-6.7,16.47
2020-03-23,-41.38,-8.11,20.96
2020-03-24,-27.14,-11.01,1.68
2020-03-25,-20.77,-10.36,-9.07
2020-03-26,-18.63,-11.34,-6.82
2020-03-27,-22.88,-13.26,5.43
2020-03-30,-21.31,-9.16,3.06
2020-03-31,-17.05,-12.0,-9.04
2020-04-01,-21.05,-12.73,-10.44
2020-04-02,-15.2,-12.27,-14.93
2020-04-03,-14.65,-15.91,-5.46
2020-04-06,5.55,-31.51,-6.6
2020-04-07,3.68,-29.98,-7.36
2020-04-08,5.74,-33.18,-6.41
2020-04-09,22.09,-40.21,-6.7
2020-04-14,16.21,-39.52,-6.06
2020-04-15,15.56,-43.74,-1.08
2020-04-16,12.44,-43.25,1.56
2020-04-17,29.89,-49.5,5.68
2020-04-20,25.57,-48.36,3.92
2020-04-21,16.47,-44.5,8.66
2020-04-22,20.96,-41.38,0.37
2020-04-23,1.68,-27.14,-2.39
2020-04-24,-9.07,-20.77,0.44
2020-04-27,-6.82,-18.63,1.74
2020-04-28,5.43,-22.88,-2.53
2020-04-29,3.06,-21.31,-8.32
2020-04-30,-9.04,-17.05,-0.67
2020-05-01,-10.44,-21.05,9.95
2020-05-04,-14.93,-15.2,12.87
2020-05-05,-5.46,-14.65,5.42
2020-05-06,-6.6,5.55,15.48
2020-05-07,-7.36,3.68,15.78
2020-05-11,-6.41,5.74,12.49
2020-05-12,-6.7,22.09,9.96
2020-05-13,-6.06,16.21,6.38
2020-05-14,-1.08,15.56,8.97
2020-05-15,1.56,12.44,6.58
2020-05-18,5.68,29.89,0.26
2020-05-19,3.92,25.57,0.83
2020-05-20,8.66,16.47,-1.16
2020-05-21,0.37,20.96,3.06
2020-05-22,-2.39,1.68,1.76
2020-05-26,0.44,-9.07,3.71
2020-05-27,1.74,-6.82,-3.79
2020-05-28,-2.53,5.43,-1.7
2020-05-29,-8.32,3.06,-0.38
2020-06-01,-0.67,-9.04,1.25
2020-06-02,9.95,-10.44,-6.51
2020-06-03,12.87,-14.93,-8.83
2020-06-04,5.42,-5.46,-6.83
2020-06-05,15.48,-6.6,-15.1
2020-06-08,15.78,-7.36,-14.49
2020-06-09,12.49,-6.41,-12.66
2020-06-10,9.96,-6.7,-11.9
2020-06-11,6.38,-6.06,-9.63
2020-06-12,8.97,-1.08,-9.98
2020-06-15,6.58,1.56,-6.12
2020-06-16,0.26,5.68,-5.33
2020-06-17,0.83,3.92,-2.05
2020-06-18,-1.16,8.66,-0.76
2020-06-19,3.06,0.37,-3.78
2020-06-22,1.76,-2.39,-3.88
2020-06-23,3.71,0.44,-1.71
2020-06-24,-3.79,1.74,-1.14
2020-06-25,-1.7,-2.53,-2.85
2020-06-26,-0.38,-8.32,-2.13
2020-06-29,1.25,-0.67,-6.51
2020-06-30,-6.51,9.95,-4.38
2020-07-01,-8.83,12.87,-5.03
2020-07-02,-6.83,5.42,-9.55
2020-07-03,-15.1,15.48,-10.53
2020-07-06,-14.49,15.78,-10.14
2020-07-07,-12.66,12.49,-2.95
2020-07-08,-11.9,9.96,1.05
2020-07-09,-9.63,6.38,1.81
2020-07-10,-9.98,8.97,-1.22
2020-07-13,-6.12,6.58,-0.42
2020-07-14,-5.33,0.26,1.0
2020-07-15,-2.05,0.83,0.34
2020-07-16,-0.76,-1.16,-3.6
2020-07-17,-3.78,3.06,-5.38
2020-07-20,-3.88,1.76,-4.83
2020-07-21,-1.71,3.71,-10.32
2020-07-22,-1.14,-3.79,-6.63
2020-07-23,-2.85,-1.7,-7.69
2020-07-24,-2.13,-0.38,-8.3
2020-07-27,-6.51,1.25,-4.21
2020-07-28,-4.38,-6.51,-6.49
2020-07-29,-5.03,-8.83,-7.85
2020-07-30,-9.55,-6.83,-5.68
2020-07-31,-10.53,-15.1,-3.98
2020-08-03,-10.14,-14.49,-7.6
2020-08-04,-2.95,-12.66,-13.78
2020-08-05,1.05,-11.9,-15.29
2020-08-06,1.81,-9.63,-12.79
2020-08-07,-1.22,-9.98,-7.17
2020-08-10,-0.42,-6.12,-12.49
2020-08-11,1.0,-5.33,-14.73
2020-08-12,0.34,-2.05,-15.76
2020-08-13,-3.6,-0.76,-13.0
2020-08-14,-5.38,-3.78,-12.15
2020-08-17,-4.83,-3.88,-10.24
2020-08-18,-10.32,-1.71,-9.69
2020-08-19,-6.63,-1.14,-11.12
2020-08-20,-7.69,-2.85,-11.2
2020-08-21,-8.3,-2.13,-13.65
2020-08-24,-4.21,-6.51,-14.18
2020-08-25,-6.49,-4.38,-12.92
2020-08-26,-7.85,-5.03,-14.16
2020-08-27,-5.68,-9.55,-12.7
2020-08-28,-3.98,-10.53,-11.26
2020-09-01,-7.6,-10.14,-11.71
2020-09-02,-13.78,-2.95,-12.71
2020-09-03,-15.29,1.05,-16.0
2020-09-04,-12.79,1.81,-16.74
2020-09-07,-7.17,-1.22,-18.32
2020-09-08,-12.49,-0.42,-14.76
2020-09-09,-14.73,1.0,-17.69
2020-09-10,-15.76,0.34,-15.79
2020-09-11,-13.0,-3.6,-15.25
2020-09-14,-12.15,-5.38,-15.31
2020-09-15,-10.24,-4.83,-17.7
2020-09-16,-9.69,-10.32,-16.9
2020-09-17,-11.12,-6.63,-18.12
2020-09-18,-11.2,-7.69,-14.79
2020-09-21,-13.65,-8.3,-11.99
2020-09-22,-14.18,-4.21,-14.9
2020-09-23,-12.92,-6.49,-16.4
2020-09-24,-14.16,-7.85,-13.34
2020-09-25,-12.7,-5.68,-11.92
2020-09-28,-11.26,-3.98,-14.69
2020-09-29,-11.71,-7.6,-14.64
2020-09-30,-12.71,-13.78,-14.1
2020-10-01,-16.0,-15.29,-11.34
2020-10-02,-16.74,-12.79,-8.3
2020-10-05,-18.32,-7.17,-5.79
2020-10-06,-14.76,-12.49,-4.72
2020-10-07,-17.69,-14.73,-3.29
2020-10-08,-15.79,-15.76,-9.15
2020-10-09,-15.25,-13.0,-10.01
2020-10-12,-15.31,-12.15,5.6
2020-10-13,-17.7,-10.24,13.39
2020-10-14,-16.9,-9.69,14.3
2020-10-15,-18.12,-11.12,15.19
2020-10-16,-14.79,-11.2,13.13
2020-10-19,-11.99,-13.65,20.7
2020-10-20,-14.9,-14.18,22.21
2020-10-21,-16.4,-12.92,26.0
2020-10-22,-13.34,-14.16,21.03
2020-10-23,-11.92,-12.7,18.93
2020-10-26,-14.69,-11.26,26.72
2020-10-27,-14.64,-11.71,40.39
2020-10-28,-14.1,-12.71,38.31
2020-10-29,-11.34,-16.0,36.2
2020-10-30,-8.3,-16.74,33.72
2020-11-02,-5.79,-18.32,20.69
2020-11-03,-4.72,-14.76,21.48
2020-11-04,-3.29,-17.69,27.98
2020-11-05,-9.15,-15.79,32.82
2020-11-06,-10.01,-15.25,38.57
2020-11-09,5.6,-15.31,19.07
2020-11-10,13.39,-17.7,12.78
2020-11-11,14.3,-16.9,12.16
2020-11-12,15.19,-18.12,19.74
2020-11-13,13.13,-14.79,16.19
2020-11-16,20.7,-11.99,7.58
2020-11-17,22.21,-14.9,7.57
2020-11-18,26.0,-16.4,8.2
2020-11-19,21.03,-13.34,10.5
2020-11-20,18.93,-11.92,11.03
2020-11-23,26.72,-14.69,1.81
2020-11-24,40.39,-14.64,-5.91
2020-11-25,38.31,-14.1,-0.67
2020-11-26,36.2,-11.34,-0.19
2020-11-27,33.72,-8.3,-0.21
2020-11-30,20.69,-5.79,4.74
2020-12-01,21.48,-4.72,-0.1
2020-12-02,27.98,-3.29,-4.74
2020-12-03,32.82,-9.15,2.25
2020-12-04,38.57,-10.01,4.64
2020-12-07,19.07,5.6,7.74
2020-12-08,12.78,13.39,9.57
2020-12-09,12.16,14.3,9.61
2020-12-10,19.74,15.19,7.11
2020-12-11,16.19,13.13,10.41
2020-12-14,7.58,20.7,14.64
2020-12-15,7.57,22.21,11.71
2020-12-16,8.2,26.0,10.18
2020-12-17,10.5,21.03,11.84
2020-12-18,11.03,18.93,11.61
2020-12-21,1.81,26.72,13.68
2020-12-22,-5.91,40.39,12.16
2020-12-23,-0.67,38.31,5.61
2020-12-24,-0.19,36.2,7.36
2020-12-29,-0.21,33.72,7.62
2020-12-30,4.74,20.69,6.59
2020-12-31,-0.1,21.48,6.55
2021-01-04,-4.74,27.98,4.95
2021-01-05,2.25,32.82,-6.42
2021-01-06,4.64,38.57,-10.87
2021-01-07,7.74,19.07,-13.58
2021-01-08,9.57,12.78,-15.62
2021-01-11,9.61,12.16,-12.33
2021-01-12,7.11,19.74,-14.85
2021-01-13,10.41,16.19,-14.74
2021-01-14,14.64,7.58,-16.64
2021-01-15,11.71,7.57,-13.44
2021-01-18,10.18,8.2,-7.14
2021-01-19,11.84,10.5,-7.65
2021-01-20,11.61,11.03,-7.35
2021-01-21,13.68,1.81,-8.16
2021-01-22,12.16,-5.91,-6.09
2021-01-25,5.61,-0.67,-0.25
2021-01-26,7.36,-0.19,0.41
2021-01-27,7.62,-0.21,5.83
2021-01-28,6.59,4.74,10.14
2021-01-29,6.55,-0.1,7.46
2021-02-01,4.95,-4.74,11.4
2021-02-02,-6.42,2.25,16.31
2021-02-03,-10.87,4.64,18.04
2021-02-04,-13.58,7.74,22.81
2021-02-05,-15.62,9.57,26.48
2021-02-08,-12.33,9.61,21.65
2021-02-09,-14.85,7.11,21.39
2021-02-10,-14.74,10.41,21.57
2021-02-11,-16.64,14.64,23.99
2021-02-12,-13.44,11.71,23.55
2021-02-15,-7.14,10.18,13.36
2021-02-16,-7.65,11.84,11.88
2021-02-17,-7.35,11.61,11.83
2021-02-18,-8.16,13.68,15.79
2021-02-19,-6.09,12.16,12.61
2021-02-22,-0.25,5.61,9.75
2021-02-23,0.41,7.36,4.32
2021-02-24,5.83,7.62,0.92
2021-02-25,10.14,6.59,-3.56
2021-02-26,7.46,6.55,3.74
2021-03-01,11.4,4.95,0.99
2021-03-02,16.31,-6.42,1.65
2021-03-03,18.04,-10.87,-3.36
2021-03-04,22.81,-13.58,-7.44
2021-03-05,26.48,-15.62,-5.94
2021-03-08,21.65,-12.33,-4.14
2021-03-09,21.39,-14.85,-5.33
2021-03-10,21.57,-14.74,-6.35
2021-03-11,23.99,-16.64,-6.65
2021-03-12,23.55,-13.44,-7.79
2021-03-15,13.36,-7.14,-2.47
2021-03-16,11.88,-7.65,-2.49
2021-03-17,11.83,-7.35,-3.46
2021-03-18,15.79,-8.16,-3.56
2021-03-19,12.61,-6.09,-4.87
2021-03-22,9.75,-0.25,-3.76
2021-03-23,4.32,0.41,-0.25
2021-03-24,0.92,5.83,-3.13
2021-03-25,-3.56,10.14,0.97
2021-03-26,3.74,7.46,-2.43
2021-03-29,0.99,11.4,1.33
2021-03-30,1.65,16.31,0.17
2021-03-31,-3.36,18.04,2.83
2021-04-01,-7.44,22.81,7.02
2021-04-06,-5.94,26.48,6.22
2021-04-07,-4.14,21.65,2.96
2021-04-08,-5.33,21.39,5.06
2021-04-09,-6.35,21.57,7.02
2021-04-12,-6.65,23.99,2.08
2021-04-13,-7.79,23.55,5.72
2021-04-14,-2.47,13.36,0.02
2021-04-15,-2.49,11.88,3.34
2021-04-16,-3.46,11.83,4.11
2021-04-19,-3.56,15.79,5.3
2021-04-20,-4.87,12.61,5.69
2021-04-21,-3.76,9.75,4.94
2021-04-22,-0.25,4.32,5.83
2021-04-23,-3.13,0.92,8.32
2021-04-26,0.97,-3.56,4.55
2021-04-27,-2.43,3.74,5.22
2021-04-28,1.33,0.99,0.67
2021-04-29,0.17,1.65,1.37
2021-04-30,2.83,-3.36,3.88
2021-05-04,7.02,-7.44,3.74
2021-05-05,6.22,-5.94,1.76
2021-05-06,2.96,-4.14,1.57
2021-05-07,5.06,-5.33,1.8
2021-05-10,7.02,-6.35,2.38
2021-05-11,2.08,-6.65,6.62
2021-05-12,5.72,-7.79,2.55
2021-05-13,0.02,-2.47,5.16
2021-05-14,3.34,-2.49,5.34
2021-05-17,4.11,-3.46,5.49
2021-05-18,5.3,-3.56,3.84
2021-05-19,5.69,-4.87,5.09
2021-05-20,4.94,-3.76,1.64
2021-05-21,5.83,-0.25,1.49
2021-05-24,8.32,-3.13,1.99
2021-05-25,4.55,0.97,4.56
2021-05-26,5.22,-2.43,4.38
2021-05-27,0.67,1.33,6.18
2021-05-28,1.37,0.17,2.94
2021-06-01,3.88,2.83,0.4
2021-06-02,3.74,7.02,-2.1
2021-06-03,1.76,6.22,0.12
2021-06-04,1.57,2.96,0.61
2021-06-07,1.8,5.06,1.58
2021-06-08,2.38,7.02,-3.84
2021-06-09,6.62,2.08,-5.25
2021-06-10,2.55,5.72,-4.84
2021-06-11,5.16,0.02,-4.13
2021-06-14,5.34,3.34,-6.43
2021-06-15,5.49,4.11,-8.06
2021-06-16,3.84,5.3,-7.36
2021-06-17,5.09,5.69,-8.64
2021-06-18,1.64,4.94,-7.34
2021-06-21,1.49,5.83,-12.12
2021-06-22,1.99,8.32,-13.19
2021-06-23,4.56,4.55,-10.72
2021-06-24,4.38,5.22,-12.43
2021-06-25,6.18,0.67,-12.72
2021-06-28,2.94,1.37,-7.27
2021-06-29,0.4,3.88,-7.78
2021-06-30,-2.1,3.74,-7.37
2021-07-01,0.12,1.76,-8.89
2021-07-02,0.61,1.57,-10.02
2021-07-05,1.58,1.8,-10.64
2021-07-06,-3.84,2.38,-1.51
2021-07-07,-5.25,6.62,-1.53
2021-07-08,-4.84,2.55,-0.63
2021-07-09,-4.13,5.16,-1.11
2021-07-12,-6.43,5.34,-1.2
2021-07-13,-8.06,5.49,0.98
2021-07-14,-7.36,3.84,2.28
2021-07-15,-8.64,5.09,3.68
2021-07-16,-7.34,1.64,4.48
2021-07-19,-12.12,1.49,7.02
2021-07-20,-13.19,1.99,7.96
2021-07-21,-10.72,4.56,4.56
2021-07-22,-12.43,4.38,1.32
2021-07-23,-12.72,6.18,1.32
2021-07-26,-7.27,2.94,0.94
2021-07-27,-7.78,0.4,2.56
2021-07-28,-7.37,-2.1,2.24
2021-07-29,-8.89,0.12,0.3
2021-07-30,-10.02,0.61,4.6
2021-08-02,-10.64,1.58,2.48
2021-08-03,-1.51,-3.84,-3.87
2021-08-04,-1.53,-5.25,-1.02
2021-08-05,-0.63,-4.84,-2.99
2021-08-06,-1.11,-4.13,-2.93
2021-08-09,-1.2,-6.43,-2.31
2021-08-10,0.98,-8.06,-3.45
2021-08-11,2.28,-7.36,-5.45
2021-08-12,3.68,-8.64,-3.68
2021-08-13,4.48,-7.34,-1.0
2021-08-16,7.02,-12.12,0.67
2021-08-17,7.96,-13.19,2.25
2021-08-18,4.56,-10.72,1.09
2021-08-19,1.32,-12.43,5.87
2021-08-20,1.32,-12.72,5.51
2021-08-23,0.94,-7.27,4.68
2021-08-24,2.56,-7.78,5.99
2021-08-25,2.24,-7.37,6.5
2021-08-26,0.3,-8.89,7.98
2021-08-27,4.6,-10.02,9.52
2021-08-31,2.48,-10.64,13.35
2021-09-01,-3.87,-1.51,14.97
2021-09-02,-1.02,-1.53,13.47
2021-09-03,-2.99,-0.63,13.94
2021-09-06,-2.93,-1.11,15.41
2021-09-07,-2.31,-1.2,17.51
2021-09-08,-3.45,0.98,14.52
2021-09-09,-5.45,2.28,17.0
2021-09-10,-3.68,3.68,19.58
2021-09-13,-1.0,4.48,19.19
2021-09-14,0.67,7.02,19.4
2021-09-15,2.25,7.96,14.78
2021-09-16,1.09,4.56,16.91
2021-09-17,5.87,1.32,19.35
2021-09-20,5.51,1.32,19.02
2021-09-21,4.68,0.94,17.21
2021-09-22,5.99,2.56,14.63
2021-09-23,6.5,2.24,12.1
2021-09-24,7.98,0.3,10.87
2021-09-27,9.52,4.6,8.86
2021-09-28,13.35,2.48,6.71
2021-09-29,14.97,-3.87,5.7
2021-09-30,13.47,-1.02,3.45
2021-10-01,13.94,-2.99,3.62
2021-10-04,15.41,-2.93,3.64
2021-10-05,17.51,-2.31,-1.63
2021-10-06,14.52,-3.45,-1.96
2021-10-07,17.0,-5.45,-1.54
2021-10-08,19.58,-3.68,-2.31
2021-10-11,19.19,-1.0,-4.18
2021-10-12,19.4,0.67,-3.84
2021-10-13,14.78,2.25,-2.01
2021-10-14,16.91,1.09,-3.51
2021-10-15,19.35,5.87,-6.24
2021-10-18,19.02,5.51,-5.51
2021-10-19,17.21,4.68,-4.81
2021-10-20,14.63,5.99,-5.81
2021-10-21,12.1,6.5,-5.54
2021-10-22,10.87,7.98,-8.01
2021-10-25,8.86,9.52,-7.28
2021-10-26,6.71,13.35,-5.51
2021-10-27,5.7,14.97,-3.66
2021-10-28,3.45,13.47,-2.07
2021-10-29,3.62,13.94,-9.29
2021-11-01,3.64,15.41,-8.21
2021-11-02,-1.63,17.51,-5.65
2021-11-03,-1.96,14.52,-0.58
2021-11-04,-1.54,17.0,-0.85
2021-11-05,-2.31,19.58,-1.32
2021-11-08,-4.18,19.19,0.36
2021-11-09,-3.84,19.4,1.87
2021-11-10,-2.01,14.78,0.26
2021-11-11,-3.51,16.91,-0.46
2021-11-12,-6.24,19.35,0.5
2021-11-15,-5.51,19.02,-1.92
2021-11-16,-4.81,17.21,-2.0
2021-11-17,-5.81,14.63,-3.25
2021-11-18,-5.54,12.1,0.74
2021-11-19,-8.01,10.87,2.2
2021-11-22,-7.28,8.86,-3.32
2021-11-23,-5.51,6.71,-2.25
2021-11-24,-3.66,5.7,-2.84
2021-11-25,-2.07,3.45,-1.97
2021-11-26,-9.29,3.62,6.36
2021-11-29,-8.21,3.64,2.53
2021-11-30,-5.65,-1.63,2.32
2021-12-01,-0.58,-1.96,-0.72
2021-12-02,-0.85,-1.54,4.28
2021-12-03,-1.32,-2.31,4.09
2021-12-06,0.36,-4.18,2.5
2021-12-07,1.87,-3.84,3.32
2021-12-08,0.26,-2.01,4.12
2021-12-09,-0.46,-3.51,7.58
2021-12-10,0.5,-6.24,11.34
2021-12-13,-1.92,-5.51,14.6
2021-12-14,-2.0,-4.81,15.12
2021-12-15,-3.25,-5.81,18.99
2021-12-16,0.74,-5.54,16.76
2021-12-17,2.2,-8.01,18.08
2021-12-20,-3.32,-7.28,20.37
2021-12-21,-2.25,-5.51,15.22
2021-12-22,-2.84,-3.66,8.78
2021-12-23,-1.97,-2.07,12.34
2021-12-24,6.36,-9.29,16.65
2021-12-29,2.53,-8.21,16.82
2021-12-30,2.32,-5.65,15.75
2021-12-31,-0.72,-0.58,15.82
2022-01-04,4.28,-0.85,12.05
2022-01-05,4.09,-1.32,9.79
2022-01-06,2.5,0.36,10.49
2022-01-07,3.32,1.87,11.96
2022-01-10,4.12,0.26,12.56
2022-01-11,7.58,-0.46,7.95
2022-01-12,11.34,0.5,7.56
2022-01-13,14.6,-1.92,6.98
2022-01-14,15.12,-2.0,7.33
2022-01-17,18.99,-3.25,1.75
2022-01-18,16.76,0.74,0.4
2022-01-19,18.08,2.2,2.45
2022-01-20,20.37,-3.32,2.25
2022-01-21,15.22,-2.25,2.39
2022-01-24,8.78,-2.84,6.67
2022-01-25,12.34,-1.97,1.8
2022-01-26,16.65,6.36,-2.84
2022-01-27,16.82,2.53,-6.92
2022-01-28,15.75,2.32,-1.8
2022-01-31,15.82,-0.72,-5.03
2022-02-01,12.05,4.28,-9.2
2022-02-02,9.79,4.09,-3.89
2022-02-03,10.49,2.5,-8.65
2022-02-04,11.96,3.32,-14.23
2022-02-07,12.56,4.12,-11.54
2022-02-08,7.95,7.58,-4.76
2022-02-09,7.56,11.34,-9.44
2022-02-10,6.98,14.6,-11.49
2022-02-11,7.33,15.12,-13.61
2022-02-14,1.75,18.99,-11.02
2022-02-15,0.4,16.76,-9.15
2022-02-16,2.45,18.08,-10.67
2022-02-17,2.25,20.37,-7.5
2022-02-18,2.39,15.22,-7.92
2022-02-21,6.67,8.78,-3.45
2022-02-22,1.8,12.34,-3.93
2022-02-23,-2.84,16.65,1.31
2022-02-24,-6.92,16.82,6.53
2022-02-25,-1.8,15.75,3.49
2022-02-28,-5.03,15.82,4.77
2022-03-01,-9.2,12.05,3.99
2022-03-02,-3.89,9.79,2.23
2022-03-03,-8.65,10.49,4.71
2022-03-04,-14.23,11.96,8.85
2022-03-07,-11.54,12.56,4.45
2022-03-08,-4.76,7.95,0.76
2022-03-09,-9.44,7.56,2.5
2022-03-10,-11.49,6.98,3.82
2022-03-11,-13.61,7.33,8.63
2022-03-14,-11.02,1.75,8.46
2022-03-15,-9.15,0.4,9.68
2022-03-16,-10.67,2.45,10.18
2022-03-17,-7.5,2.25,8.53
2022-03-18,-7.92,2.39,11.28
2022-03-21,-3.45,6.67,6.97
2022-03-22,-3.93,1.8,8.58
2022-03-23,1.31,-2.84,1.35
2022-03-24,6.53,-6.92,-5.23
2022-03-25,3.49,-1.8,-3.13
2022-03-28,4.77,-5.03,-0.66
2022-03-29,3.99,-9.2,4.5
2022-03-30,2.23,-3.89,2.3
2022-03-31,4.71,-8.65,10.36
2022-04-01,8.85,-14.23,9.75
2022-04-04,4.45,-11.54,10.94
2022-04-05,0.76,-4.76,11.43
2022-04-06,2.5,-9.44,6.29
2022-04-07,3.82,-11.49,7.3
2022-04-08,8.63,-13.61,7.25
2022-04-11,8.46,-11.02,3.49
2022-04-12,9.68,-9.15,4.74
2022-04-13,10.18,-10.67,5.29
2022-04-14,8.53,-7.5,5.46
2022-04-19,11.28,-7.92,5.31
2022-04-20,6.97,-3.45,2.88
2022-04-21,8.58,-3.93,3.49
2022-04-22,1.35,1.31,9.07
2022-04-25,-5.23,6.53,14.84
2022-04-26,-3.13,3.49,12.76
2022-04-27,-0.66,4.77,15.02
2022-04-28,4.5,3.99,10.98
2022-04-29,2.3,2.23,10.71
2022-05-03,10.36,4.71,4.83
2022-05-04,9.75,8.85,3.7
2022-05-05,10.94,4.45,5.14
2022-05-06,11.43,0.76,4.65
2022-05-09,6.29,2.5,11.51
2022-05-10,7.3,3.82,10.71
2022-05-11,7.25,8.63,4.18
2022-05-12,3.49,8.46,6.54
2022-05-13,4.74,9.68,4.88
2022-05-16,5.29,10.18,2.16
2022-05-17,5.46,8.53,-4.0
2022-05-18,5.31,11.28,-10.16
2022-05-19,2.88,6.97,-5.14
2022-05-20,3.49,8.58,-5.24
2022-05-23,9.07,1.35,-10.61
2022-05-24,14.84,-5.23,-11.32
2022-05-25,12.76,-3.13,-9.66
2022-05-26,15.02,-0.66,-10.03
2022-05-27,10.98,4.5,-7.8
2022-05-30,10.71,2.3,-8.26
2022-05-31,4.83,10.36,-10.58
2022-06-01,3.7,9.75,-10.85
2022-06-06,5.14,10.94,-8.85
2022-06-07,4.65,11.43,-16.39
2022-06-08,11.51,6.29,-18.33
2022-06-09,10.71,7.3,-14.06
2022-06-10,4.18,7.25,-11.64
2022-06-13,6.54,3.49,-9.78
2022-06-14,4.88,4.74,-13.31
2022-06-15,2.16,5.29,-11.75
2022-06-16,-4.0,5.46,-10.0
2022-06-17,-10.16,5.31,-1.67
2022-06-20,-5.14,2.88,-2.34
2022-06-21,-5.24,3.49,-2.47
2022-06-22,-10.61,9.07,1.36
2022-06-23,-11.32,14.84,2.2
2022-06-24,-9.66,12.76,-0.83
2022-06-27,-10.03,15.02,-1.25
2022-06-28,-7.8,10.98,-2.14
2022-06-29,-8.26,10.71,-1.14
2022-06-30,-10.58,4.83,0.28
2022-07-01,-10.85,3.7,4.03
2022-07-04,-8.85,5.14,-2.27
2022-07-05,-16.39,4.65,8.05
2022-07-06,-18.33,11.51,11.41
2022-07-07,-14.06,10.71,5.91
2022-07-08,-11.64,4.18,6.36
2022-07-11,-9.78,6.54,8.24
2022-07-12,-13.31,4.88,12.07
2022-07-13,-11.75,2.16,11.68
2022-07-14,-10.0,-4.0,17.47
2022-07-15,-1.67,-10.16,15.4
2022-07-18,-2.34,-5.14,11.29
2022-07-19,-2.47,-5.24,10.61
2022-07-20,1.36,-10.61,10.91
2022-07-21,2.2,-11.32,15.13
2022-07-22,-0.83,-9.66,16.83
2022-07-25,-1.25,-10.03,16.11
2022-07-26,-2.14,-7.8,18.23
2022-07-27,-1.14,-8.26,15.21
2022-07-28,0.28,-10.58,17.99
2022-07-29,4.03,-10.85,14.45
2022-08-01,-2.27,-8.85,14.5
2022-08-02,8.05,-16.39,9.46
2022-08-03,11.41,-18.33,7.43
2022-08-04,5.91,-14.06,11.2
2022-08-05,6.36,-11.64,12.7
2022-08-08,8.24,-9.78,8.74
2022-08-09,12.07,-13.31,4.43
2022-08-10,11.68,-11.75,5.18
2022-08-11,17.47,-10.0,5.44
2022-08-12,15.4,-1.67,6.34
2022-08-15,11.29,-2.34,8.47
2022-08-16,10.61,-2.47,8.39
2022-08-17,10.91,1.36,5.95
2022-08-18,15.13,2.2,2.27
2022-08-19,16.83,-0.83,1.05
2022-08-22,16.11,-1.25,1.46
2022-08-23,18.23,-2.14,-0.25
2022-08-24,15.21,-1.14,-4.38
2022-08-25,17.99,0.28,-6.42
2022-08-26,14.45,4.03,-5.83
2022-08-30,14.5,-2.27,-2.97
2022-08-31,9.46,8.05,-2.14
2022-09-01,7.43,11.41,-1.84
2022-09-02,11.2,5.91,-2.42
2022-09-05,12.7,6.36,-1.91
2022-09-06,8.74,8.24,1.66
2022-09-07,4.43,12.07,4.33
2022-09-08,5.18,11.68,5.88
2022-09-09,5.44,17.47,2.58
2022-09-12,6.34,15.4,-1.15
2022-09-13,8.47,11.29,-2.64
2022-09-14,8.39,10.61,-0.88
2022-09-15,5.95,10.91,-0.33
2022-09-16,2.27,15.13,-0.58
2022-09-20,1.05,16.83,-1.6
2022-09-21,1.46,16.11,-0.07
2022-09-22,-0.25,18.23,0.59
2022-09-23,-4.38,15.21,7.24
2022-09-26,-6.42,17.99,9.32
2022-09-27,-5.83,14.45,8.0
2022-09-28,-2.97,14.5,6.91
2022-09-29,-2.14,9.46,11.54
2022-09-30,-1.84,7.43,9.2
2022-10-03,-2.42,11.2,8.38
2022-10-04,-1.91,12.7,7.03
2022-10-05,1.66,8.74,5.25
2022-10-06,4.33,4.43,7.2
2022-10-07,5.88,5.18,6.58
2022-10-10,2.58,5.44,8.51
2022-10-11,-1.15,6.34,7.31
2022-10-12,-2.64,8.47,7.29
2022-10-13,-0.88,8.39,2.73
2022-10-14,-0.33,5.95,5.13
2022-10-17,-0.58,2.27,6.91
2022-10-18,-1.6,1.05,7.14
2022-10-19,-0.07,1.46,5.73
2022-10-20,0.59,-0.25,3.84
2022-10-21,7.24,-4.38,2.5
2022-10-24,9.32,-6.42,-2.52
2022-10-25,8.0,-5.83,4.81
2022-10-26,6.91,-2.97,3.67
2022-10-27,11.54,-2.14,0.34
2022-10-28,9.2,-1.84,3.26
2022-10-31,8.38,-2.42,0.78
2022-11-01,7.03,-1.91,1.15
2022-11-02,5.25,1.66,2.71
2022-11-03,7.2,4.33,-0.82
2022-11-04,6.58,5.88,-3.81
2022-11-07,8.51,2.58,-3.65
2022-11-08,7.31,-1.15,-2.28
2022-11-09,7.29,-2.64,-3.75
2022-11-10,2.73,-0.88,-1.44
2022-11-11,5.13,-0.33,-3.44
2022-11-14,6.91,-0.58,-3.83
2022-11-15,7.14,-1.6,-1.26
2022-11-16,5.73,-0.07,-2.45
2022-11-17,3.84,0.59,-2.67
2022-11-18,2.5,7.24,-4.34
2022-11-21,-2.52,9.32,1.84
2022-11-22,4.81,8.0,-4.21
2022-11-23,3.67,6.91,-0.64
2022-11-24,0.34,11.54,-1.17
2022-11-25,3.26,9.2,-1.94
2022-11-28,0.78,8.38,-0.65
2022-11-29,1.15,7.03,-2.3
2022-11-30,2.71,5.25,-4.54
2022-12-01,-0.82,7.2,-1.25
2022-12-02,-3.81,6.58,-3.13
2022-12-05,-3.65,8.51,-2.43
2022-12-06,-2.28,7.31,0.51
2022-12-07,-3.75,7.29,3.3
2022-12-08,-1.44,2.73,2.4
2022-12-09,-3.44,5.13,3.59
2022-12-12,-3.83,6.91,4.96
2022-12-13,-1.26,7.14,2.82
2022-12-14,-2.45,5.73,2.44
2022-12-15,-2.67,3.84,4.04
2022-12-16,-4.34,2.5,6.76
2022-12-19,1.84,-2.52,1.74
2022-12-20,-4.21,4.81,1.8
2022-12-21,-0.64,3.67,0.17
2022-12-22,-1.17,0.34,-0.55
2022-12-23,-1.94,3.26,-0.88
2022-12-28,-0.65,0.78,0.79
2022-12-29,-2.3,1.15,1.78
2022-12-30,-4.54,2.71,3.61
2023-01-03,-1.25,-0.82,1.14
2023-01-04,-3.13,-3.81,5.71
2023-01-05,-2.43,-3.65,1.49
2023-01-06,0.51,-2.28,1.89
2023-01-09,3.3,-3.75,-0.2
2023-01-10,2.4,-1.44,8.69
2023-01-11,3.59,-3.44,11.42
2023-01-12,4.96,-3.83,12.52
2023-01-13,2.82,-1.26,15.62
2023-01-16,2.44,-2.45,15.88
2023-01-17,4.04,-2.67,15.57
2023-01-18,6.76,-4.34,15.12
2023-01-19,1.74,1.84,19.57
2023-01-20,1.8,-4.21,17.66
2023-01-23,0.17,-0.64,16.1
2023-01-24,-0.55,-1.17,15.79
2023-01-25,-0.88,-1.94,13.63
2023-01-26,0.79,-0.65,12.97
2023-01-27,1.78,-2.3,12.45
2023-01-30,3.61,-4.54,13.44
2023-01-31,1.14,-1.25,12.61
2023-02-01,5.71,-3.13,11.75
2023-02-02,1.49,-2.43,17.21
2023-02-03,1.89,0.51,14.25
2023-02-06,-0.2,3.3,16.94
2023-02-07,8.69,2.4,8.15
2023-02-08,11.42,3.59,4.73
2023-02-09,12.52,4.96,2.07
2023-02-10,15.62,2.82,-1.93
2023-02-13,15.88,2.44,-6.26
2023-02-14,15.57,4.04,-5.23
2023-02-15,15.12,6.76,-13.02
2023-02-16,19.57,1.74,-15.0
2023-02-17,17.66,1.8,-14.28
2023-02-20,16.1,0.17,-12.76
2023-02-21,15.79,-0.55,-8.52
2023-02-22,13.63,-0.88,-6.49
2023-02-23,12.97,0.79,-8.83
2023-02-24,12.45,1.78,-11.61
2023-02-27,13.44,3.61,-11.07
2023-02-28,12.61,1.14,-7.76
2023-03-01,11.75,5.71,-7.23
2023-03-02,17.21,1.49,-8.55
2023-03-03,14.25,1.89,-8.01
2023-03-06,16.94,-0.2,-4.77
2023-03-07,8.15,8.69,-5.6
2023-03-08,4.73,11.42,-4.42
2023-03-09,2.07,12.52,-4.51
2023-03-10,-1.93,15.62,-2.22
2023-03-13,-6.26,15.88,3.27
2023-03-14,-5.23,15.57,1.49
2023-03-15,-13.02,15.12,11.13
2023-03-16,-15.0,19.57,12.72
2023-03-17,-14.28,17.66,13.45
2023-03-20,-12.76,16.1,9.94
2023-03-21,-8.52,15.79,5.42
2023-03-22,-6.49,13.63,5.08
2023-03-23,-8.83,12.97,7.06
2023-03-24,-11.61,12.45,8.84
2023-03-27,-11.07,13.44,7.39
2023-03-28,-7.76,12.61,3.11
2023-03-29,-7.23,11.75,4.68
2023-03-30,-8.55,17.21,-4.84
2023-03-31,-8.01,14.25,-4.64
2023-04-03,-4.77,16.94,-10.55
2023-04-04,-5.6,8.15,-6.62
2023-04-05,-4.42,4.73,-8.46
2023-04-06,-4.51,2.07,-8.42
2023-04-11,-2.22,-1.93,-11.04
2023-04-12,3.27,-6.26,-10.49
2023-04-13,1.49,-5.23,-10.58
2023-04-14,11.13,-13.02,-12.02
2023-04-17,12.72,-15.0,-12.04
2023-04-18,13.45,-14.28,-11.74
2023-04-19,9.94,-12.76,-10.09
2023-04-20,5.42,-8.52,-9.24
2023-04-21,5.08,-6.49,-7.87
2023-04-24,7.06,-8.83,-8.88
2023-04-25,8.84,-11.61,-10.27
2023-04-26,7.39,-11.07,-10.54
2023-04-27,3.11,-7.76,-10.89
2023-04-28,4.68,-7.23,-15.18
2023-05-02,-4.84,-8.55,-5.5
2023-05-03,-4.64,-8.01,-2.62
2023-05-04,-10.55,-4.77,-0.75
2023-05-05,-6.62,-5.6,-4.28
2023-05-09,-8.46,-4.42,-3.03
2023-05-10,-8.42,-4.51,-2.97
2023-05-11,-11.04,-2.22,-1.84
2023-05-12,-10.49,3.27,-4.22
2023-05-15,-10.58,1.49,-3.5
2023-05-16,-12.02,11.13,-3.11
2023-05-17,-12.04,12.72,-3.9
2023-05-18,-11.74,13.45,-4.36
2023-05-19,-10.09,9.94,-4.15
2023-05-22,-9.24,5.42,-5.75
2023-05-23,-7.87,5.08,-4.98
2023-05-24,-8.88,7.06,-5.45
2023-05-25,-10.27,8.84,-4.27
2023-05-26,-10.54,7.39,-3.75
2023-05-30,-10.89,3.11,-2.98
2023-05-31,-15.18,4.68,0.42
2023-06-01,-5.5,-4.84,-1.45
2023-06-02,-2.62,-4.64,-3.37
2023-06-05,-0.75,-10.55,-0.45
2023-06-06,-4.28,-6.62,-0.21
2023-06-07,-3.03,-8.46,-2.94
2023-06-08,-2.97,-8.42,-4.8
2023-06-09,-1.84,-11.04,-3.27
2023-06-12,-4.22,-10.49,-1.74
2023-06-13,-3.5,-10.58,-0.99
2023-06-14,-3.11,-12.02,1.21
2023-06-15,-3.9,-12.04,1.29
2023-06-16,-4.36,-11.74,-0.69
2023-06-19,-4.15,-10.09,-1.95
2023-06-20,-5.75,-9.24,1.01
2023-06-21,-4.98,-7.87,1.2
2023-06-22,-5.45,-8.88,2.66
2023-06-23,-4.27,-10.27,4.65
2023-06-26,-3.75,-10.54,5.38
2023-06-27,-2.98,-10.89,6.25
2023-06-28,0.42,-15.18,5.14
2023-06-29,-1.45,-5.5,5.47
2023-06-30,-3.37,-2.62,3.72
2023-07-03,-0.45,-0.75,2.59
2023-07-04,-0.21,-4.28,2.45
2023-07-05,-2.94,-3.03,3.0
2023-07-06,-4.8,-2.97,6.2
2023-07-07,-3.27,-1.84,7.25
2023-07-10,-1.74,-4.22,6.28
2023-07-11,-0.99,-3.5,4.29
2023-07-12,1.21,-3.11,5.55
2023-07-13,1.29,-3.9,5.42
2023-07-14,-0.69,-4.36,6.56
2023-07-17,-1.95,-4.15,6.49
2023-07-18,1.01,-5.75,3.36
2023-07-19,1.2,-4.98,0.72
2023-07-20,2.66,-5.45,0.48
2023-07-21,4.65,-4.27,-0.49
2023-07-24,5.38,-3.75,-1.12
2023-07-25,6.25,-2.98,-0.64
2023-07-26,5.14,0.42,-1.56
2023-07-27,5.47,-1.45,-1.27
2023-07-28,3.72,-3.37,0.04
2023-07-31,2.59,-0.45,0.56
2023-08-01,2.45,-0.21,1.55
2023-08-02,3.0,-2.94,2.93
2023-08-03,6.2,-4.8,4.8
2023-08-04,7.25,-3.27,3.13
2023-08-07,6.28,-1.74,5.88
2023-08-08,4.29,-0.99,7.48
2023-08-09,5.55,1.21,4.5
2023-08-10,5.42,1.29,5.38
2023-08-11,6.56,-0.69,6.35
2023-08-14,6.49,-1.95,8.52
2023-08-15,3.36,1.01,7.23
2023-08-16,0.72,1.2,10.82
2023-08-17,0.48,2.66,10.26
2023-08-18,-0.49,4.65,9.66
2023-08-21,-1.12,5.38,9.72
2023-08-22,-0.64,6.25,9.52
2023-08-23,-1.56,5.14,10.45
2023-08-24,-1.27,5.47,11.0
2023-08-25,0.04,3.72,10.87
2023-08-29,0.56,2.59,9.31
2023-08-30,1.55,2.45,10.08
2023-08-31,2.93,3.0,10.99
2023-09-01,4.8,6.2,6.11
2023-09-04,3.13,7.25,3.47
2023-09-05,5.88,6.28,0.84
2023-09-06,7.48,4.29,-3.19
2023-09-07,4.5,5.55,-3.06
2023-09-08,5.38,5.42,-2.26
2023-09-11,6.35,6.56,0.58
2023-09-12,8.52,6.49,0.44
2023-09-13,7.23,3.36,2.38
2023-09-14,10.82,0.72,2.29
2023-09-15,10.26,0.48,4.68
2023-09-18,9.66,-0.49,5.74
2023-09-19,9.72,-1.12,5.75
2023-09-20,9.52,-0.64,6.61
2023-09-21,10.45,-1.56,6.25
2023-09-22,11.0,-1.27,3.75
2023-09-25,10.87,0.04,0.93
2023-09-26,9.31,0.56,0.66
2023-09-27,10.08,1.55,-0.71
2023-09-28,10.99,2.93,-1.35
2023-09-29,6.11,4.8,-0.17
2023-10-02,3.47,3.13,1.46
2023-10-03,0.84,5.88,-2.56
2023-10-04,-3.19,7.48,-1.01
2023-10-05,-3.06,4.5,-0.09
2023-10-06,-2.26,5.38,-3.12
2023-10-09,0.58,6.35,-5.54
2023-10-10,0.44,8.52,-8.39
2023-10-11,2.38,7.23,-8.29
2023-10-12,2.29,10.82,-11.33
2023-10-13,4.68,10.26,-12.75
2023-10-16,5.74,9.66,-11.71
2023-10-17,5.75,9.72,-13.34
2023-10-18,6.61,9.52,-13.6
2023-10-19,6.25,10.45,-15.28
2023-10-20,3.75,11.0,-12.41
2023-10-23,0.93,10.87,-9.72
2023-10-24,0.66,9.31,-10.83
2023-10-25,-0.71,10.08,-12.82
2023-10-26,-1.35,10.99,-11.3
2023-10-27,-0.17,6.11,-10.18
2023-10-30,1.46,3.47,-9.81
2023-10-31,-2.56,0.84,-5.49
2023-11-01,-1.01,-3.19,-4.54
2023-11-02,-0.09,-3.06,-3.91
2023-11-03,-3.12,-2.26,-2.34
2023-11-06,-5.54,0.58,-3.98
2023-11-07,-8.39,0.44,-1.9
2023-11-08,-8.29,2.38,-2.35
2023-11-09,-11.33,2.29,-3.18
2023-11-10,-12.75,4.68,-2.01
2023-11-13,-11.71,5.74,-3.6
2023-11-14,-13.34,5.75,-4.16
2023-11-15,-13.6,6.61,-4.62
2023-11-16,-15.28,6.25,-0.53
2023-11-17,-12.41,3.75,-4.16
2023-11-20,-9.72,0.93,-3.17
2023-11-21,-10.83,0.66,-2.71
2023-11-22,-12.82,-0.71,0.18
2023-11-23,-11.3,-1.35,-1.53
2023-11-24,-10.18,-0.17,-1.95
2023-11-27,-9.81,1.46,-1.65
2023-11-28,-5.49,-2.56,-2.06
2023-11-29,-4.54,-1.01,-1.23
