Date,Cloud_Cover,7D_Rolling_Avg_Cloud_Cover,DCC,Previous_Day_DCC,Change_in_DCC,7D_Rolling_Avg_Change_in_DCC
2017-01-03,98.6,98.6,0.0,,,
2017-01-04,2.8,2.8,0.0,0.0,0.0,0.0
2017-01-05,7.2,7.2,0.0,0.0,0.0,0.0
2017-01-06,100.0,100.0,0.0,0.0,0.0,0.0
2017-01-09,46.7,46.7,0.0,0.0,0.0,0.0
2017-01-10,92.9,92.9,0.0,0.0,0.0,0.0
2017-01-11,43.9,43.9,0.0,0.0,0.0,0.0
2017-01-12,73.8,73.8,0.0,0.0,0.0,0.0
2017-01-13,24.4,24.4,0.0,0.0,0.0,0.0
2017-01-16,98.7,98.7,0.0,0.0,0.0,0.0
2017-01-17,98.2,98.2,0.0,0.0,0.0,0.0
2017-01-18,71.5,71.5,0.0,0.0,0.0,0.0
2017-01-19,80.1,80.1,0.0,0.0,0.0,0.0
2017-01-20,89.8,89.8,0.0,0.0,0.0,0.0
2017-01-23,58.9,58.9,0.0,0.0,0.0,0.0
2017-01-24,99.2,99.2,0.0,0.0,0.0,0.0
2017-01-25,2.1,2.1,0.0,0.0,0.0,0.0
2017-01-26,25.7,25.7,0.0,0.0,0.0,0.0
2017-01-27,31.9,31.9,0.0,0.0,0.0,0.0
2017-01-30,70.1,70.1,0.0,0.0,0.0,0.0
2017-01-31,100.0,100.0,0.0,0.0,0.0,0.0
2017-02-01,51.1,51.1,0.0,0.0,0.0,0.0
2017-02-02,90.7,90.7,0.0,0.0,0.0,0.0
2017-02-03,80.5,80.5,0.0,0.0,0.0,0.0
2017-02-06,93.6,93.6,0.0,0.0,0.0,0.0
2017-02-07,62.7,62.7,0.0,0.0,0.0,0.0
2017-02-08,79.2,79.2,0.0,0.0,0.0,0.0
2017-02-09,43.9,43.9,0.0,0.0,0.0,0.0
2017-02-10,41.9,41.9,0.0,0.0,0.0,0.0
2017-02-13,62.0,62.0,0.0,0.0,0.0,0.0
2017-02-14,30.5,30.5,0.0,0.0,0.0,0.0
2017-02-15,94.3,94.3,0.0,0.0,0.0,0.0
2017-02-16,68.2,68.2,0.0,0.0,0.0,0.0
2017-02-17,93.9,93.9,0.0,0.0,0.0,0.0
2017-02-20,88.5,88.5,0.0,0.0,0.0,0.0
2017-02-21,75.6,75.6,0.0,0.0,0.0,0.0
2017-02-22,83.1,83.1,0.0,0.0,0.0,0.0
2017-02-23,97.4,97.4,0.0,0.0,0.0,0.0
2017-02-24,69.3,69.3,0.0,0.0,0.0,0.0
2017-02-27,97.1,97.1,0.0,0.0,0.0,0.0
2017-02-28,70.6,70.6,0.0,0.0,0.0,0.0
2017-03-01,58.0,58.0,0.0,0.0,0.0,0.0
2017-03-02,50.6,50.6,0.0,0.0,0.0,0.0
2017-03-03,99.6,99.6,0.0,0.0,0.0,0.0
2017-03-06,59.0,59.0,0.0,0.0,0.0,0.0
2017-03-07,71.3,71.3,0.0,0.0,0.0,0.0
2017-03-08,55.8,55.8,0.0,0.0,0.0,0.0
2017-03-09,38.9,38.9,0.0,0.0,0.0,0.0
2017-03-10,97.5,97.5,0.0,0.0,0.0,0.0
2017-03-13,81.0,81.0,0.0,0.0,0.0,0.0
2017-03-14,56.9,56.9,0.0,0.0,0.0,0.0
2017-03-15,22.0,22.0,0.0,0.0,0.0,0.0
2017-03-16,92.6,92.6,0.0,0.0,0.0,0.0
2017-03-17,100.0,100.0,0.0,0.0,0.0,0.0
2017-03-20,71.2,71.2,0.0,0.0,0.0,0.0
2017-03-21,62.2,62.2,0.0,0.0,0.0,0.0
2017-03-22,100.0,100.0,0.0,0.0,0.0,0.0
2017-03-23,62.8,62.8,0.0,0.0,0.0,0.0
2017-03-24,27.7,27.7,0.0,0.0,0.0,0.0
2017-03-27,35.5,35.5,0.0,0.0,0.0,0.0
2017-03-28,44.9,44.9,0.0,0.0,0.0,0.0
2017-03-29,100.0,100.0,0.0,0.0,0.0,0.0
2017-03-30,96.4,96.4,0.0,0.0,0.0,0.0
2017-03-31,68.5,68.5,0.0,0.0,0.0,0.0
2017-04-03,50.3,50.3,0.0,0.0,0.0,0.0
2017-04-04,89.2,89.2,0.0,0.0,0.0,0.0
2017-04-05,94.8,94.8,0.0,0.0,0.0,0.0
2017-04-06,80.0,80.0,0.0,0.0,0.0,0.0
2017-04-07,71.5,71.5,0.0,0.0,0.0,0.0
2017-04-10,85.0,85.0,0.0,0.0,0.0,0.0
2017-04-11,99.4,99.4,0.0,0.0,0.0,0.0
2017-04-12,77.3,77.3,0.0,0.0,0.0,0.0
2017-04-13,79.6,79.6,0.0,0.0,0.0,0.0
2017-04-18,75.4,75.4,0.0,0.0,0.0,0.0
2017-04-19,100.0,100.0,0.0,0.0,0.0,0.0
2017-04-20,83.8,83.8,0.0,0.0,0.0,0.0
2017-04-21,94.4,94.4,0.0,0.0,0.0,0.0
2017-04-24,38.2,38.2,0.0,0.0,0.0,0.0
2017-04-25,73.6,73.6,0.0,0.0,0.0,0.0
2017-04-26,81.8,81.8,0.0,0.0,0.0,0.0
2017-04-27,87.6,87.6,0.0,0.0,0.0,0.0
2017-04-28,87.3,87.3,0.0,0.0,0.0,0.0
2017-05-02,71.7,71.7,0.0,0.0,0.0,0.0
2017-05-03,11.5,11.5,0.0,0.0,0.0,0.0
2017-05-04,16.0,16.0,0.0,0.0,0.0,0.0
2017-05-05,9.4,9.4,0.0,0.0,0.0,0.0
2017-05-08,41.9,41.9,0.0,0.0,0.0,0.0
2017-05-09,51.8,51.8,0.0,0.0,0.0,0.0
2017-05-10,67.3,67.3,0.0,0.0,0.0,0.0
2017-05-11,39.6,39.6,0.0,0.0,0.0,0.0
2017-05-12,80.2,80.2,0.0,0.0,0.0,0.0
2017-05-15,100.0,100.0,0.0,0.0,0.0,0.0
2017-05-16,89.3,89.3,0.0,0.0,0.0,0.0
2017-05-17,97.1,97.1,0.0,0.0,0.0,0.0
2017-05-18,47.5,47.5,0.0,0.0,0.0,0.0
2017-05-19,91.8,91.8,0.0,0.0,0.0,0.0
2017-05-22,90.8,90.8,0.0,0.0,0.0,0.0
2017-05-23,39.2,39.2,0.0,0.0,0.0,0.0
2017-05-24,80.3,80.3,0.0,0.0,0.0,0.0
2017-05-25,15.0,15.0,0.0,0.0,0.0,0.0
2017-05-26,0.7,0.7,0.0,0.0,0.0,0.0
2017-05-30,72.8,72.8,0.0,0.0,0.0,0.0
2017-05-31,23.8,23.8,0.0,0.0,0.0,0.0
2017-06-01,86.6,86.6,0.0,0.0,0.0,0.0
2017-06-02,72.2,72.2,0.0,0.0,0.0,0.0
2017-06-05,97.8,97.8,0.0,0.0,0.0,0.0
2017-06-06,100.0,100.0,0.0,0.0,0.0,0.0
2017-06-07,63.1,63.1,0.0,0.0,0.0,0.0
2017-06-08,77.6,77.6,0.0,0.0,0.0,0.0
2017-06-09,43.2,43.2,0.0,0.0,0.0,0.0
2017-06-12,95.6,95.6,0.0,0.0,0.0,0.0
2017-06-13,91.7,91.7,0.0,0.0,0.0,0.0
2017-06-14,66.0,66.0,0.0,0.0,0.0,0.0
2017-06-15,57.4,57.4,0.0,0.0,0.0,0.0
2017-06-16,93.9,93.9,0.0,0.0,0.0,0.0
2017-06-19,31.3,31.3,0.0,0.0,0.0,0.0
2017-06-20,86.4,86.4,0.0,0.0,0.0,0.0
2017-06-21,59.7,59.7,0.0,0.0,0.0,0.0
2017-06-22,71.1,71.1,0.0,0.0,0.0,0.0
2017-06-23,100.0,100.0,0.0,0.0,0.0,0.0
2017-06-26,95.4,95.4,0.0,0.0,0.0,0.0
2017-06-27,93.1,93.1,0.0,0.0,0.0,0.0
2017-06-28,100.0,100.0,0.0,0.0,0.0,0.0
2017-06-29,100.0,100.0,0.0,0.0,0.0,0.0
2017-06-30,97.9,97.9,0.0,0.0,0.0,0.0
2017-07-03,97.8,97.8,0.0,0.0,0.0,0.0
2017-07-04,100.0,100.0,0.0,0.0,0.0,0.0
2017-07-05,98.5,98.5,0.0,0.0,0.0,0.0
2017-07-06,82.4,82.4,0.0,0.0,0.0,0.0
2017-07-07,96.3,96.3,0.0,0.0,0.0,0.0
2017-07-10,81.6,81.6,0.0,0.0,0.0,0.0
2017-07-11,85.3,85.3,0.0,0.0,0.0,0.0
2017-07-12,66.4,66.4,0.0,0.0,0.0,0.0
2017-07-13,49.5,49.5,0.0,0.0,0.0,0.0
2017-07-14,82.6,82.6,0.0,0.0,0.0,0.0
2017-07-17,25.3,25.3,0.0,0.0,0.0,0.0
2017-07-18,10.9,10.9,0.0,0.0,0.0,0.0
2017-07-19,85.0,85.0,0.0,0.0,0.0,0.0
2017-07-20,87.3,87.3,0.0,0.0,0.0,0.0
2017-07-21,93.5,93.5,0.0,0.0,0.0,0.0
2017-07-24,67.4,67.4,0.0,0.0,0.0,0.0
2017-07-25,86.9,86.9,0.0,0.0,0.0,0.0
2017-07-26,78.9,78.9,0.0,0.0,0.0,0.0
2017-07-27,75.0,75.0,0.0,0.0,0.0,0.0
2017-07-28,74.6,74.6,0.0,0.0,0.0,0.0
2017-07-31,41.3,41.3,0.0,0.0,0.0,0.0
2017-08-01,49.2,49.2,0.0,0.0,0.0,0.0
2017-08-02,96.1,96.1,0.0,0.0,0.0,0.0
2017-08-03,63.6,63.6,0.0,0.0,0.0,0.0
2017-08-04,48.2,48.2,0.0,0.0,0.0,0.0
2017-08-07,50.9,50.9,0.0,0.0,0.0,0.0
2017-08-08,97.9,97.9,0.0,0.0,0.0,0.0
2017-08-09,80.5,80.5,0.0,0.0,0.0,0.0
2017-08-10,46.6,46.6,0.0,0.0,0.0,0.0
2017-08-11,99.0,99.0,0.0,0.0,0.0,0.0
2017-08-14,89.6,89.6,0.0,0.0,0.0,0.0
2017-08-15,41.9,41.9,0.0,0.0,0.0,0.0
2017-08-16,76.4,76.4,0.0,0.0,0.0,0.0
2017-08-17,14.0,14.0,0.0,0.0,0.0,0.0
2017-08-18,67.5,67.5,0.0,0.0,0.0,0.0
2017-08-21,75.8,75.8,0.0,0.0,0.0,0.0
2017-08-22,91.6,91.6,0.0,0.0,0.0,0.0
2017-08-23,53.3,53.3,0.0,0.0,0.0,0.0
2017-08-24,65.5,65.5,0.0,0.0,0.0,0.0
2017-08-25,79.0,79.0,0.0,0.0,0.0,0.0
2017-08-29,96.4,96.4,0.0,0.0,0.0,0.0
2017-08-30,62.5,62.5,0.0,0.0,0.0,0.0
2017-08-31,71.7,71.7,0.0,0.0,0.0,0.0
2017-09-01,72.3,72.3,0.0,0.0,0.0,0.0
2017-09-04,100.0,100.0,0.0,0.0,0.0,0.0
2017-09-05,97.4,97.4,0.0,0.0,0.0,0.0
2017-09-06,98.0,98.0,0.0,0.0,0.0,0.0
2017-09-07,100.0,100.0,0.0,0.0,0.0,0.0
2017-09-08,60.2,60.2,0.0,0.0,0.0,0.0
2017-09-11,67.2,67.2,0.0,0.0,0.0,0.0
2017-09-12,63.4,63.4,0.0,0.0,0.0,0.0
2017-09-13,67.2,67.2,0.0,0.0,0.0,0.0
2017-09-14,49.5,49.5,0.0,0.0,0.0,0.0
2017-09-15,65.6,65.6,0.0,0.0,0.0,0.0
2017-09-18,97.0,97.0,0.0,0.0,0.0,0.0
2017-09-19,64.3,64.3,0.0,0.0,0.0,0.0
2017-09-20,97.7,97.7,0.0,0.0,0.0,0.0
2017-09-21,83.6,83.6,0.0,0.0,0.0,0.0
2017-09-22,75.1,75.1,0.0,0.0,0.0,0.0
2017-09-25,83.4,83.4,0.0,0.0,0.0,0.0
2017-09-26,82.1,82.1,0.0,0.0,0.0,0.0
2017-09-27,92.9,92.9,0.0,0.0,0.0,0.0
2017-09-28,55.3,55.3,0.0,0.0,0.0,0.0
2017-09-29,42.6,42.6,0.0,0.0,0.0,0.0
2017-10-02,72.2,72.2,0.0,0.0,0.0,0.0
2017-10-03,86.5,86.5,0.0,0.0,0.0,0.0
2017-10-04,100.0,100.0,0.0,0.0,0.0,0.0
2017-10-05,35.6,35.6,0.0,0.0,0.0,0.0
2017-10-06,58.0,58.0,0.0,0.0,0.0,0.0
2017-10-09,86.6,86.6,0.0,0.0,0.0,0.0
2017-10-10,83.5,83.5,0.0,0.0,0.0,0.0
2017-10-11,87.4,87.4,0.0,0.0,0.0,0.0
2017-10-12,79.7,79.7,0.0,0.0,0.0,0.0
2017-10-13,100.0,100.0,0.0,0.0,0.0,0.0
2017-10-16,69.1,69.1,0.0,0.0,0.0,0.0
2017-10-17,99.1,99.1,0.0,0.0,0.0,0.0
2017-10-18,92.0,92.0,0.0,0.0,0.0,0.0
2017-10-19,97.3,97.3,0.0,0.0,0.0,0.0
2017-10-20,99.1,99.1,0.0,0.0,0.0,0.0
2017-10-23,98.0,98.0,0.0,0.0,0.0,0.0
2017-10-24,88.6,88.6,0.0,0.0,0.0,0.0
2017-10-25,62.1,62.1,0.0,0.0,0.0,0.0
2017-10-26,64.6,64.6,0.0,0.0,0.0,0.0
2017-10-27,29.7,29.7,0.0,0.0,0.0,0.0
2017-10-30,62.7,62.7,0.0,0.0,0.0,0.0
2017-10-31,100.0,100.0,0.0,0.0,0.0,0.0
2017-11-01,92.6,92.6,0.0,0.0,0.0,0.0
2017-11-02,54.1,54.1,0.0,0.0,0.0,0.0
2017-11-03,62.8,62.8,0.0,0.0,0.0,0.0
2017-11-06,94.8,94.8,0.0,0.0,0.0,0.0
2017-11-07,88.8,88.8,0.0,0.0,0.0,0.0
2017-11-08,54.7,54.7,0.0,0.0,0.0,0.0
2017-11-09,60.8,60.8,0.0,0.0,0.0,0.0
2017-11-10,69.1,69.1,0.0,0.0,0.0,0.0
2017-11-13,82.1,82.1,0.0,0.0,0.0,0.0
2017-11-14,87.8,87.8,0.0,0.0,0.0,0.0
2017-11-15,80.2,80.2,0.0,0.0,0.0,0.0
2017-11-16,31.2,31.2,0.0,0.0,0.0,0.0
2017-11-17,60.5,60.5,0.0,0.0,0.0,0.0
2017-11-20,100.0,100.0,0.0,0.0,0.0,0.0
2017-11-21,97.5,97.5,0.0,0.0,0.0,0.0
2017-11-22,100.0,100.0,0.0,0.0,0.0,0.0
2017-11-23,60.7,60.7,0.0,0.0,0.0,0.0
2017-11-24,51.7,51.7,0.0,0.0,0.0,0.0
2017-11-27,63.4,63.4,0.0,0.0,0.0,0.0
2017-11-28,29.4,29.4,0.0,0.0,0.0,0.0
2017-11-29,13.0,13.0,0.0,0.0,0.0,0.0
2017-11-30,22.6,22.6,0.0,0.0,0.0,0.0
2017-12-01,39.4,39.4,0.0,0.0,0.0,0.0
2017-12-04,44.3,44.3,0.0,0.0,0.0,0.0
2017-12-05,83.6,83.6,0.0,0.0,0.0,0.0
2017-12-06,79.2,79.2,0.0,0.0,0.0,0.0
2017-12-07,60.8,60.8,0.0,0.0,0.0,0.0
2017-12-08,3.6,3.6,0.0,0.0,0.0,0.0
2017-12-11,23.7,23.7,0.0,0.0,0.0,0.0
2017-12-12,64.7,64.7,0.0,0.0,0.0,0.0
2017-12-13,78.2,78.2,0.0,0.0,0.0,0.0
2017-12-14,91.8,91.8,0.0,0.0,0.0,0.0
2017-12-15,46.1,46.1,0.0,0.0,0.0,0.0
2017-12-18,88.2,88.2,0.0,0.0,0.0,0.0
2017-12-19,92.7,92.7,0.0,0.0,0.0,0.0
2017-12-20,99.9,99.9,0.0,0.0,0.0,0.0
2017-12-21,100.0,100.0,0.0,0.0,0.0,0.0
2017-12-22,98.8,98.8,0.0,0.0,0.0,0.0
2017-12-27,16.7,16.7,0.0,0.0,0.0,0.0
2017-12-28,1.1,1.1,0.0,0.0,0.0,0.0
2017-12-29,93.0,93.0,0.0,0.0,0.0,0.0
2018-01-02,92.3,92.3,0.0,0.0,0.0,0.0
2018-01-03,93.1,93.1,0.0,0.0,0.0,0.0
2018-01-04,100.0,100.0,0.0,0.0,0.0,0.0
2018-01-05,97.3,97.3,0.0,0.0,0.0,0.0
2018-01-08,5.1,5.1,0.0,0.0,0.0,0.0
2018-01-09,90.8,90.8,0.0,0.0,0.0,0.0
2018-01-10,98.2,98.2,0.0,0.0,0.0,0.0
2018-01-11,99.4,99.4,0.0,0.0,0.0,0.0
2018-01-12,71.1,71.1,0.0,0.0,0.0,0.0
2018-01-15,78.0,78.0,0.0,0.0,0.0,0.0
2018-01-16,98.4,98.4,0.0,0.0,0.0,0.0
2018-01-17,65.1,65.1,0.0,0.0,0.0,0.0
2018-01-18,81.2,81.2,0.0,0.0,0.0,0.0
2018-01-19,95.7,95.7,0.0,0.0,0.0,0.0
2018-01-22,93.0,93.0,0.0,0.0,0.0,0.0
2018-01-23,96.6,96.6,0.0,0.0,0.0,0.0
2018-01-24,63.1,63.1,0.0,0.0,0.0,0.0
2018-01-25,80.1,80.1,0.0,0.0,0.0,0.0
2018-01-26,52.2,52.2,0.0,0.0,0.0,0.0
2018-01-29,39.4,39.4,0.0,0.0,0.0,0.0
2018-01-30,88.6,88.6,0.0,0.0,0.0,0.0
2018-01-31,89.8,89.8,0.0,0.0,0.0,0.0
2018-02-01,48.3,48.3,0.0,0.0,0.0,0.0
2018-02-02,43.2,43.2,0.0,0.0,0.0,0.0
2018-02-05,50.2,50.2,0.0,0.0,0.0,0.0
2018-02-06,88.9,88.9,0.0,0.0,0.0,0.0
2018-02-07,41.6,41.6,0.0,0.0,0.0,0.0
2018-02-08,100.0,100.0,0.0,0.0,0.0,0.0
2018-02-09,35.8,35.8,0.0,0.0,0.0,0.0
2018-02-12,47.5,47.5,0.0,0.0,0.0,0.0
2018-02-13,77.3,77.3,0.0,0.0,0.0,0.0
2018-02-14,85.8,85.8,0.0,0.0,0.0,0.0
2018-02-15,34.5,34.5,0.0,0.0,0.0,0.0
2018-02-16,54.8,54.8,0.0,0.0,0.0,0.0
2018-02-19,99.4,99.4,0.0,0.0,0.0,0.0
2018-02-20,49.2,49.2,0.0,0.0,0.0,0.0
2018-02-21,29.5,29.5,0.0,0.0,0.0,0.0
2018-02-22,56.1,56.1,0.0,0.0,0.0,0.0
2018-02-23,83.0,83.0,0.0,0.0,0.0,0.0
2018-02-26,93.8,93.8,0.0,0.0,0.0,0.0
2018-02-27,39.0,39.0,0.0,0.0,0.0,0.0
2018-02-28,79.8,79.8,0.0,0.0,0.0,0.0
2018-03-01,100.0,100.0,0.0,0.0,0.0,0.0
2018-03-02,100.0,100.0,0.0,0.0,0.0,0.0
2018-03-05,99.2,99.2,0.0,0.0,0.0,0.0
2018-03-06,99.2,99.2,0.0,0.0,0.0,0.0
2018-03-07,69.8,69.8,0.0,0.0,0.0,0.0
2018-03-08,55.2,55.2,0.0,0.0,0.0,0.0
2018-03-09,56.2,56.2,0.0,0.0,0.0,0.0
2018-03-12,100.0,100.0,0.0,0.0,0.0,0.0
2018-03-13,78.4,78.4,0.0,0.0,0.0,0.0
2018-03-14,75.5,75.5,0.0,0.0,0.0,0.0
2018-03-15,100.0,100.0,0.0,0.0,0.0,0.0
2018-03-16,100.0,100.0,0.0,0.0,0.0,0.0
2018-03-19,75.0,75.0,0.0,0.0,0.0,0.0
2018-03-20,44.6,44.6,0.0,0.0,0.0,0.0
2018-03-21,89.3,89.3,0.0,0.0,0.0,0.0
2018-03-22,76.4,76.4,0.0,0.0,0.0,0.0
2018-03-23,95.4,95.4,0.0,0.0,0.0,0.0
2018-03-26,69.5,69.5,0.0,0.0,0.0,0.0
2018-03-27,97.5,97.5,0.0,0.0,0.0,0.0
2018-03-28,92.4,92.4,0.0,0.0,0.0,0.0
2018-03-29,33.5,33.5,0.0,0.0,0.0,0.0
2018-04-03,85.0,85.0,0.0,0.0,0.0,0.0
2018-04-04,100.0,100.0,0.0,0.0,0.0,0.0
2018-04-05,33.5,33.5,0.0,0.0,0.0,0.0
2018-04-06,82.0,82.0,0.0,0.0,0.0,0.0
2018-04-09,58.3,58.3,0.0,0.0,0.0,0.0
2018-04-10,99.3,99.3,0.0,0.0,0.0,0.0
2018-04-11,75.8,75.8,0.0,0.0,0.0,0.0
2018-04-12,99.3,99.3,0.0,0.0,0.0,0.0
2018-04-13,96.0,96.0,0.0,0.0,0.0,0.0
2018-04-16,94.5,94.5,0.0,0.0,0.0,0.0
2018-04-17,81.3,81.3,0.0,0.0,0.0,0.0
2018-04-18,79.7,79.7,0.0,0.0,0.0,0.0
2018-04-19,6.3,6.3,0.0,0.0,0.0,0.0
2018-04-20,15.6,15.6,0.0,0.0,0.0,0.0
2018-04-23,91.6,91.6,0.0,0.0,0.0,0.0
2018-04-24,96.2,96.2,0.0,0.0,0.0,0.0
2018-04-25,75.7,75.7,0.0,0.0,0.0,0.0
2018-04-26,51.7,51.7,0.0,0.0,0.0,0.0
2018-04-27,93.7,93.7,0.0,0.0,0.0,0.0
2018-04-30,77.4,77.4,0.0,0.0,0.0,0.0
2018-05-01,77.7,77.7,0.0,0.0,0.0,0.0
2018-05-02,61.3,61.3,0.0,0.0,0.0,0.0
2018-05-03,97.6,97.6,0.0,0.0,0.0,0.0
2018-05-04,67.4,67.4,0.0,0.0,0.0,0.0
2018-05-08,75.8,75.8,0.0,0.0,0.0,0.0
2018-05-09,98.5,98.5,0.0,0.0,0.0,0.0
2018-05-10,36.5,36.5,0.0,0.0,0.0,0.0
2018-05-11,86.6,86.6,0.0,0.0,0.0,0.0
2018-05-14,6.1,6.1,0.0,0.0,0.0,0.0
2018-05-15,64.8,64.8,0.0,0.0,0.0,0.0
2018-05-16,52.9,52.9,0.0,0.0,0.0,0.0
2018-05-17,72.8,72.8,0.0,0.0,0.0,0.0
2018-05-18,85.7,85.7,0.0,0.0,0.0,0.0
2018-05-21,37.3,37.3,0.0,0.0,0.0,0.0
2018-05-22,26.0,26.0,0.0,0.0,0.0,0.0
2018-05-23,19.9,19.9,0.0,0.0,0.0,0.0
2018-05-24,8.7,8.7,0.0,0.0,0.0,0.0
2018-05-25,73.4,73.4,0.0,0.0,0.0,0.0
2018-05-29,71.0,71.0,0.0,0.0,0.0,0.0
2018-05-30,97.8,97.8,0.0,0.0,0.0,0.0
2018-05-31,78.6,78.6,0.0,0.0,0.0,0.0
2018-06-01,52.2,52.2,0.0,0.0,0.0,0.0
2018-06-04,91.9,91.9,0.0,0.0,0.0,0.0
2018-06-05,24.9,24.9,0.0,0.0,0.0,0.0
2018-06-06,98.0,98.0,0.0,0.0,0.0,0.0
2018-06-07,24.2,24.2,0.0,0.0,0.0,0.0
2018-06-08,38.2,38.2,0.0,0.0,0.0,0.0
2018-06-11,73.8,73.8,0.0,0.0,0.0,0.0
2018-06-12,92.3,92.3,0.0,0.0,0.0,0.0
2018-06-13,92.7,92.7,0.0,0.0,0.0,0.0
2018-06-14,60.2,60.2,0.0,0.0,0.0,0.0
2018-06-15,98.2,98.2,0.0,0.0,0.0,0.0
2018-06-18,85.9,85.9,0.0,0.0,0.0,0.0
2018-06-19,95.9,95.9,0.0,0.0,0.0,0.0
2018-06-20,89.8,89.8,0.0,0.0,0.0,0.0
2018-06-21,81.9,81.9,0.0,0.0,0.0,0.0
2018-06-22,9.4,9.4,0.0,0.0,0.0,0.0
2018-06-25,20.7,20.7,0.0,0.0,0.0,0.0
2018-06-26,14.1,14.1,0.0,0.0,0.0,0.0
2018-06-27,19.9,19.9,0.0,0.0,0.0,0.0
2018-06-28,15.3,15.3,0.0,0.0,0.0,0.0
2018-06-29,3.8,3.8,0.0,0.0,0.0,0.0
2018-07-02,14.5,14.5,0.0,0.0,0.0,0.0
2018-07-03,1.4,1.4,0.0,0.0,0.0,0.0
2018-07-04,62.2,62.2,0.0,0.0,0.0,0.0
2018-07-05,25.0,25.0,0.0,0.0,0.0,0.0
2018-07-06,33.0,33.0,0.0,0.0,0.0,0.0
2018-07-09,84.8,84.8,0.0,0.0,0.0,0.0
2018-07-10,93.6,93.6,0.0,0.0,0.0,0.0
2018-07-11,51.6,51.6,0.0,0.0,0.0,0.0
2018-07-12,56.1,56.1,0.0,0.0,0.0,0.0
2018-07-13,93.8,93.8,0.0,0.0,0.0,0.0
2018-07-16,93.8,93.8,0.0,0.0,0.0,0.0
2018-07-17,78.2,78.2,0.0,0.0,0.0,0.0
2018-07-18,63.7,63.7,0.0,0.0,0.0,0.0
2018-07-19,52.6,52.6,0.0,0.0,0.0,0.0
2018-07-20,96.8,96.8,0.0,0.0,0.0,0.0
2018-07-23,82.5,82.5,0.0,0.0,0.0,0.0
2018-07-24,87.5,87.5,0.0,0.0,0.0,0.0
2018-07-25,79.3,79.3,0.0,0.0,0.0,0.0
2018-07-26,16.9,16.9,0.0,0.0,0.0,0.0
2018-07-27,49.2,49.2,0.0,0.0,0.0,0.0
2018-07-30,67.4,67.4,0.0,0.0,0.0,0.0
2018-07-31,58.9,58.9,0.0,0.0,0.0,0.0
2018-08-01,87.0,87.0,0.0,0.0,0.0,0.0
2018-08-02,72.7,72.7,0.0,0.0,0.0,0.0
2018-08-03,88.5,88.5,0.0,0.0,0.0,0.0
2018-08-06,86.7,86.7,0.0,0.0,0.0,0.0
2018-08-07,83.6,83.6,0.0,0.0,0.0,0.0
2018-08-08,50.4,50.4,0.0,0.0,0.0,0.0
2018-08-09,57.5,57.5,0.0,0.0,0.0,0.0
2018-08-10,59.2,59.2,0.0,0.0,0.0,0.0
2018-08-13,81.0,81.0,0.0,0.0,0.0,0.0
2018-08-14,93.1,93.1,0.0,0.0,0.0,0.0
2018-08-15,73.4,73.4,0.0,0.0,0.0,0.0
2018-08-16,49.7,49.7,0.0,0.0,0.0,0.0
2018-08-17,95.6,95.6,0.0,0.0,0.0,0.0
2018-08-20,98.9,98.9,0.0,0.0,0.0,0.0
2018-08-21,76.6,76.6,0.0,0.0,0.0,0.0
2018-08-22,89.6,89.6,0.0,0.0,0.0,0.0
2018-08-23,76.6,76.6,0.0,0.0,0.0,0.0
2018-08-24,54.7,54.7,0.0,0.0,0.0,0.0
2018-08-28,82.9,82.9,0.0,0.0,0.0,0.0
2018-08-29,68.0,68.0,0.0,0.0,0.0,0.0
2018-08-30,79.6,79.6,0.0,0.0,0.0,0.0
2018-08-31,38.2,38.2,0.0,0.0,0.0,0.0
2018-09-03,100.0,100.0,0.0,0.0,0.0,0.0
2018-09-04,87.3,87.3,0.0,0.0,0.0,0.0
2018-09-05,38.9,38.9,0.0,0.0,0.0,0.0
2018-09-06,49.2,49.2,0.0,0.0,0.0,0.0
2018-09-07,91.7,91.7,0.0,0.0,0.0,0.0
2018-09-10,96.7,96.7,0.0,0.0,0.0,0.0
2018-09-11,66.0,66.0,0.0,0.0,0.0,0.0
2018-09-12,42.8,42.8,0.0,0.0,0.0,0.0
2018-09-13,94.9,94.9,0.0,0.0,0.0,0.0
2018-09-14,77.8,77.8,0.0,0.0,0.0,0.0
2018-09-17,83.1,83.1,0.0,0.0,0.0,0.0
2018-09-18,69.1,69.1,0.0,0.0,0.0,0.0
2018-09-19,72.3,72.3,0.0,0.0,0.0,0.0
2018-09-20,73.6,73.6,0.0,0.0,0.0,0.0
2018-09-21,71.1,71.1,0.0,0.0,0.0,0.0
2018-09-24,53.1,53.1,0.0,0.0,0.0,0.0
2018-09-25,71.8,71.8,0.0,0.0,0.0,0.0
2018-09-26,69.9,69.9,0.0,0.0,0.0,0.0
2018-09-27,68.6,68.6,0.0,0.0,0.0,0.0
2018-09-28,21.0,21.0,0.0,0.0,0.0,0.0
2018-10-01,78.2,78.2,0.0,0.0,0.0,0.0
2018-10-02,67.0,67.0,0.0,0.0,0.0,0.0
2018-10-03,80.6,80.6,0.0,0.0,0.0,0.0
2018-10-04,84.3,84.3,0.0,0.0,0.0,0.0
2018-10-05,98.6,98.6,0.0,0.0,0.0,0.0
2018-10-08,81.7,81.7,0.0,0.0,0.0,0.0
2018-10-09,53.2,53.2,0.0,0.0,0.0,0.0
2018-10-10,4.1,4.1,0.0,0.0,0.0,0.0
2018-10-11,85.4,85.4,0.0,0.0,0.0,0.0
2018-10-12,100.0,100.0,0.0,0.0,0.0,0.0
2018-10-15,37.2,37.2,0.0,0.0,0.0,0.0
2018-10-16,87.6,87.6,0.0,0.0,0.0,0.0
2018-10-17,67.5,67.5,0.0,0.0,0.0,0.0
2018-10-18,33.4,33.4,0.0,0.0,0.0,0.0
2018-10-19,84.9,84.9,0.0,0.0,0.0,0.0
2018-10-22,52.7,52.7,0.0,0.0,0.0,0.0
2018-10-23,95.7,95.7,0.0,0.0,0.0,0.0
2018-10-24,92.2,92.2,0.0,0.0,0.0,0.0
2018-10-25,97.1,97.1,0.0,0.0,0.0,0.0
2018-10-26,28.3,28.3,0.0,0.0,0.0,0.0
2018-10-29,27.8,27.8,0.0,0.0,0.0,0.0
2018-10-30,83.1,83.1,0.0,0.0,0.0,0.0
2018-10-31,76.1,76.1,0.0,0.0,0.0,0.0
2018-11-01,41.5,41.5,0.0,0.0,0.0,0.0
2018-11-02,44.2,44.2,0.0,0.0,0.0,0.0
2018-11-05,89.8,89.8,0.0,0.0,0.0,0.0
2018-11-06,92.0,92.0,0.0,0.0,0.0,0.0
2018-11-07,75.5,75.5,0.0,0.0,0.0,0.0
2018-11-08,76.5,76.5,0.0,0.0,0.0,0.0
2018-11-09,98.3,98.3,0.0,0.0,0.0,0.0
2018-11-12,68.0,68.0,0.0,0.0,0.0,0.0
2018-11-13,32.7,32.7,0.0,0.0,0.0,0.0
2018-11-14,87.8,87.8,0.0,0.0,0.0,0.0
2018-11-15,7.5,7.5,0.0,0.0,0.0,0.0
2018-11-16,83.5,83.5,0.0,0.0,0.0,0.0
2018-11-19,75.8,75.8,0.0,0.0,0.0,0.0
2018-11-20,86.5,86.5,0.0,0.0,0.0,0.0
2018-11-21,64.5,64.5,0.0,0.0,0.0,0.0
2018-11-22,89.7,89.7,0.0,0.0,0.0,0.0
2018-11-23,53.3,53.3,0.0,0.0,0.0,0.0
2018-11-26,50.7,50.7,0.0,0.0,0.0,0.0
2018-11-27,91.4,91.4,0.0,0.0,0.0,0.0
2018-11-28,100.0,100.0,0.0,0.0,0.0,0.0
2018-11-29,75.9,75.9,0.0,0.0,0.0,0.0
2018-11-30,57.7,57.7,0.0,0.0,0.0,0.0
2018-12-03,25.3,25.3,0.0,0.0,0.0,0.0
2018-12-04,63.0,63.0,0.0,0.0,0.0,0.0
2018-12-05,97.9,97.9,0.0,0.0,0.0,0.0
2018-12-06,97.3,97.3,0.0,0.0,0.0,0.0
2018-12-07,44.5,44.5,0.0,0.0,0.0,0.0
2018-12-10,56.1,56.1,0.0,0.0,0.0,0.0
2018-12-11,90.0,90.0,0.0,0.0,0.0,0.0
2018-12-12,91.6,91.6,0.0,0.0,0.0,0.0
2018-12-13,46.2,46.2,0.0,0.0,0.0,0.0
2018-12-14,12.8,12.8,0.0,0.0,0.0,0.0
2018-12-17,58.5,58.5,0.0,0.0,0.0,0.0
2018-12-18,100.0,100.0,0.0,0.0,0.0,0.0
2018-12-19,77.4,77.4,0.0,0.0,0.0,0.0
2018-12-20,91.8,91.8,0.0,0.0,0.0,0.0
2018-12-21,97.0,97.0,0.0,0.0,0.0,0.0
2018-12-24,36.5,36.5,0.0,0.0,0.0,0.0
2018-12-27,57.0,57.0,0.0,0.0,0.0,0.0
2018-12-28,62.0,62.0,0.0,0.0,0.0,0.0
2018-12-31,82.1,82.1,0.0,0.0,0.0,0.0
2019-01-02,15.2,15.2,0.0,0.0,0.0,0.0
2019-01-03,81.1,81.1,0.0,0.0,0.0,0.0
2019-01-04,49.0,49.0,0.0,0.0,0.0,0.0
2019-01-07,75.9,75.9,0.0,0.0,0.0,0.0
2019-01-08,15.6,15.6,0.0,0.0,0.0,0.0
2019-01-09,36.4,36.4,0.0,0.0,0.0,0.0
2019-01-10,72.0,72.0,0.0,0.0,0.0,0.0
2019-01-11,55.9,55.9,0.0,0.0,0.0,0.0
2019-01-14,61.2,61.2,0.0,0.0,0.0,0.0
2019-01-15,70.6,70.6,0.0,0.0,0.0,0.0
2019-01-16,66.7,66.7,0.0,0.0,0.0,0.0
2019-01-17,5.4,5.4,0.0,0.0,0.0,0.0
2019-01-18,79.2,79.2,0.0,0.0,0.0,0.0
2019-01-21,85.4,85.4,0.0,0.0,0.0,0.0
2019-01-22,82.6,82.6,0.0,0.0,0.0,0.0
2019-01-23,62.2,62.2,0.0,0.0,0.0,0.0
2019-01-24,95.8,95.8,0.0,0.0,0.0,0.0
2019-01-25,98.3,98.3,0.0,0.0,0.0,0.0
2019-01-28,10.7,10.7,0.0,0.0,0.0,0.0
2019-01-29,99.2,99.2,0.0,0.0,0.0,0.0
2019-01-30,76.5,76.5,0.0,0.0,0.0,0.0
2019-01-31,55.8,55.8,0.0,0.0,0.0,0.0
2019-02-01,65.6,65.6,0.0,0.0,0.0,0.0
2019-02-04,22.4,22.4,0.0,0.0,0.0,0.0
2019-02-05,94.1,94.1,0.0,0.0,0.0,0.0
2019-02-06,54.5,54.5,0.0,0.0,0.0,0.0
2019-02-07,77.7,77.7,0.0,0.0,0.0,0.0
2019-02-08,76.3,76.3,0.0,0.0,0.0,0.0
2019-02-11,73.8,73.8,0.0,0.0,0.0,0.0
2019-02-12,98.7,98.7,0.0,0.0,0.0,0.0
2019-02-13,98.9,98.9,0.0,0.0,0.0,0.0
2019-02-14,44.8,44.8,0.0,0.0,0.0,0.0
2019-02-15,6.5,6.5,0.0,0.0,0.0,0.0
2019-02-18,62.3,62.3,0.0,0.0,0.0,0.0
2019-02-19,95.8,95.8,0.0,0.0,0.0,0.0
2019-02-20,72.9,72.9,0.0,0.0,0.0,0.0
2019-02-21,81.8,81.8,0.0,0.0,0.0,0.0
2019-02-22,48.3,48.3,0.0,0.0,0.0,0.0
2019-02-25,27.4,27.4,0.0,0.0,0.0,0.0
2019-02-26,0.0,0.0,0.0,0.0,0.0,0.0
2019-02-27,0.0,0.0,0.0,0.0,0.0,0.0
2019-02-28,100.0,100.0,0.0,0.0,0.0,0.0
2019-03-01,79.8,79.8,0.0,0.0,0.0,0.0
2019-03-04,51.5,51.5,0.0,0.0,0.0,0.0
2019-03-05,85.6,85.6,0.0,0.0,0.0,0.0
2019-03-06,90.5,90.5,0.0,0.0,0.0,0.0
2019-03-07,98.2,98.2,0.0,0.0,0.0,0.0
2019-03-08,97.7,97.7,0.0,0.0,0.0,0.0
2019-03-11,58.9,58.9,0.0,0.0,0.0,0.0
2019-03-12,74.9,74.9,0.0,0.0,0.0,0.0
2019-03-13,45.2,45.2,0.0,0.0,0.0,0.0
2019-03-14,55.7,55.7,0.0,0.0,0.0,0.0
2019-03-15,48.8,48.8,0.0,0.0,0.0,0.0
2019-03-18,97.7,97.7,0.0,0.0,0.0,0.0
2019-03-19,94.0,94.0,0.0,0.0,0.0,0.0
2019-03-20,83.6,83.6,0.0,0.0,0.0,0.0
2019-03-21,80.0,80.0,0.0,0.0,0.0,0.0
2019-03-22,88.7,88.7,0.0,0.0,0.0,0.0
2019-03-25,46.9,46.9,0.0,0.0,0.0,0.0
2019-03-26,68.4,68.4,0.0,0.0,0.0,0.0
2019-03-27,71.0,71.0,0.0,0.0,0.0,0.0
2019-03-28,33.4,33.4,0.0,0.0,0.0,0.0
2019-03-29,15.5,15.5,0.0,0.0,0.0,0.0
2019-04-01,97.6,97.6,0.0,0.0,0.0,0.0
2019-04-02,56.5,56.5,0.0,0.0,0.0,0.0
2019-04-03,97.3,97.3,0.0,0.0,0.0,0.0
2019-04-04,61.6,61.6,0.0,0.0,0.0,0.0
2019-04-05,57.9,57.9,0.0,0.0,0.0,0.0
2019-04-08,31.1,31.1,0.0,0.0,0.0,0.0
2019-04-09,63.3,63.3,0.0,0.0,0.0,0.0
2019-04-10,58.7,58.7,0.0,0.0,0.0,0.0
2019-04-11,70.6,70.6,0.0,0.0,0.0,0.0
2019-04-12,60.2,60.2,0.0,0.0,0.0,0.0
2019-04-15,78.2,78.2,0.0,0.0,0.0,0.0
2019-04-16,100.0,100.0,0.0,0.0,0.0,0.0
2019-04-17,20.2,20.2,0.0,0.0,0.0,0.0
2019-04-18,47.8,47.8,0.0,0.0,0.0,0.0
2019-04-23,25.1,25.1,0.0,0.0,0.0,0.0
2019-04-24,58.1,58.1,0.0,0.0,0.0,0.0
2019-04-25,83.3,83.3,0.0,0.0,0.0,0.0
2019-04-26,95.7,95.7,0.0,0.0,0.0,0.0
2019-04-29,65.0,65.0,0.0,0.0,0.0,0.0
2019-04-30,89.0,89.0,0.0,0.0,0.0,0.0
2019-05-01,93.3,93.3,0.0,0.0,0.0,0.0
2019-05-02,81.0,81.0,0.0,0.0,0.0,0.0
2019-05-03,96.6,96.6,0.0,0.0,0.0,0.0
2019-05-07,97.6,97.6,0.0,0.0,0.0,0.0
2019-05-08,100.0,100.0,0.0,0.0,0.0,0.0
2019-05-09,93.1,93.1,0.0,0.0,0.0,0.0
2019-05-10,51.6,51.6,0.0,0.0,0.0,0.0
2019-05-13,50.9,50.9,0.0,0.0,0.0,0.0
2019-05-14,26.6,26.6,0.0,0.0,0.0,0.0
2019-05-15,52.4,52.4,0.0,0.0,0.0,0.0
2019-05-16,30.6,30.6,0.0,0.0,0.0,0.0
2019-05-17,47.2,47.2,0.0,0.0,0.0,0.0
2019-05-20,55.8,55.8,0.0,0.0,0.0,0.0
2019-05-21,58.8,58.8,0.0,0.0,0.0,0.0
2019-05-22,7.3,7.3,0.0,0.0,0.0,0.0
2019-05-23,48.7,48.7,0.0,0.0,0.0,0.0
2019-05-24,74.8,74.8,0.0,0.0,0.0,0.0
2019-05-28,58.4,58.4,0.0,0.0,0.0,0.0
2019-05-29,91.6,91.6,0.0,0.0,0.0,0.0
2019-05-30,98.0,98.0,0.0,0.0,0.0,0.0
2019-05-31,99.1,99.1,0.0,0.0,0.0,0.0
2019-06-03,54.2,54.2,0.0,0.0,0.0,0.0
2019-06-04,98.4,98.4,0.0,0.0,0.0,0.0
2019-06-05,79.2,79.2,0.0,0.0,0.0,0.0
2019-06-06,29.3,29.3,0.0,0.0,0.0,0.0
2019-06-07,78.7,78.7,0.0,0.0,0.0,0.0
2019-06-10,45.7,45.7,0.0,0.0,0.0,0.0
2019-06-11,100.0,100.0,0.0,0.0,0.0,0.0
2019-06-12,100.0,100.0,0.0,0.0,0.0,0.0
2019-06-13,100.0,100.0,0.0,0.0,0.0,0.0
2019-06-14,91.5,91.5,0.0,0.0,0.0,0.0
2019-06-17,62.0,62.0,0.0,0.0,0.0,0.0
2019-06-18,47.4,47.4,0.0,0.0,0.0,0.0
2019-06-19,32.0,32.0,0.0,0.0,0.0,0.0
2019-06-20,41.5,41.5,0.0,0.0,0.0,0.0
2019-06-21,46.4,46.4,0.0,0.0,0.0,0.0
2019-06-24,91.8,91.8,0.0,0.0,0.0,0.0
2019-06-25,94.3,94.3,0.0,0.0,0.0,0.0
2019-06-26,70.5,70.5,0.0,0.0,0.0,0.0
2019-06-27,1.4,1.4,0.0,0.0,0.0,0.0
2019-06-28,0.5,0.5,0.0,0.0,0.0,0.0
2019-07-01,54.1,54.1,0.0,0.0,0.0,0.0
2019-07-02,78.1,78.1,0.0,0.0,0.0,0.0
2019-07-03,49.9,49.9,0.0,0.0,0.0,0.0
2019-07-04,82.5,82.5,0.0,0.0,0.0,0.0
2019-07-05,93.8,93.8,0.0,0.0,0.0,0.0
2019-07-08,88.5,88.5,0.0,0.0,0.0,0.0
2019-07-09,96.2,96.2,0.0,0.0,0.0,0.0
2019-07-10,99.2,99.2,0.0,0.0,0.0,0.0
2019-07-11,54.3,54.3,0.0,0.0,0.0,0.0
2019-07-12,84.5,84.5,0.0,0.0,0.0,0.0
2019-07-15,91.3,91.3,0.0,0.0,0.0,0.0
2019-07-16,45.6,45.6,0.0,0.0,0.0,0.0
2019-07-17,97.1,97.1,0.0,0.0,0.0,0.0
2019-07-18,56.8,56.8,0.0,0.0,0.0,0.0
2019-07-19,100.0,100.0,0.0,0.0,0.0,0.0
2019-07-22,62.1,62.1,0.0,0.0,0.0,0.0
2019-07-23,32.5,32.5,0.0,0.0,0.0,0.0
2019-07-24,52.9,52.9,0.0,0.0,0.0,0.0
2019-07-25,15.2,15.2,0.0,0.0,0.0,0.0
2019-07-26,73.8,73.8,0.0,0.0,0.0,0.0
2019-07-29,69.4,69.4,0.0,0.0,0.0,0.0
2019-07-30,58.9,58.9,0.0,0.0,0.0,0.0
2019-07-31,84.9,84.9,0.0,0.0,0.0,0.0
2019-08-01,62.9,62.9,0.0,0.0,0.0,0.0
2019-08-02,71.4,71.4,0.0,0.0,0.0,0.0
2019-08-05,32.8,32.8,0.0,0.0,0.0,0.0
2019-08-06,75.7,75.7,0.0,0.0,0.0,0.0
2019-08-07,50.4,50.4,0.0,0.0,0.0,0.0
2019-08-08,61.7,61.7,0.0,0.0,0.0,0.0
2019-08-09,59.2,59.2,0.0,0.0,0.0,0.0
2019-08-12,65.4,65.4,0.0,0.0,0.0,0.0
2019-08-13,39.2,39.2,0.0,0.0,0.0,0.0
2019-08-14,96.4,96.4,0.0,0.0,0.0,0.0
2019-08-15,52.9,52.9,0.0,0.0,0.0,0.0
2019-08-16,89.3,89.3,0.0,0.0,0.0,0.0
2019-08-19,48.7,48.7,0.0,0.0,0.0,0.0
2019-08-20,74.1,74.1,0.0,0.0,0.0,0.0
2019-08-21,72.4,72.4,0.0,0.0,0.0,0.0
2019-08-22,95.2,95.2,0.0,0.0,0.0,0.0
2019-08-23,78.2,78.2,0.0,0.0,0.0,0.0
2019-08-27,41.3,41.3,0.0,0.0,0.0,0.0
2019-08-28,84.6,84.6,0.0,0.0,0.0,0.0
2019-08-29,55.8,55.8,0.0,0.0,0.0,0.0
2019-08-30,96.5,96.5,0.0,0.0,0.0,0.0
2019-09-02,89.7,89.7,0.0,0.0,0.0,0.0
2019-09-03,97.7,97.7,0.0,0.0,0.0,0.0
2019-09-04,70.5,70.5,0.0,0.0,0.0,0.0
2019-09-05,62.9,62.9,0.0,0.0,0.0,0.0
2019-09-06,64.5,64.5,0.0,0.0,0.0,0.0
2019-09-09,90.9,90.9,0.0,0.0,0.0,0.0
2019-09-10,97.2,97.2,0.0,0.0,0.0,0.0
2019-09-11,67.7,67.7,0.0,0.0,0.0,0.0
2019-09-12,92.0,92.0,0.0,0.0,0.0,0.0
2019-09-13,48.5,48.5,0.0,0.0,0.0,0.0
2019-09-16,73.8,73.8,0.0,0.0,0.0,0.0
2019-09-17,39.7,39.7,0.0,0.0,0.0,0.0
2019-09-18,70.8,70.8,0.0,0.0,0.0,0.0
2019-09-19,64.8,64.8,0.0,0.0,0.0,0.0
2019-09-20,2.6,2.6,0.0,0.0,0.0,0.0
2019-09-23,65.2,65.2,0.0,0.0,0.0,0.0
2019-09-24,100.0,100.0,0.0,0.0,0.0,0.0
2019-09-25,84.6,84.6,0.0,0.0,0.0,0.0
2019-09-26,72.3,72.3,0.0,0.0,0.0,0.0
2019-09-27,88.6,88.6,0.0,0.0,0.0,0.0
2019-09-30,90.6,90.6,0.0,0.0,0.0,0.0
2019-10-01,84.2,84.2,0.0,0.0,0.0,0.0
2019-10-02,41.6,41.6,0.0,0.0,0.0,0.0
2019-10-03,65.8,65.8,0.0,0.0,0.0,0.0
2019-10-04,83.7,83.7,0.0,0.0,0.0,0.0
2019-10-07,83.1,83.1,0.0,0.0,0.0,0.0
2019-10-08,35.9,35.9,0.0,0.0,0.0,0.0
2019-10-09,65.3,65.3,0.0,0.0,0.0,0.0
2019-10-10,75.4,75.4,0.0,0.0,0.0,0.0
2019-10-11,49.2,49.2,0.0,0.0,0.0,0.0
2019-10-14,75.4,75.4,0.0,0.0,0.0,0.0
2019-10-15,79.3,79.3,0.0,0.0,0.0,0.0
2019-10-16,51.2,51.2,0.0,0.0,0.0,0.0
2019-10-17,39.1,39.1,0.0,0.0,0.0,0.0
2019-10-18,80.6,80.6,0.0,0.0,0.0,0.0
2019-10-21,73.6,73.6,0.0,0.0,0.0,0.0
2019-10-22,95.7,95.7,0.0,0.0,0.0,0.0
2019-10-23,76.0,76.0,0.0,0.0,0.0,0.0
2019-10-24,50.6,50.6,0.0,0.0,0.0,0.0
2019-10-25,94.0,94.0,0.0,0.0,0.0,0.0
2019-10-28,27.9,27.9,0.0,0.0,0.0,0.0
2019-10-29,42.8,42.8,0.0,0.0,0.0,0.0
2019-10-30,43.0,43.0,0.0,0.0,0.0,0.0
2019-10-31,18.8,18.8,0.0,0.0,0.0,0.0
2019-11-01,99.4,99.4,0.0,0.0,0.0,0.0
2019-11-04,79.3,79.3,0.0,0.0,0.0,0.0
2019-11-05,79.7,79.7,0.0,0.0,0.0,0.0
2019-11-06,98.7,98.7,0.0,0.0,0.0,0.0
2019-11-07,100.0,100.0,0.0,0.0,0.0,0.0
2019-11-08,53.9,53.9,0.0,0.0,0.0,0.0
2019-11-11,84.1,84.1,0.0,0.0,0.0,0.0
2019-11-12,97.1,97.1,0.0,0.0,0.0,0.0
2019-11-13,76.6,76.6,0.0,0.0,0.0,0.0
2019-11-14,63.2,63.2,0.0,0.0,0.0,0.0
2019-11-15,74.2,74.2,0.0,0.0,0.0,0.0
2019-11-18,9.0,9.0,0.0,0.0,0.0,0.0
2019-11-19,48.8,48.8,0.0,0.0,0.0,0.0
2019-11-20,71.4,71.4,0.0,0.0,0.0,0.0
2019-11-21,75.7,75.7,0.0,0.0,0.0,0.0
2019-11-22,76.3,76.3,0.0,0.0,0.0,0.0
2019-11-25,100.0,100.0,0.0,0.0,0.0,0.0
2019-11-26,95.8,95.8,0.0,0.0,0.0,0.0
2019-11-27,98.4,98.4,0.0,0.0,0.0,0.0
2019-11-28,90.5,90.5,0.0,0.0,0.0,0.0
2019-11-29,1.9,1.9,0.0,0.0,0.0,0.0
2019-12-02,95.0,95.0,0.0,0.0,0.0,0.0
2019-12-03,17.3,17.3,0.0,0.0,0.0,0.0
2019-12-04,94.4,94.4,0.0,0.0,0.0,0.0
2019-12-05,89.8,89.8,0.0,0.0,0.0,0.0
2019-12-06,76.0,76.0,0.0,0.0,0.0,0.0
2019-12-09,2.3,2.3,0.0,0.0,0.0,0.0
2019-12-10,99.0,99.0,0.0,0.0,0.0,0.0
2019-12-11,71.9,71.9,0.0,0.0,0.0,0.0
2019-12-12,96.3,96.3,0.0,0.0,0.0,0.0
2019-12-13,41.0,41.0,0.0,0.0,0.0,0.0
2019-12-16,23.8,23.8,0.0,0.0,0.0,0.0
2019-12-17,58.1,58.1,0.0,0.0,0.0,0.0
2019-12-18,71.0,71.0,0.0,0.0,0.0,0.0
2019-12-19,86.7,86.7,0.0,0.0,0.0,0.0
2019-12-20,100.0,100.0,0.0,0.0,0.0,0.0
2019-12-23,87.2,87.2,0.0,0.0,0.0,0.0
2019-12-24,92.4,92.4,0.0,0.0,0.0,0.0
2019-12-27,91.2,91.2,0.0,0.0,0.0,0.0
2019-12-30,78.1,78.1,0.0,0.0,0.0,0.0
2019-12-31,3.3,3.3,0.0,0.0,0.0,0.0
2020-01-02,100.0,100.0,0.0,0.0,0.0,0.0
2020-01-03,43.2,43.2,0.0,0.0,0.0,0.0
2020-01-06,87.6,87.6,0.0,0.0,0.0,0.0
2020-01-07,92.7,92.7,0.0,0.0,0.0,0.0
2020-01-08,47.8,47.8,0.0,0.0,0.0,0.0
2020-01-09,94.2,94.2,0.0,0.0,0.0,0.0
2020-01-10,48.3,48.3,0.0,0.0,0.0,0.0
2020-01-13,92.6,92.6,0.0,0.0,0.0,0.0
2020-01-14,95.4,95.4,0.0,0.0,0.0,0.0
2020-01-15,31.5,31.5,0.0,0.0,0.0,0.0
2020-01-16,92.1,92.1,0.0,0.0,0.0,0.0
2020-01-17,88.2,88.2,0.0,0.0,0.0,0.0
2020-01-20,75.4,75.4,0.0,0.0,0.0,0.0
2020-01-21,96.1,96.1,0.0,0.0,0.0,0.0
2020-01-22,94.7,94.7,0.0,0.0,0.0,0.0
2020-01-23,70.4,70.4,0.0,0.0,0.0,0.0
2020-01-24,100.0,100.0,0.0,0.0,0.0,0.0
2020-01-27,50.1,50.1,0.0,0.0,0.0,0.0
2020-01-28,81.7,81.7,0.0,0.0,0.0,0.0
2020-01-29,91.4,91.4,0.0,0.0,0.0,0.0
2020-01-30,99.1,99.1,0.0,0.0,0.0,0.0
2020-01-31,98.2,98.2,0.0,0.0,0.0,0.0
2020-02-03,46.8,46.8,0.0,0.0,0.0,0.0
2020-02-04,43.6,43.6,0.0,0.0,0.0,0.0
2020-02-05,68.8,68.8,0.0,0.0,0.0,0.0
2020-02-06,55.8,55.8,0.0,0.0,0.0,0.0
2020-02-07,16.6,16.6,0.0,0.0,0.0,0.0
2020-02-10,76.7,76.7,0.0,0.0,0.0,0.0
2020-02-11,94.0,94.0,0.0,0.0,0.0,0.0
2020-02-12,72.6,72.6,0.0,0.0,0.0,0.0
2020-02-13,86.9,86.9,0.0,0.0,0.0,0.0
2020-02-14,84.9,84.9,0.0,0.0,0.0,0.0
2020-02-17,57.4,57.4,0.0,0.0,0.0,0.0
2020-02-18,94.1,94.1,0.0,0.0,0.0,0.0
2020-02-19,93.5,93.5,0.0,0.0,0.0,0.0
2020-02-20,71.1,71.1,0.0,0.0,0.0,0.0
2020-02-21,100.0,100.0,0.0,0.0,0.0,0.0
2020-02-24,95.4,95.4,0.0,0.0,0.0,0.0
2020-02-25,84.2,84.2,0.0,0.0,0.0,0.0
2020-02-26,44.1,44.1,0.0,0.0,0.0,0.0
2020-02-27,40.8,40.8,0.0,0.0,0.0,0.0
2020-02-28,97.9,97.9,0.0,0.0,0.0,0.0
2020-03-02,60.8,60.8,0.0,0.0,0.0,0.0
2020-03-03,74.6,74.6,0.0,0.0,0.0,0.0
2020-03-04,84.6,84.6,0.0,0.0,0.0,0.0
2020-03-05,24.8,24.8,0.0,0.0,0.0,0.0
2020-03-06,45.7,45.7,0.0,0.0,0.0,0.0
2020-03-09,83.4,83.4,0.0,0.0,0.0,0.0
2020-03-10,73.1,73.1,0.0,0.0,0.0,0.0
2020-03-11,89.6,89.6,0.0,0.0,0.0,0.0
2020-03-12,79.2,79.2,0.0,0.0,0.0,0.0
2020-03-13,80.2,80.2,0.0,0.0,0.0,0.0
2020-03-16,66.9,66.9,0.0,0.0,0.0,0.0
2020-03-17,78.1,78.1,0.0,0.0,0.0,0.0
2020-03-18,98.3,98.3,0.0,0.0,0.0,0.0
2020-03-19,64.4,64.4,0.0,0.0,0.0,0.0
2020-03-20,27.2,27.2,0.0,0.0,0.0,0.0
2020-03-23,31.0,31.0,0.0,0.0,0.0,0.0
2020-03-24,33.6,33.6,0.0,0.0,0.0,0.0
2020-03-25,33.0,33.0,0.0,0.0,0.0,0.0
2020-03-26,32.3,32.3,0.0,0.0,0.0,0.0
2020-03-27,27.1,27.1,0.0,0.0,0.0,0.0
2020-03-30,84.9,84.9,0.0,0.0,0.0,0.0
2020-03-31,71.9,71.9,0.0,0.0,0.0,0.0
2020-04-01,87.5,87.5,0.0,0.0,0.0,0.0
2020-04-02,87.2,87.2,0.0,0.0,0.0,0.0
2020-04-03,89.5,89.5,0.0,0.0,0.0,0.0
2020-04-06,36.5,36.5,0.0,0.0,0.0,0.0
2020-04-07,30.8,30.8,0.0,0.0,0.0,0.0
2020-04-08,26.7,26.7,0.0,0.0,0.0,0.0
2020-04-09,72.1,72.1,0.0,0.0,0.0,0.0
2020-04-14,41.8,41.8,0.0,0.0,0.0,0.0
2020-04-15,12.5,12.5,0.0,0.0,0.0,0.0
2020-04-16,28.6,28.6,0.0,0.0,0.0,0.0
2020-04-17,46.4,46.4,0.0,0.0,0.0,0.0
2020-04-20,1.0,1.0,0.0,0.0,0.0,0.0
2020-04-21,1.6,1.6,0.0,0.0,0.0,0.0
2020-04-22,24.6,24.6,0.0,0.0,0.0,0.0
2020-04-23,29.3,29.3,0.0,0.0,0.0,0.0
2020-04-24,19.9,19.9,0.0,0.0,0.0,0.0
2020-04-27,78.7,78.7,0.0,0.0,0.0,0.0
2020-04-28,85.3,85.3,0.0,0.0,0.0,0.0
2020-04-29,100.0,100.0,0.0,0.0,0.0,0.0
2020-04-30,69.8,69.8,0.0,0.0,0.0,0.0
2020-05-01,68.9,68.9,0.0,0.0,0.0,0.0
2020-05-04,58.4,58.4,0.0,0.0,0.0,0.0
2020-05-05,42.3,42.3,0.0,0.0,0.0,0.0
2020-05-06,1.6,1.6,0.0,0.0,0.0,0.0
2020-05-07,33.8,33.8,0.0,0.0,0.0,0.0
2020-05-11,91.4,91.4,0.0,0.0,0.0,0.0
2020-05-12,90.8,90.8,0.0,0.0,0.0,0.0
2020-05-13,93.1,93.1,0.0,0.0,0.0,0.0
2020-05-14,74.4,74.4,0.0,0.0,0.0,0.0
2020-05-15,88.6,88.6,0.0,0.0,0.0,0.0
2020-05-18,99.7,99.7,0.0,0.0,0.0,0.0
2020-05-19,87.0,87.0,0.0,0.0,0.0,0.0
2020-05-20,16.7,16.7,0.0,0.0,0.0,0.0
2020-05-21,47.4,47.4,0.0,0.0,0.0,0.0
2020-05-22,45.1,45.1,0.0,0.0,0.0,0.0
2020-05-26,53.7,53.7,0.0,0.0,0.0,0.0
2020-05-27,48.8,48.8,0.0,0.0,0.0,0.0
2020-05-28,9.9,9.9,0.0,0.0,0.0,0.0
2020-05-29,25.3,25.3,0.0,0.0,0.0,0.0
2020-06-01,6.2,6.2,0.0,0.0,0.0,0.0
2020-06-02,36.0,36.0,0.0,0.0,0.0,0.0
2020-06-03,99.0,99.0,0.0,0.0,0.0,0.0
2020-06-04,95.6,95.6,0.0,0.0,0.0,0.0
2020-06-05,47.6,47.6,0.0,0.0,0.0,0.0
2020-06-08,91.5,91.5,0.0,0.0,0.0,0.0
2020-06-09,100.0,100.0,0.0,0.0,0.0,0.0
2020-06-10,100.0,100.0,0.0,0.0,0.0,0.0
2020-06-11,83.2,83.2,0.0,0.0,0.0,0.0
2020-06-12,93.9,93.9,0.0,0.0,0.0,0.0
2020-06-15,63.8,63.8,0.0,0.0,0.0,0.0
2020-06-16,93.7,93.7,0.0,0.0,0.0,0.0
2020-06-17,62.1,62.1,0.0,0.0,0.0,0.0
2020-06-18,83.8,83.8,0.0,0.0,0.0,0.0
2020-06-19,93.1,93.1,0.0,0.0,0.0,0.0
2020-06-22,90.3,90.3,0.0,0.0,0.0,0.0
2020-06-23,84.2,84.2,0.0,0.0,0.0,0.0
2020-06-24,18.1,18.1,0.0,0.0,0.0,0.0
2020-06-25,10.0,10.0,0.0,0.0,0.0,0.0
2020-06-26,69.6,69.6,0.0,0.0,0.0,0.0
2020-06-29,75.8,75.8,0.0,0.0,0.0,0.0
2020-06-30,99.2,99.2,0.0,0.0,0.0,0.0
2020-07-01,90.0,90.0,0.0,0.0,0.0,0.0
2020-07-02,100.0,100.0,0.0,0.0,0.0,0.0
2020-07-03,100.0,100.0,0.0,0.0,0.0,0.0
2020-07-06,67.0,67.0,0.0,0.0,0.0,0.0
2020-07-07,97.1,97.1,0.0,0.0,0.0,0.0
2020-07-08,91.6,91.6,0.0,0.0,0.0,0.0
2020-07-09,83.8,83.8,0.0,0.0,0.0,0.0
2020-07-10,67.6,67.6,0.0,0.0,0.0,0.0
2020-07-13,94.5,94.5,0.0,0.0,0.0,0.0
2020-07-14,89.5,89.5,0.0,0.0,0.0,0.0
2020-07-15,100.0,100.0,0.0,0.0,0.0,0.0
2020-07-16,82.0,82.0,0.0,0.0,0.0,0.0
2020-07-17,99.3,99.3,0.0,0.0,0.0,0.0
2020-07-20,58.1,58.1,0.0,0.0,0.0,0.0
2020-07-21,90.9,90.9,0.0,0.0,0.0,0.0
2020-07-22,92.4,92.4,0.0,0.0,0.0,0.0
2020-07-23,88.1,88.1,0.0,0.0,0.0,0.0
2020-07-24,84.1,84.1,0.0,0.0,0.0,0.0
2020-07-27,74.7,74.7,0.0,0.0,0.0,0.0
2020-07-28,83.5,83.5,0.0,0.0,0.0,0.0
2020-07-29,79.0,79.0,0.0,0.0,0.0,0.0
2020-07-30,88.2,88.2,0.0,0.0,0.0,0.0
2020-07-31,14.4,14.4,0.0,0.0,0.0,0.0
2020-08-03,61.0,61.0,0.0,0.0,0.0,0.0
2020-08-04,97.0,97.0,0.0,0.0,0.0,0.0
2020-08-05,61.9,61.9,0.0,0.0,0.0,0.0
2020-08-06,80.0,80.0,0.0,0.0,0.0,0.0
2020-08-07,77.6,77.6,0.0,0.0,0.0,0.0
2020-08-10,43.5,43.5,0.0,0.0,0.0,0.0
2020-08-11,45.4,45.4,0.0,0.0,0.0,0.0
2020-08-12,19.6,19.6,0.0,0.0,0.0,0.0
2020-08-13,35.3,35.3,0.0,0.0,0.0,0.0
2020-08-14,82.0,82.0,0.0,0.0,0.0,0.0
2020-08-17,91.2,91.2,0.0,0.0,0.0,0.0
2020-08-18,87.5,87.5,0.0,0.0,0.0,0.0
2020-08-19,88.8,88.8,0.0,0.0,0.0,0.0
2020-08-20,45.0,45.0,0.0,0.0,0.0,0.0
2020-08-21,82.2,82.2,0.0,0.0,0.0,0.0
2020-08-24,48.5,48.5,0.0,0.0,0.0,0.0
2020-08-25,89.1,89.1,0.0,0.0,0.0,0.0
2020-08-26,88.5,88.5,0.0,0.0,0.0,0.0
2020-08-27,97.4,97.4,0.0,0.0,0.0,0.0
2020-08-28,98.5,98.5,0.0,0.0,0.0,0.0
2020-09-01,43.1,43.1,0.0,0.0,0.0,0.0
2020-09-02,93.6,93.6,0.0,0.0,0.0,0.0
2020-09-03,57.1,57.1,0.0,0.0,0.0,0.0
2020-09-04,57.3,57.3,0.0,0.0,0.0,0.0
2020-09-07,96.2,96.2,0.0,0.0,0.0,0.0
2020-09-08,85.5,85.5,0.0,0.0,0.0,0.0
2020-09-09,56.6,56.6,0.0,0.0,0.0,0.0
2020-09-10,91.9,91.9,0.0,0.0,0.0,0.0
2020-09-11,94.1,94.1,0.0,0.0,0.0,0.0
2020-09-14,33.3,33.3,0.0,0.0,0.0,0.0
2020-09-15,42.0,42.0,0.0,0.0,0.0,0.0
2020-09-16,90.2,90.2,0.0,0.0,0.0,0.0
2020-09-17,0.2,0.2,0.0,0.0,0.0,0.0
2020-09-18,26.4,26.4,0.0,0.0,0.0,0.0
2020-09-21,18.6,18.6,0.0,0.0,0.0,0.0
2020-09-22,87.6,87.6,0.0,0.0,0.0,0.0
2020-09-23,96.5,96.5,0.0,0.0,0.0,0.0
2020-09-24,92.8,92.8,0.0,0.0,0.0,0.0
2020-09-25,59.5,59.5,0.0,0.0,0.0,0.0
2020-09-28,92.9,92.9,0.0,0.0,0.0,0.0
2020-09-29,58.8,58.8,0.0,0.0,0.0,0.0
2020-09-30,95.9,95.9,0.0,0.0,0.0,0.0
2020-10-01,37.0,37.0,0.0,0.0,0.0,0.0
2020-10-02,70.4,70.4,0.0,0.0,0.0,0.0
2020-10-05,75.3,75.3,0.0,0.0,0.0,0.0
2020-10-06,64.3,64.3,0.0,0.0,0.0,0.0
2020-10-07,59.3,59.3,0.0,0.0,0.0,0.0
2020-10-08,36.4,36.4,0.0,0.0,0.0,0.0
2020-10-09,66.9,66.9,0.0,0.0,0.0,0.0
2020-10-12,100.0,100.0,0.0,0.0,0.0,0.0
2020-10-13,91.1,91.1,0.0,0.0,0.0,0.0
2020-10-14,48.4,48.4,0.0,0.0,0.0,0.0
2020-10-15,59.4,59.4,0.0,0.0,0.0,0.0
2020-10-16,72.6,72.6,0.0,0.0,0.0,0.0
2020-10-19,82.5,82.5,0.0,0.0,0.0,0.0
2020-10-20,70.8,70.8,0.0,0.0,0.0,0.0
2020-10-21,67.3,67.3,0.0,0.0,0.0,0.0
2020-10-22,100.0,100.0,0.0,0.0,0.0,0.0
2020-10-23,69.3,69.3,0.0,0.0,0.0,0.0
2020-10-26,79.7,79.7,0.0,0.0,0.0,0.0
2020-10-27,92.1,92.1,0.0,0.0,0.0,0.0
2020-10-28,66.2,66.2,0.0,0.0,0.0,0.0
2020-10-29,99.1,99.1,0.0,0.0,0.0,0.0
2020-10-30,85.5,85.5,0.0,0.0,0.0,0.0
2020-11-02,85.9,85.9,0.0,0.0,0.0,0.0
2020-11-03,73.7,73.7,0.0,0.0,0.0,0.0
2020-11-04,42.2,42.2,0.0,0.0,0.0,0.0
2020-11-05,100.0,100.0,0.0,0.0,0.0,0.0
2020-11-06,61.9,61.9,0.0,0.0,0.0,0.0
2020-11-09,58.2,58.2,0.0,0.0,0.0,0.0
2020-11-10,75.1,75.1,0.0,0.0,0.0,0.0
2020-11-11,77.8,77.8,0.0,0.0,0.0,0.0
2020-11-12,54.3,54.3,0.0,0.0,0.0,0.0
2020-11-13,35.5,35.5,0.0,0.0,0.0,0.0
2020-11-16,85.6,85.6,0.0,0.0,0.0,0.0
2020-11-17,98.8,98.8,0.0,0.0,0.0,0.0
2020-11-18,82.8,82.8,0.0,0.0,0.0,0.0
2020-11-19,13.9,13.9,0.0,0.0,0.0,0.0
2020-11-20,96.5,96.5,0.0,0.0,0.0,0.0
2020-11-23,88.5,88.5,0.0,0.0,0.0,0.0
2020-11-24,89.8,89.8,0.0,0.0,0.0,0.0
2020-11-25,42.2,42.2,0.0,0.0,0.0,0.0
2020-11-26,55.6,55.6,0.0,0.0,0.0,0.0
2020-11-27,77.8,77.8,0.0,0.0,0.0,0.0
2020-11-30,68.8,68.8,0.0,0.0,0.0,0.0
2020-12-01,67.2,67.2,0.0,0.0,0.0,0.0
2020-12-02,47.6,47.6,0.0,0.0,0.0,0.0
2020-12-03,100.0,100.0,0.0,0.0,0.0,0.0
2020-12-04,98.8,98.8,0.0,0.0,0.0,0.0
2020-12-07,58.4,58.4,0.0,0.0,0.0,0.0
2020-12-08,96.6,96.6,0.0,0.0,0.0,0.0
2020-12-09,94.5,94.5,0.0,0.0,0.0,0.0
2020-12-10,88.1,88.1,0.0,0.0,0.0,0.0
2020-12-11,80.5,80.5,0.0,0.0,0.0,0.0
2020-12-14,84.2,84.2,0.0,0.0,0.0,0.0
2020-12-15,58.8,58.8,0.0,0.0,0.0,0.0
2020-12-16,95.2,95.2,0.0,0.0,0.0,0.0
2020-12-17,52.5,52.5,0.0,0.0,0.0,0.0
2020-12-18,92.6,92.6,0.0,0.0,0.0,0.0
2020-12-21,94.8,94.8,0.0,0.0,0.0,0.0
2020-12-22,55.2,55.2,0.0,0.0,0.0,0.0
2020-12-23,100.0,100.0,0.0,0.0,0.0,0.0
2020-12-24,40.7,40.7,0.0,0.0,0.0,0.0
2020-12-29,76.6,76.6,0.0,0.0,0.0,0.0
2020-12-30,32.2,32.2,0.0,0.0,0.0,0.0
2020-12-31,54.3,54.3,0.0,0.0,0.0,0.0
2021-01-04,68.1,68.1,0.0,0.0,0.0,0.0
2021-01-05,97.6,97.6,0.0,0.0,0.0,0.0
2021-01-06,55.6,55.6,0.0,0.0,0.0,0.0
2021-01-07,100.0,100.0,0.0,0.0,0.0,0.0
2021-01-08,76.3,76.3,0.0,0.0,0.0,0.0
2021-01-11,100.0,100.0,0.0,0.0,0.0,0.0
2021-01-12,1.6,1.6,0.0,0.0,0.0,0.0
2021-01-13,100.0,100.0,0.0,0.0,0.0,0.0
2021-01-14,100.0,100.0,0.0,0.0,0.0,0.0
2021-01-15,70.1,70.1,0.0,0.0,0.0,0.0
2021-01-18,96.0,96.0,0.0,0.0,0.0,0.0
2021-01-19,100.0,100.0,0.0,0.0,0.0,0.0
2021-01-20,100.0,100.0,0.0,0.0,0.0,0.0
2021-01-21,53.5,53.5,0.0,0.0,0.0,0.0
2021-01-22,39.3,39.3,0.0,0.0,0.0,0.0
2021-01-25,28.9,28.9,0.0,0.0,0.0,0.0
2021-01-26,96.0,96.0,0.0,0.0,0.0,0.0
2021-01-27,97.2,97.2,0.0,0.0,0.0,0.0
2021-01-28,100.0,100.0,0.0,0.0,0.0,0.0
2021-01-29,99.1,99.1,0.0,0.0,0.0,0.0
2021-02-01,36.0,36.0,0.0,0.0,0.0,0.0
2021-02-02,100.0,100.0,0.0,0.0,0.0,0.0
2021-02-03,100.0,100.0,0.0,0.0,0.0,0.0
2021-02-04,100.0,100.0,0.0,0.0,0.0,0.0
2021-02-05,89.6,89.6,0.0,0.0,0.0,0.0
2021-02-08,69.1,69.1,0.0,0.0,0.0,0.0
2021-02-09,44.2,44.2,0.0,0.0,0.0,0.0
2021-02-10,39.6,39.6,0.0,0.0,0.0,0.0
2021-02-11,8.7,8.7,0.0,0.0,0.0,0.0
2021-02-12,26.4,26.4,0.0,0.0,0.0,0.0
2021-02-15,97.7,97.7,0.0,0.0,0.0,0.0
2021-02-16,91.1,91.1,0.0,0.0,0.0,0.0
2021-02-17,56.8,56.8,0.0,0.0,0.0,0.0
2021-02-18,83.7,83.7,0.0,0.0,0.0,0.0
2021-02-19,97.9,97.9,0.0,0.0,0.0,0.0
2021-02-22,38.7,38.7,0.0,0.0,0.0,0.0
2021-02-23,96.3,96.3,0.0,0.0,0.0,0.0
2021-02-24,99.8,99.8,0.0,0.0,0.0,0.0
2021-02-25,38.1,38.1,0.0,0.0,0.0,0.0
2021-02-26,44.6,44.6,0.0,0.0,0.0,0.0
2021-03-01,16.2,16.2,0.0,0.0,0.0,0.0
2021-03-02,11.6,11.6,0.0,0.0,0.0,0.0
2021-03-03,91.4,91.4,0.0,0.0,0.0,0.0
2021-03-04,95.0,95.0,0.0,0.0,0.0,0.0
2021-03-05,62.0,62.0,0.0,0.0,0.0,0.0
2021-03-08,92.1,92.1,0.0,0.0,0.0,0.0
2021-03-09,99.3,99.3,0.0,0.0,0.0,0.0
2021-03-10,97.0,97.0,0.0,0.0,0.0,0.0
2021-03-11,72.9,72.9,0.0,0.0,0.0,0.0
2021-03-12,82.4,82.4,0.0,0.0,0.0,0.0
2021-03-15,80.1,80.1,0.0,0.0,0.0,0.0
2021-03-16,45.4,45.4,0.0,0.0,0.0,0.0
2021-03-17,41.4,41.4,0.0,0.0,0.0,0.0
2021-03-18,67.3,67.3,0.0,0.0,0.0,0.0
2021-03-19,95.3,95.3,0.0,0.0,0.0,0.0
2021-03-22,90.1,90.1,0.0,0.0,0.0,0.0
2021-03-23,87.5,87.5,0.0,0.0,0.0,0.0
2021-03-24,39.5,39.5,0.0,0.0,0.0,0.0
2021-03-25,98.4,98.4,0.0,0.0,0.0,0.0
2021-03-26,59.8,59.8,0.0,0.0,0.0,0.0
2021-03-29,94.8,94.8,0.0,0.0,0.0,0.0
2021-03-30,19.4,19.4,0.0,0.0,0.0,0.0
2021-03-31,36.5,36.5,0.0,0.0,0.0,0.0
2021-04-01,50.5,50.5,0.0,0.0,0.0,0.0
2021-04-06,46.9,46.9,0.0,0.0,0.0,0.0
2021-04-07,75.2,75.2,0.0,0.0,0.0,0.0
2021-04-08,100.0,100.0,0.0,0.0,0.0,0.0
2021-04-09,19.7,19.7,0.0,0.0,0.0,0.0
2021-04-12,17.5,17.5,0.0,0.0,0.0,0.0
2021-04-13,79.7,79.7,0.0,0.0,0.0,0.0
2021-04-14,41.5,41.5,0.0,0.0,0.0,0.0
2021-04-15,8.7,8.7,0.0,0.0,0.0,0.0
2021-04-16,68.5,68.5,0.0,0.0,0.0,0.0
2021-04-19,26.0,26.0,0.0,0.0,0.0,0.0
2021-04-20,81.9,81.9,0.0,0.0,0.0,0.0
2021-04-21,55.1,55.1,0.0,0.0,0.0,0.0
2021-04-22,14.0,14.0,0.0,0.0,0.0,0.0
2021-04-23,18.9,18.9,0.0,0.0,0.0,0.0
2021-04-26,71.2,71.2,0.0,0.0,0.0,0.0
2021-04-27,83.4,83.4,0.0,0.0,0.0,0.0
2021-04-28,63.7,63.7,0.0,0.0,0.0,0.0
2021-04-29,50.6,50.6,0.0,0.0,0.0,0.0
2021-04-30,72.8,72.8,0.0,0.0,0.0,0.0
2021-05-04,99.4,99.4,0.0,0.0,0.0,0.0
2021-05-05,39.4,39.4,0.0,0.0,0.0,0.0
2021-05-06,94.0,94.0,0.0,0.0,0.0,0.0
2021-05-07,49.9,49.9,0.0,0.0,0.0,0.0
2021-05-10,62.0,62.0,0.0,0.0,0.0,0.0
2021-05-11,74.7,74.7,0.0,0.0,0.0,0.0
2021-05-12,56.2,56.2,0.0,0.0,0.0,0.0
2021-05-13,84.5,84.5,0.0,0.0,0.0,0.0
2021-05-14,93.4,93.4,0.0,0.0,0.0,0.0
2021-05-17,64.2,64.2,0.0,0.0,0.0,0.0
2021-05-18,42.7,42.7,0.0,0.0,0.0,0.0
2021-05-19,30.6,30.6,0.0,0.0,0.0,0.0
2021-05-20,97.0,97.0,0.0,0.0,0.0,0.0
2021-05-21,93.6,93.6,0.0,0.0,0.0,0.0
2021-05-24,53.9,53.9,0.0,0.0,0.0,0.0
2021-05-25,83.5,83.5,0.0,0.0,0.0,0.0
2021-05-26,88.4,88.4,0.0,0.0,0.0,0.0
2021-05-27,78.6,78.6,0.0,0.0,0.0,0.0
2021-05-28,94.4,94.4,0.0,0.0,0.0,0.0
2021-06-01,54.1,54.1,0.0,0.0,0.0,0.0
2021-06-02,23.2,23.2,0.0,0.0,0.0,0.0
2021-06-03,90.1,90.1,0.0,0.0,0.0,0.0
2021-06-04,58.7,58.7,0.0,0.0,0.0,0.0
2021-06-07,70.2,70.2,0.0,0.0,0.0,0.0
2021-06-08,83.9,83.9,0.0,0.0,0.0,0.0
2021-06-09,94.8,94.8,0.0,0.0,0.0,0.0
2021-06-10,89.1,89.1,0.0,0.0,0.0,0.0
2021-06-11,74.7,74.7,0.0,0.0,0.0,0.0
2021-06-14,86.2,86.2,0.0,0.0,0.0,0.0
2021-06-15,70.0,70.0,0.0,0.0,0.0,0.0
2021-06-16,99.0,99.0,0.0,0.0,0.0,0.0
2021-06-17,80.8,80.8,0.0,0.0,0.0,0.0
2021-06-18,68.4,68.4,0.0,0.0,0.0,0.0
2021-06-21,96.3,96.3,0.0,0.0,0.0,0.0
2021-06-22,50.0,50.0,0.0,0.0,0.0,0.0
2021-06-23,100.0,100.0,0.0,0.0,0.0,0.0
2021-06-24,49.0,49.0,0.0,0.0,0.0,0.0
2021-06-25,94.5,94.5,0.0,0.0,0.0,0.0
2021-06-28,68.0,68.0,0.0,0.0,0.0,0.0
2021-06-29,38.8,38.8,0.0,0.0,0.0,0.0
2021-06-30,55.3,55.3,0.0,0.0,0.0,0.0
2021-07-01,38.3,38.3,0.0,0.0,0.0,0.0
2021-07-02,62.2,62.2,0.0,0.0,0.0,0.0
2021-07-05,49.3,49.3,0.0,0.0,0.0,0.0
2021-07-06,99.6,99.6,0.0,0.0,0.0,0.0
2021-07-07,50.6,50.6,0.0,0.0,0.0,0.0
2021-07-08,91.9,91.9,0.0,0.0,0.0,0.0
2021-07-09,90.9,90.9,0.0,0.0,0.0,0.0
2021-07-12,91.3,91.3,0.0,0.0,0.0,0.0
2021-07-13,71.6,71.6,0.0,0.0,0.0,0.0
2021-07-14,56.0,56.0,0.0,0.0,0.0,0.0
2021-07-15,11.8,11.8,0.0,0.0,0.0,0.0
2021-07-16,30.2,30.2,0.0,0.0,0.0,0.0
2021-07-19,24.7,24.7,0.0,0.0,0.0,0.0
2021-07-20,1.4,1.4,0.0,0.0,0.0,0.0
2021-07-21,34.4,34.4,0.0,0.0,0.0,0.0
2021-07-22,20.6,20.6,0.0,0.0,0.0,0.0
2021-07-23,33.0,33.0,0.0,0.0,0.0,0.0
2021-07-26,84.5,84.5,0.0,0.0,0.0,0.0
2021-07-27,93.9,93.9,0.0,0.0,0.0,0.0
2021-07-28,72.6,72.6,0.0,0.0,0.0,0.0
2021-07-29,76.9,76.9,0.0,0.0,0.0,0.0
2021-07-30,100.0,100.0,0.0,0.0,0.0,0.0
2021-08-02,80.7,80.7,0.0,0.0,0.0,0.0
2021-08-03,73.3,73.3,0.0,0.0,0.0,0.0
2021-08-04,32.2,32.2,0.0,0.0,0.0,0.0
2021-08-05,73.3,73.3,0.0,0.0,0.0,0.0
2021-08-06,79.6,79.6,0.0,0.0,0.0,0.0
2021-08-09,70.2,70.2,0.0,0.0,0.0,0.0
2021-08-10,59.0,59.0,0.0,0.0,0.0,0.0
2021-08-11,95.3,95.3,0.0,0.0,0.0,0.0
2021-08-12,71.7,71.7,0.0,0.0,0.0,0.0
2021-08-13,55.1,55.1,0.0,0.0,0.0,0.0
2021-08-16,83.3,83.3,0.0,0.0,0.0,0.0
2021-08-17,93.0,93.0,0.0,0.0,0.0,0.0
2021-08-18,94.7,94.7,0.0,0.0,0.0,0.0
2021-08-19,99.8,99.8,0.0,0.0,0.0,0.0
2021-08-20,91.6,91.6,0.0,0.0,0.0,0.0
2021-08-23,60.7,60.7,0.0,0.0,0.0,0.0
2021-08-24,78.0,78.0,0.0,0.0,0.0,0.0
2021-08-25,69.8,69.8,0.0,0.0,0.0,0.0
2021-08-26,33.9,33.9,0.0,0.0,0.0,0.0
2021-08-27,78.1,78.1,0.0,0.0,0.0,0.0
2021-08-31,86.6,86.6,0.0,0.0,0.0,0.0
2021-09-01,72.6,72.6,0.0,0.0,0.0,0.0
2021-09-02,32.4,32.4,0.0,0.0,0.0,0.0
2021-09-03,86.8,86.8,0.0,0.0,0.0,0.0
2021-09-06,88.3,88.3,0.0,0.0,0.0,0.0
2021-09-07,1.2,1.2,0.0,0.0,0.0,0.0
2021-09-08,22.9,22.9,0.0,0.0,0.0,0.0
2021-09-09,68.6,68.6,0.0,0.0,0.0,0.0
2021-09-10,87.6,87.6,0.0,0.0,0.0,0.0
2021-09-13,77.0,77.0,0.0,0.0,0.0,0.0
2021-09-14,74.4,74.4,0.0,0.0,0.0,0.0
2021-09-15,46.1,46.1,0.0,0.0,0.0,0.0
2021-09-16,51.6,51.6,0.0,0.0,0.0,0.0
2021-09-17,96.0,96.0,0.0,0.0,0.0,0.0
2021-09-20,38.3,38.3,0.0,0.0,0.0,0.0
2021-09-21,32.5,32.5,0.0,0.0,0.0,0.0
2021-09-22,48.2,48.2,0.0,0.0,0.0,0.0
2021-09-23,98.8,98.8,0.0,0.0,0.0,0.0
2021-09-24,67.2,67.2,0.0,0.0,0.0,0.0
2021-09-27,63.4,63.4,0.0,0.0,0.0,0.0
2021-09-28,97.9,97.9,0.0,0.0,0.0,0.0
2021-09-29,31.6,31.6,0.0,0.0,0.0,0.0
2021-09-30,90.7,90.7,0.0,0.0,0.0,0.0
2021-10-01,34.1,34.1,0.0,0.0,0.0,0.0
2021-10-04,65.6,65.6,0.0,0.0,0.0,0.0
2021-10-05,100.0,100.0,0.0,0.0,0.0,0.0
2021-10-06,41.8,41.8,0.0,0.0,0.0,0.0
2021-10-07,90.3,90.3,0.0,0.0,0.0,0.0
2021-10-08,54.2,54.2,0.0,0.0,0.0,0.0
2021-10-11,67.8,67.8,0.0,0.0,0.0,0.0
2021-10-12,92.1,92.1,0.0,0.0,0.0,0.0
2021-10-13,95.6,95.6,0.0,0.0,0.0,0.0
2021-10-14,94.5,94.5,0.0,0.0,0.0,0.0
2021-10-15,29.1,29.1,0.0,0.0,0.0,0.0
2021-10-18,99.2,99.2,0.0,0.0,0.0,0.0
2021-10-19,99.2,99.2,0.0,0.0,0.0,0.0
2021-10-20,86.0,86.0,0.0,0.0,0.0,0.0
2021-10-21,32.1,32.1,0.0,0.0,0.0,0.0
2021-10-22,77.6,77.6,0.0,0.0,0.0,0.0
2021-10-25,34.0,34.0,0.0,0.0,0.0,0.0
2021-10-26,100.0,100.0,0.0,0.0,0.0,0.0
2021-10-27,98.4,98.4,0.0,0.0,0.0,0.0
2021-10-28,100.0,100.0,0.0,0.0,0.0,0.0
2021-10-29,84.2,84.2,0.0,0.0,0.0,0.0
2021-11-01,76.2,76.2,0.0,0.0,0.0,0.0
2021-11-02,62.0,62.0,0.0,0.0,0.0,0.0
2021-11-03,69.7,69.7,0.0,0.0,0.0,0.0
2021-11-04,21.1,21.1,0.0,0.0,0.0,0.0
2021-11-05,93.7,93.7,0.0,0.0,0.0,0.0
2021-11-08,88.9,88.9,0.0,0.0,0.0,0.0
2021-11-09,99.7,99.7,0.0,0.0,0.0,0.0
2021-11-10,48.9,48.9,0.0,0.0,0.0,0.0
2021-11-11,73.6,73.6,0.0,0.0,0.0,0.0
2021-11-12,99.0,99.0,0.0,0.0,0.0,0.0
2021-11-15,87.1,87.1,0.0,0.0,0.0,0.0
2021-11-16,100.0,100.0,0.0,0.0,0.0,0.0
2021-11-17,75.5,75.5,0.0,0.0,0.0,0.0
2021-11-18,99.6,99.6,0.0,0.0,0.0,0.0
2021-11-19,82.2,82.2,0.0,0.0,0.0,0.0
2021-11-22,41.0,41.0,0.0,0.0,0.0,0.0
2021-11-23,85.2,85.2,0.0,0.0,0.0,0.0
2021-11-24,78.0,78.0,0.0,0.0,0.0,0.0
2021-11-25,52.5,52.5,0.0,0.0,0.0,0.0
2021-11-26,54.9,54.9,0.0,0.0,0.0,0.0
2021-11-29,98.6,98.6,0.0,0.0,0.0,0.0
2021-11-30,100.0,100.0,0.0,0.0,0.0,0.0
2021-12-01,59.2,59.2,0.0,0.0,0.0,0.0
2021-12-02,38.1,38.1,0.0,0.0,0.0,0.0
2021-12-03,91.5,91.5,0.0,0.0,0.0,0.0
2021-12-06,73.8,73.8,0.0,0.0,0.0,0.0
2021-12-07,98.0,98.0,0.0,0.0,0.0,0.0
2021-12-08,87.6,87.6,0.0,0.0,0.0,0.0
2021-12-09,84.8,84.8,0.0,0.0,0.0,0.0
2021-12-10,5.7,5.7,0.0,0.0,0.0,0.0
2021-12-13,89.0,89.0,0.0,0.0,0.0,0.0
2021-12-14,60.4,60.4,0.0,0.0,0.0,0.0
2021-12-15,100.0,100.0,0.0,0.0,0.0,0.0
2021-12-16,90.2,90.2,0.0,0.0,0.0,0.0
2021-12-17,70.3,70.3,0.0,0.0,0.0,0.0
2021-12-20,89.9,89.9,0.0,0.0,0.0,0.0
2021-12-21,63.9,63.9,0.0,0.0,0.0,0.0
2021-12-22,85.6,85.6,0.0,0.0,0.0,0.0
2021-12-23,100.0,100.0,0.0,0.0,0.0,0.0
2021-12-24,98.0,98.0,0.0,0.0,0.0,0.0
2021-12-29,97.0,97.0,0.0,0.0,0.0,0.0
2021-12-30,99.3,99.3,0.0,0.0,0.0,0.0
2021-12-31,93.4,93.4,0.0,0.0,0.0,0.0
2022-01-04,0.8,0.8,0.0,0.0,0.0,0.0
2022-01-05,1.9,1.9,0.0,0.0,0.0,0.0
2022-01-06,100.0,100.0,0.0,0.0,0.0,0.0
2022-01-07,21.8,21.8,0.0,0.0,0.0,0.0
2022-01-10,100.0,100.0,0.0,0.0,0.0,0.0
2022-01-11,17.8,17.8,0.0,0.0,0.0,0.0
2022-01-12,37.0,37.0,0.0,0.0,0.0,0.0
2022-01-13,57.1,57.1,0.0,0.0,0.0,0.0
2022-01-14,96.4,96.4,0.0,0.0,0.0,0.0
2022-01-17,18.2,18.2,0.0,0.0,0.0,0.0
2022-01-18,60.7,60.7,0.0,0.0,0.0,0.0
2022-01-19,4.9,4.9,0.0,0.0,0.0,0.0
2022-01-20,19.0,19.0,0.0,0.0,0.0,0.0
2022-01-21,61.7,61.7,0.0,0.0,0.0,0.0
2022-01-24,86.0,86.0,0.0,0.0,0.0,0.0
2022-01-25,87.2,87.2,0.0,0.0,0.0,0.0
2022-01-26,99.3,99.3,0.0,0.0,0.0,0.0
2022-01-27,35.4,35.4,0.0,0.0,0.0,0.0
2022-01-28,100.0,100.0,0.0,0.0,0.0,0.0
2022-01-31,50.2,50.2,0.0,0.0,0.0,0.0
2022-02-01,78.0,78.0,0.0,0.0,0.0,0.0
2022-02-02,100.0,100.0,0.0,0.0,0.0,0.0
2022-02-03,92.3,92.3,0.0,0.0,0.0,0.0
2022-02-04,53.1,53.1,0.0,0.0,0.0,0.0
2022-02-07,87.5,87.5,0.0,0.0,0.0,0.0
2022-02-08,100.0,100.0,0.0,0.0,0.0,0.0
2022-02-09,36.4,36.4,0.0,0.0,0.0,0.0
2022-02-10,50.5,50.5,0.0,0.0,0.0,0.0
2022-02-11,54.8,54.8,0.0,0.0,0.0,0.0
2022-02-14,85.8,85.8,0.0,0.0,0.0,0.0
2022-02-15,58.0,58.0,0.0,0.0,0.0,0.0
2022-02-16,80.4,80.4,0.0,0.0,0.0,0.0
2022-02-17,65.1,65.1,0.0,0.0,0.0,0.0
2022-02-18,90.0,90.0,0.0,0.0,0.0,0.0
2022-02-21,42.3,42.3,0.0,0.0,0.0,0.0
2022-02-22,55.7,55.7,0.0,0.0,0.0,0.0
2022-02-23,98.7,98.7,0.0,0.0,0.0,0.0
2022-02-24,68.8,68.8,0.0,0.0,0.0,0.0
2022-02-25,54.3,54.3,0.0,0.0,0.0,0.0
2022-02-28,99.7,99.7,0.0,0.0,0.0,0.0
2022-03-01,2.3,2.3,0.0,0.0,0.0,0.0
2022-03-02,99.7,99.7,0.0,0.0,0.0,0.0
2022-03-03,100.0,100.0,0.0,0.0,0.0,0.0
2022-03-04,81.1,81.1,0.0,0.0,0.0,0.0
2022-03-07,45.3,45.3,0.0,0.0,0.0,0.0
2022-03-08,17.0,17.0,0.0,0.0,0.0,0.0
2022-03-09,100.0,100.0,0.0,0.0,0.0,0.0
2022-03-10,91.8,91.8,0.0,0.0,0.0,0.0
2022-03-11,90.5,90.5,0.0,0.0,0.0,0.0
2022-03-14,65.8,65.8,0.0,0.0,0.0,0.0
2022-03-15,92.0,92.0,0.0,0.0,0.0,0.0
2022-03-16,100.0,100.0,0.0,0.0,0.0,0.0
2022-03-17,76.4,76.4,0.0,0.0,0.0,0.0
2022-03-18,6.6,6.6,0.0,0.0,0.0,0.0
2022-03-21,12.0,12.0,0.0,0.0,0.0,0.0
2022-03-22,53.0,53.0,0.0,0.0,0.0,0.0
2022-03-23,12.6,12.6,0.0,0.0,0.0,0.0
2022-03-24,47.4,47.4,0.0,0.0,0.0,0.0
2022-03-25,26.2,26.2,0.0,0.0,0.0,0.0
2022-03-28,100.0,100.0,0.0,0.0,0.0,0.0
2022-03-29,40.6,40.6,0.0,0.0,0.0,0.0
2022-03-30,84.0,84.0,0.0,0.0,0.0,0.0
2022-03-31,54.0,54.0,0.0,0.0,0.0,0.0
2022-04-01,43.1,43.1,0.0,0.0,0.0,0.0
2022-04-04,100.0,100.0,0.0,0.0,0.0,0.0
2022-04-05,100.0,100.0,0.0,0.0,0.0,0.0
2022-04-06,61.5,61.5,0.0,0.0,0.0,0.0
2022-04-07,80.9,80.9,0.0,0.0,0.0,0.0
2022-04-08,58.1,58.1,0.0,0.0,0.0,0.0
2022-04-11,84.3,84.3,0.0,0.0,0.0,0.0
2022-04-12,91.3,91.3,0.0,0.0,0.0,0.0
2022-04-13,70.8,70.8,0.0,0.0,0.0,0.0
2022-04-14,88.6,88.6,0.0,0.0,0.0,0.0
2022-04-19,71.1,71.1,0.0,0.0,0.0,0.0
2022-04-20,31.6,31.6,0.0,0.0,0.0,0.0
2022-04-21,16.5,16.5,0.0,0.0,0.0,0.0
2022-04-22,35.8,35.8,0.0,0.0,0.0,0.0
2022-04-25,98.0,98.0,0.0,0.0,0.0,0.0
2022-04-26,74.6,74.6,0.0,0.0,0.0,0.0
2022-04-27,85.9,85.9,0.0,0.0,0.0,0.0
2022-04-28,90.8,90.8,0.0,0.0,0.0,0.0
2022-04-29,36.3,36.3,0.0,0.0,0.0,0.0
2022-05-03,100.0,100.0,0.0,0.0,0.0,0.0
2022-05-04,96.5,96.5,0.0,0.0,0.0,0.0
2022-05-05,96.5,96.5,0.0,0.0,0.0,0.0
2022-05-06,97.2,97.2,0.0,0.0,0.0,0.0
2022-05-09,91.4,91.4,0.0,0.0,0.0,0.0
2022-05-10,55.9,55.9,0.0,0.0,0.0,0.0
2022-05-11,49.9,49.9,0.0,0.0,0.0,0.0
2022-05-12,95.6,95.6,0.0,0.0,0.0,0.0
2022-05-13,80.5,80.5,0.0,0.0,0.0,0.0
2022-05-16,87.3,87.3,0.0,0.0,0.0,0.0
2022-05-17,94.4,94.4,0.0,0.0,0.0,0.0
2022-05-18,72.0,72.0,0.0,0.0,0.0,0.0
2022-05-19,23.2,23.2,0.0,0.0,0.0,0.0
2022-05-20,93.0,93.0,0.0,0.0,0.0,0.0
2022-05-23,88.4,88.4,0.0,0.0,0.0,0.0
2022-05-24,58.8,58.8,0.0,0.0,0.0,0.0
2022-05-25,91.8,91.8,0.0,0.0,0.0,0.0
2022-05-26,66.2,66.2,0.0,0.0,0.0,0.0
2022-05-27,78.7,78.7,0.0,0.0,0.0,0.0
2022-05-30,100.0,100.0,0.0,0.0,0.0,0.0
2022-05-31,100.0,100.0,0.0,0.0,0.0,0.0
2022-06-01,59.2,59.2,0.0,0.0,0.0,0.0
2022-06-06,97.0,97.0,0.0,0.0,0.0,0.0
2022-06-07,47.0,47.0,0.0,0.0,0.0,0.0
2022-06-08,53.5,53.5,0.0,0.0,0.0,0.0
2022-06-09,85.5,85.5,0.0,0.0,0.0,0.0
2022-06-10,54.3,54.3,0.0,0.0,0.0,0.0
2022-06-13,98.1,98.1,0.0,0.0,0.0,0.0
2022-06-14,93.3,93.3,0.0,0.0,0.0,0.0
2022-06-15,51.8,51.8,0.0,0.0,0.0,0.0
2022-06-16,79.4,79.4,0.0,0.0,0.0,0.0
2022-06-17,87.9,87.9,0.0,0.0,0.0,0.0
2022-06-20,22.1,22.1,0.0,0.0,0.0,0.0
2022-06-21,100.0,100.0,0.0,0.0,0.0,0.0
2022-06-22,77.0,77.0,0.0,0.0,0.0,0.0
2022-06-23,56.7,56.7,0.0,0.0,0.0,0.0
2022-06-24,75.4,75.4,0.0,0.0,0.0,0.0
2022-06-27,57.8,57.8,0.0,0.0,0.0,0.0
2022-06-28,98.7,98.7,0.0,0.0,0.0,0.0
2022-06-29,63.8,63.8,0.0,0.0,0.0,0.0
2022-06-30,80.7,80.7,0.0,0.0,0.0,0.0
2022-07-01,91.4,91.4,0.0,0.0,0.0,0.0
2022-07-04,88.7,88.7,0.0,0.0,0.0,0.0
2022-07-05,70.7,70.7,0.0,0.0,0.0,0.0
2022-07-06,100.0,100.0,0.0,0.0,0.0,0.0
2022-07-07,65.1,65.1,0.0,0.0,0.0,0.0
2022-07-08,99.6,99.6,0.0,0.0,0.0,0.0
2022-07-11,54.7,54.7,0.0,0.0,0.0,0.0
2022-07-12,58.4,58.4,0.0,0.0,0.0,0.0
2022-07-13,62.2,62.2,0.0,0.0,0.0,0.0
2022-07-14,73.1,73.1,0.0,0.0,0.0,0.0
2022-07-15,70.8,70.8,0.0,0.0,0.0,0.0
2022-07-18,18.1,18.1,0.0,0.0,0.0,0.0
2022-07-19,31.6,31.6,0.0,0.0,0.0,0.0
2022-07-20,97.4,97.4,0.0,0.0,0.0,0.0
2022-07-21,93.8,93.8,0.0,0.0,0.0,0.0
2022-07-22,100.0,100.0,0.0,0.0,0.0,0.0
2022-07-25,88.6,88.6,0.0,0.0,0.0,0.0
2022-07-26,62.5,62.5,0.0,0.0,0.0,0.0
2022-07-27,72.7,72.7,0.0,0.0,0.0,0.0
2022-07-28,70.4,70.4,0.0,0.0,0.0,0.0
2022-07-29,53.9,53.9,0.0,0.0,0.0,0.0
2022-08-01,87.5,87.5,0.0,0.0,0.0,0.0
2022-08-02,79.6,79.6,0.0,0.0,0.0,0.0
2022-08-03,76.2,76.2,0.0,0.0,0.0,0.0
2022-08-04,51.5,51.5,0.0,0.0,0.0,0.0
2022-08-05,42.9,42.9,0.0,0.0,0.0,0.0
2022-08-08,53.2,53.2,0.0,0.0,0.0,0.0
2022-08-09,42.6,42.6,0.0,0.0,0.0,0.0
2022-08-10,8.7,8.7,0.0,0.0,0.0,0.0
2022-08-11,0.0,0.0,0.0,0.0,0.0,0.0
2022-08-12,4.5,4.5,0.0,0.0,0.0,0.0
2022-08-15,74.0,74.0,0.0,0.0,0.0,0.0
2022-08-16,95.1,95.1,0.0,0.0,0.0,0.0
2022-08-17,79.4,79.4,0.0,0.0,0.0,0.0
2022-08-18,96.9,96.9,0.0,0.0,0.0,0.0
2022-08-19,57.9,57.9,0.0,0.0,0.0,0.0
2022-08-22,93.4,93.4,0.0,0.0,0.0,0.0
2022-08-23,74.9,74.9,0.0,0.0,0.0,0.0
2022-08-24,89.1,89.1,0.0,0.0,0.0,0.0
2022-08-25,38.2,38.2,0.0,0.0,0.0,0.0
2022-08-26,75.9,75.9,0.0,0.0,0.0,0.0
2022-08-30,52.1,52.1,0.0,0.0,0.0,0.0
2022-08-31,75.6,75.6,0.0,0.0,0.0,0.0
2022-09-01,64.9,64.9,0.0,0.0,0.0,0.0
2022-09-02,32.3,32.3,0.0,0.0,0.0,0.0
2022-09-05,45.4,45.4,0.0,0.0,0.0,0.0
2022-09-06,80.4,80.4,0.0,0.0,0.0,0.0
2022-09-07,60.5,60.5,0.0,0.0,0.0,0.0
2022-09-08,91.1,91.1,0.0,0.0,0.0,0.0
2022-09-09,97.1,97.1,0.0,0.0,0.0,0.0
2022-09-12,81.3,81.3,0.0,0.0,0.0,0.0
2022-09-13,48.2,48.2,0.0,0.0,0.0,0.0
2022-09-14,96.2,96.2,0.0,0.0,0.0,0.0
2022-09-15,36.4,36.4,0.0,0.0,0.0,0.0
2022-09-16,48.5,48.5,0.0,0.0,0.0,0.0
2022-09-20,91.3,91.3,0.0,0.0,0.0,0.0
2022-09-21,86.1,86.1,0.0,0.0,0.0,0.0
2022-09-22,97.3,97.3,0.0,0.0,0.0,0.0
2022-09-23,55.2,55.2,0.0,0.0,0.0,0.0
2022-09-26,54.5,54.5,0.0,0.0,0.0,0.0
2022-09-27,49.9,49.9,0.0,0.0,0.0,0.0
2022-09-28,62.2,62.2,0.0,0.0,0.0,0.0
2022-09-29,29.1,29.1,0.0,0.0,0.0,0.0
2022-09-30,81.7,81.7,0.0,0.0,0.0,0.0
2022-10-03,88.9,88.9,0.0,0.0,0.0,0.0
2022-10-04,100.0,100.0,0.0,0.0,0.0,0.0
2022-10-05,89.9,89.9,0.0,0.0,0.0,0.0
2022-10-06,89.3,89.3,0.0,0.0,0.0,0.0
2022-10-07,57.8,57.8,0.0,0.0,0.0,0.0
2022-10-10,26.1,26.1,0.0,0.0,0.0,0.0
2022-10-11,87.5,87.5,0.0,0.0,0.0,0.0
2022-10-12,97.1,97.1,0.0,0.0,0.0,0.0
2022-10-13,19.3,19.3,0.0,0.0,0.0,0.0
2022-10-14,52.6,52.6,0.0,0.0,0.0,0.0
2022-10-17,50.4,50.4,0.0,0.0,0.0,0.0
2022-10-18,53.0,53.0,0.0,0.0,0.0,0.0
2022-10-19,68.9,68.9,0.0,0.0,0.0,0.0
2022-10-20,100.0,100.0,0.0,0.0,0.0,0.0
2022-10-21,93.6,93.6,0.0,0.0,0.0,0.0
2022-10-24,72.1,72.1,0.0,0.0,0.0,0.0
2022-10-25,81.2,81.2,0.0,0.0,0.0,0.0
2022-10-26,76.3,76.3,0.0,0.0,0.0,0.0
2022-10-27,97.2,97.2,0.0,0.0,0.0,0.0
2022-10-28,51.6,51.6,0.0,0.0,0.0,0.0
2022-10-31,92.3,92.3,0.0,0.0,0.0,0.0
2022-11-01,43.3,43.3,0.0,0.0,0.0,0.0
2022-11-02,99.0,99.0,0.0,0.0,0.0,0.0
2022-11-03,38.1,38.1,0.0,0.0,0.0,0.0
2022-11-04,39.7,39.7,0.0,0.0,0.0,0.0
2022-11-07,99.6,99.6,0.0,0.0,0.0,0.0
2022-11-08,100.0,100.0,0.0,0.0,0.0,0.0
2022-11-09,70.7,70.7,0.0,0.0,0.0,0.0
2022-11-10,100.0,100.0,0.0,0.0,0.0,0.0
2022-11-11,94.7,94.7,0.0,0.0,0.0,0.0
2022-11-14,74.7,74.7,0.0,0.0,0.0,0.0
2022-11-15,86.7,86.7,0.0,0.0,0.0,0.0
2022-11-16,62.0,62.0,0.0,0.0,0.0,0.0
2022-11-17,100.0,100.0,0.0,0.0,0.0,0.0
2022-11-18,64.0,64.0,0.0,0.0,0.0,0.0
2022-11-21,95.6,95.6,0.0,0.0,0.0,0.0
2022-11-22,43.2,43.2,0.0,0.0,0.0,0.0
2022-11-23,71.2,71.2,0.0,0.0,0.0,0.0
2022-11-24,88.7,88.7,0.0,0.0,0.0,0.0
2022-11-25,25.8,25.8,0.0,0.0,0.0,0.0
2022-11-28,54.3,54.3,0.0,0.0,0.0,0.0
2022-11-29,91.9,91.9,0.0,0.0,0.0,0.0
2022-11-30,95.7,95.7,0.0,0.0,0.0,0.0
2022-12-01,98.7,98.7,0.0,0.0,0.0,0.0
2022-12-02,100.0,100.0,0.0,0.0,0.0,0.0
2022-12-05,89.3,89.3,0.0,0.0,0.0,0.0
2022-12-06,86.8,86.8,0.0,0.0,0.0,0.0
2022-12-07,8.3,8.3,0.0,0.0,0.0,0.0
2022-12-08,25.7,25.7,0.0,0.0,0.0,0.0
2022-12-09,16.4,16.4,0.0,0.0,0.0,0.0
2022-12-12,89.0,89.0,0.0,0.0,0.0,0.0
2022-12-13,37.7,37.7,0.0,0.0,0.0,0.0
2022-12-14,5.1,5.1,0.0,0.0,0.0,0.0
2022-12-15,0.1,0.1,0.0,0.0,0.0,0.0
2022-12-16,58.3,58.3,0.0,0.0,0.0,0.0
2022-12-19,100.0,100.0,0.0,0.0,0.0,0.0
2022-12-20,43.2,43.2,0.0,0.0,0.0,0.0
2022-12-21,96.5,96.5,0.0,0.0,0.0,0.0
2022-12-22,89.7,89.7,0.0,0.0,0.0,0.0
2022-12-23,100.0,100.0,0.0,0.0,0.0,0.0
2022-12-28,100.0,100.0,0.0,0.0,0.0,0.0
2022-12-29,81.5,81.5,0.0,0.0,0.0,0.0
2022-12-30,95.2,95.2,0.0,0.0,0.0,0.0
2023-01-03,100.0,100.0,0.0,0.0,0.0,0.0
2023-01-04,93.8,93.8,0.0,0.0,0.0,0.0
2023-01-05,98.8,98.8,0.0,0.0,0.0,0.0
2023-01-06,75.9,75.9,0.0,0.0,0.0,0.0
2023-01-09,67.9,67.9,0.0,0.0,0.0,0.0
2023-01-10,100.0,100.0,0.0,0.0,0.0,0.0
2023-01-11,84.8,84.8,0.0,0.0,0.0,0.0
2023-01-12,69.0,69.0,0.0,0.0,0.0,0.0
2023-01-13,50.7,50.7,0.0,0.0,0.0,0.0
2023-01-16,6.0,6.0,0.0,0.0,0.0,0.0
2023-01-17,15.5,15.5,0.0,0.0,0.0,0.0
2023-01-18,54.0,54.0,0.0,0.0,0.0,0.0
2023-01-19,29.9,29.9,0.0,0.0,0.0,0.0
2023-01-20,4.1,4.1,0.0,0.0,0.0,0.0
2023-01-23,100.0,100.0,0.0,0.0,0.0,0.0
2023-01-24,96.9,96.9,0.0,0.0,0.0,0.0
2023-01-25,57.4,57.4,0.0,0.0,0.0,0.0
2023-01-26,18.2,18.2,0.0,0.0,0.0,0.0
2023-01-27,76.8,76.8,0.0,0.0,0.0,0.0
2023-01-30,46.4,46.4,0.0,0.0,0.0,0.0
2023-01-31,54.7,54.7,0.0,0.0,0.0,0.0
2023-02-01,96.3,96.3,0.0,0.0,0.0,0.0
2023-02-02,100.0,100.0,0.0,0.0,0.0,0.0
2023-02-03,100.0,100.0,0.0,0.0,0.0,0.0
2023-02-06,62.4,62.4,0.0,0.0,0.0,0.0
2023-02-07,100.0,100.0,0.0,0.0,0.0,0.0
2023-02-08,80.6,80.6,0.0,0.0,0.0,0.0
2023-02-09,66.1,66.1,0.0,0.0,0.0,0.0
2023-02-10,100.0,100.0,0.0,0.0,0.0,0.0
2023-02-13,65.7,65.7,0.0,0.0,0.0,0.0
2023-02-14,28.8,28.8,0.0,0.0,0.0,0.0
2023-02-15,67.3,67.3,0.0,0.0,0.0,0.0
2023-02-16,100.0,100.0,0.0,0.0,0.0,0.0
2023-02-17,74.4,74.4,0.0,0.0,0.0,0.0
2023-02-20,92.8,92.8,0.0,0.0,0.0,0.0
2023-02-21,97.0,97.0,0.0,0.0,0.0,0.0
2023-02-22,75.2,75.2,0.0,0.0,0.0,0.0
2023-02-23,40.6,40.6,0.0,0.0,0.0,0.0
2023-02-24,74.1,74.1,0.0,0.0,0.0,0.0
2023-02-27,88.6,88.6,0.0,0.0,0.0,0.0
2023-02-28,90.1,90.1,0.0,0.0,0.0,0.0
2023-03-01,87.0,87.0,0.0,0.0,0.0,0.0
2023-03-02,79.4,79.4,0.0,0.0,0.0,0.0
2023-03-03,87.5,87.5,0.0,0.0,0.0,0.0
2023-03-06,93.9,93.9,0.0,0.0,0.0,0.0
2023-03-07,7.6,7.6,0.0,0.0,0.0,0.0
2023-03-08,48.6,48.6,0.0,0.0,0.0,0.0
2023-03-09,99.1,99.1,0.0,0.0,0.0,0.0
2023-03-10,20.1,20.1,0.0,0.0,0.0,0.0
2023-03-13,100.0,100.0,0.0,0.0,0.0,0.0
2023-03-14,86.7,86.7,0.0,0.0,0.0,0.0
2023-03-15,100.0,100.0,0.0,0.0,0.0,0.0
2023-03-16,98.4,98.4,0.0,0.0,0.0,0.0
2023-03-17,49.0,49.0,0.0,0.0,0.0,0.0
2023-03-20,100.0,100.0,0.0,0.0,0.0,0.0
2023-03-21,93.4,93.4,0.0,0.0,0.0,0.0
2023-03-22,55.1,55.1,0.0,0.0,0.0,0.0
2023-03-23,78.2,78.2,0.0,0.0,0.0,0.0
2023-03-24,88.9,88.9,0.0,0.0,0.0,0.0
2023-03-27,22.8,22.8,0.0,0.0,0.0,0.0
2023-03-28,100.0,100.0,0.0,0.0,0.0,0.0
2023-03-29,100.0,100.0,0.0,0.0,0.0,0.0
2023-03-30,54.6,54.6,0.0,0.0,0.0,0.0
2023-03-31,88.0,88.0,0.0,0.0,0.0,0.0
2023-04-03,9.7,9.7,0.0,0.0,0.0,0.0
2023-04-04,28.9,28.9,0.0,0.0,0.0,0.0
2023-04-05,100.0,100.0,0.0,0.0,0.0,0.0
2023-04-06,50.2,50.2,0.0,0.0,0.0,0.0
2023-04-11,68.5,68.5,0.0,0.0,0.0,0.0
2023-04-12,75.9,75.9,0.0,0.0,0.0,0.0
2023-04-13,65.2,65.2,0.0,0.0,0.0,0.0
2023-04-14,75.1,75.1,0.0,0.0,0.0,0.0
2023-04-17,89.1,89.1,0.0,0.0,0.0,0.0
2023-04-18,8.4,8.4,0.0,0.0,0.0,0.0
2023-04-19,23.9,23.9,0.0,0.0,0.0,0.0
2023-04-20,7.5,7.5,0.0,0.0,0.0,0.0
2023-04-21,41.3,41.3,0.0,0.0,0.0,0.0
2023-04-24,77.8,77.8,0.0,0.0,0.0,0.0
2023-04-25,38.9,38.9,0.0,0.0,0.0,0.0
2023-04-26,78.6,78.6,0.0,0.0,0.0,0.0
2023-04-27,98.4,98.4,0.0,0.0,0.0,0.0
2023-04-28,86.2,86.2,0.0,0.0,0.0,0.0
2023-05-02,99.2,99.2,0.0,0.0,0.0,0.0
2023-05-03,77.8,77.8,0.0,0.0,0.0,0.0
2023-05-04,100.0,100.0,0.0,0.0,0.0,0.0
2023-05-05,77.2,77.2,0.0,0.0,0.0,0.0
2023-05-09,41.5,41.5,0.0,0.0,0.0,0.0
2023-05-10,75.6,75.6,0.0,0.0,0.0,0.0
2023-05-11,67.6,67.6,0.0,0.0,0.0,0.0
2023-05-12,90.0,90.0,0.0,0.0,0.0,0.0
2023-05-15,38.0,38.0,0.0,0.0,0.0,0.0
2023-05-16,64.0,64.0,0.0,0.0,0.0,0.0
2023-05-17,72.7,72.7,0.0,0.0,0.0,0.0
2023-05-18,95.3,95.3,0.0,0.0,0.0,0.0
2023-05-19,77.9,77.9,0.0,0.0,0.0,0.0
2023-05-22,35.8,35.8,0.0,0.0,0.0,0.0
2023-05-23,50.5,50.5,0.0,0.0,0.0,0.0
2023-05-24,81.1,81.1,0.0,0.0,0.0,0.0
2023-05-25,49.2,49.2,0.0,0.0,0.0,0.0
2023-05-26,74.7,74.7,0.0,0.0,0.0,0.0
2023-05-30,27.8,27.8,0.0,0.0,0.0,0.0
2023-05-31,34.7,34.7,0.0,0.0,0.0,0.0
2023-06-01,89.1,89.1,0.0,0.0,0.0,0.0
2023-06-02,12.0,12.0,0.0,0.0,0.0,0.0
2023-06-05,23.1,23.1,0.0,0.0,0.0,0.0
2023-06-06,39.5,39.5,0.0,0.0,0.0,0.0
2023-06-07,68.3,68.3,0.0,0.0,0.0,0.0
2023-06-08,48.5,48.5,0.0,0.0,0.0,0.0
2023-06-09,14.4,14.4,0.0,0.0,0.0,0.0
2023-06-12,25.2,25.2,0.0,0.0,0.0,0.0
2023-06-13,10.2,10.2,0.0,0.0,0.0,0.0
2023-06-14,0.8,0.8,0.0,0.0,0.0,0.0
2023-06-15,1.3,1.3,0.0,0.0,0.0,0.0
2023-06-16,14.2,14.2,0.0,0.0,0.0,0.0
2023-06-19,24.2,24.2,0.0,0.0,0.0,0.0
2023-06-20,67.0,67.0,0.0,0.0,0.0,0.0
2023-06-21,28.5,28.5,0.0,0.0,0.0,0.0
2023-06-22,2.0,2.0,0.0,0.0,0.0,0.0
2023-06-23,94.4,94.4,0.0,0.0,0.0,0.0
2023-06-26,46.9,46.9,0.0,0.0,0.0,0.0
2023-06-27,99.6,99.6,0.0,0.0,0.0,0.0
2023-06-28,93.4,93.4,0.0,0.0,0.0,0.0
2023-06-29,23.8,23.8,0.0,0.0,0.0,0.0
2023-06-30,100.0,100.0,0.0,0.0,0.0,0.0
2023-07-03,41.7,41.7,0.0,0.0,0.0,0.0
2023-07-04,60.8,60.8,0.0,0.0,0.0,0.0
2023-07-05,54.3,54.3,0.0,0.0,0.0,0.0
2023-07-06,96.5,96.5,0.0,0.0,0.0,0.0
2023-07-07,83.1,83.1,0.0,0.0,0.0,0.0
2023-07-10,85.2,85.2,0.0,0.0,0.0,0.0
2023-07-11,50.7,50.7,0.0,0.0,0.0,0.0
2023-07-12,69.9,69.9,0.0,0.0,0.0,0.0
2023-07-13,26.3,26.3,0.0,0.0,0.0,0.0
2023-07-14,93.6,93.6,0.0,0.0,0.0,0.0
2023-07-17,28.5,28.5,0.0,0.0,0.0,0.0
2023-07-18,99.9,99.9,0.0,0.0,0.0,0.0
2023-07-19,31.1,31.1,0.0,0.0,0.0,0.0
2023-07-20,47.9,47.9,0.0,0.0,0.0,0.0
2023-07-21,64.7,64.7,0.0,0.0,0.0,0.0
2023-07-24,95.1,95.1,0.0,0.0,0.0,0.0
2023-07-25,45.3,45.3,0.0,0.0,0.0,0.0
2023-07-26,59.3,59.3,0.0,0.0,0.0,0.0
2023-07-27,78.7,78.7,0.0,0.0,0.0,0.0
2023-07-28,78.3,78.3,0.0,0.0,0.0,0.0
2023-07-31,97.9,97.9,0.0,0.0,0.0,0.0
2023-08-01,86.9,86.9,0.0,0.0,0.0,0.0
2023-08-02,100.0,100.0,0.0,0.0,0.0,0.0
2023-08-03,67.4,67.4,0.0,0.0,0.0,0.0
2023-08-04,57.0,57.0,0.0,0.0,0.0,0.0
2023-08-07,50.1,50.1,0.0,0.0,0.0,0.0
2023-08-08,54.7,54.7,0.0,0.0,0.0,0.0
2023-08-09,76.6,76.6,0.0,0.0,0.0,0.0
2023-08-10,67.5,67.5,0.0,0.0,0.0,0.0
2023-08-11,37.4,37.4,0.0,0.0,0.0,0.0
2023-08-14,98.9,98.9,0.0,0.0,0.0,0.0
2023-08-15,36.6,36.6,0.0,0.0,0.0,0.0
2023-08-16,83.1,83.1,0.0,0.0,0.0,0.0
2023-08-17,40.6,40.6,0.0,0.0,0.0,0.0
2023-08-18,99.9,99.9,0.0,0.0,0.0,0.0
2023-08-21,62.9,62.9,0.0,0.0,0.0,0.0
2023-08-22,71.0,71.0,0.0,0.0,0.0,0.0
2023-08-23,41.8,41.8,0.0,0.0,0.0,0.0
2023-08-24,18.8,18.8,0.0,0.0,0.0,0.0
2023-08-25,61.8,61.8,0.0,0.0,0.0,0.0
2023-08-29,50.8,50.8,0.0,0.0,0.0,0.0
2023-08-30,55.7,55.7,0.0,0.0,0.0,0.0
2023-08-31,60.3,60.3,0.0,0.0,0.0,0.0
2023-09-01,70.2,70.2,0.0,0.0,0.0,0.0
2023-09-04,5.4,5.4,0.0,0.0,0.0,0.0
2023-09-05,0.4,0.4,0.0,0.0,0.0,0.0
2023-09-06,19.7,19.7,0.0,0.0,0.0,0.0
2023-09-07,49.8,49.8,0.0,0.0,0.0,0.0
2023-09-08,23.7,23.7,0.0,0.0,0.0,0.0
2023-09-11,97.4,97.4,0.0,0.0,0.0,0.0
2023-09-12,82.2,82.2,0.0,0.0,0.0,0.0
2023-09-13,69.0,69.0,0.0,0.0,0.0,0.0
2023-09-14,68.8,68.8,0.0,0.0,0.0,0.0
2023-09-15,100.0,100.0,0.0,0.0,0.0,0.0
2023-09-18,66.2,66.2,0.0,0.0,0.0,0.0
2023-09-19,100.0,100.0,0.0,0.0,0.0,0.0
2023-09-20,55.5,55.5,0.0,0.0,0.0,0.0
2023-09-21,27.9,27.9,0.0,0.0,0.0,0.0
2023-09-22,73.7,73.7,0.0,0.0,0.0,0.0
2023-09-25,56.4,56.4,0.0,0.0,0.0,0.0
2023-09-26,68.7,68.7,0.0,0.0,0.0,0.0
2023-09-27,87.6,87.6,0.0,0.0,0.0,0.0
2023-09-28,84.5,84.5,0.0,0.0,0.0,0.0
2023-09-29,24.7,24.7,0.0,0.0,0.0,0.0
2023-10-02,86.8,86.8,0.0,0.0,0.0,0.0
2023-10-03,51.1,51.1,0.0,0.0,0.0,0.0
2023-10-04,80.6,80.6,0.0,0.0,0.0,0.0
2023-10-05,98.3,98.3,0.0,0.0,0.0,0.0
2023-10-06,100.0,100.0,0.0,0.0,0.0,0.0
2023-10-09,62.3,62.3,0.0,0.0,0.0,0.0
2023-10-10,75.7,75.7,0.0,0.0,0.0,0.0
2023-10-11,52.5,52.5,0.0,0.0,0.0,0.0
2023-10-12,48.6,48.6,0.0,0.0,0.0,0.0
2023-10-13,51.5,51.5,0.0,0.0,0.0,0.0
2023-10-16,50.2,50.2,0.0,0.0,0.0,0.0
2023-10-17,64.9,64.9,0.0,0.0,0.0,0.0
2023-10-18,70.1,70.1,0.0,0.0,0.0,0.0
2023-10-19,81.2,81.2,0.0,0.0,0.0,0.0
2023-10-20,100.0,100.0,0.0,0.0,0.0,0.0
2023-10-23,62.1,62.1,0.0,0.0,0.0,0.0
2023-10-24,95.9,95.9,0.0,0.0,0.0,0.0
2023-10-25,97.5,97.5,0.0,0.0,0.0,0.0
2023-10-26,92.8,92.8,0.0,0.0,0.0,0.0
2023-10-27,70.0,70.0,0.0,0.0,0.0,0.0
2023-10-30,100.0,100.0,0.0,0.0,0.0,0.0
2023-10-31,100.0,100.0,0.0,0.0,0.0,0.0
2023-11-01,85.7,85.7,0.0,0.0,0.0,0.0
2023-11-02,100.0,100.0,0.0,0.0,0.0,0.0
2023-11-03,37.2,37.2,0.0,0.0,0.0,0.0
2023-11-06,75.4,75.4,0.0,0.0,0.0,0.0
2023-11-07,21.0,21.0,0.0,0.0,0.0,0.0
2023-11-08,44.5,44.5,0.0,0.0,0.0,0.0
2023-11-09,83.8,83.8,0.0,0.0,0.0,0.0
2023-11-10,46.7,46.7,0.0,0.0,0.0,0.0
2023-11-13,100.0,100.0,0.0,0.0,0.0,0.0
2023-11-14,92.7,92.7,0.0,0.0,0.0,0.0
2023-11-15,98.8,98.8,0.0,0.0,0.0,0.0
2023-11-16,99.4,99.4,0.0,0.0,0.0,0.0
2023-11-17,69.0,69.0,0.0,0.0,0.0,0.0
2023-11-20,96.0,96.0,0.0,0.0,0.0,0.0
2023-11-21,79.4,79.4,0.0,0.0,0.0,0.0
2023-11-22,100.0,100.0,0.0,0.0,0.0,0.0
2023-11-23,89.3,89.3,0.0,0.0,0.0,0.0
2023-11-24,10.7,10.7,0.0,0.0,0.0,0.0
2023-11-27,92.8,92.8,0.0,0.0,0.0,0.0
2023-11-28,36.9,36.9,0.0,0.0,0.0,0.0
2023-11-29,61.5,61.5,0.0,0.0,0.0,0.0
2023-11-30,6.2,6.2,0.0,0.0,0.0,0.0
2023-12-01,31.2,31.2,0.0,0.0,0.0,0.0
2023-12-04,100.0,100.0,0.0,0.0,0.0,0.0
2023-12-05,36.1,36.1,0.0,0.0,0.0,0.0
2023-12-06,50.2,50.2,0.0,0.0,0.0,0.0
2023-12-07,100.0,100.0,0.0,0.0,0.0,0.0
2023-12-08,100.0,100.0,0.0,0.0,0.0,0.0
2023-12-11,22.3,22.3,0.0,0.0,0.0,0.0
2023-12-12,95.6,95.6,0.0,0.0,0.0,0.0
2023-12-13,23.1,23.1,0.0,0.0,0.0,0.0
2023-12-14,35.9,35.9,0.0,0.0,0.0,0.0
2023-12-15,65.6,65.6,0.0,0.0,0.0,0.0
2023-12-18,98.8,98.8,0.0,0.0,0.0,0.0
2023-12-19,28.6,28.6,0.0,0.0,0.0,0.0
2023-12-20,100.0,100.0,0.0,0.0,0.0,0.0
2023-12-21,94.7,94.7,0.0,0.0,0.0,0.0
2023-12-22,100.0,100.0,0.0,0.0,0.0,0.0
2023-12-27,95.1,95.1,0.0,0.0,0.0,0.0
2023-12-28,70.4,70.4,0.0,0.0,0.0,0.0
2023-12-29,93.1,93.1,0.0,0.0,0.0,0.0
