Date,% downloaded_hold_BP Change,Previous % downloaded_hold_BP Change,Next % downloaded_hold_BP Change
2017-01-31,-5.81,-2.96,-6.66
2017-02-01,-6.37,-2.73,-6.58
2017-02-02,-5.3,-3.51,-5.5
2017-02-03,-3.96,-3.14,-5.59
2017-02-06,-2.18,-5.13,-3.46
2017-02-07,-6.66,-4.3,-2.82
2017-02-08,-6.58,-4.92,-3.25
2017-02-09,-5.5,-5.82,-5.14
2017-02-10,-5.59,-6.02,-6.81
2017-02-13,-3.46,-7.13,-6.58
2017-02-14,-2.82,-5.81,-1.38
2017-02-15,-3.25,-6.37,-1.81
2017-02-16,-5.14,-5.3,-1.81
2017-02-17,-6.81,-3.96,-2.72
2017-02-20,-6.58,-2.18,-1.76
2017-02-21,-1.38,-6.66,-1.29
2017-02-22,-1.81,-6.58,1.54
2017-02-23,-1.81,-5.5,3.67
2017-02-24,-2.72,-5.59,4.05
2017-02-27,-1.76,-3.46,3.95
2017-02-28,-1.29,-2.82,2.71
2017-03-01,1.54,-3.25,2.9
2017-03-02,3.67,-5.14,0.8
2017-03-03,4.05,-6.81,5.28
2017-03-06,3.95,-6.58,2.66
2017-03-07,2.71,-1.38,0.76
2017-03-08,2.9,-1.81,-1.82
2017-03-09,0.8,-1.81,-1.2
2017-03-10,5.28,-2.72,-0.23
2017-03-13,2.66,-1.76,-0.37
2017-03-14,0.76,-1.29,-1.0
2017-03-15,-1.82,1.54,-1.29
2017-03-16,-1.2,3.67,0.57
2017-03-17,-0.23,4.05,-4.0
2017-03-20,-0.37,3.95,-3.37
2017-03-21,-1.0,2.71,-0.78
2017-03-22,-1.29,2.9,1.11
2017-03-23,0.57,0.8,0.52
2017-03-24,-4.0,5.28,-1.18
2017-03-27,-3.37,2.66,-1.08
2017-03-28,-0.78,0.76,1.16
2017-03-29,1.11,-1.82,2.3
2017-03-30,0.52,-1.2,1.72
2017-03-31,-1.18,-0.23,4.11
2017-04-03,-1.08,-0.37,4.86
2017-04-04,1.16,-1.0,3.8
2017-04-05,2.3,-1.29,2.45
2017-04-06,1.72,0.57,2.05
2017-04-07,4.11,-4.0,-1.08
2017-04-10,4.86,-3.37,-1.82
2017-04-11,3.8,-0.78,-3.67
2017-04-12,2.45,1.11,-5.12
2017-04-13,2.05,0.52,-3.26
2017-04-18,-1.08,-1.18,-4.5
2017-04-19,-1.82,-1.08,-3.41
2017-04-20,-3.67,1.16,-5.96
2017-04-21,-5.12,2.3,-6.35
2017-04-24,-3.26,1.72,-4.56
2017-04-25,-4.5,4.11,-1.31
2017-04-26,-3.41,4.86,-0.67
2017-04-27,-5.96,3.8,1.05
2017-04-28,-6.35,2.45,2.96
2017-05-02,-4.56,2.05,1.44
2017-05-03,-1.31,-1.08,2.52
2017-05-04,-0.67,-1.82,0.51
2017-05-05,1.05,-3.67,3.92
2017-05-08,2.96,-5.12,4.9
2017-05-09,1.44,-3.26,4.37
2017-05-10,2.52,-4.5,5.34
2017-05-11,0.51,-3.41,5.44
2017-05-12,3.92,-5.96,4.61
2017-05-15,4.9,-6.35,4.29
2017-05-16,4.37,-4.56,4.06
2017-05-17,5.34,-1.31,3.9
2017-05-18,5.44,-0.67,3.76
2017-05-19,4.61,1.05,3.16
2017-05-22,4.29,2.96,1.7
2017-05-23,4.06,1.44,-0.54
2017-05-24,3.9,2.52,-0.11
2017-05-25,3.76,0.51,-1.33
2017-05-26,3.16,3.92,-1.72
2017-05-30,1.7,4.9,-1.91
2017-05-31,-0.54,4.37,-3.68
2017-06-01,-0.11,5.34,-4.63
2017-06-02,-1.33,5.44,-1.12
2017-06-05,-1.72,4.61,-0.77
2017-06-06,-1.91,4.29,-0.41
2017-06-07,-3.68,4.06,-1.09
2017-06-08,-4.63,3.9,-1.93
2017-06-09,-1.12,3.76,0.84
2017-06-12,-0.77,3.16,1.85
2017-06-13,-0.41,1.7,-1.0
2017-06-14,-1.09,-0.54,-0.02
2017-06-15,-1.93,-0.11,0.09
2017-06-16,0.84,-1.33,-2.45
2017-06-19,1.85,-1.72,-2.78
2017-06-20,-1.0,-1.91,-2.1
2017-06-21,-0.02,-3.68,-1.36
2017-06-22,0.09,-4.63,-2.4
2017-06-23,-2.45,-1.12,-5.11
2017-06-26,-2.78,-0.77,-4.52
2017-06-27,-2.1,-0.41,-2.23
2017-06-28,-1.36,-1.09,-2.75
2017-06-29,-2.4,-1.93,-2.38
2017-06-30,-5.11,0.84,-2.71
2017-07-03,-4.52,1.85,-3.07
2017-07-04,-2.23,-1.0,-3.88
2017-07-05,-2.75,-0.02,-1.02
2017-07-06,-2.38,0.09,-0.68
2017-07-07,-2.71,-2.45,0.45
2017-07-10,-3.07,-2.78,-0.76
2017-07-11,-3.88,-2.1,-1.01
2017-07-12,-1.02,-1.36,0.41
2017-07-13,-0.68,-2.4,0.98
2017-07-14,0.45,-5.11,0.52
2017-07-17,-0.76,-4.52,-0.9
2017-07-18,-1.01,-2.23,0.9
2017-07-19,0.41,-2.75,-1.22
2017-07-20,0.98,-2.38,-0.48
2017-07-21,0.52,-2.71,-0.26
2017-07-24,-0.9,-3.07,-0.46
2017-07-25,0.9,-3.88,2.47
2017-07-26,-1.22,-1.02,2.99
2017-07-27,-0.48,-0.68,2.3
2017-07-28,-0.26,0.45,3.81
2017-07-31,-0.46,-0.76,6.53
2017-08-01,2.47,-1.01,5.53
2017-08-02,2.99,0.41,5.32
2017-08-03,2.3,0.98,2.93
2017-08-04,3.81,0.52,0.92
2017-08-07,6.53,-0.9,0.07
2017-08-08,5.53,0.9,-2.71
2017-08-09,5.32,-1.22,-3.02
2017-08-10,2.93,-0.48,-3.78
2017-08-11,0.92,-0.26,-5.03
2017-08-14,0.07,-0.46,-6.04
2017-08-15,-2.71,2.47,-6.14
2017-08-16,-3.02,2.99,-5.19
2017-08-17,-3.78,2.3,-3.19
2017-08-18,-5.03,3.81,-0.5
2017-08-21,-6.04,6.53,-1.28
2017-08-22,-6.14,5.53,-0.5
2017-08-23,-5.19,5.32,-0.07
2017-08-24,-3.19,2.93,0.35
2017-08-25,-0.5,0.92,1.47
2017-08-29,-1.28,0.07,1.49
2017-08-30,-0.5,-2.71,1.03
2017-08-31,-0.07,-3.02,1.21
2017-09-01,0.35,-3.78,0.67
2017-09-04,1.47,-5.03,0.81
2017-09-05,1.49,-6.04,1.93
2017-09-06,1.03,-6.14,2.36
2017-09-07,1.21,-5.19,1.47
2017-09-08,0.67,-3.19,0.79
2017-09-11,0.81,-0.5,0.97
2017-09-12,1.93,-1.28,2.1
2017-09-13,2.36,-0.5,2.83
2017-09-14,1.47,-0.07,3.02
2017-09-15,0.79,0.35,4.6
2017-09-18,0.97,1.47,5.19
2017-09-19,2.1,1.49,5.05
2017-09-20,2.83,1.03,4.58
2017-09-21,3.02,1.21,5.39
2017-09-22,4.6,0.67,6.48
2017-09-25,5.19,0.81,6.48
2017-09-26,5.05,1.93,6.64
2017-09-27,4.58,2.36,5.74
2017-09-28,5.39,1.47,5.8
2017-09-29,6.48,0.79,4.62
2017-10-02,6.48,0.97,2.94
2017-10-03,6.64,2.1,3.9
2017-10-04,5.74,2.83,3.3
2017-10-05,5.8,3.02,3.23
2017-10-06,4.62,4.6,2.83
2017-10-09,2.94,5.19,2.4
2017-10-10,3.9,5.05,0.86
2017-10-11,3.3,4.58,0.46
2017-10-12,3.23,5.39,0.36
2017-10-13,2.83,6.48,0.77
2017-10-16,2.4,6.48,0.96
2017-10-17,0.86,6.64,1.29
2017-10-18,0.46,5.74,-0.18
2017-10-19,0.36,5.8,-0.3
2017-10-20,0.77,4.62,1.45
2017-10-23,0.96,2.94,2.05
2017-10-24,1.29,3.9,4.0
2017-10-25,-0.18,3.3,5.33
2017-10-26,-0.3,3.23,5.27
2017-10-27,1.45,2.83,5.06
2017-10-30,2.05,2.4,6.14
2017-10-31,4.0,0.86,5.73
2017-11-01,5.33,0.46,7.45
2017-11-02,5.27,0.36,5.02
2017-11-03,5.06,0.77,1.81
2017-11-06,6.14,0.96,1.06
2017-11-07,5.73,1.29,-1.41
2017-11-08,7.45,-0.18,-3.7
2017-11-09,5.02,-0.3,-5.2
2017-11-10,1.81,1.45,-4.59
2017-11-13,1.06,2.05,-5.58
2017-11-14,-1.41,4.0,-5.79
2017-11-15,-3.7,5.33,-5.01
2017-11-16,-5.2,5.27,-2.66
2017-11-17,-4.59,5.06,-1.1
2017-11-20,-5.58,6.14,-2.11
2017-11-21,-5.79,5.73,-0.32
2017-11-22,-5.01,7.45,-0.1
2017-11-23,-2.66,5.02,-0.42
2017-11-24,-1.1,1.81,-0.22
2017-11-27,-2.11,1.06,0.2
2017-11-28,-0.32,-1.41,-0.52
2017-11-29,-0.1,-3.7,-0.72
2017-11-30,-0.42,-5.2,-2.54
2017-12-01,-0.22,-4.59,-1.71
2017-12-04,0.2,-5.58,0.5
2017-12-05,-0.52,-5.79,1.91
2017-12-06,-0.72,-5.01,2.2
2017-12-07,-2.54,-2.66,3.05
2017-12-08,-1.71,-1.1,2.68
2017-12-11,0.5,-2.11,3.39
2017-12-12,1.91,-0.32,3.26
2017-12-13,2.2,-0.1,2.92
2017-12-14,3.05,-0.42,6.41
2017-12-15,2.68,-0.22,4.96
2017-12-18,3.39,0.2,4.01
2017-12-19,3.26,-0.52,1.49
2017-12-20,2.92,-0.72,3.42
2017-12-21,6.41,-2.54,2.68
2017-12-22,4.96,-1.71,3.76
2017-12-27,4.01,0.5,3.98
2017-12-28,1.49,1.91,4.29
2017-12-29,3.42,2.2,3.68
2018-01-02,2.68,3.05,1.64
2018-01-03,3.76,2.68,2.57
2018-01-04,3.98,3.39,2.76
2018-01-05,4.29,3.26,3.12
2018-01-08,3.68,2.92,1.91
2018-01-09,1.64,6.41,0.15
2018-01-10,2.57,4.96,-1.51
2018-01-11,2.76,4.01,-2.55
2018-01-12,3.12,1.49,-3.72
2018-01-15,1.91,3.42,-2.2
2018-01-16,0.15,2.68,-2.33
2018-01-17,-1.51,3.76,-2.83
2018-01-18,-2.55,3.98,-3.06
2018-01-19,-3.72,4.29,-3.46
2018-01-22,-2.2,3.68,-3.21
2018-01-23,-2.33,1.64,-2.01
2018-01-24,-2.83,2.57,-2.94
2018-01-25,-3.06,2.76,-2.9
2018-01-26,-3.46,3.12,-4.01
2018-01-29,-3.21,1.91,-6.54
2018-01-30,-2.01,0.15,-7.89
2018-01-31,-2.94,-1.51,-5.92
2018-02-01,-2.9,-2.55,-6.89
2018-02-02,-4.01,-3.72,-8.96
2018-02-05,-6.54,-2.2,-7.14
2018-02-06,-7.89,-2.33,-6.29
2018-02-07,-5.92,-2.83,-5.23
2018-02-08,-6.89,-3.06,-6.33
2018-02-09,-8.96,-3.46,-3.28
2018-02-12,-7.14,-3.21,-1.66
2018-02-13,-6.29,-2.01,0.0
2018-02-14,-5.23,-2.94,-2.64
2018-02-15,-6.33,-2.9,-1.5
2018-02-16,-3.28,-4.01,1.29
2018-02-19,-1.66,-6.54,0.43
2018-02-20,0.0,-7.89,0.47
2018-02-21,-2.64,-5.92,0.05
2018-02-22,-1.5,-6.89,0.82
2018-02-23,1.29,-8.96,-1.96
2018-02-26,0.43,-7.14,-0.82
2018-02-27,0.47,-6.29,-0.39
2018-02-28,0.05,-5.23,-0.13
2018-03-01,0.82,-6.33,0.23
2018-03-02,-1.96,-3.28,0.44
2018-03-05,-0.82,-1.66,-0.6
2018-03-06,-0.39,0.0,-0.88
2018-03-07,-0.13,-2.64,-2.19
2018-03-08,0.23,-1.5,-1.91
2018-03-09,0.44,1.29,2.08
2018-03-12,-0.6,0.43,-2.21
2018-03-13,-0.88,0.47,-1.95
2018-03-14,-2.19,0.05,0.23
2018-03-15,-1.91,0.82,-2.46
2018-03-16,2.08,-1.96,-3.29
2018-03-19,-2.21,-0.82,-1.76
2018-03-20,-1.95,-0.39,0.28
2018-03-21,0.23,-0.13,1.43
2018-03-22,-2.46,0.23,3.16
2018-03-23,-3.29,0.44,1.21
2018-03-26,-1.76,-0.6,4.8
2018-03-27,0.28,-0.88,7.74
2018-03-28,1.43,-2.19,5.44
2018-03-29,3.16,-1.91,6.53
2018-04-03,1.21,2.08,9.24
2018-04-04,4.8,-2.21,7.74
2018-04-05,7.74,-1.95,6.13
2018-04-06,5.44,0.23,6.98
2018-04-09,6.53,-2.46,3.57
2018-04-10,9.24,-3.29,3.59
2018-04-11,7.74,-1.76,5.77
2018-04-12,6.13,0.28,3.34
2018-04-13,6.98,1.43,3.97
2018-04-16,3.57,3.16,5.68
2018-04-17,3.59,1.21,5.62
2018-04-18,5.77,4.8,3.58
2018-04-19,3.34,7.74,6.11
2018-04-20,3.97,5.44,6.56
2018-04-23,5.68,6.53,8.39
2018-04-24,5.62,9.24,10.27
2018-04-25,3.58,7.74,7.42
2018-04-26,6.11,6.13,5.3
2018-04-27,6.56,6.98,7.7
2018-04-30,8.39,3.57,5.52
2018-05-01,10.27,3.59,7.2
2018-05-02,7.42,5.77,7.63
2018-05-03,5.3,3.34,5.45
2018-05-04,7.7,3.97,6.16
2018-05-08,5.52,5.68,7.29
2018-05-09,7.2,5.62,5.15
2018-05-10,7.63,3.58,6.69
2018-05-11,5.45,6.11,7.8
2018-05-14,6.16,6.56,6.22
2018-05-15,7.29,8.39,6.9
2018-05-16,5.15,10.27,0.87
2018-05-17,6.69,7.42,0.44
2018-05-18,7.8,5.3,-1.67
2018-05-21,6.22,7.7,-1.98
2018-05-22,6.9,5.52,-0.64
2018-05-23,0.87,7.2,0.07
2018-05-24,0.44,7.63,-1.25
2018-05-25,-1.67,5.45,-1.26
2018-05-29,-1.98,6.16,-2.67
2018-05-30,-0.64,7.29,-1.95
2018-05-31,0.07,5.15,2.18
2018-06-01,-1.25,6.69,3.05
2018-06-04,-1.26,7.8,5.67
2018-06-05,-2.67,6.22,3.45
2018-06-06,-1.95,6.9,-0.03
2018-06-07,2.18,0.87,1.6
2018-06-08,3.05,0.44,-2.03
2018-06-11,5.67,-1.67,-1.23
2018-06-12,3.45,-1.98,-1.09
2018-06-13,-0.03,-0.64,-2.17
2018-06-14,1.6,0.07,-5.11
2018-06-15,-2.03,-1.25,-1.23
2018-06-18,-1.23,-1.26,-5.05
2018-06-19,-1.09,-2.67,-2.61
2018-06-20,-2.17,-1.95,1.57
2018-06-21,-5.11,2.18,-0.51
2018-06-22,-1.23,3.05,2.35
2018-06-25,-5.05,5.67,0.24
2018-06-26,-2.61,3.45,1.87
2018-06-27,1.57,-0.03,2.76
2018-06-28,-0.51,1.6,4.11
2018-06-29,2.35,-2.03,0.43
2018-07-02,0.24,-1.23,4.96
2018-07-03,1.87,-1.09,4.63
2018-07-04,2.76,-2.17,-1.99
2018-07-05,4.11,-5.11,-1.91
2018-07-06,0.43,-1.23,-1.3
2018-07-09,4.96,-5.05,-2.74
2018-07-10,4.63,-2.61,-3.65
2018-07-11,-1.99,1.57,-3.07
2018-07-12,-1.91,-0.51,-2.16
2018-07-13,-1.3,2.35,-2.04
2018-07-16,-2.74,0.24,-3.03
2018-07-17,-3.65,1.87,-3.63
2018-07-18,-3.07,2.76,-0.82
2018-07-19,-2.16,4.11,-1.21
2018-07-20,-2.04,0.43,-0.61
2018-07-23,-3.03,4.96,1.43
2018-07-24,-3.63,4.63,2.34
2018-07-25,-0.82,-1.99,0.18
2018-07-26,-1.21,-1.91,-2.4
2018-07-27,-0.61,-1.3,-1.2
2018-07-30,1.43,-2.74,-0.02
2018-07-31,2.34,-3.65,1.44
2018-08-01,0.18,-3.07,1.89
2018-08-02,-2.4,-2.16,-0.02
2018-08-03,-1.2,-2.04,-1.99
2018-08-06,-0.02,-3.03,-1.27
2018-08-07,1.44,-3.63,-3.14
2018-08-08,1.89,-0.82,-3.23
2018-08-09,-0.02,-1.21,-1.37
2018-08-10,-1.99,-0.61,-2.12
2018-08-13,-1.27,1.43,-2.63
2018-08-14,-3.14,2.34,-4.29
2018-08-15,-3.23,0.18,-3.83
2018-08-16,-1.37,-2.4,-1.22
2018-08-17,-2.12,-1.2,1.38
2018-08-20,-2.63,-0.02,0.25
2018-08-21,-4.29,1.44,-0.13
2018-08-22,-3.83,1.89,2.11
2018-08-23,-1.22,-0.02,-0.24
2018-08-24,1.38,-1.99,0.93
2018-08-28,0.25,-1.27,0.18
2018-08-29,-0.13,-3.14,-0.96
2018-08-30,2.11,-3.23,-2.42
2018-08-31,-0.24,-1.37,-3.7
2018-09-03,0.93,-2.12,-4.47
2018-09-04,0.18,-2.63,-2.81
2018-09-05,-0.96,-4.29,-0.31
2018-09-06,-2.42,-3.83,-1.35
2018-09-07,-3.7,-1.22,0.57
2018-09-10,-4.47,1.38,-0.9
2018-09-11,-2.81,0.25,-0.51
2018-09-12,-0.31,-0.13,1.3
2018-09-13,-1.35,2.11,2.64
2018-09-14,0.57,-0.24,5.61
2018-09-17,-0.9,0.93,5.87
2018-09-18,-0.51,0.18,7.85
2018-09-19,1.3,-0.96,5.99
2018-09-20,2.64,-2.42,8.07
2018-09-21,5.61,-3.7,7.07
2018-09-24,5.87,-4.47,8.49
2018-09-25,7.85,-2.81,8.53
2018-09-26,5.99,-0.31,8.04
2018-09-27,8.07,-1.35,7.7
2018-09-28,7.07,0.57,3.79
2018-10-01,8.49,-0.9,1.14
2018-10-02,8.53,-0.51,-1.31
2018-10-03,8.04,1.3,-2.87
2018-10-04,7.7,2.64,-6.56
2018-10-05,3.79,5.61,-5.31
2018-10-08,1.14,5.87,-6.03
2018-10-09,-1.31,7.85,-6.18
2018-10-10,-2.87,5.99,-6.62
2018-10-11,-6.56,8.07,-7.32
2018-10-12,-5.31,7.07,-5.27
2018-10-15,-6.03,8.49,-4.47
2018-10-16,-6.18,8.53,-7.91
2018-10-17,-6.62,8.04,-6.38
2018-10-18,-7.32,7.7,-3.41
2018-10-19,-5.27,3.79,-5.36
2018-10-22,-4.47,1.14,-4.33
2018-10-23,-7.91,-1.31,-2.52
2018-10-24,-6.38,-2.87,1.61
2018-10-25,-3.41,-6.56,-2.34
2018-10-26,-5.36,-5.31,-4.34
2018-10-29,-4.33,-6.03,-1.58
2018-10-30,-2.52,-6.18,1.2
2018-10-31,1.61,-6.62,2.14
2018-11-01,-2.34,-7.32,-1.21
2018-11-02,-4.34,-5.27,-0.8
2018-11-05,-1.58,-4.47,-1.33
2018-11-06,1.2,-7.91,-5.95
2018-11-07,2.14,-6.38,-9.73
2018-11-08,-1.21,-3.41,-2.68
2018-11-09,-0.8,-5.36,-1.58
2018-11-12,-1.33,-4.33,-3.58
2018-11-13,-5.95,-2.52,-3.82
2018-11-14,-9.73,1.61,-2.5
2018-11-15,-2.68,-2.34,-0.72
2018-11-16,-1.58,-4.34,-2.16
2018-11-19,-3.58,-1.58,-0.62
2018-11-20,-3.82,1.2,2.1
2018-11-21,-2.5,2.14,2.25
2018-11-22,-0.72,-1.21,-0.93
2018-11-23,-2.16,-0.8,-0.93
2018-11-26,-0.62,-1.33,1.78
2018-11-27,2.1,-5.95,3.47
2018-11-28,2.25,-9.73,-0.7
2018-11-29,-0.93,-2.68,-4.17
2018-11-30,-0.93,-1.58,0.43
2018-12-03,1.78,-3.58,-2.99
2018-12-04,3.47,-3.82,-1.43
2018-12-05,-0.7,-2.5,-1.36
2018-12-06,-4.17,-0.72,-1.51
2018-12-07,0.43,-2.16,-1.4
2018-12-10,-2.99,-0.62,-4.4
2018-12-11,-1.43,2.1,-7.39
2018-12-12,-1.36,2.25,-4.65
2018-12-13,-1.51,-0.93,-2.17
2018-12-14,-1.4,-0.93,-3.81
2018-12-17,-4.4,1.78,-2.0
2018-12-18,-7.39,3.47,-5.99
2018-12-19,-4.65,-0.7,-2.67
2018-12-20,-2.17,-4.17,-3.55
2018-12-21,-3.81,0.43,-1.05
2018-12-24,-2.0,-2.99,0.02
2018-12-27,-5.99,-1.43,4.73
2018-12-28,-2.67,-1.36,3.64
2018-12-31,-3.55,-1.51,5.56
2019-01-02,-1.05,-1.4,5.59
2019-01-03,0.02,-4.4,5.63
2019-01-04,4.73,-7.39,7.28
2019-01-07,3.64,-4.65,3.6
2019-01-08,5.56,-2.17,5.39
2019-01-09,5.59,-3.81,1.71
2019-01-10,5.63,-2.0,0.45
2019-01-11,7.28,-5.99,0.48
2019-01-14,3.6,-2.67,0.25
2019-01-15,5.39,-3.55,-1.39
2019-01-16,1.71,-1.05,-2.75
2019-01-17,0.45,0.02,-2.87
2019-01-18,0.48,4.73,-2.74
2019-01-21,0.25,3.64,-4.97
2019-01-22,-1.39,5.56,-3.77
2019-01-23,-2.75,5.59,-0.89
2019-01-24,-2.87,5.63,1.78
2019-01-25,-2.74,7.28,-0.34
2019-01-28,-4.97,3.6,-0.38
2019-01-29,-3.77,5.39,6.71
2019-01-30,-0.89,1.71,8.95
2019-01-31,1.78,0.45,6.92
2019-02-01,-0.34,0.48,7.32
2019-02-04,-0.38,0.25,9.98
2019-02-05,6.71,-1.39,8.39
2019-02-06,8.95,-2.75,7.78
2019-02-07,6.92,-2.87,4.0
2019-02-08,7.32,-2.74,4.22
2019-02-11,9.98,-4.97,3.44
2019-02-12,8.39,-3.77,-1.86
2019-02-13,7.78,-0.89,-2.64
2019-02-14,4.0,1.78,-1.53
2019-02-15,4.22,-0.34,-1.27
2019-02-18,3.44,-0.38,-1.34
2019-02-19,-1.86,6.71,-2.24
2019-02-20,-2.64,8.95,-3.12
2019-02-21,-1.53,6.92,-1.2
2019-02-22,-1.27,7.32,-1.93
2019-02-25,-1.34,9.98,-0.35
2019-02-26,-2.24,8.39,0.28
2019-02-27,-3.12,7.78,-0.26
2019-02-28,-1.2,4.0,0.33
2019-03-01,-1.93,4.22,-0.52
2019-03-04,-0.35,3.44,-0.26
2019-03-05,0.28,-1.86,0.68
2019-03-06,-0.26,-2.64,2.58
2019-03-07,0.33,-1.53,2.9
2019-03-08,-0.52,-1.27,2.16
2019-03-11,-0.26,-1.34,3.34
2019-03-12,0.68,-2.24,3.75
2019-03-13,2.58,-3.12,3.38
2019-03-14,2.9,-1.2,4.27
2019-03-15,2.16,-1.93,3.33
2019-03-18,3.34,-0.35,2.35
2019-03-19,3.75,0.28,2.61
2019-03-20,3.38,-0.26,-0.37
2019-03-21,4.27,0.33,0.13
2019-03-22,3.33,-0.52,2.57
2019-03-25,2.35,-0.26,0.94
2019-03-26,2.61,0.68,0.95
2019-03-27,-0.37,2.58,0.74
2019-03-28,0.13,2.9,-0.74
2019-03-29,2.57,2.16,2.99
2019-04-01,0.94,3.34,5.47
2019-04-02,0.95,3.75,4.25
2019-04-03,0.74,3.38,5.57
2019-04-04,-0.74,4.27,4.0
2019-04-05,2.99,3.33,2.17
2019-04-08,5.47,2.35,1.91
2019-04-09,4.25,2.61,0.76
2019-04-10,5.57,-0.37,2.09
2019-04-11,4.0,0.13,1.45
2019-04-12,2.17,2.57,2.44
2019-04-15,1.91,0.94,-1.38
2019-04-16,0.76,0.95,-0.82
2019-04-17,2.09,0.74,-3.49
2019-04-18,1.45,-0.74,-3.51
2019-04-23,2.44,2.99,-2.03
2019-04-24,-1.38,5.47,-3.14
2019-04-25,-0.82,4.25,-3.63
2019-04-26,-3.49,5.57,-4.18
2019-04-29,-3.51,4.0,-6.08
2019-04-30,-2.03,2.17,-7.59
2019-05-01,-3.14,1.91,-7.84
2019-05-02,-3.63,0.76,-7.92
2019-05-03,-4.18,2.09,-5.36
2019-05-07,-6.08,1.45,-3.24
2019-05-08,-7.59,2.44,-3.51
2019-05-09,-7.84,-1.38,-0.42
2019-05-10,-7.92,-0.82,1.55
2019-05-13,-5.36,-3.49,1.66
2019-05-14,-3.24,-3.51,5.05
2019-05-15,-3.51,-2.03,4.12
2019-05-16,-0.42,-3.14,3.54
2019-05-17,1.55,-3.63,3.87
2019-05-20,1.66,-4.18,3.65
2019-05-21,5.05,-6.08,1.25
2019-05-22,4.12,-7.59,0.35
2019-05-23,3.54,-7.84,-1.75
2019-05-24,3.87,-7.92,-2.16
2019-05-28,3.65,-5.36,-2.26
2019-05-29,1.25,-3.24,-4.02
2019-05-30,0.35,-3.51,-3.03
2019-05-31,-1.75,-0.42,1.42
2019-06-03,-2.16,1.55,2.02
2019-06-04,-2.26,1.66,2.11
2019-06-05,-4.02,5.05,-0.09
2019-06-06,-3.03,4.12,-0.42
2019-06-07,1.42,3.54,-0.22
2019-06-10,2.02,3.87,-1.47
2019-06-11,2.11,3.65,0.24
2019-06-12,-0.09,1.25,0.74
2019-06-13,-0.42,0.35,1.07
2019-06-14,-0.22,-1.75,0.8
2019-06-17,-1.47,-2.16,-0.94
2019-06-18,0.24,-2.26,-1.08
2019-06-19,0.74,-4.02,2.53
2019-06-20,1.07,-3.03,2.17
2019-06-21,0.8,1.42,1.8
2019-06-24,-0.94,2.02,4.09
2019-06-25,-1.08,2.11,1.83
2019-06-26,2.53,-0.09,0.87
2019-06-27,2.17,-0.42,-0.62
2019-06-28,1.8,-0.22,-2.46
2019-07-01,4.09,-1.47,-0.8
2019-07-02,1.83,0.24,-0.83
2019-07-03,0.87,0.74,-1.59
2019-07-04,-0.62,1.07,-0.89
2019-07-05,-2.46,0.8,-0.47
2019-07-08,-0.8,-0.94,-2.83
2019-07-09,-0.83,-1.08,-2.21
2019-07-10,-1.59,2.53,-3.35
2019-07-11,-0.89,2.17,-5.53
2019-07-12,-0.47,1.8,-4.57
2019-07-15,-2.83,4.09,-4.19
2019-07-16,-2.21,1.83,-3.5
2019-07-17,-3.35,0.87,-4.07
2019-07-18,-5.53,-0.62,-4.07
2019-07-19,-4.57,-2.46,-4.21
2019-07-22,-4.19,-0.8,-2.79
2019-07-23,-3.5,-0.83,-0.07
2019-07-24,-4.07,-1.59,3.35
2019-07-25,-4.07,-0.89,4.46
2019-07-26,-4.21,-0.47,1.78
2019-07-29,-2.79,-2.83,-1.41
2019-07-30,-0.07,-2.21,-3.85
2019-07-31,3.35,-3.35,-3.42
2019-08-01,4.46,-5.53,-3.95
2019-08-02,1.78,-4.57,-3.84
2019-08-05,-1.41,-4.19,-4.97
2019-08-06,-3.85,-3.5,-6.68
2019-08-07,-3.42,-4.07,-8.74
2019-08-08,-3.95,-4.07,-9.1
2019-08-09,-3.84,-4.21,-6.97
2019-08-12,-4.97,-2.79,-3.01
2019-08-13,-6.68,-0.07,-2.69
2019-08-14,-8.74,3.35,-1.34
2019-08-15,-9.1,4.46,-1.68
2019-08-16,-6.97,1.78,-2.96
2019-08-19,-3.01,-1.41,-2.55
2019-08-20,-2.69,-3.85,-1.61
2019-08-21,-1.34,-3.42,0.98
2019-08-22,-1.68,-3.95,2.14
2019-08-23,-2.96,-3.84,2.77
2019-08-27,-2.55,-4.97,0.56
2019-08-28,-1.61,-6.68,2.77
2019-08-29,0.98,-8.74,1.63
2019-08-30,2.14,-9.1,1.32
2019-09-02,2.77,-6.97,3.44
2019-09-03,0.56,-3.01,5.05
2019-09-04,2.77,-2.69,2.68
2019-09-05,1.63,-1.34,0.22
2019-09-06,1.32,-1.68,0.84
2019-09-09,3.44,-2.96,4.13
2019-09-10,5.05,-2.55,2.8
2019-09-11,2.68,-1.61,1.6
2019-09-12,0.22,0.98,1.95
2019-09-13,0.84,2.14,3.99
2019-09-16,4.13,2.77,2.79
2019-09-17,2.8,0.56,-0.31
2019-09-18,1.6,2.77,-0.66
2019-09-19,1.95,1.63,2.04
2019-09-20,3.99,1.32,2.95
2019-09-23,2.79,3.44,-1.68
2019-09-24,-0.31,5.05,-0.54
2019-09-25,-0.66,2.68,-4.48
2019-09-26,2.04,0.22,-6.19
2019-09-27,2.95,0.84,-5.01
2019-09-30,-1.68,4.13,-3.2
2019-10-01,-0.54,2.8,-1.86
2019-10-02,-4.48,1.6,-0.47
2019-10-03,-6.19,1.95,-2.39
2019-10-04,-5.01,3.99,-4.96
2019-10-07,-3.2,2.79,-4.47
2019-10-08,-1.86,-0.31,-4.67
2019-10-09,-0.47,-0.66,-1.18
2019-10-10,-2.39,2.04,0.69
2019-10-11,-4.96,2.95,-1.99
2019-10-14,-4.47,-1.68,-2.45
2019-10-15,-4.67,-0.54,-0.49
2019-10-16,-1.18,-4.48,0.02
2019-10-17,0.69,-6.19,1.59
2019-10-18,-1.99,-5.01,3.74
2019-10-21,-2.45,-3.2,3.91
2019-10-22,-0.49,-1.86,0.48
2019-10-23,0.02,-0.47,2.96
2019-10-24,1.59,-2.39,0.22
2019-10-25,3.74,-4.96,2.48
2019-10-28,3.91,-4.47,4.31
2019-10-29,0.48,-4.67,3.46
2019-10-30,2.96,-1.18,1.52
2019-10-31,0.22,0.69,0.76
2019-11-01,2.48,-1.99,-0.66
2019-11-04,4.31,-2.45,-1.04
2019-11-05,3.46,-0.49,3.93
2019-11-06,1.52,0.02,2.04
2019-11-07,0.76,1.59,3.47
2019-11-08,-0.66,3.74,2.37
2019-11-11,-1.04,3.91,-1.82
2019-11-12,3.93,0.48,-2.81
2019-11-13,2.04,2.96,-3.31
2019-11-14,3.47,0.22,-3.24
2019-11-15,2.37,2.48,-1.89
2019-11-18,-1.82,4.31,-1.26
2019-11-19,-2.81,3.46,-3.67
2019-11-20,-3.31,1.52,-4.2
2019-11-21,-3.24,0.76,-3.99
2019-11-22,-1.89,-0.66,-5.64
2019-11-25,-1.26,-1.04,-4.0
2019-11-26,-3.67,3.93,-6.35
2019-11-27,-4.2,2.04,-4.98
2019-11-28,-3.99,3.47,-6.42
2019-11-29,-5.64,2.37,-5.19
2019-12-02,-4.0,-1.82,-5.81
2019-12-03,-6.35,-2.81,-4.83
2019-12-04,-4.98,-3.31,-5.33
2019-12-05,-6.42,-3.24,-3.45
2019-12-06,-5.19,-1.89,-3.7
2019-12-09,-5.81,-1.26,-2.85
2019-12-10,-4.83,-3.67,1.87
2019-12-11,-5.33,-4.2,1.47
2019-12-12,-3.45,-3.99,3.93
2019-12-13,-3.7,-5.64,2.53
2019-12-16,-2.85,-4.0,3.78
2019-12-17,1.87,-6.35,3.92
2019-12-18,1.47,-4.98,4.47
2019-12-19,3.93,-6.42,1.95
2019-12-20,2.53,-5.19,1.98
2019-12-23,3.78,-5.81,2.75
2019-12-24,3.92,-4.83,3.17
2019-12-27,4.47,-5.33,5.17
2019-12-30,1.95,-3.45,3.13
2019-12-31,1.98,-3.7,1.91
2020-01-02,2.75,-2.85,0.61
2020-01-03,3.17,1.87,1.55
2020-01-06,5.17,1.47,2.72
2020-01-07,3.13,3.93,3.64
2020-01-08,1.91,2.53,5.0
2020-01-09,0.61,3.78,3.54
2020-01-10,1.55,3.92,0.48
2020-01-13,2.72,4.47,-2.1
2020-01-14,3.64,1.95,-1.69
2020-01-15,5.0,1.98,-2.79
2020-01-16,3.54,2.75,-2.01
2020-01-17,0.48,3.17,-1.85
2020-01-20,-2.1,5.17,-4.05
2020-01-21,-1.69,3.13,-2.85
2020-01-22,-2.79,1.91,-3.49
2020-01-23,-2.01,0.61,-6.18
2020-01-24,-1.85,1.55,-8.0
2020-01-27,-4.05,2.72,-8.27
2020-01-28,-2.85,3.64,-3.83
2020-01-29,-3.49,5.0,0.79
2020-01-30,-6.18,3.54,-1.48
2020-01-31,-8.0,0.48,-3.31
2020-02-03,-8.27,-2.1,-2.59
2020-02-04,-3.83,-1.69,-2.5
2020-02-05,0.79,-2.79,-0.69
2020-02-06,-1.48,-2.01,-1.53
2020-02-07,-3.31,-1.85,0.03
2020-02-10,-2.59,-4.05,1.83
2020-02-11,-2.5,-2.85,-2.98
2020-02-12,-0.69,-3.49,-4.44
2020-02-13,-1.53,-6.18,-1.85
2020-02-14,0.03,-8.0,-3.5
2020-02-17,1.83,-8.27,-5.67
2020-02-18,-2.98,-3.83,-8.73
2020-02-19,-4.44,0.79,-9.73
2020-02-20,-1.85,-1.48,-9.96
2020-02-21,-3.5,-3.31,-13.29
2020-02-24,-5.67,-2.59,-10.79
2020-02-25,-8.73,-2.5,-9.3
2020-02-26,-9.73,-0.69,-8.68
2020-02-27,-9.96,-1.53,-10.62
2020-02-28,-13.29,0.03,-12.87
2020-03-02,-10.79,1.83,-27.39
2020-03-03,-9.3,-2.98,-23.28
2020-03-04,-8.68,-4.44,-25.97
2020-03-05,-10.62,-1.85,-33.6
2020-03-06,-12.87,-3.5,-30.25
2020-03-09,-27.39,-5.67,-36.94
2020-03-10,-23.28,-8.73,-37.43
2020-03-11,-25.97,-9.73,-44.71
2020-03-12,-33.6,-9.96,-42.22
2020-03-13,-30.25,-13.29,-36.31
2020-03-16,-36.94,-10.79,-19.26
2020-03-17,-37.43,-9.3,-5.03
2020-03-18,-44.71,-8.68,7.02
2020-03-19,-42.22,-10.62,22.55
2020-03-20,-36.31,-12.87,10.57
2020-03-23,-19.26,-27.39,24.77
2020-03-24,-5.03,-23.28,32.56
2020-03-25,7.02,-25.97,42.79
2020-03-26,22.55,-33.6,46.77
2020-03-27,10.57,-30.25,34.01
2020-03-30,24.77,-36.94,30.73
2020-03-31,32.56,-37.43,9.17
2020-04-01,42.79,-44.71,-1.19
2020-04-02,46.77,-42.22,-0.37
2020-04-03,34.01,-36.31,5.11
2020-04-06,30.73,-19.26,-7.39
2020-04-07,9.17,-5.03,-15.18
2020-04-08,-1.19,7.02,-9.04
2020-04-09,-0.37,22.55,-14.45
2020-04-14,5.11,10.57,-13.09
2020-04-15,-7.39,24.77,-7.47
2020-04-16,-15.18,32.56,-6.86
2020-04-17,-9.04,42.79,-7.98
2020-04-20,-14.45,46.77,-6.48
2020-04-21,-13.09,34.01,0.31
2020-04-22,-7.47,30.73,11.28
2020-04-23,-6.86,9.17,7.24
2020-04-24,-7.98,-1.19,-1.55
2020-04-27,-6.48,-0.37,-0.56
2020-04-28,0.31,5.11,8.78
2020-04-29,11.28,-7.39,0.95
2020-04-30,7.24,-15.18,-0.54
2020-05-01,-1.55,-9.04,1.7
2020-05-04,-0.56,-14.45,-0.24
2020-05-05,8.78,-13.09,-6.35
2020-05-06,0.95,-7.47,-11.11
2020-05-07,-0.54,-6.86,-5.3
2020-05-11,1.7,-7.98,7.34
2020-05-12,-0.24,-6.48,4.51
2020-05-13,-6.35,0.31,-0.11
2020-05-14,-11.11,11.28,-0.57
2020-05-15,-5.3,7.24,-1.87
2020-05-18,7.34,-1.55,-1.24
2020-05-19,4.51,-0.56,1.98
2020-05-20,-0.11,8.78,4.08
2020-05-21,-0.57,0.95,3.14
2020-05-22,-1.87,-0.54,4.89
2020-05-26,-1.24,1.7,2.43
2020-05-27,1.98,-0.24,8.01
2020-05-28,4.08,-6.35,5.54
2020-05-29,3.14,-11.11,16.14
2020-06-01,4.89,-5.3,17.98
2020-06-02,2.43,7.34,13.91
2020-06-03,8.01,4.51,7.83
2020-06-04,5.54,-0.11,2.21
2020-06-05,16.14,-0.57,5.66
2020-06-08,17.98,-1.87,1.61
2020-06-09,13.91,-1.24,-2.12
2020-06-10,7.83,1.98,-6.65
2020-06-11,2.21,4.08,-6.35
2020-06-12,5.66,3.14,-11.26
2020-06-15,1.61,4.89,-13.75
2020-06-16,-2.12,2.43,-8.95
2020-06-17,-6.65,8.01,-10.77
2020-06-18,-6.35,5.54,-3.83
2020-06-19,-11.26,16.14,-5.71
2020-06-22,-13.75,17.98,-0.35
2020-06-23,-8.95,13.91,-4.49
2020-06-24,-10.77,7.83,-2.34
2020-06-25,-3.83,2.21,-0.51
2020-06-26,-5.71,5.66,-4.32
2020-06-29,-0.35,1.61,-0.86
2020-06-30,-4.49,-2.12,-4.08
2020-07-01,-2.34,-6.65,-1.27
2020-07-02,-0.51,-6.35,-6.03
2020-07-03,-4.32,-11.26,-4.53
2020-07-06,-0.86,-13.75,-5.8
2020-07-07,-4.08,-8.95,-0.88
2020-07-08,-1.27,-10.77,0.29
2020-07-09,-6.03,-3.83,-0.26
2020-07-10,-4.53,-5.71,0.57
2020-07-13,-5.8,-0.35,-3.05
2020-07-14,-0.88,-4.49,2.46
2020-07-15,0.29,-2.34,0.13
2020-07-16,-0.26,-0.51,3.38
2020-07-17,0.57,-4.32,2.51
2020-07-20,-3.05,-0.86,-0.76
2020-07-21,2.46,-4.08,-3.53
2020-07-22,0.13,-1.27,-5.3
2020-07-23,3.38,-6.03,-9.31
2020-07-24,2.51,-4.53,-11.04
2020-07-27,-0.76,-5.8,-7.31
2020-07-28,-3.53,-0.88,-5.29
2020-07-29,-5.3,0.29,0.92
2020-07-30,-9.31,-0.26,-1.52
2020-07-31,-11.04,0.57,-3.64
2020-08-03,-7.31,-3.05,0.34
2020-08-04,-5.29,2.46,4.7
2020-08-05,0.92,0.13,5.96
2020-08-06,-1.52,3.38,6.3
2020-08-07,-3.64,2.51,6.36
2020-08-10,0.34,-0.76,2.67
2020-08-11,4.7,-3.53,-5.31
2020-08-12,5.96,-5.3,-7.48
2020-08-13,6.3,-9.31,-6.27
2020-08-14,6.36,-11.04,-4.84
2020-08-17,2.67,-7.31,-4.54
2020-08-18,-5.31,-5.29,-10.68
2020-08-19,-7.48,0.92,-13.03
2020-08-20,-6.27,-1.52,-11.27
2020-08-21,-4.84,-3.64,-9.72
2020-08-24,-4.54,0.34,-10.0
2020-08-25,-10.68,4.7,-8.95
2020-08-26,-13.03,5.96,-8.44
2020-08-27,-11.27,6.3,-6.96
2020-08-28,-9.72,6.36,-2.45
2020-09-01,-10.0,2.67,-8.33
2020-09-02,-8.95,-5.31,-4.53
2020-09-03,-8.44,-7.48,-3.14
2020-09-04,-6.96,-6.27,-1.95
2020-09-07,-2.45,-4.84,-2.69
2020-09-08,-8.33,-4.54,-0.27
2020-09-09,-4.53,-10.68,-0.81
2020-09-10,-3.14,-13.03,-2.93
2020-09-11,-1.95,-11.27,-4.56
2020-09-14,-2.69,-9.72,-11.48
2020-09-15,-0.27,-10.0,-6.38
2020-09-16,-0.81,-8.95,-8.79
2020-09-17,-2.93,-8.44,-11.38
2020-09-18,-4.56,-6.96,-10.97
2020-09-21,-11.48,-2.45,-8.81
2020-09-22,-6.38,-8.33,-11.47
2020-09-23,-8.79,-4.53,-12.0
2020-09-24,-11.38,-3.14,-13.46
2020-09-25,-10.97,-1.95,-12.76
2020-09-28,-8.81,-2.69,-7.73
2020-09-29,-11.47,-0.27,-8.95
2020-09-30,-12.0,-0.81,-9.76
2020-10-01,-13.46,-2.93,-4.97
2020-10-02,-12.76,-4.56,-4.8
2020-10-05,-7.73,-11.48,-7.12
2020-10-06,-8.95,-6.38,-7.04
2020-10-07,-9.76,-8.79,-5.57
2020-10-08,-4.97,-11.38,-5.38
2020-10-09,-4.8,-10.97,-2.33
2020-10-12,-7.12,-8.81,-4.61
2020-10-13,-7.04,-11.47,-6.54
2020-10-14,-5.57,-12.0,-7.36
2020-10-15,-5.38,-13.46,-8.81
2020-10-16,-2.33,-12.76,-7.47
2020-10-19,-4.61,-7.73,-8.15
2020-10-20,-6.54,-8.95,-8.17
2020-10-21,-7.36,-9.76,-9.03
2020-10-22,-8.81,-4.97,-6.29
2020-10-23,-7.47,-4.8,-6.11
2020-10-26,-8.15,-7.12,-1.23
2020-10-27,-8.17,-7.04,1.94
2020-10-28,-9.03,-5.57,4.4
2020-10-29,-6.29,-5.38,-0.37
2020-10-30,-6.11,-2.33,-2.74
2020-11-02,-1.23,-4.61,14.97
2020-11-03,1.94,-6.54,23.48
2020-11-04,4.4,-7.36,25.65
2020-11-05,-0.37,-8.81,22.92
2020-11-06,-2.74,-7.47,20.5
2020-11-09,14.97,-8.15,22.2
2020-11-10,23.48,-8.17,19.89
2020-11-11,25.65,-9.03,20.69
2020-11-12,22.92,-6.29,21.48
2020-11-13,20.5,-6.11,22.29
2020-11-16,22.2,-1.23,10.22
2020-11-17,19.89,1.94,13.69
2020-11-18,20.69,4.4,10.08
2020-11-19,21.48,-0.37,10.81
2020-11-20,22.29,-2.74,10.98
2020-11-23,10.22,14.97,-1.24
2020-11-24,13.69,23.48,1.33
2020-11-25,10.08,25.65,6.03
2020-11-26,10.81,22.92,9.33
2020-11-27,10.98,20.5,13.32
2020-11-30,-1.24,22.2,8.03
2020-12-01,1.33,19.89,-0.8
2020-12-02,6.03,20.69,1.89
2020-12-03,9.33,21.48,8.06
2020-12-04,13.32,22.29,4.7
2020-12-07,8.03,10.22,8.92
2020-12-08,-0.8,13.69,6.16
2020-12-09,1.89,10.08,2.04
2020-12-10,8.06,10.81,1.07
2020-12-11,4.7,10.98,-2.02
2020-12-14,8.92,-1.24,-5.75
2020-12-15,6.16,1.33,-5.15
2020-12-16,2.04,6.03,-2.51
2020-12-17,1.07,9.33,-7.64
2020-12-18,-2.02,13.32,-4.69
2020-12-21,-5.75,8.03,-3.84
2020-12-22,-5.15,-0.8,-5.89
2020-12-23,-2.51,1.89,-6.64
2020-12-24,-7.64,8.06,1.17
2020-12-29,-4.69,4.7,6.8
2020-12-30,-3.84,8.92,14.32
2020-12-31,-5.89,6.16,15.53
2021-01-04,-6.64,2.04,12.44
2021-01-05,1.17,1.07,15.97
2021-01-06,6.8,-2.02,15.84
2021-01-07,14.32,-5.75,19.22
2021-01-08,15.53,-5.15,18.7
2021-01-11,12.44,-2.51,18.02
2021-01-12,15.97,-7.64,10.55
2021-01-13,15.84,-4.69,4.5
2021-01-14,19.22,-3.84,-0.56
2021-01-15,18.7,-5.89,-2.91
2021-01-18,18.02,-6.64,-6.07
2021-01-19,10.55,1.17,-7.43
2021-01-20,4.5,6.8,-7.09
2021-01-21,-0.56,14.32,-10.59
2021-01-22,-2.91,15.53,-10.23
2021-01-25,-6.07,12.44,-11.07
2021-01-26,-7.43,15.97,-15.35
2021-01-27,-7.09,15.84,-14.71
2021-01-28,-10.59,19.22,-13.09
2021-01-29,-10.23,18.7,-13.09
2021-02-01,-11.07,18.02,-6.66
2021-02-02,-15.35,10.55,-8.02
2021-02-03,-14.71,4.5,-8.23
2021-02-04,-13.09,-0.56,-6.76
2021-02-05,-13.09,-2.91,-3.57
2021-02-08,-6.66,-6.07,4.42
2021-02-09,-8.02,-7.43,9.1
2021-02-10,-8.23,-7.09,8.63
2021-02-11,-6.76,-10.59,5.67
2021-02-12,-3.57,-10.23,8.05
2021-02-15,4.42,-11.07,6.87
2021-02-16,9.1,-15.35,9.16
2021-02-17,8.63,-14.71,15.32
2021-02-18,5.67,-13.09,18.13
2021-02-19,8.05,-13.09,11.44
2021-02-22,6.87,-6.66,6.69
2021-02-23,9.16,-8.02,6.61
2021-02-24,15.32,-8.23,8.66
2021-02-25,18.13,-6.76,16.22
2021-02-26,11.44,-3.57,17.06
2021-03-01,6.69,4.42,13.82
2021-03-02,6.61,9.1,11.2
2021-03-03,8.66,8.63,5.42
2021-03-04,16.22,5.67,4.96
2021-03-05,17.06,8.05,10.87
2021-03-08,13.82,6.87,6.25
2021-03-09,11.2,9.16,4.94
2021-03-10,5.42,15.32,2.92
2021-03-11,4.96,18.13,-0.37
2021-03-12,10.87,11.44,-3.8
2021-03-15,6.25,6.69,-3.58
2021-03-16,4.94,6.61,-6.19
2021-03-17,2.92,8.66,-4.27
2021-03-18,-0.37,16.22,-8.12
2021-03-19,-3.8,17.06,-6.43
2021-03-22,-3.58,13.82,-4.95
2021-03-23,-6.19,11.2,-3.13
2021-03-24,-4.27,5.42,-6.1
2021-03-25,-8.12,4.96,-7.1
2021-03-26,-6.43,10.87,-2.23
2021-03-29,-4.95,6.25,-0.59
2021-03-30,-3.13,4.94,0.91
2021-03-31,-6.1,2.92,-2.17
2021-04-01,-7.1,-0.37,1.6
2021-04-06,-2.23,-3.8,-1.45
2021-04-07,-0.59,-3.58,2.61
2021-04-08,0.91,-6.19,0.66
2021-04-09,-2.17,-4.27,2.82
2021-04-12,1.6,-8.12,3.81
2021-04-13,-1.45,-6.43,-2.7
2021-04-14,2.61,-4.95,-3.19
2021-04-15,0.66,-3.13,-1.16
2021-04-16,2.82,-6.1,-0.98
2021-04-19,3.81,-7.1,-0.62
2021-04-20,-2.7,-2.23,-0.99
2021-04-21,-3.19,-0.59,-1.25
2021-04-22,-1.16,0.91,-0.49
2021-04-23,-0.98,-2.17,0.02
2021-04-26,-0.62,1.6,3.09
2021-04-27,-0.99,-1.45,9.17
2021-04-28,-1.25,2.61,6.36
2021-04-29,-0.49,0.66,6.29
2021-04-30,0.02,2.82,8.08
2021-05-04,3.09,3.81,2.71
2021-05-05,9.17,-2.7,6.77
2021-05-06,6.36,-3.19,1.28
2021-05-07,6.29,-1.16,3.86
2021-05-10,8.08,-0.98,4.09
2021-05-11,2.71,-0.62,2.14
2021-05-12,6.77,-0.99,-3.19
2021-05-13,1.28,-1.25,-1.34
2021-05-14,3.86,-0.49,-0.43
2021-05-17,4.09,0.02,0.22
2021-05-18,2.14,3.09,1.79
2021-05-19,-3.19,9.17,-1.46
2021-05-20,-1.34,6.36,-0.6
2021-05-21,-0.43,6.29,-2.39
2021-05-24,0.22,8.08,-0.21
2021-05-25,1.79,2.71,1.56
2021-05-26,-1.46,6.77,5.11
2021-05-27,-0.6,1.28,2.95
2021-05-28,-2.39,3.86,2.24
2021-06-01,-0.21,4.09,2.15
2021-06-02,1.56,2.14,4.74
2021-06-03,5.11,-3.19,4.07
2021-06-04,2.95,-1.34,5.79
2021-06-07,2.24,-0.43,7.92
2021-06-08,2.15,0.22,5.7
2021-06-09,4.74,1.79,2.24
2021-06-10,4.07,-1.46,-0.02
2021-06-11,5.79,-0.6,-1.27
2021-06-14,7.92,-2.39,-0.74
2021-06-15,5.7,-0.21,-0.15
2021-06-16,2.24,1.56,-0.17
2021-06-17,-0.02,5.11,0.29
2021-06-18,-1.27,2.95,0.37
2021-06-21,-0.74,2.24,-4.62
2021-06-22,-0.15,2.15,-5.02
2021-06-23,-0.17,4.74,-4.24
2021-06-24,0.29,4.07,0.14
2021-06-25,0.37,5.79,1.9
2021-06-28,-4.62,7.92,2.34
2021-06-29,-5.02,5.7,-3.69
2021-06-30,-4.24,2.24,-5.09
2021-07-01,0.14,-0.02,-5.12
2021-07-02,1.9,-1.27,-4.49
2021-07-05,2.34,-0.74,-1.9
2021-07-06,-3.69,-0.15,-3.2
2021-07-07,-5.09,-0.17,-3.25
2021-07-08,-5.12,0.29,-8.77
2021-07-09,-4.49,0.37,-9.07
2021-07-12,-1.9,-4.62,-14.12
2021-07-13,-3.2,-5.02,-9.86
2021-07-14,-3.25,-4.24,-5.93
2021-07-15,-8.77,0.14,-7.7
2021-07-16,-9.07,1.9,-8.62
2021-07-19,-14.12,2.34,-5.47
2021-07-20,-9.86,-3.69,-4.74
2021-07-21,-5.93,-5.09,-4.25
2021-07-22,-7.7,-5.12,-0.14
2021-07-23,-8.62,-4.49,-1.04
2021-07-26,-5.47,-1.9,4.06
2021-07-27,-4.74,-3.2,9.26
2021-07-28,-4.25,-3.25,4.68
2021-07-29,-0.14,-8.77,7.66
2021-07-30,-1.04,-9.07,8.22
2021-08-02,4.06,-14.12,4.52
2021-08-03,9.26,-9.86,6.01
2021-08-04,4.68,-5.93,6.82
2021-08-05,7.66,-7.7,3.82
2021-08-06,8.22,-8.62,5.58
2021-08-09,4.52,-5.47,2.85
2021-08-10,6.01,-4.74,-1.19
2021-08-11,6.82,-4.25,-0.12
2021-08-12,3.82,-0.14,-5.89
2021-08-13,5.58,-1.04,-6.38
2021-08-16,2.85,4.06,-3.42
2021-08-17,-1.19,9.26,-3.25
2021-08-18,-0.12,4.68,-4.28
2021-08-19,-5.89,7.66,-3.39
2021-08-20,-6.38,8.22,-0.93
2021-08-23,-3.42,4.52,-0.35
2021-08-24,-3.25,6.01,-2.71
2021-08-25,-4.28,6.82,-0.91
2021-08-26,-3.39,3.82,3.08
2021-08-27,-0.93,5.58,3.68
2021-08-31,-0.35,2.85,1.15
2021-09-01,-2.71,-1.19,-0.2
2021-09-02,-0.91,-0.12,-1.22
2021-09-03,3.08,-5.89,-0.3
2021-09-06,3.68,-6.38,-0.07
2021-09-07,1.15,-3.42,1.03
2021-09-08,-0.2,-3.25,5.1
2021-09-09,-1.22,-4.28,2.02
2021-09-10,-0.3,-3.39,2.71
2021-09-13,-0.07,-0.93,1.76
2021-09-14,1.03,-0.35,3.49
2021-09-15,5.1,-2.71,6.2
2021-09-16,2.02,-0.91,7.82
2021-09-17,2.71,3.08,8.3
2021-09-20,1.76,3.68,9.59
2021-09-21,3.49,1.15,12.2
2021-09-22,6.2,-0.2,9.39
2021-09-23,7.82,-1.22,11.23
2021-09-24,8.3,-0.3,10.93
2021-09-27,9.59,-0.07,13.42
2021-09-28,12.2,1.03,13.55
2021-09-29,9.39,5.1,7.83
2021-09-30,11.23,2.02,8.51
2021-10-01,10.93,2.71,10.42
2021-10-04,13.42,1.76,8.75
2021-10-05,13.55,3.49,6.42
2021-10-06,7.83,6.2,4.92
2021-10-07,8.51,7.82,5.11
2021-10-08,10.42,8.3,7.59
2021-10-11,8.75,9.59,4.94
2021-10-12,6.42,12.2,3.22
2021-10-13,4.92,9.39,6.31
2021-10-14,5.11,11.23,3.31
2021-10-15,7.59,10.93,0.41
2021-10-18,4.94,13.42,0.1
2021-10-19,3.22,13.55,0.28
2021-10-20,6.31,7.83,0.75
2021-10-21,3.31,8.51,-1.58
2021-10-22,0.41,10.42,-3.69
2021-10-25,0.1,8.75,-1.23
2021-10-26,0.28,6.42,-4.7
2021-10-27,0.75,4.92,-7.78
2021-10-28,-1.58,5.11,-4.69
2021-10-29,-3.69,7.59,-2.7
2021-11-01,-1.23,4.94,-4.27
2021-11-02,-4.7,3.22,-4.11
2021-11-03,-7.78,6.31,-2.74
2021-11-04,-4.69,3.31,-1.96
2021-11-05,-2.7,0.41,-2.66
2021-11-08,-4.27,0.1,-4.33
2021-11-09,-4.11,0.28,-0.12
2021-11-10,-2.74,0.75,2.14
2021-11-11,-1.96,-1.58,-0.9
2021-11-12,-2.66,-3.69,-5.46
2021-11-15,-4.33,-1.23,-3.14
2021-11-16,-0.12,-4.7,-1.47
2021-11-17,2.14,-7.78,-0.95
2021-11-18,-0.9,-4.69,-0.12
2021-11-19,-5.46,-2.7,-6.82
2021-11-22,-3.14,-4.27,-4.06
2021-11-23,-1.47,-4.11,-5.54
2021-11-24,-0.95,-2.74,-2.66
2021-11-25,-0.12,-1.96,0.04
2021-11-26,-6.82,-2.66,4.38
2021-11-29,-4.06,-4.33,3.62
2021-11-30,-5.54,-0.12,3.39
2021-12-01,-2.66,2.14,1.22
2021-12-02,0.04,-0.9,-0.35
2021-12-03,4.38,-5.46,7.85
2021-12-06,3.62,-3.14,2.23
2021-12-07,3.39,-1.47,3.75
2021-12-08,1.22,-0.95,-0.6
2021-12-09,-0.35,-0.12,0.7
2021-12-10,7.85,-6.82,-2.08
2021-12-13,2.23,-4.06,-6.7
2021-12-14,3.75,-5.54,-5.46
2021-12-15,-0.6,-2.66,-4.01
2021-12-16,0.7,0.04,-1.63
2021-12-17,-2.08,4.38,-1.39
2021-12-20,-6.7,3.62,0.3
2021-12-21,-5.46,3.39,-1.38
2021-12-22,-4.01,1.22,-0.12
2021-12-23,-1.63,-0.35,3.56
2021-12-24,-1.39,7.85,6.31
2021-12-29,0.3,2.23,9.85
2021-12-30,-1.38,3.75,9.28
2021-12-31,-0.12,-0.6,8.47
2022-01-04,3.56,0.7,9.37
2022-01-05,6.31,-2.08,12.91
2022-01-06,9.85,-6.7,14.26
2022-01-07,9.28,-5.46,16.73
2022-01-10,8.47,-4.01,19.14
2022-01-11,9.37,-1.63,12.75
2022-01-12,12.91,-1.39,11.08
2022-01-13,14.26,0.3,9.57
2022-01-14,16.73,-1.38,5.43
2022-01-17,19.14,-0.12,0.29
2022-01-18,12.75,3.56,2.72
2022-01-19,11.08,6.31,3.32
2022-01-20,9.57,9.85,2.24
2022-01-21,5.43,9.28,-0.84
2022-01-24,0.29,8.47,-2.78
2022-01-25,2.72,9.37,-0.62
2022-01-26,3.32,12.91,-1.15
2022-01-27,2.24,14.26,0.84
2022-01-28,-0.84,16.73,6.19
2022-01-31,-2.78,19.14,12.24
2022-02-01,-0.62,12.75,5.1
2022-02-02,-1.15,11.08,4.11
2022-02-03,0.84,9.57,4.64
2022-02-04,6.19,5.43,8.24
2022-02-07,12.24,0.29,4.66
2022-02-08,5.1,2.72,1.03
2022-02-09,4.11,3.32,3.65
2022-02-10,4.64,2.24,1.4
2022-02-11,8.24,-0.84,-3.57
2022-02-14,4.66,-2.78,-4.96
2022-02-15,1.03,-0.62,-3.13
2022-02-16,3.65,-1.15,-6.68
2022-02-17,1.4,0.84,-11.04
2022-02-18,-3.57,6.19,-9.28
2022-02-21,-4.96,12.24,-9.26
2022-02-22,-3.13,5.1,-10.13
2022-02-23,-6.68,4.11,-7.27
2022-02-24,-11.04,4.64,-9.91
2022-02-25,-9.28,8.24,-11.05
2022-02-28,-9.26,4.66,-6.93
2022-03-01,-10.13,1.03,-1.68
2022-03-02,-7.27,3.65,-2.96
2022-03-03,-9.91,1.4,-0.51
2022-03-04,-11.05,-3.57,-4.78
2022-03-07,-6.93,-4.96,-1.94
2022-03-08,-1.68,-3.13,1.09
2022-03-09,-2.96,-6.68,-3.67
2022-03-10,-0.51,-11.04,2.68
2022-03-11,-4.78,-9.28,3.52
2022-03-14,-1.94,-9.26,3.73
2022-03-15,1.09,-10.13,-2.29
2022-03-16,-3.67,-7.27,4.4
2022-03-17,2.68,-9.91,7.07
2022-03-18,3.52,-11.05,8.68
2022-03-21,3.73,-6.93,6.84
2022-03-22,-2.29,-1.68,2.87
2022-03-23,4.4,-2.96,6.13
2022-03-24,7.07,-0.51,1.98
2022-03-25,8.68,-4.78,5.15
2022-03-28,6.84,-1.94,0.69
2022-03-29,2.87,1.09,3.12
2022-03-30,6.13,-3.67,-1.82
2022-03-31,1.98,2.68,-3.03
2022-04-01,5.15,3.52,-0.05
2022-04-04,0.69,3.73,1.51
2022-04-05,3.12,-2.29,6.62
2022-04-06,-1.82,4.4,3.81
2022-04-07,-3.03,7.07,6.42
2022-04-08,-0.05,8.68,5.83
2022-04-11,1.51,6.84,6.24
2022-04-12,6.62,2.87,5.29
2022-04-13,3.81,6.13,3.23
2022-04-14,6.42,1.98,-2.27
2022-04-19,5.83,5.15,-3.08
2022-04-20,6.24,0.69,-2.13
2022-04-21,5.29,3.12,-2.0
2022-04-22,3.23,-1.82,-1.46
2022-04-25,-2.27,-3.03,3.71
2022-04-26,-3.08,-0.05,3.7
2022-04-27,-2.13,1.51,4.42
2022-04-28,-2.0,6.62,5.83
2022-04-29,-1.46,3.81,2.96
2022-05-03,3.71,6.42,9.79
2022-05-04,3.7,5.83,10.66
2022-05-05,4.42,6.24,5.75
2022-05-06,5.83,5.29,6.87
2022-05-09,2.96,3.23,6.84
2022-05-10,9.79,-2.27,1.69
2022-05-11,10.66,-3.08,1.55
2022-05-12,5.75,-2.13,-1.48
2022-05-13,6.87,-2.0,-2.21
2022-05-16,6.84,-1.46,5.93
2022-05-17,1.69,3.71,4.61
2022-05-18,1.55,3.7,1.89
2022-05-19,-1.48,4.42,8.77
2022-05-20,-2.21,5.83,3.85
2022-05-23,5.93,2.96,3.62
2022-05-24,4.61,9.79,3.09
2022-05-25,1.89,10.66,2.12
2022-05-26,8.77,5.75,6.72
2022-05-27,3.85,6.87,7.02
2022-05-30,3.62,6.84,5.27
2022-05-31,3.09,1.69,5.83
2022-06-01,2.12,1.55,2.24
2022-06-06,6.72,-1.48,-2.06
2022-06-07,7.02,-2.21,1.0
2022-06-08,5.27,5.93,-1.41
2022-06-09,5.83,4.61,-6.87
2022-06-10,2.24,1.89,-12.02
2022-06-13,-2.06,8.77,-11.11
2022-06-14,1.0,3.85,-11.46
2022-06-15,-1.41,3.62,-15.09
2022-06-16,-6.87,3.09,-16.21
2022-06-17,-12.02,2.12,-11.65
2022-06-20,-11.11,6.72,-8.14
2022-06-21,-11.46,7.02,-8.71
2022-06-22,-15.09,5.27,-6.95
2022-06-23,-16.21,5.83,-3.98
2022-06-24,-11.65,2.24,1.33
2022-06-27,-8.14,-2.06,2.54
2022-06-28,-8.71,1.0,-5.58
2022-06-29,-6.95,-1.41,-3.82
2022-06-30,-3.98,-6.87,2.56
2022-07-01,1.33,-12.02,0.01
2022-07-04,2.54,-11.11,-1.79
2022-07-05,-5.58,-11.46,-5.04
2022-07-06,-3.82,-15.09,-5.15
2022-07-07,2.56,-16.21,-6.27
2022-07-08,0.01,-11.65,-2.96
2022-07-11,-1.79,-8.14,-4.76
2022-07-12,-5.04,-8.71,3.29
2022-07-13,-5.15,-6.95,5.38
2022-07-14,-6.27,-3.98,-0.35
2022-07-15,-2.96,1.33,-0.84
2022-07-18,-4.76,2.54,0.55
2022-07-19,3.29,-5.58,3.05
2022-07-20,5.38,-3.82,4.23
2022-07-21,-0.35,2.56,6.99
2022-07-22,-0.84,0.01,7.21
2022-07-25,0.55,-1.79,2.62
2022-07-26,3.05,-5.04,4.6
2022-07-27,4.23,-5.15,5.71
2022-07-28,6.99,-6.27,6.28
2022-07-29,7.21,-2.96,7.27
2022-08-01,2.62,-4.76,7.65
2022-08-02,4.6,3.29,8.75
2022-08-03,5.71,5.38,7.15
2022-08-04,6.28,-0.35,9.8
2022-08-05,7.27,-0.84,7.64
2022-08-08,7.65,0.55,8.45
2022-08-09,8.75,3.05,5.74
2022-08-10,7.15,4.23,4.92
2022-08-11,9.8,6.99,8.33
2022-08-12,7.64,7.21,8.91
2022-08-15,8.45,2.62,7.85
2022-08-16,5.74,4.6,8.72
2022-08-17,4.92,5.71,7.53
2022-08-18,8.33,6.28,7.46
2022-08-19,8.91,7.27,6.33
2022-08-22,7.85,7.65,5.58
2022-08-23,8.72,8.75,3.52
2022-08-24,7.53,7.15,2.39
2022-08-25,7.46,9.8,2.65
2022-08-26,6.33,7.64,3.47
2022-08-30,5.58,8.45,0.82
2022-08-31,3.52,5.74,-3.95
2022-09-01,2.39,4.92,-2.19
2022-09-02,2.65,8.33,-1.88
2022-09-05,3.47,8.91,0.01
2022-09-06,0.82,7.85,2.74
2022-09-07,-3.95,8.72,4.71
2022-09-08,-2.19,7.53,3.48
2022-09-09,-1.88,7.46,-0.36
2022-09-12,0.01,6.33,-2.34
2022-09-13,2.74,5.58,0.63
2022-09-14,4.71,3.52,3.85
2022-09-15,3.48,2.39,-2.25
2022-09-16,-0.36,2.65,-4.63
2022-09-20,-2.34,3.47,-5.84
2022-09-21,0.63,0.82,-5.56
2022-09-22,3.85,-3.95,-6.54
2022-09-23,-2.25,-2.19,-5.14
2022-09-26,-4.63,-1.88,-2.07
2022-09-27,-5.84,0.01,0.44
2022-09-28,-5.56,2.74,1.02
2022-09-29,-6.54,4.71,0.46
2022-09-30,-5.14,3.48,8.31
2022-10-03,-2.07,-0.36,7.56
2022-10-04,0.44,-2.34,4.99
2022-10-05,1.02,0.63,3.09
2022-10-06,0.46,3.85,6.06
2022-10-07,8.31,-2.25,5.07
2022-10-10,7.56,-4.63,1.52
2022-10-11,4.99,-5.84,-2.04
2022-10-12,3.09,-5.56,-1.08
2022-10-13,6.06,-6.54,0.13
2022-10-14,5.07,-5.14,-0.99
2022-10-17,1.52,-2.07,1.63
2022-10-18,-2.04,0.44,2.87
2022-10-19,-1.08,1.02,3.71
2022-10-20,0.13,0.46,5.16
2022-10-21,-0.99,8.31,3.93
2022-10-24,1.63,7.56,6.75
2022-10-25,2.87,4.99,9.25
2022-10-26,3.71,3.09,6.39
2022-10-27,5.16,6.06,7.06
2022-10-28,3.93,5.07,7.64
2022-10-31,6.75,1.52,6.77
2022-11-01,9.25,-2.04,4.32
2022-11-02,6.39,-1.08,3.45
2022-11-03,7.06,0.13,-2.31
2022-11-04,7.64,-0.99,1.15
2022-11-07,6.77,1.63,0.15
2022-11-08,4.32,2.87,-1.93
2022-11-09,3.45,3.71,-0.62
2022-11-10,-2.31,5.16,-3.01
2022-11-11,1.15,3.93,-4.78
2022-11-14,0.15,6.75,-8.7
2022-11-15,-1.93,9.25,0.47
2022-11-16,-0.62,6.39,0.21
2022-11-17,-3.01,7.06,2.72
2022-11-18,-4.78,7.64,2.08
2022-11-21,-8.7,6.77,0.63
2022-11-22,0.47,4.32,3.14
2022-11-23,0.21,3.45,3.36
2022-11-24,2.72,-2.31,2.26
2022-11-25,2.08,1.15,1.02
2022-11-28,0.63,0.15,5.53
2022-11-29,3.14,-1.93,-2.74
2022-11-30,3.36,-0.62,-3.95
2022-12-01,2.26,-3.01,-4.05
2022-12-02,1.02,-4.78,-5.41
2022-12-05,5.53,-8.7,-4.44
2022-12-06,-2.74,0.47,-4.27
2022-12-07,-3.95,0.21,-5.62
2022-12-08,-4.05,2.72,-4.82
2022-12-09,-5.41,2.08,-5.3
2022-12-12,-4.44,0.63,-3.5
2022-12-13,-4.27,3.14,-1.52
2022-12-14,-5.62,3.36,3.45
2022-12-15,-4.82,2.26,3.01
2022-12-16,-5.3,1.02,3.67
2022-12-19,-3.5,5.53,3.96
2022-12-20,-1.52,-2.74,2.06
2022-12-21,3.45,-3.95,1.14
2022-12-22,3.01,-4.05,3.76
2022-12-23,3.67,-5.41,2.29
2022-12-28,3.96,-4.44,1.1
2022-12-29,2.06,-4.27,2.05
2022-12-30,1.14,-5.62,-0.15
2023-01-03,3.76,-4.82,-0.59
2023-01-04,2.29,-5.3,-0.07
2023-01-05,1.1,-3.5,0.96
2023-01-06,2.05,-1.52,0.75
2023-01-09,-0.15,3.45,1.28
2023-01-10,-0.59,3.01,0.27
2023-01-11,-0.07,3.67,4.37
2023-01-12,0.96,3.96,0.63
2023-01-13,0.75,2.06,-0.25
2023-01-16,1.28,1.14,0.31
2023-01-17,0.27,3.76,0.03
2023-01-18,4.37,2.29,-0.8
2023-01-19,0.63,1.1,-0.16
2023-01-20,-0.25,2.05,1.02
2023-01-23,0.31,-0.15,2.3
2023-01-24,0.03,-0.59,0.87
2023-01-25,-0.8,-0.07,1.29
2023-01-26,-0.16,0.96,0.86
2023-01-27,1.02,0.75,2.14
2023-01-30,2.3,1.28,-0.51
2023-01-31,0.87,0.27,8.66
2023-02-01,1.29,4.37,12.32
2023-02-02,0.86,0.63,12.7
2023-02-03,2.14,-0.25,14.45
2023-02-06,-0.51,0.31,13.28
2023-02-07,8.66,0.03,14.58
2023-02-08,12.32,-0.8,13.66
2023-02-09,12.7,-0.16,18.55
2023-02-10,14.45,1.02,15.19
2023-02-13,13.28,2.3,16.69
2023-02-14,14.58,0.87,6.56
2023-02-15,13.66,1.29,1.16
2023-02-16,18.55,0.86,0.24
2023-02-17,15.19,2.14,-1.75
2023-02-20,16.69,-0.51,0.14
2023-02-21,6.56,8.66,-1.71
2023-02-22,1.16,12.32,-1.68
2023-02-23,0.24,12.7,-1.13
2023-02-24,-1.75,14.45,-0.82
2023-02-27,0.14,13.28,0.21
2023-02-28,-1.71,14.58,1.49
2023-03-01,-1.68,13.66,3.52
2023-03-02,-1.13,18.55,1.83
2023-03-03,-0.82,15.19,-0.18
2023-03-06,0.21,16.69,-6.4
2023-03-07,1.49,6.56,-3.58
2023-03-08,3.52,1.16,-11.54
2023-03-09,1.83,0.24,-14.03
2023-03-10,-0.18,-1.75,-13.57
2023-03-13,-6.4,0.14,-12.94
2023-03-14,-3.58,-1.71,-9.87
2023-03-15,-11.54,-1.68,-9.67
2023-03-16,-14.03,-1.13,-10.47
2023-03-17,-13.57,-0.82,-11.45
2023-03-20,-12.94,0.21,-5.0
2023-03-21,-9.87,1.49,-4.33
2023-03-22,-9.67,3.52,4.87
2023-03-23,-10.47,1.83,6.37
2023-03-24,-11.45,-0.18,6.43
2023-03-27,-5.0,-6.4,9.38
2023-03-28,-4.33,-3.58,4.73
2023-03-29,4.87,-11.54,5.81
2023-03-30,6.37,-14.03,6.66
2023-03-31,6.43,-13.57,10.43
2023-04-03,9.38,-12.94,8.7
2023-04-04,4.73,-9.87,6.09
2023-04-05,5.81,-9.67,5.97
2023-04-06,6.66,-10.47,5.96
2023-04-11,10.43,-11.45,6.6
2023-04-12,8.7,-5.0,0.51
2023-04-13,6.09,-4.33,0.66
2023-04-14,5.97,4.87,-0.69
2023-04-17,5.96,6.37,0.38
2023-04-18,6.6,6.43,-1.43
2023-04-19,0.51,9.38,-1.2
2023-04-20,0.66,4.73,-2.8
2023-04-21,-0.69,5.81,-1.22
2023-04-24,0.38,6.66,-10.2
2023-04-25,-1.43,10.43,-10.54
2023-04-26,-1.2,8.7,-11.0
2023-04-27,-2.8,6.09,-7.24
2023-04-28,-1.22,5.97,-7.82
2023-05-02,-10.2,5.96,-8.77
2023-05-03,-10.54,6.6,-9.75
2023-05-04,-11.0,0.51,-9.4
2023-05-05,-7.24,0.66,-8.0
2023-05-09,-7.82,-0.69,-10.94
2023-05-10,-8.77,0.38,-2.05
2023-05-11,-9.75,-1.43,-1.34
2023-05-12,-9.4,-1.2,1.03
2023-05-15,-8.0,-2.8,-2.16
2023-05-16,-10.94,-1.22,-0.05
2023-05-17,-2.05,-10.2,-0.12
2023-05-18,-1.34,-10.54,-0.58
2023-05-19,1.03,-11.0,-1.26
2023-05-22,-2.16,-7.24,-3.13
2023-05-23,-0.05,-7.82,-4.76
2023-05-24,-0.12,-8.77,-3.52
2023-05-25,-0.58,-9.75,-1.29
2023-05-26,-1.26,-9.4,-1.76
2023-05-30,-3.13,-8.0,-2.16
2023-05-31,-4.76,-10.94,-2.98
2023-06-01,-3.52,-2.05,-2.85
2023-06-02,-1.29,-1.34,-1.27
2023-06-05,-1.76,1.03,-3.0
2023-06-06,-2.16,-2.16,-0.38
2023-06-07,-2.98,-0.05,1.73
2023-06-08,-2.85,-0.12,-0.39
2023-06-09,-1.27,-0.58,-3.11
2023-06-12,-3.0,-1.26,-2.44
2023-06-13,-0.38,-3.13,-3.67
2023-06-14,1.73,-4.76,-2.06
2023-06-15,-0.39,-3.52,-2.68
2023-06-16,-3.11,-1.29,-3.04
2023-06-19,-2.44,-1.76,-0.78
2023-06-20,-3.67,-2.16,-2.61
2023-06-21,-2.06,-2.98,-1.29
2023-06-22,-2.68,-2.85,-1.07
2023-06-23,-3.04,-1.27,-0.27
2023-06-26,-0.78,-3.0,2.04
2023-06-27,-2.61,-0.38,3.59
2023-06-28,-1.29,1.73,-0.91
2023-06-29,-1.07,-0.39,-2.18
2023-06-30,-0.27,-3.11,-0.24
2023-07-03,2.04,-2.44,-0.97
2023-07-04,3.59,-3.67,1.67
2023-07-05,-0.91,-2.06,2.54
2023-07-06,-2.18,-2.68,2.39
2023-07-07,-0.24,-3.04,-0.41
2023-07-10,-0.97,-0.78,-3.91
2023-07-11,1.67,-2.61,-2.49
2023-07-12,2.54,-1.29,2.12
2023-07-13,2.39,-1.07,4.96
2023-07-14,-0.41,-0.27,4.91
2023-07-17,-3.91,2.04,6.41
2023-07-18,-2.49,3.59,4.51
2023-07-19,2.12,-0.91,2.54
2023-07-20,4.96,-2.18,3.02
2023-07-21,4.91,-0.24,4.15
2023-07-24,6.41,-0.97,6.76
2023-07-25,4.51,1.67,5.06
2023-07-26,2.54,2.54,0.86
2023-07-27,3.02,2.39,1.19
2023-07-28,4.15,-0.41,2.24
2023-07-31,6.76,-3.91,-0.12
2023-08-01,5.06,-2.49,-0.21
2023-08-02,0.86,2.12,2.94
2023-08-03,1.19,4.96,2.33
2023-08-04,2.24,4.91,2.31
2023-08-07,-0.12,6.41,-0.26
2023-08-08,-0.21,4.51,-1.62
2023-08-09,2.94,2.54,-0.14
2023-08-10,2.33,3.02,-0.7
2023-08-11,2.31,4.15,-2.67
2023-08-14,-0.26,6.76,-0.99
2023-08-15,-1.62,5.06,-0.44
2023-08-16,-0.14,0.86,-4.36
2023-08-17,-0.7,1.19,-3.52
2023-08-18,-2.67,2.24,-2.22
2023-08-21,-0.99,-0.12,0.82
2023-08-22,-0.44,-0.21,3.22
2023-08-23,-4.36,2.94,3.08
2023-08-24,-3.52,2.33,5.54
2023-08-25,-2.22,2.31,5.97
2023-08-29,0.82,-0.26,6.94
2023-08-30,3.22,-1.62,7.95
2023-08-31,3.08,-0.14,9.26
2023-09-01,5.54,-0.7,9.23
2023-09-04,5.97,-2.67,8.77
2023-09-05,6.94,-0.99,7.64
2023-09-06,7.95,-0.44,3.88
2023-09-07,9.26,-4.36,7.51
2023-09-08,9.23,-3.52,4.47
2023-09-11,8.77,-2.22,3.49
2023-09-12,7.64,0.82,2.6
2023-09-13,3.88,3.22,1.45
2023-09-14,7.51,3.08,1.09
2023-09-15,4.47,5.54,1.62
2023-09-18,3.49,5.97,1.93
2023-09-19,2.6,6.94,1.55
2023-09-20,1.45,7.95,5.96
2023-09-21,1.09,9.26,3.24
2023-09-22,1.62,9.23,1.57
2023-09-25,1.93,8.77,-0.02
2023-09-26,1.55,7.64,-1.71
2023-09-27,5.96,3.88,-4.58
2023-09-28,3.24,7.51,-4.1
2023-09-29,1.57,4.47,-3.82
2023-10-02,-0.02,3.49,-1.33
2023-10-03,-1.71,2.6,-1.09
2023-10-04,-4.58,1.45,-3.38
2023-10-05,-4.1,1.09,-0.92
2023-10-06,-3.82,1.62,3.07
2023-10-09,-1.33,1.93,5.76
2023-10-10,-1.09,1.55,7.6
2023-10-11,-3.38,5.96,11.72
2023-10-12,-0.92,3.24,10.79
2023-10-13,3.07,1.57,7.87
2023-10-16,5.76,-0.02,2.29
2023-10-17,7.6,-1.71,1.77
2023-10-18,11.72,-4.58,2.77
2023-10-19,10.79,-4.1,-0.43
2023-10-20,7.87,-3.82,-3.14
2023-10-23,2.29,-1.33,-4.06
2023-10-24,1.77,-1.09,-9.44
2023-10-25,2.77,-3.38,-11.4
2023-10-26,-0.43,-0.92,-9.82
2023-10-27,-3.14,3.07,-10.19
2023-10-30,-4.06,5.76,-7.65
2023-10-31,-9.44,7.6,-9.98
2023-11-01,-11.4,11.72,-10.76
2023-11-02,-9.82,10.79,-10.95
2023-11-03,-10.19,7.87,-9.92
2023-11-06,-7.65,2.29,-7.97
2023-11-07,-9.98,1.77,-4.31
2023-11-08,-10.76,2.77,-2.49
2023-11-09,-10.95,-0.43,-6.06
2023-11-10,-9.92,-3.14,-2.48
2023-11-13,-7.97,-4.06,-2.25
2023-11-14,-4.31,-9.44,-0.94
2023-11-15,-2.49,-11.4,-2.31
2023-11-16,-6.06,-9.82,-0.39
2023-11-17,-2.48,-10.19,-0.28
2023-11-20,-2.25,-7.65,-1.99
2023-11-21,-0.94,-9.98,-1.24
2023-11-22,-2.31,-10.76,-2.11
2023-11-23,-0.39,-10.95,2.28
2023-11-24,-0.28,-9.92,0.15
2023-11-27,-1.99,-7.97,-1.77
2023-11-28,-1.24,-4.31,-0.98
2023-11-29,-2.11,-2.49,-0.04
2023-11-30,2.28,-6.06,-2.8
2023-12-01,0.15,-2.48,-1.73
2023-12-04,-1.77,-2.25,-1.64
2023-12-05,-0.98,-0.94,-2.96
2023-12-06,-0.04,-2.31,-2.56
2023-12-07,-2.8,-0.39,-2.76
2023-12-08,-1.73,-0.28,-4.3
2023-12-11,-1.64,-1.99,-1.43
2023-12-12,-2.96,-1.24,-1.75
2023-12-13,-2.56,-2.11,0.23
2023-12-14,-2.76,2.28,1.3
2023-12-15,-4.3,0.15,-0.22
2023-12-18,-1.43,-1.77,-0.01
2023-12-19,-1.75,-0.98,0.92
2023-12-20,0.23,-0.04,1.37
