Date,% downloaded_hold_Voda Change,Previous % downloaded_hold_Voda Change,Next % downloaded_hold_Voda Change
2017-01-31,-6.41,2.59,-3.46
2017-02-01,-7.03,0.92,1.56
2017-02-02,-6.26,-1.6,3.43
2017-02-03,-5.8,-2.51,2.25
2017-02-06,-5.09,-2.28,0.13
2017-02-07,-3.46,-5.18,0.87
2017-02-08,1.56,-9.48,2.2
2017-02-09,3.43,-10.19,2.64
2017-02-10,2.25,-9.94,2.01
2017-02-13,0.13,-6.91,2.93
2017-02-14,0.87,-6.41,4.26
2017-02-15,2.2,-7.03,2.99
2017-02-16,2.64,-6.26,1.58
2017-02-17,2.01,-5.8,2.6
2017-02-20,2.93,-5.09,2.7
2017-02-21,4.26,-3.46,2.98
2017-02-22,2.99,1.56,2.69
2017-02-23,1.58,3.43,2.12
2017-02-24,2.6,2.25,2.12
2017-02-27,2.7,0.13,1.76
2017-02-28,2.98,0.87,0.87
2017-03-01,2.69,2.2,0.89
2017-03-02,2.12,2.64,0.57
2017-03-03,2.12,2.01,0.49
2017-03-06,1.76,2.93,0.92
2017-03-07,0.87,4.26,1.29
2017-03-08,0.89,2.99,1.31
2017-03-09,0.57,1.58,3.46
2017-03-10,0.49,2.6,4.55
2017-03-13,0.92,2.7,4.21
2017-03-14,1.29,2.98,3.56
2017-03-15,1.31,2.69,2.01
2017-03-16,3.46,2.12,3.74
2017-03-17,4.55,2.12,3.8
2017-03-20,4.21,1.76,3.57
2017-03-21,3.56,0.87,2.81
2017-03-22,2.01,0.89,2.68
2017-03-23,3.74,0.57,-0.33
2017-03-24,3.8,0.49,-1.56
2017-03-27,3.57,0.92,-1.83
2017-03-28,2.81,1.29,-1.46
2017-03-29,2.68,1.31,-0.53
2017-03-30,-0.33,3.46,-3.32
2017-03-31,-1.56,4.55,-3.97
2017-04-03,-1.83,4.21,-3.18
2017-04-04,-1.46,3.56,-3.31
2017-04-05,-0.53,2.01,-3.04
2017-04-06,-3.32,3.74,-2.3
2017-04-07,-3.97,3.8,-4.04
2017-04-10,-3.18,3.57,-3.22
2017-04-11,-3.31,2.81,-3.51
2017-04-12,-3.04,2.68,-3.78
2017-04-13,-2.3,-0.33,-0.69
2017-04-18,-4.04,-1.56,-0.34
2017-04-19,-3.22,-1.83,-0.39
2017-04-20,-3.51,-1.46,-0.57
2017-04-21,-3.78,-0.53,-2.57
2017-04-24,-0.69,-3.32,-1.03
2017-04-25,-0.34,-3.97,1.63
2017-04-26,-0.39,-3.18,1.85
2017-04-27,-0.57,-3.31,2.83
2017-04-28,-2.57,-3.04,3.22
2017-05-02,-1.03,-2.3,1.26
2017-05-03,1.63,-4.04,2.02
2017-05-04,1.85,-3.22,1.55
2017-05-05,2.83,-3.51,4.4
2017-05-08,3.22,-3.78,6.05
2017-05-09,1.26,-0.69,8.69
2017-05-10,2.02,-0.34,9.07
2017-05-11,1.55,-0.39,8.08
2017-05-12,4.4,-0.57,7.49
2017-05-15,6.05,-2.57,9.36
2017-05-16,8.69,-1.03,9.31
2017-05-17,9.07,1.63,9.08
2017-05-18,8.08,1.85,10.59
2017-05-19,7.49,2.83,9.07
2017-05-22,9.36,3.22,8.55
2017-05-23,9.31,1.26,5.49
2017-05-24,9.08,2.02,3.64
2017-05-25,10.59,1.55,4.45
2017-05-26,9.07,4.4,4.56
2017-05-30,8.55,6.05,2.79
2017-05-31,5.49,8.69,2.12
2017-06-01,3.64,9.07,-3.26
2017-06-02,4.45,8.08,-3.09
2017-06-05,4.56,7.49,-2.58
2017-06-06,2.79,9.36,-2.33
2017-06-07,2.12,9.31,-3.71
2017-06-08,-3.26,9.08,-3.57
2017-06-09,-3.09,10.59,-3.22
2017-06-12,-2.58,9.07,-3.28
2017-06-13,-2.33,8.55,-3.58
2017-06-14,-3.71,5.49,-2.71
2017-06-15,-3.57,3.64,2.82
2017-06-16,-3.22,4.45,1.2
2017-06-19,-3.28,4.56,-0.42
2017-06-20,-3.58,2.79,-0.98
2017-06-21,-2.71,2.12,-1.44
2017-06-22,2.82,-3.26,-1.22
2017-06-23,1.2,-3.09,-2.16
2017-06-26,-0.42,-2.58,-1.84
2017-06-27,-0.98,-2.33,-2.27
2017-06-28,-1.44,-3.71,-2.2
2017-06-29,-1.22,-3.57,-2.9
2017-06-30,-2.16,-3.22,-2.21
2017-07-03,-1.84,-3.28,-1.5
2017-07-04,-2.27,-3.58,-1.85
2017-07-05,-2.2,-2.71,0.34
2017-07-06,-2.9,2.82,1.08
2017-07-07,-2.21,1.2,0.48
2017-07-10,-1.5,-0.42,1.01
2017-07-11,-1.85,-0.98,1.04
2017-07-12,0.34,-1.44,1.86
2017-07-13,1.08,-1.22,3.33
2017-07-14,0.48,-2.16,3.31
2017-07-17,1.01,-1.84,0.7
2017-07-18,1.04,-2.27,1.17
2017-07-19,1.86,-2.2,-0.5
2017-07-20,3.33,-2.9,0.86
2017-07-21,3.31,-2.21,0.69
2017-07-24,0.7,-1.5,0.5
2017-07-25,1.17,-1.85,0.96
2017-07-26,-0.5,0.34,-0.54
2017-07-27,0.86,1.08,-0.4
2017-07-28,0.69,0.48,-0.44
2017-07-31,0.5,1.01,2.3
2017-08-01,0.96,1.04,2.45
2017-08-02,-0.54,1.86,3.01
2017-08-03,-0.4,3.33,0.13
2017-08-04,-0.44,3.31,-0.36
2017-08-07,2.3,0.7,0.05
2017-08-08,2.45,1.17,0.11
2017-08-09,3.01,-0.5,0.5
2017-08-10,0.13,0.86,-1.76
2017-08-11,-0.36,0.69,-2.64
2017-08-14,0.05,0.5,-3.2
2017-08-15,0.11,0.96,-1.91
2017-08-16,0.5,-0.54,-2.52
2017-08-17,-1.76,-0.4,-1.41
2017-08-18,-2.64,-0.44,0.05
2017-08-21,-3.2,2.3,-2.45
2017-08-22,-1.91,2.45,-1.51
2017-08-23,-2.52,3.01,-0.2
2017-08-24,-1.41,0.13,-0.25
2017-08-25,0.05,-0.36,-0.5
2017-08-29,-2.45,0.05,-1.39
2017-08-30,-1.51,0.11,-2.58
2017-08-31,-0.2,0.5,-2.34
2017-09-01,-0.25,-1.76,-2.8
2017-09-04,-0.5,-2.64,-1.55
2017-09-05,-1.39,-3.2,-0.97
2017-09-06,-2.58,-1.91,-1.67
2017-09-07,-2.34,-2.52,-5.15
2017-09-08,-2.8,-1.41,-5.95
2017-09-11,-1.55,0.05,-4.08
2017-09-12,-0.97,-2.45,-2.75
2017-09-13,-1.67,-1.51,-2.48
2017-09-14,-5.15,-0.2,-3.25
2017-09-15,-5.95,-0.25,-2.57
2017-09-18,-4.08,-0.5,-3.26
2017-09-19,-2.75,-1.39,-2.82
2017-09-20,-2.48,-2.58,-3.09
2017-09-21,-3.25,-2.34,-2.26
2017-09-22,-2.57,-2.8,1.14
2017-09-25,-3.26,-1.55,0.69
2017-09-26,-2.82,-0.97,0.12
2017-09-27,-3.09,-1.67,-0.48
2017-09-28,-2.26,-5.15,1.85
2017-09-29,1.14,-5.95,1.7
2017-10-02,0.69,-4.08,0.98
2017-10-03,0.12,-2.75,2.21
2017-10-04,-0.48,-2.48,3.24
2017-10-05,1.85,-3.25,5.41
2017-10-06,1.7,-2.57,3.28
2017-10-09,0.98,-3.26,2.61
2017-10-10,2.21,-2.82,2.64
2017-10-11,3.24,-3.09,3.68
2017-10-12,5.41,-2.26,2.41
2017-10-13,3.28,1.14,2.38
2017-10-16,2.61,0.69,2.37
2017-10-17,2.64,0.12,1.45
2017-10-18,3.68,-0.48,-0.65
2017-10-19,2.41,1.85,-0.55
2017-10-20,2.38,1.7,-0.02
2017-10-23,2.37,0.98,0.07
2017-10-24,1.45,2.21,-0.25
2017-10-25,-0.65,3.24,0.99
2017-10-26,-0.55,5.41,1.96
2017-10-27,-0.02,3.28,1.15
2017-10-30,0.07,2.61,1.23
2017-10-31,-0.25,2.64,0.21
2017-11-01,0.99,3.68,1.08
2017-11-02,1.96,2.41,3.09
2017-11-03,1.15,2.38,0.95
2017-11-06,1.23,2.37,-0.07
2017-11-07,0.21,1.45,5.31
2017-11-08,1.08,-0.65,4.29
2017-11-09,3.09,-0.55,3.23
2017-11-10,0.95,-0.02,4.26
2017-11-13,-0.07,0.07,4.87
2017-11-14,5.31,-0.25,6.05
2017-11-15,4.29,0.99,5.95
2017-11-16,3.23,1.96,1.62
2017-11-17,4.26,1.15,3.61
2017-11-20,4.87,1.23,3.98
2017-11-21,6.05,0.21,-0.26
2017-11-22,5.95,1.08,-1.36
2017-11-23,1.62,3.09,-1.82
2017-11-24,3.61,0.95,-2.06
2017-11-27,3.98,-0.07,-1.72
2017-11-28,-0.26,5.31,-1.96
2017-11-29,-1.36,4.29,-1.73
2017-11-30,-1.82,3.23,1.09
2017-12-01,-2.06,4.26,1.73
2017-12-04,-1.72,4.87,2.63
2017-12-05,-1.96,6.05,2.61
2017-12-06,-1.73,5.95,2.51
2017-12-07,1.09,1.62,2.41
2017-12-08,1.73,3.61,2.68
2017-12-11,2.63,3.98,2.57
2017-12-12,2.61,-0.26,3.46
2017-12-13,2.51,-1.36,3.2
2017-12-14,2.41,-1.82,3.34
2017-12-15,2.68,-2.06,2.83
2017-12-18,2.57,-1.72,1.61
2017-12-19,3.46,-1.96,0.84
2017-12-20,3.2,-1.73,1.78
2017-12-21,3.34,1.09,1.78
2017-12-22,2.83,1.73,1.5
2017-12-27,1.61,2.63,1.71
2017-12-28,0.84,2.61,1.61
2017-12-29,1.78,2.51,2.44
2018-01-02,1.78,2.41,1.08
2018-01-03,1.5,2.68,-1.4
2018-01-04,1.71,2.57,-2.46
2018-01-05,1.61,3.46,-2.11
2018-01-08,2.44,3.2,-2.98
2018-01-09,1.08,3.34,-1.18
2018-01-10,-1.4,2.83,-2.48
2018-01-11,-2.46,1.61,-3.95
2018-01-12,-2.11,0.84,-4.65
2018-01-15,-2.98,1.78,-4.33
2018-01-16,-1.18,1.78,-4.05
2018-01-17,-2.48,1.5,-3.14
2018-01-18,-3.95,1.71,-1.77
2018-01-19,-4.65,1.61,-1.64
2018-01-22,-4.33,2.44,-0.72
2018-01-23,-4.05,1.08,-2.88
2018-01-24,-3.14,-1.4,-1.34
2018-01-25,-1.77,-2.46,-5.13
2018-01-26,-1.64,-2.11,-2.79
2018-01-29,-0.72,-2.98,-7.32
2018-01-30,-2.88,-1.18,-10.09
2018-01-31,-1.34,-2.48,-6.79
2018-02-01,-5.13,-3.95,-9.25
2018-02-02,-2.79,-4.65,-10.55
2018-02-05,-7.32,-4.33,-10.67
2018-02-06,-10.09,-4.05,-10.61
2018-02-07,-6.79,-3.14,-11.07
2018-02-08,-9.25,-1.77,-6.78
2018-02-09,-10.55,-1.64,-6.77
2018-02-12,-10.67,-0.72,-3.39
2018-02-13,-10.61,-2.88,-1.12
2018-02-14,-11.07,-1.34,-3.62
2018-02-15,-6.78,-5.13,-0.88
2018-02-16,-6.77,-2.79,1.02
2018-02-19,-3.39,-7.32,1.66
2018-02-20,-1.12,-10.09,2.09
2018-02-21,-3.62,-6.79,2.01
2018-02-22,-0.88,-9.25,1.25
2018-02-23,1.02,-10.55,-2.75
2018-02-26,1.66,-10.67,-0.61
2018-02-27,2.09,-10.61,0.2
2018-02-28,2.01,-11.07,1.04
2018-03-01,1.25,-6.78,2.85
2018-03-02,-2.75,-6.77,1.55
2018-03-05,-0.61,-3.39,0.8
2018-03-06,0.2,-1.12,-0.93
2018-03-07,1.04,-3.62,-0.66
2018-03-08,2.85,-0.88,-0.47
2018-03-09,1.55,1.02,1.25
2018-03-12,0.8,1.66,-1.81
2018-03-13,-0.93,2.09,-3.27
2018-03-14,-0.66,2.01,-3.76
2018-03-15,-0.47,1.25,-7.34
2018-03-16,1.25,-2.75,-6.46
2018-03-19,-1.81,-0.61,-7.87
2018-03-20,-3.27,0.2,-4.47
2018-03-21,-3.76,1.04,-4.21
2018-03-22,-7.34,2.85,-3.57
2018-03-23,-6.46,1.55,-3.77
2018-03-26,-7.87,0.8,-0.71
2018-03-27,-4.47,-0.93,3.51
2018-03-28,-4.21,-0.66,3.65
2018-03-29,-3.57,-0.47,5.87
2018-04-03,-3.77,1.25,6.19
2018-04-04,-0.71,-1.81,8.07
2018-04-05,3.51,-3.27,6.97
2018-04-06,3.65,-3.76,6.69
2018-04-09,5.87,-7.34,6.37
2018-04-10,6.19,-6.46,6.5
2018-04-11,8.07,-7.87,4.86
2018-04-12,6.97,-4.47,1.47
2018-04-13,6.69,-4.21,2.94
2018-04-16,6.37,-3.57,5.06
2018-04-17,6.5,-3.77,3.31
2018-04-18,4.86,-0.71,1.33
2018-04-19,1.47,3.51,2.15
2018-04-20,2.94,3.65,1.79
2018-04-23,5.06,5.87,2.42
2018-04-24,3.31,6.19,1.94
2018-04-25,1.33,8.07,2.83
2018-04-26,2.15,6.97,1.11
2018-04-27,1.79,6.69,0.24
2018-04-30,2.42,6.37,-2.99
2018-05-01,1.94,6.5,-1.74
2018-05-02,2.83,4.86,0.5
2018-05-03,1.11,1.47,-0.8
2018-05-04,0.24,2.94,-1.59
2018-05-08,-2.99,5.06,-6.25
2018-05-09,-1.74,3.31,-7.0
2018-05-10,0.5,1.33,-7.81
2018-05-11,-0.8,2.15,-7.55
2018-05-14,-1.59,1.79,-7.23
2018-05-15,-6.25,2.42,-4.05
2018-05-16,-7.0,1.94,-5.4
2018-05-17,-7.81,2.83,-7.25
2018-05-18,-7.55,1.11,-7.17
2018-05-21,-7.23,0.24,-6.95
2018-05-22,-4.05,-2.99,-1.76
2018-05-23,-5.4,-1.74,-2.01
2018-05-24,-7.25,0.5,-0.57
2018-05-25,-7.17,-0.8,2.5
2018-05-29,-6.95,-1.59,-0.07
2018-05-30,-1.76,-6.25,-1.27
2018-05-31,-2.01,-7.0,-5.01
2018-06-01,-0.57,-7.81,-3.79
2018-06-04,2.5,-7.55,-2.97
2018-06-05,-0.07,-7.23,-2.23
2018-06-06,-1.27,-4.05,-4.76
2018-06-07,-5.01,-5.4,-1.96
2018-06-08,-3.79,-7.25,-5.19
2018-06-11,-2.97,-7.17,-6.52
2018-06-12,-2.23,-6.95,-4.77
2018-06-13,-4.76,-1.76,-5.28
2018-06-14,-1.96,-2.01,-1.66
2018-06-15,-5.19,-0.57,-0.11
2018-06-18,-6.52,2.5,-2.67
2018-06-19,-4.77,-0.07,-3.14
2018-06-20,-5.28,-1.27,-1.0
2018-06-21,-1.66,-5.01,-2.39
2018-06-22,-0.11,-3.79,-0.53
2018-06-25,-2.67,-2.97,-1.33
2018-06-26,-3.14,-2.23,0.09
2018-06-27,-1.0,-4.76,0.84
2018-06-28,-2.39,-1.96,1.76
2018-06-29,-0.53,-5.19,1.99
2018-07-02,-1.33,-6.52,3.2
2018-07-03,0.09,-4.77,3.52
2018-07-04,0.84,-5.28,-0.33
2018-07-05,1.76,-1.66,-0.54
2018-07-06,1.99,-0.11,-1.26
2018-07-09,3.2,-2.67,-0.97
2018-07-10,3.52,-3.14,-3.23
2018-07-11,-0.33,-1.0,-4.21
2018-07-12,-0.54,-2.39,-5.01
2018-07-13,-1.26,-0.53,-6.99
2018-07-16,-0.97,-1.33,-6.36
2018-07-17,-3.23,0.09,-6.0
2018-07-18,-4.21,0.84,-4.39
2018-07-19,-5.01,1.76,-2.99
2018-07-20,-6.99,1.99,-0.83
2018-07-23,-6.36,3.2,3.12
2018-07-24,-6.0,3.52,3.33
2018-07-25,-4.39,-0.33,2.48
2018-07-26,-2.99,-0.54,1.72
2018-07-27,-0.83,-1.26,4.03
2018-07-30,3.12,-0.97,4.56
2018-07-31,3.33,-3.23,4.98
2018-08-01,2.48,-4.21,6.64
2018-08-02,1.72,-5.01,4.66
2018-08-03,4.03,-6.99,1.4
2018-08-06,4.56,-6.36,-2.94
2018-08-07,4.98,-6.0,-3.88
2018-08-08,6.64,-4.39,-5.07
2018-08-09,4.66,-2.99,-2.37
2018-08-10,1.4,-0.83,-4.88
2018-08-13,-2.94,3.12,-5.11
2018-08-14,-3.88,3.33,-5.55
2018-08-15,-5.07,2.48,-5.9
2018-08-16,-2.37,1.72,-5.08
2018-08-17,-4.88,4.03,-3.97
2018-08-20,-5.11,4.56,-3.22
2018-08-21,-5.55,4.98,-3.27
2018-08-22,-5.9,6.64,-4.29
2018-08-23,-5.08,4.66,-7.06
2018-08-24,-3.97,1.4,-5.26
2018-08-28,-3.22,-2.94,-6.96
2018-08-29,-3.27,-3.88,-7.52
2018-08-30,-4.29,-5.07,-6.66
2018-08-31,-7.06,-2.37,-6.07
2018-09-03,-5.26,-4.88,-5.47
2018-09-04,-6.96,-5.11,-5.14
2018-09-05,-7.52,-5.55,-3.68
2018-09-06,-6.66,-5.9,0.45
2018-09-07,-6.07,-5.08,1.79
2018-09-10,-5.47,-3.97,0.92
2018-09-11,-5.14,-3.22,2.81
2018-09-12,-3.68,-3.27,3.63
2018-09-13,0.45,-4.29,2.48
2018-09-14,1.79,-7.06,3.44
2018-09-17,0.92,-5.26,2.6
2018-09-18,2.81,-6.96,1.53
2018-09-19,3.63,-7.52,0.22
2018-09-20,2.48,-6.66,-0.08
2018-09-21,3.44,-6.07,-1.76
2018-09-24,2.6,-5.47,-3.62
2018-09-25,1.53,-5.14,-5.35
2018-09-26,0.22,-3.68,-3.76
2018-09-27,-0.08,0.45,-3.52
2018-09-28,-1.76,1.79,-6.27
2018-10-01,-3.62,0.92,-9.07
2018-10-02,-5.35,2.81,-10.68
2018-10-03,-3.76,3.63,-8.35
2018-10-04,-3.52,2.48,-10.21
2018-10-05,-6.27,3.44,-8.21
2018-10-08,-9.07,2.6,-5.19
2018-10-09,-10.68,1.53,-4.05
2018-10-10,-8.35,0.22,-6.43
2018-10-11,-10.21,-0.08,-6.56
2018-10-12,-8.21,-1.76,-4.84
2018-10-15,-5.19,-3.62,-3.25
2018-10-16,-4.05,-5.35,-2.97
2018-10-17,-6.43,-3.76,-4.3
2018-10-18,-6.56,-3.52,-2.9
2018-10-19,-4.84,-6.27,-4.61
2018-10-22,-3.25,-9.07,-4.11
2018-10-23,-2.97,-10.68,-4.13
2018-10-24,-4.3,-8.35,-2.78
2018-10-25,-2.9,-10.21,0.0
2018-10-26,-4.61,-8.21,-1.27
2018-10-29,-4.11,-5.19,0.56
2018-10-30,-4.13,-4.05,0.03
2018-10-31,-2.78,-6.43,1.0
2018-11-01,0.0,-6.56,0.33
2018-11-02,-1.27,-4.84,-0.08
2018-11-05,0.56,-3.25,-1.98
2018-11-06,0.03,-2.97,5.81
2018-11-07,1.0,-4.3,6.59
2018-11-08,0.33,-2.9,2.57
2018-11-09,-0.08,-4.61,1.91
2018-11-12,-1.98,-4.11,3.6
2018-11-13,5.81,-4.13,5.02
2018-11-14,6.59,-2.78,6.87
2018-11-15,2.57,0.0,3.35
2018-11-16,1.91,-1.27,7.78
2018-11-19,3.6,0.56,14.17
2018-11-20,5.02,0.03,7.84
2018-11-21,6.87,1.0,7.06
2018-11-22,3.35,0.33,7.95
2018-11-23,7.78,-0.08,10.13
2018-11-26,14.17,-1.98,7.86
2018-11-27,7.84,5.81,7.5
2018-11-28,7.06,6.59,3.14
2018-11-29,7.95,2.57,5.57
2018-11-30,10.13,1.91,4.94
2018-12-03,7.86,3.6,-3.34
2018-12-04,7.5,5.02,-3.16
2018-12-05,3.14,6.87,-3.31
2018-12-06,5.57,3.35,-4.34
2018-12-07,4.94,7.78,-4.89
2018-12-10,-3.34,14.17,-4.38
2018-12-11,-3.16,7.84,-4.41
2018-12-12,-3.31,7.06,-2.17
2018-12-13,-4.34,7.95,-0.31
2018-12-14,-4.89,10.13,-3.71
2018-12-17,-4.38,7.86,-3.03
2018-12-18,-4.41,7.5,-6.76
2018-12-19,-2.17,3.14,-5.22
2018-12-20,-0.31,5.57,-4.72
2018-12-21,-3.71,4.94,-3.57
2018-12-24,-3.03,-3.34,-2.89
2018-12-27,-6.76,-3.16,0.08
2018-12-28,-5.22,-3.31,-1.29
2018-12-31,-4.72,-4.34,-2.73
2019-01-02,-3.57,-4.89,-2.51
2019-01-03,-2.89,-4.38,-0.49
2019-01-04,0.08,-4.41,0.87
2019-01-07,-1.29,-2.17,-3.48
2019-01-08,-2.73,-0.31,-2.79
2019-01-09,-2.51,-3.71,-4.35
2019-01-10,-0.49,-3.03,-4.96
2019-01-11,0.87,-6.76,-5.47
2019-01-14,-3.48,-5.22,-5.24
2019-01-15,-2.79,-4.72,-4.78
2019-01-16,-4.35,-3.57,-2.32
2019-01-17,-4.96,-2.89,-6.31
2019-01-18,-5.47,0.08,-10.36
2019-01-21,-5.24,-1.29,-9.22
2019-01-22,-4.78,-2.73,-9.12
2019-01-23,-2.32,-2.51,-7.76
2019-01-24,-6.31,-0.49,-6.57
2019-01-25,-10.36,0.87,-7.03
2019-01-28,-9.22,-3.48,-7.41
2019-01-29,-9.12,-2.79,-4.79
2019-01-30,-7.76,-4.35,-4.6
2019-01-31,-6.57,-4.96,-3.24
2019-02-01,-7.03,-5.47,1.23
2019-02-04,-7.41,-5.24,4.18
2019-02-05,-4.79,-4.78,3.38
2019-02-06,-4.6,-2.32,1.95
2019-02-07,-3.24,-6.31,0.76
2019-02-08,1.23,-10.36,1.7
2019-02-11,4.18,-9.22,2.93
2019-02-12,3.38,-9.12,0.31
2019-02-13,1.95,-7.76,-0.01
2019-02-14,0.76,-6.57,1.31
2019-02-15,1.7,-7.03,2.25
2019-02-18,2.93,-7.41,-1.06
2019-02-19,0.31,-4.79,-2.18
2019-02-20,-0.01,-4.6,-4.13
2019-02-21,1.31,-3.24,-3.84
2019-02-22,2.25,1.23,-4.93
2019-02-25,-1.06,4.18,-7.58
2019-02-26,-2.18,3.38,-5.31
2019-02-27,-4.13,1.95,-5.91
2019-02-28,-3.84,0.76,-3.95
2019-03-01,-4.93,1.7,-3.53
2019-03-04,-7.58,2.93,-0.46
2019-03-05,-5.31,0.31,2.05
2019-03-06,-5.91,-0.01,4.34
2019-03-07,-3.95,1.31,4.38
2019-03-08,-3.53,2.25,6.94
2019-03-11,-0.46,-1.06,9.74
2019-03-12,2.05,-2.18,8.66
2019-03-13,4.34,-4.13,8.64
2019-03-14,4.38,-3.84,8.21
2019-03-15,6.94,-4.93,5.45
2019-03-18,9.74,-7.58,1.96
2019-03-19,8.66,-5.31,2.11
2019-03-20,8.64,-5.91,1.0
2019-03-21,8.21,-3.95,-1.0
2019-03-22,5.45,-3.53,-2.62
2019-03-25,1.96,-0.46,-1.58
2019-03-26,2.11,2.05,-2.32
2019-03-27,1.0,4.34,-1.28
2019-03-28,-1.0,4.38,-1.57
2019-03-29,-2.62,6.94,-2.02
2019-04-01,-1.58,9.74,-0.79
2019-04-02,-2.32,8.66,-1.28
2019-04-03,-1.28,8.64,-0.68
2019-04-04,-1.57,8.21,-0.48
2019-04-05,-2.02,5.45,0.53
2019-04-08,-0.79,1.96,0.44
2019-04-09,-1.28,2.11,0.28
2019-04-10,-0.68,1.0,0.03
2019-04-11,-0.48,-1.0,-1.32
2019-04-12,0.53,-2.62,0.2
2019-04-15,0.44,-1.58,-0.5
2019-04-16,0.28,-2.32,-0.64
2019-04-17,0.03,-1.28,1.49
2019-04-18,-1.32,-1.57,3.81
2019-04-23,0.2,-2.02,1.04
2019-04-24,-0.5,-0.79,-0.95
2019-04-25,-0.64,-1.28,-1.09
2019-04-26,1.49,-0.68,-2.55
2019-04-29,3.81,-0.48,-1.8
2019-04-30,1.04,0.53,-1.07
2019-05-01,-0.95,0.44,-0.97
2019-05-02,-1.09,0.28,-0.44
2019-05-03,-2.55,0.03,-7.14
2019-05-07,-1.8,-1.32,-11.52
2019-05-08,-1.07,0.2,-11.27
2019-05-09,-0.97,-0.5,-11.53
2019-05-10,-0.44,-0.64,-11.88
2019-05-13,-7.14,1.49,-9.75
2019-05-14,-11.52,3.81,-9.99
2019-05-15,-11.27,1.04,-10.31
2019-05-16,-11.53,-0.95,-10.96
2019-05-17,-11.88,-1.09,-9.28
2019-05-20,-9.75,-2.55,-3.54
2019-05-21,-9.99,-1.8,1.94
2019-05-22,-10.31,-1.07,3.13
2019-05-23,-10.96,-0.97,3.65
2019-05-24,-9.28,-0.44,4.57
2019-05-28,-3.54,-7.14,5.76
2019-05-29,1.94,-11.52,5.62
2019-05-30,3.13,-11.27,1.85
2019-05-31,3.65,-11.53,5.34
2019-06-03,4.57,-11.88,3.41
2019-06-04,5.76,-9.75,2.41
2019-06-05,5.62,-9.99,0.03
2019-06-06,1.85,-10.31,-0.69
2019-06-07,5.34,-10.96,-1.08
2019-06-10,3.41,-9.28,-1.92
2019-06-11,2.41,-3.54,-3.37
2019-06-12,0.03,1.94,-4.43
2019-06-13,-0.69,3.13,0.28
2019-06-14,-1.08,3.65,-2.31
2019-06-17,-1.92,4.57,-3.19
2019-06-18,-3.37,5.76,-4.56
2019-06-19,-4.43,5.62,-2.77
2019-06-20,0.28,1.85,-0.29
2019-06-21,-2.31,5.34,1.02
2019-06-24,-3.19,3.41,0.38
2019-06-25,-4.56,2.41,-0.33
2019-06-26,-2.77,0.03,3.32
2019-06-27,-0.29,-0.69,3.57
2019-06-28,1.02,-1.08,6.1
2019-07-01,0.38,-1.92,5.97
2019-07-02,-0.33,-3.37,7.71
2019-07-03,3.32,-4.43,5.36
2019-07-04,3.57,0.28,2.98
2019-07-05,6.1,-2.31,1.87
2019-07-08,5.97,-3.19,1.77
2019-07-09,7.71,-4.56,-0.53
2019-07-10,5.36,-2.77,-4.06
2019-07-11,2.98,-0.29,-4.53
2019-07-12,1.87,1.02,-3.94
2019-07-15,1.77,0.38,-4.07
2019-07-16,-0.53,-0.33,-2.26
2019-07-17,-4.06,3.32,-0.56
2019-07-18,-4.53,3.57,-0.38
2019-07-19,-3.94,6.1,10.82
2019-07-22,-4.07,5.97,16.93
2019-07-23,-2.26,7.71,18.08
2019-07-24,-0.56,5.36,19.04
2019-07-25,-0.38,2.98,19.51
2019-07-26,10.82,1.87,16.25
2019-07-29,16.93,1.77,15.08
2019-07-30,18.08,-0.53,11.91
2019-07-31,19.04,-4.06,11.72
2019-08-01,19.51,-4.53,14.05
2019-08-02,16.25,-3.94,2.11
2019-08-05,15.08,-4.07,-2.57
2019-08-06,11.91,-2.26,-1.03
2019-08-07,11.72,-0.56,-0.71
2019-08-08,14.05,-0.38,-2.26
2019-08-09,2.11,10.82,0.32
2019-08-12,-2.57,16.93,1.77
2019-08-13,-1.03,18.08,1.28
2019-08-14,-0.71,19.04,2.54
2019-08-15,-2.26,19.51,0.01
2019-08-16,0.32,16.25,0.85
2019-08-19,1.77,15.08,2.0
2019-08-20,1.28,11.91,2.07
2019-08-21,2.54,11.72,4.59
2019-08-22,0.01,14.05,4.72
2019-08-23,0.85,2.11,3.86
2019-08-27,2.0,-2.57,5.04
2019-08-28,2.07,-1.03,5.87
2019-08-29,4.59,-0.71,1.84
2019-08-30,4.72,-2.26,3.45
2019-09-02,3.86,0.32,3.45
2019-09-03,5.04,1.77,4.26
2019-09-04,5.87,1.28,4.07
2019-09-05,1.84,2.54,3.28
2019-09-06,3.45,0.01,3.98
2019-09-09,3.45,0.85,1.53
2019-09-10,4.26,2.0,-0.51
2019-09-11,4.07,2.07,-0.48
2019-09-12,3.28,4.59,4.35
2019-09-13,3.98,4.72,2.41
2019-09-16,1.53,3.86,2.85
2019-09-17,-0.51,5.04,1.48
2019-09-18,-0.48,5.87,0.97
2019-09-19,4.35,1.84,1.17
2019-09-20,2.41,3.45,0.48
2019-09-23,2.85,3.45,1.85
2019-09-24,1.48,4.26,1.46
2019-09-25,0.97,4.07,-0.31
2019-09-26,1.17,3.28,-3.22
2019-09-27,0.48,3.98,-1.04
2019-09-30,1.85,1.53,0.49
2019-10-01,1.46,-0.51,0.51
2019-10-02,-0.31,-0.48,0.25
2019-10-03,-3.22,4.35,-0.02
2019-10-04,-1.04,2.41,-0.55
2019-10-07,0.49,2.85,-0.62
2019-10-08,0.51,1.48,1.52
2019-10-09,0.25,0.97,3.16
2019-10-10,-0.02,1.17,3.35
2019-10-11,-0.55,0.48,1.66
2019-10-14,-0.62,1.85,-0.58
2019-10-15,1.52,1.46,-0.53
2019-10-16,3.16,-0.31,1.12
2019-10-17,3.35,-3.22,-0.99
2019-10-18,1.66,-1.04,-0.43
2019-10-21,-0.58,0.49,-0.52
2019-10-22,-0.53,0.51,-2.24
2019-10-23,1.12,0.25,-1.93
2019-10-24,-0.99,-0.02,-1.89
2019-10-25,-0.43,-0.55,-1.23
2019-10-28,-0.52,-0.62,0.3
2019-10-29,-2.24,1.52,1.22
2019-10-30,-1.93,3.16,-0.18
2019-10-31,-1.89,3.35,1.38
2019-11-01,-1.23,1.66,1.02
2019-11-04,0.3,-0.58,0.07
2019-11-05,1.22,-0.53,4.45
2019-11-06,-0.18,1.12,4.76
2019-11-07,1.38,-0.99,1.39
2019-11-08,1.02,-0.43,-2.46
2019-11-11,0.07,-0.52,-5.09
2019-11-12,4.45,-2.24,-5.4
2019-11-13,4.76,-1.93,-6.17
2019-11-14,1.39,-1.89,-6.96
2019-11-15,-2.46,-1.23,-3.49
2019-11-18,-5.09,0.3,-2.11
2019-11-19,-5.4,1.22,-4.74
2019-11-20,-6.17,-0.18,-2.79
2019-11-21,-6.96,1.38,-3.4
2019-11-22,-3.49,1.02,-0.8
2019-11-25,-2.11,0.07,-2.46
2019-11-26,-4.74,4.45,-4.86
2019-11-27,-2.79,4.76,-4.16
2019-11-28,-3.4,1.39,-5.12
2019-11-29,-0.8,-2.46,-7.79
2019-12-02,-2.46,-5.09,-8.31
2019-12-03,-4.86,-5.4,-9.31
2019-12-04,-4.16,-6.17,-10.51
2019-12-05,-5.12,-6.96,-6.37
2019-12-06,-7.79,-3.49,-4.64
2019-12-09,-8.31,-2.11,-0.04
2019-12-10,-9.31,-4.74,2.39
2019-12-11,-10.51,-2.79,3.03
2019-12-12,-6.37,-3.4,4.81
2019-12-13,-4.64,-0.8,4.36
2019-12-16,-0.04,-2.46,4.56
2019-12-17,2.39,-4.86,5.37
2019-12-18,3.03,-4.16,5.17
2019-12-19,4.81,-5.12,2.97
2019-12-20,4.36,-7.79,0.36
2019-12-23,4.56,-8.31,-0.35
2019-12-24,5.37,-9.31,-0.9
2019-12-27,5.17,-10.51,-2.27
2019-12-30,2.97,-6.37,-3.0
2019-12-31,0.36,-4.64,-2.11
2020-01-02,-0.35,-0.04,1.02
2020-01-03,-0.9,2.39,0.82
2020-01-06,-2.27,3.03,0.41
2020-01-07,-3.0,4.81,5.33
2020-01-08,-2.11,4.36,7.63
2020-01-09,1.02,4.56,5.33
2020-01-10,0.82,5.37,4.35
2020-01-13,0.41,5.17,5.38
2020-01-14,5.33,2.97,5.62
2020-01-15,7.63,0.36,3.53
2020-01-16,5.33,-0.35,1.47
2020-01-17,4.35,-0.9,3.2
2020-01-20,5.38,-2.27,1.77
2020-01-21,5.62,-3.0,0.08
2020-01-22,3.53,-2.11,-1.48
2020-01-23,1.47,1.02,-3.39
2020-01-24,3.2,0.82,-3.29
2020-01-27,1.77,0.41,-2.7
2020-01-28,0.08,5.33,-2.36
2020-01-29,-1.48,7.63,-3.75
2020-01-30,-3.39,5.33,-2.06
2020-01-31,-3.29,4.35,-2.21
2020-02-03,-2.7,5.38,-2.79
2020-02-04,-2.36,5.62,-4.05
2020-02-05,-3.75,3.53,-1.91
2020-02-06,-2.06,1.47,0.9
2020-02-07,-2.21,3.2,0.5
2020-02-10,-2.79,1.77,0.2
2020-02-11,-4.05,0.08,2.68
2020-02-12,-1.91,-1.48,6.0
2020-02-13,0.9,-3.39,2.64
2020-02-14,0.5,-3.29,1.2
2020-02-17,0.2,-2.7,0.45
2020-02-18,2.68,-2.36,-2.18
2020-02-19,6.0,-3.75,-4.15
2020-02-20,2.64,-2.06,-7.05
2020-02-21,1.2,-2.21,-10.45
2020-02-24,0.45,-2.79,-11.62
2020-02-25,-2.18,-4.05,-14.02
2020-02-26,-4.15,-1.91,-10.41
2020-02-27,-7.05,0.9,-9.12
2020-02-28,-10.45,0.5,-11.79
2020-03-02,-11.62,0.2,-17.55
2020-03-03,-14.02,2.68,-17.15
2020-03-04,-10.41,6.0,-19.7
2020-03-05,-9.12,2.64,-26.32
2020-03-06,-11.79,1.2,-21.81
2020-03-09,-17.55,0.45,-26.61
2020-03-10,-17.15,-2.18,-19.32
2020-03-11,-19.7,-4.15,-23.07
2020-03-12,-26.32,-7.05,-17.65
2020-03-13,-21.81,-10.45,-17.64
2020-03-16,-26.61,-11.62,-11.3
2020-03-17,-19.32,-14.02,-8.68
2020-03-18,-23.07,-10.41,-0.32
2020-03-19,-17.65,-9.12,18.91
2020-03-20,-17.64,-11.79,10.49
2020-03-23,-11.3,-17.55,16.65
2020-03-24,-8.68,-17.15,4.9
2020-03-25,-0.32,-19.7,2.07
2020-03-26,18.91,-26.32,-4.91
2020-03-27,10.49,-21.81,-1.33
2020-03-30,16.65,-26.61,5.77
2020-03-31,4.9,-19.32,3.99
2020-04-01,2.07,-23.07,-5.35
2020-04-02,-4.91,-17.65,-8.56
2020-04-03,-1.33,-17.64,-3.53
2020-04-06,5.77,-11.3,-5.54
2020-04-07,3.99,-8.68,-5.17
2020-04-08,-5.35,-0.32,-0.66
2020-04-09,-8.56,18.91,0.63
2020-04-14,-3.53,10.49,-4.65
2020-04-15,-5.54,16.65,-8.01
2020-04-16,-5.17,4.9,-6.88
2020-04-17,-0.66,2.07,-1.37
2020-04-20,0.63,-4.91,-1.96
2020-04-21,-4.65,-1.33,0.95
2020-04-22,-8.01,5.77,10.09
2020-04-23,-6.88,3.99,4.65
2020-04-24,-1.37,-5.35,1.38
2020-04-27,-1.96,-8.56,-1.21
2020-04-28,0.95,-3.53,6.25
2020-04-29,10.09,-5.54,5.0
2020-04-30,4.65,-5.17,4.83
2020-05-01,1.38,-0.66,3.37
2020-05-04,-1.21,0.63,10.9
2020-05-05,6.25,-4.65,7.47
2020-05-06,5.0,-8.01,0.52
2020-05-07,4.83,-6.88,7.88
2020-05-11,3.37,-1.37,14.15
2020-05-12,10.9,-1.96,15.87
2020-05-13,7.47,0.95,12.62
2020-05-14,0.52,10.09,14.41
2020-05-15,7.88,4.65,15.13
2020-05-18,14.15,1.38,14.05
2020-05-19,15.87,-1.21,6.92
2020-05-20,12.62,6.25,10.42
2020-05-21,14.41,5.0,11.3
2020-05-22,15.13,4.83,11.85
2020-05-26,14.05,3.37,7.13
2020-05-27,6.92,10.9,7.49
2020-05-28,10.42,7.47,8.27
2020-05-29,11.3,0.52,7.89
2020-06-01,11.85,7.88,8.55
2020-06-02,7.13,14.15,7.81
2020-06-03,7.49,15.87,3.71
2020-06-04,8.27,12.62,-6.11
2020-06-05,7.89,14.41,-5.2
2020-06-08,8.55,15.13,-8.03
2020-06-09,7.81,14.05,-4.34
2020-06-10,3.71,6.92,-5.48
2020-06-11,-6.11,10.42,-7.39
2020-06-12,-5.2,11.3,-8.06
2020-06-15,-8.03,11.85,-10.16
2020-06-16,-4.34,7.13,-7.05
2020-06-17,-5.48,7.49,-8.23
2020-06-18,-7.39,8.27,0.89
2020-06-19,-8.06,7.89,-0.68
2020-06-22,-10.16,8.55,2.68
2020-06-23,-7.05,7.81,-0.2
2020-06-24,-8.23,3.71,-0.98
2020-06-25,0.89,-6.11,1.94
2020-06-26,-0.68,-5.2,1.47
2020-06-29,2.68,-8.03,2.73
2020-06-30,-0.2,-4.34,-1.64
2020-07-01,-0.98,-5.48,0.19
2020-07-02,1.94,-7.39,-3.48
2020-07-03,1.47,-8.06,-1.45
2020-07-06,2.73,-10.16,-2.41
2020-07-07,-1.64,-7.05,-1.52
2020-07-08,0.19,-8.23,-0.27
2020-07-09,-3.48,0.89,-1.56
2020-07-10,-1.45,-0.68,0.12
2020-07-13,-2.41,2.68,-0.74
2020-07-14,-1.52,-0.2,2.61
2020-07-15,-0.27,-0.98,3.75
2020-07-16,-1.56,1.94,5.02
2020-07-17,0.12,1.47,-1.02
2020-07-20,-0.74,2.73,-3.0
2020-07-21,2.61,-1.64,-4.92
2020-07-22,3.75,0.19,-3.45
2020-07-23,5.02,-3.48,-6.97
2020-07-24,-1.02,-1.45,-10.97
2020-07-27,-3.0,-2.41,-9.48
2020-07-28,-4.92,-1.52,-9.64
2020-07-29,-3.45,-0.27,-9.83
2020-07-30,-6.97,-1.56,-9.94
2020-07-31,-10.97,0.12,-4.44
2020-08-03,-9.48,-0.74,-3.6
2020-08-04,-9.64,2.61,-1.56
2020-08-05,-9.83,3.75,-2.68
2020-08-06,-9.94,5.02,1.4
2020-08-07,-4.44,-1.02,2.7
2020-08-10,-3.6,-3.0,0.6
2020-08-11,-1.56,-4.92,-0.49
2020-08-12,-2.68,-3.45,1.01
2020-08-13,1.4,-6.97,-0.55
2020-08-14,2.7,-10.97,-2.12
2020-08-17,0.6,-9.48,0.29
2020-08-18,-0.49,-9.64,-2.83
2020-08-19,1.01,-9.83,-4.64
2020-08-20,-0.55,-9.94,-5.46
2020-08-21,-2.12,-4.44,-6.1
2020-08-24,0.29,-3.6,-8.97
2020-08-25,-2.83,-1.56,-7.39
2020-08-26,-4.64,-2.68,-9.02
2020-08-27,-5.46,1.4,-8.76
2020-08-28,-6.1,2.7,-5.95
2020-09-01,-8.97,0.6,-8.34
2020-09-02,-7.39,-0.49,-5.13
2020-09-03,-9.02,1.01,-4.22
2020-09-04,-8.76,-0.55,-3.04
2020-09-07,-5.95,-2.12,-1.63
2020-09-08,-8.34,0.29,1.87
2020-09-09,-5.13,-2.83,0.76
2020-09-10,-4.22,-4.64,-0.33
2020-09-11,-3.04,-5.46,2.28
2020-09-14,-1.63,-6.1,-3.91
2020-09-15,1.87,-8.97,-3.0
2020-09-16,0.76,-7.39,-4.64
2020-09-17,-0.33,-9.02,-5.1
2020-09-18,2.28,-8.76,-5.82
2020-09-21,-3.91,-5.95,-5.15
2020-09-22,-3.0,-8.34,-5.59
2020-09-23,-4.64,-5.13,-6.11
2020-09-24,-5.1,-4.22,-5.25
2020-09-25,-5.82,-3.04,-4.5
2020-09-28,-5.15,-1.63,4.28
2020-09-29,-5.59,1.87,6.14
2020-09-30,-6.11,0.76,4.54
2020-10-01,-5.25,-0.33,7.11
2020-10-02,-4.5,2.28,7.09
2020-10-05,4.28,-3.91,7.56
2020-10-06,6.14,-3.0,8.67
2020-10-07,4.54,-4.64,6.9
2020-10-08,7.11,-5.1,7.08
2020-10-09,7.09,-5.82,6.36
2020-10-12,7.56,-5.15,1.37
2020-10-13,8.67,-5.59,0.02
2020-10-14,6.9,-6.11,-2.38
2020-10-15,7.08,-5.25,-2.21
2020-10-16,6.36,-4.5,1.3
2020-10-19,1.37,4.28,-1.88
2020-10-20,0.02,6.14,-5.34
2020-10-21,-2.38,4.54,-6.1
2020-10-22,-2.21,7.11,-4.96
2020-10-23,1.3,7.09,-5.82
2020-10-26,-1.88,7.56,-2.89
2020-10-27,-5.34,8.67,-3.82
2020-10-28,-6.1,6.9,-0.17
2020-10-29,-4.96,7.08,-2.45
2020-10-30,-5.82,6.36,-6.71
2020-11-02,-2.89,1.37,2.15
2020-11-03,-3.82,0.02,10.05
2020-11-04,-0.17,-2.38,13.62
2020-11-05,-2.45,-2.21,14.26
2020-11-06,-6.71,1.3,16.04
2020-11-09,2.15,-1.88,20.55
2020-11-10,10.05,-5.34,15.43
2020-11-11,13.62,-6.1,15.62
2020-11-12,14.26,-4.96,14.67
2020-11-13,16.04,-5.82,17.27
2020-11-16,20.55,-2.89,8.81
2020-11-17,15.43,-3.82,7.4
2020-11-18,15.62,-0.17,6.2
2020-11-19,14.67,-2.45,6.27
2020-11-20,17.27,-6.71,4.5
2020-11-23,8.81,2.15,-3.21
2020-11-24,7.4,10.05,2.37
2020-11-25,6.2,13.62,3.3
2020-11-26,6.27,14.26,4.52
2020-11-27,4.5,16.04,5.67
2020-11-30,-3.21,20.55,8.39
2020-12-01,2.37,15.43,4.34
2020-12-02,3.3,15.62,6.66
2020-12-03,4.52,14.67,6.41
2020-12-04,5.67,17.27,4.87
2020-12-07,8.39,8.81,6.05
2020-12-08,4.34,7.4,3.64
2020-12-09,6.66,6.2,2.93
2020-12-10,6.41,6.27,-1.32
2020-12-11,4.87,4.5,-3.21
2020-12-14,6.05,-3.21,-7.76
2020-12-15,3.64,2.37,-6.87
2020-12-16,2.93,3.3,-7.27
2020-12-17,-1.32,4.52,-7.85
2020-12-18,-3.21,5.67,-5.79
2020-12-21,-7.76,8.39,-6.65
2020-12-22,-6.87,4.34,-6.97
2020-12-23,-7.27,6.66,-5.46
2020-12-24,-7.85,6.41,-0.84
2020-12-29,-5.79,4.87,2.83
2020-12-30,-6.65,6.05,7.54
2020-12-31,-6.97,3.64,5.47
2021-01-04,-5.46,2.93,4.31
2021-01-05,-0.84,-1.32,2.0
2021-01-06,2.83,-3.21,3.34
2021-01-07,7.54,-7.76,5.31
2021-01-08,5.47,-6.87,5.19
2021-01-11,4.31,-7.27,2.22
2021-01-12,2.0,-7.85,2.07
2021-01-13,3.34,-5.79,-1.85
2021-01-14,5.31,-6.65,-2.47
2021-01-15,5.19,-6.97,-0.86
2021-01-18,2.22,-5.46,0.08
2021-01-19,2.07,-0.84,2.75
2021-01-20,-1.85,2.83,0.52
2021-01-21,-2.47,7.54,-1.83
2021-01-22,-0.86,5.47,-1.87
2021-01-25,0.08,4.31,0.02
2021-01-26,2.75,2.0,0.3
2021-01-27,0.52,3.34,6.07
2021-01-28,-1.83,5.31,6.18
2021-01-29,-1.87,5.19,5.29
2021-02-01,0.02,2.22,3.12
2021-02-02,0.3,2.07,2.35
2021-02-03,6.07,-1.85,3.73
2021-02-04,6.18,-2.47,5.48
2021-02-05,5.29,-0.86,7.27
2021-02-08,3.12,0.08,7.28
2021-02-09,2.35,2.75,4.91
2021-02-10,3.73,0.52,-1.6
2021-02-11,5.48,-1.83,-4.08
2021-02-12,7.27,-1.87,-2.18
2021-02-15,7.28,0.02,-1.5
2021-02-16,4.91,0.3,-1.71
2021-02-17,-1.6,6.07,-5.61
2021-02-18,-4.08,6.18,-6.61
2021-02-19,-2.18,5.29,-8.89
2021-02-22,-1.5,3.12,-8.82
2021-02-23,-1.71,2.35,-7.09
2021-02-24,-5.61,3.73,-5.62
2021-02-25,-6.61,5.48,-3.5
2021-02-26,-8.89,7.27,-5.03
2021-03-01,-8.82,7.28,-3.34
2021-03-02,-7.09,4.91,-1.74
2021-03-03,-5.62,-1.6,3.04
2021-03-04,-3.5,-4.08,5.68
2021-03-05,-5.03,-2.18,8.85
2021-03-08,-3.34,-1.5,7.62
2021-03-09,-1.74,-1.71,8.34
2021-03-10,3.04,-5.61,9.33
2021-03-11,5.68,-6.61,8.27
2021-03-12,8.85,-8.89,7.53
2021-03-15,7.62,-8.82,5.24
2021-03-16,8.34,-7.09,5.03
2021-03-17,9.33,-5.62,3.56
2021-03-18,8.27,-3.5,2.22
2021-03-19,7.53,-5.03,1.93
2021-03-22,5.24,-3.34,-0.44
2021-03-23,5.03,-1.74,-0.33
2021-03-24,3.56,3.04,-3.68
2021-03-25,2.22,5.68,-1.81
2021-03-26,1.93,8.85,0.51
2021-03-29,-0.44,7.62,3.0
2021-03-30,-0.33,8.34,1.76
2021-03-31,-3.68,9.33,0.54
2021-04-01,-1.81,8.27,0.09
2021-04-06,0.51,7.53,-0.96
2021-04-07,3.0,5.24,1.24
2021-04-08,1.76,5.03,-0.55
2021-04-09,0.54,3.56,2.5
2021-04-12,0.09,2.22,1.21
2021-04-13,-0.96,1.93,-2.33
2021-04-14,1.24,-0.44,-2.78
2021-04-15,-0.55,-0.33,-1.73
2021-04-16,2.5,-3.68,-0.79
2021-04-19,1.21,-1.81,-0.36
2021-04-20,-2.33,0.51,0.72
2021-04-21,-2.78,3.0,0.76
2021-04-22,-1.73,1.76,1.6
2021-04-23,-0.79,0.54,1.2
2021-04-26,-0.36,0.09,1.88
2021-04-27,0.72,-0.96,6.89
2021-04-28,0.76,1.24,6.91
2021-04-29,1.6,-0.55,5.76
2021-04-30,1.2,2.5,6.62
2021-05-04,1.88,1.21,3.39
2021-05-05,6.89,-2.33,3.78
2021-05-06,6.91,-2.78,3.2
2021-05-07,5.76,-1.73,3.87
2021-05-10,6.62,-0.79,3.58
2021-05-11,3.39,-0.36,-6.34
2021-05-12,3.78,0.72,-10.06
2021-05-13,3.2,0.76,-9.96
2021-05-14,3.87,1.6,-10.11
2021-05-17,3.58,1.2,-9.16
2021-05-18,-6.34,1.88,-7.92
2021-05-19,-10.06,6.89,-9.39
2021-05-20,-9.96,6.91,-7.94
2021-05-21,-10.11,5.76,-8.83
2021-05-24,-9.16,6.62,-9.48
2021-05-25,-7.92,3.39,-1.05
2021-05-26,-9.39,3.78,0.93
2021-05-27,-7.94,3.2,0.05
2021-05-28,-8.83,3.87,1.3
2021-06-01,-9.48,3.58,-0.62
2021-06-02,-1.05,-6.34,0.27
2021-06-03,0.93,-10.06,2.22
2021-06-04,0.05,-9.96,1.14
2021-06-07,1.3,-10.11,1.33
2021-06-08,-0.62,-9.16,2.92
2021-06-09,0.27,-7.92,1.91
2021-06-10,2.22,-9.39,2.13
2021-06-11,1.14,-7.94,-0.2
2021-06-14,1.33,-8.83,0.25
2021-06-15,2.92,-9.48,1.29
2021-06-16,1.91,-1.05,1.89
2021-06-17,2.13,0.93,-3.47
2021-06-18,-0.2,0.05,-5.27
2021-06-21,0.25,1.3,-7.26
2021-06-22,1.29,-0.62,-8.26
2021-06-23,1.89,0.27,-6.78
2021-06-24,-3.47,2.22,-6.6
2021-06-25,-5.27,1.14,-4.56
2021-06-28,-7.26,1.33,-5.64
2021-06-29,-8.26,2.92,-8.42
2021-06-30,-6.78,1.91,-8.86
2021-07-01,-6.6,2.13,-5.94
2021-07-02,-4.56,-0.2,-3.54
2021-07-05,-5.64,0.25,-0.75
2021-07-06,-8.42,1.29,-1.47
2021-07-07,-8.86,1.89,-3.18
2021-07-08,-5.94,-3.47,-5.26
2021-07-09,-3.54,-5.27,-4.32
2021-07-12,-0.75,-7.26,-7.5
2021-07-13,-1.47,-8.26,-4.98
2021-07-14,-3.18,-6.78,-3.34
2021-07-15,-5.26,-6.6,-1.54
2021-07-16,-4.32,-4.56,0.17
2021-07-19,-7.5,-5.64,-1.72
2021-07-20,-4.98,-8.42,-2.16
2021-07-21,-3.34,-8.86,-1.82
2021-07-22,-1.54,-5.94,0.95
2021-07-23,0.17,-3.54,-0.36
2021-07-26,-1.72,-0.75,3.36
2021-07-27,-2.16,-1.47,3.85
2021-07-28,-1.82,-3.18,1.58
2021-07-29,0.95,-5.26,1.22
2021-07-30,-0.36,-4.32,-0.15
2021-08-02,3.36,-7.5,1.51
2021-08-03,3.85,-4.98,2.18
2021-08-04,1.58,-3.34,4.02
2021-08-05,1.22,-1.54,3.61
2021-08-06,-0.15,0.17,3.55
2021-08-09,1.51,-1.72,2.31
2021-08-10,2.18,-2.16,2.29
2021-08-11,4.02,-1.82,4.07
2021-08-12,3.61,0.95,3.2
2021-08-13,3.55,-0.36,3.39
2021-08-16,2.31,3.36,2.46
2021-08-17,2.29,3.85,2.62
2021-08-18,4.07,1.58,2.5
2021-08-19,3.2,1.22,1.58
2021-08-20,3.39,-0.15,2.03
2021-08-23,2.46,1.51,2.06
2021-08-24,2.62,2.18,1.54
2021-08-25,2.5,4.02,-0.35
2021-08-26,1.58,3.61,-0.33
2021-08-27,2.03,3.55,-0.88
2021-08-31,2.06,2.31,-0.03
2021-09-01,1.54,2.29,-0.46
2021-09-02,-0.35,4.07,-3.33
2021-09-03,-0.33,3.2,-4.69
2021-09-06,-0.88,3.39,-4.16
2021-09-07,-0.03,2.46,-4.84
2021-09-08,-0.46,2.62,-6.22
2021-09-09,-3.33,2.5,-5.16
2021-09-10,-4.69,1.58,-5.38
2021-09-13,-4.16,2.03,-6.13
2021-09-14,-4.84,2.06,-6.74
2021-09-15,-6.22,1.54,-5.29
2021-09-16,-5.16,-0.35,-3.82
2021-09-17,-5.38,-0.33,-2.54
2021-09-20,-6.13,-0.88,-1.5
2021-09-21,-6.74,-0.03,-0.93
2021-09-22,-5.29,-0.46,0.73
2021-09-23,-3.82,-3.33,-1.48
2021-09-24,-2.54,-4.69,-1.85
2021-09-27,-1.5,-4.16,-0.32
2021-09-28,-0.93,-4.84,0.54
2021-09-29,0.73,-6.22,-3.28
2021-09-30,-1.48,-5.16,-1.66
2021-10-01,-1.85,-5.38,-1.49
2021-10-04,-0.32,-6.13,-3.56
2021-10-05,0.54,-6.74,-3.44
2021-10-06,-3.28,-5.29,-4.64
2021-10-07,-1.66,-3.82,-1.92
2021-10-08,-1.49,-2.54,-1.57
2021-10-11,-3.56,-1.5,-3.81
2021-10-12,-3.44,-0.93,-4.59
2021-10-13,-4.64,0.73,0.34
2021-10-14,-1.92,-1.48,-1.39
2021-10-15,-1.57,-1.85,-1.14
2021-10-18,-3.81,-0.32,-0.93
2021-10-19,-4.59,0.54,1.39
2021-10-20,0.34,-3.28,1.71
2021-10-21,-1.39,-1.66,-1.93
2021-10-22,-1.14,-1.49,-2.17
2021-10-25,-0.93,-3.56,-0.07
2021-10-26,1.39,-3.44,-0.86
2021-10-27,1.71,-4.64,-4.52
2021-10-28,-1.93,-1.92,-0.65
2021-10-29,-2.17,-1.57,0.49
2021-11-01,-0.07,-3.81,0.22
2021-11-02,-0.86,-4.59,-0.69
2021-11-03,-4.52,0.34,0.21
2021-11-04,-0.65,-1.39,4.62
2021-11-05,0.49,-1.14,5.11
2021-11-08,0.22,-0.93,2.87
2021-11-09,-0.69,1.39,8.72
2021-11-10,0.21,1.71,6.77
2021-11-11,4.62,-1.93,4.43
2021-11-12,5.11,-2.17,2.03
2021-11-15,2.87,-0.07,5.66
2021-11-16,8.72,-0.86,3.76
2021-11-17,6.77,-4.52,4.92
2021-11-18,4.43,-0.65,0.07
2021-11-19,2.03,0.49,-3.47
2021-11-22,5.66,0.22,-2.12
2021-11-23,3.76,-0.69,-7.28
2021-11-24,4.92,0.21,-2.73
2021-11-25,0.07,4.62,-4.33
2021-11-26,-3.47,5.11,-2.85
2021-11-29,-2.12,2.87,-3.72
2021-11-30,-7.28,8.72,-3.54
2021-12-01,-2.73,6.77,-3.97
2021-12-02,-4.33,4.43,-0.79
2021-12-03,-2.85,2.03,3.27
2021-12-06,-3.72,5.66,2.12
2021-12-07,-3.54,3.76,4.46
2021-12-08,-3.97,4.92,0.2
2021-12-09,-0.79,0.07,1.47
2021-12-10,3.27,-3.47,3.52
2021-12-13,2.12,-2.12,-1.22
2021-12-14,4.46,-7.28,1.23
2021-12-15,0.2,-2.73,-0.5
2021-12-16,1.47,-4.33,-0.32
2021-12-17,3.52,-2.85,-0.58
2021-12-20,-1.22,-3.72,0.16
2021-12-21,1.23,-3.54,-1.61
2021-12-22,-0.5,-3.97,0.88
2021-12-23,-0.32,-0.79,3.26
2021-12-24,-0.58,3.27,0.04
2021-12-29,0.16,2.12,2.22
2021-12-30,-1.61,4.46,1.18
2021-12-31,0.88,0.2,4.37
2022-01-04,3.26,1.47,2.89
2022-01-05,0.04,3.52,4.05
2022-01-06,2.22,-1.22,4.56
2022-01-07,1.18,1.23,5.25
2022-01-10,4.37,-0.5,5.9
2022-01-11,2.89,-0.32,5.36
2022-01-12,4.05,-0.58,5.74
2022-01-13,4.56,0.16,5.21
2022-01-14,5.25,-1.61,2.57
2022-01-17,5.9,0.88,4.6
2022-01-18,5.36,3.26,8.11
2022-01-19,5.74,0.04,6.08
2022-01-20,5.21,2.22,7.05
2022-01-21,2.57,1.18,7.9
2022-01-24,4.6,4.37,9.37
2022-01-25,8.11,2.89,5.32
2022-01-26,6.08,4.05,9.48
2022-01-27,7.05,4.56,11.39
2022-01-28,7.9,5.25,14.19
2022-01-31,9.37,5.9,11.83
2022-02-01,5.32,5.36,9.32
2022-02-02,9.48,5.74,12.33
2022-02-03,11.39,5.21,9.8
2022-02-04,14.19,2.57,8.84
2022-02-07,11.83,4.6,5.01
2022-02-08,9.32,8.11,8.55
2022-02-09,12.33,6.08,5.43
2022-02-10,9.8,7.05,3.28
2022-02-11,8.84,7.9,2.5
2022-02-14,5.01,9.37,-1.05
2022-02-15,8.55,5.32,-0.57
2022-02-16,5.43,9.48,-2.84
2022-02-17,3.28,11.39,-6.02
2022-02-18,2.5,14.19,-3.83
2022-02-21,-1.05,11.83,-3.74
2022-02-22,-0.57,9.32,-7.19
2022-02-23,-2.84,12.33,-6.92
2022-02-24,-6.02,9.8,-7.22
2022-02-25,-3.83,8.84,-10.26
2022-02-28,-3.74,5.01,-11.06
2022-03-01,-7.19,8.55,-14.64
2022-03-02,-6.92,5.43,-11.54
2022-03-03,-7.22,3.28,-8.93
2022-03-04,-10.26,2.5,-10.54
2022-03-07,-11.06,-1.05,-7.35
2022-03-08,-14.64,-0.57,-5.31
2022-03-09,-11.54,-2.84,-4.24
2022-03-10,-8.93,-6.02,-1.59
2022-03-11,-10.54,-3.83,3.39
2022-03-14,-7.35,-3.74,5.84
2022-03-15,-5.31,-7.19,9.05
2022-03-16,-4.24,-6.92,3.6
2022-03-17,-1.59,-7.22,5.37
2022-03-18,3.39,-10.26,4.87
2022-03-21,5.84,-11.06,3.12
2022-03-22,9.05,-14.64,3.67
2022-03-23,3.6,-11.54,4.09
2022-03-24,5.37,-8.93,-0.89
2022-03-25,4.87,-10.54,-0.97
2022-03-28,3.12,-7.35,-1.55
2022-03-29,3.67,-5.31,-1.2
2022-03-30,4.09,-4.24,2.99
2022-03-31,-0.89,-1.59,1.6
2022-04-01,-0.97,3.39,3.16
2022-04-04,-1.55,5.84,4.17
2022-04-05,-1.2,9.05,3.24
2022-04-06,2.99,3.6,1.75
2022-04-07,1.6,5.37,5.85
2022-04-08,3.16,4.87,3.15
2022-04-11,4.17,3.12,1.95
2022-04-12,3.24,3.67,2.41
2022-04-13,1.75,4.09,-0.27
2022-04-14,5.85,-0.89,-0.09
2022-04-19,3.15,-0.97,-1.22
2022-04-20,1.95,-1.55,-3.76
2022-04-21,2.41,-1.2,-2.77
2022-04-22,-0.27,2.99,-7.7
2022-04-25,-0.09,1.6,-6.42
2022-04-26,-1.22,3.16,-5.74
2022-04-27,-3.76,4.17,-3.89
2022-04-28,-2.77,3.24,-6.29
2022-04-29,-7.7,1.75,-6.99
2022-05-03,-6.42,5.85,-6.3
2022-05-04,-5.74,3.15,-6.92
2022-05-05,-3.89,1.95,-5.7
2022-05-06,-6.29,2.41,-7.26
2022-05-09,-6.99,-0.27,-1.22
2022-05-10,-6.3,-0.09,-2.72
2022-05-11,-6.92,-1.22,-3.94
2022-05-12,-5.7,-3.76,-4.05
2022-05-13,-7.26,-2.77,0.56
2022-05-16,-1.22,-7.7,6.22
2022-05-17,-2.72,-6.42,8.51
2022-05-18,-3.94,-5.74,9.56
2022-05-19,-4.05,-3.89,10.7
2022-05-20,0.56,-6.29,10.46
2022-05-23,6.22,-6.99,7.71
2022-05-24,8.51,-6.3,8.55
2022-05-25,9.56,-6.92,7.32
2022-05-26,10.7,-5.7,6.37
2022-05-27,10.46,-7.26,4.05
2022-05-30,7.71,-1.22,-1.28
2022-05-31,8.55,-2.72,-2.2
2022-06-01,7.32,-3.94,-3.66
2022-06-06,6.37,-4.05,-4.12
2022-06-07,4.05,0.56,-3.52
2022-06-08,-1.28,6.22,-2.47
2022-06-09,-2.2,8.51,-3.81
2022-06-10,-3.66,9.56,0.24
2022-06-13,-4.12,10.7,1.4
2022-06-14,-3.52,10.46,1.4
2022-06-15,-2.47,7.71,1.83
2022-06-16,-3.81,8.55,0.4
2022-06-17,0.24,7.32,0.83
2022-06-20,1.4,6.37,0.97
2022-06-21,1.4,4.05,2.41
2022-06-22,1.83,-1.28,0.3
2022-06-23,0.4,-2.2,0.84
2022-06-24,0.83,-3.66,0.28
2022-06-27,0.97,-4.12,0.7
2022-06-28,2.41,-3.52,-0.59
2022-06-29,0.3,-2.47,-0.05
2022-06-30,0.84,-3.81,0.74
2022-07-01,0.28,0.24,1.55
2022-07-04,0.7,1.4,1.16
2022-07-05,-0.59,1.4,0.54
2022-07-06,-0.05,1.83,2.06
2022-07-07,0.74,0.4,0.88
2022-07-08,1.55,0.83,1.32
2022-07-11,1.16,0.97,1.13
2022-07-12,0.54,2.41,3.15
2022-07-13,2.06,0.3,2.02
2022-07-14,0.88,0.84,1.69
2022-07-15,1.32,0.28,0.44
2022-07-18,1.13,0.7,0.25
2022-07-19,3.15,-0.59,-5.35
2022-07-20,2.02,-0.05,-6.26
2022-07-21,1.69,0.74,-7.03
2022-07-22,0.44,1.55,-6.39
2022-07-25,0.25,1.16,-7.39
2022-07-26,-5.35,0.54,-7.85
2022-07-27,-6.26,2.06,-8.05
2022-07-28,-7.03,0.88,-8.46
2022-07-29,-6.39,1.32,-5.88
2022-08-01,-7.39,1.13,-6.2
2022-08-02,-7.85,3.15,-0.07
2022-08-03,-8.05,2.02,0.17
2022-08-04,-8.46,1.69,2.04
2022-08-05,-5.88,0.44,0.65
2022-08-08,-6.2,0.25,0.53
2022-08-09,-0.07,-5.35,2.07
2022-08-10,0.17,-6.26,2.46
2022-08-11,2.04,-7.03,2.46
2022-08-12,0.65,-6.39,0.25
2022-08-15,0.53,-7.39,-0.94
2022-08-16,2.07,-7.85,-4.01
2022-08-17,2.46,-8.05,-4.08
2022-08-18,2.46,-8.46,-3.84
2022-08-19,0.25,-5.88,-5.35
2022-08-22,-0.94,-6.2,-4.47
2022-08-23,-4.01,-0.07,-6.12
2022-08-24,-4.08,0.17,-7.88
2022-08-25,-3.84,2.04,-6.35
2022-08-26,-5.35,0.65,-7.72
2022-08-30,-4.47,0.53,-5.59
2022-08-31,-6.12,2.07,-6.13
2022-09-01,-7.88,2.46,-7.21
2022-09-02,-6.35,2.46,-6.93
2022-09-05,-7.72,0.25,-3.93
2022-09-06,-5.59,-0.94,-5.72
2022-09-07,-6.13,-4.01,-7.4
2022-09-08,-7.21,-4.08,-2.62
2022-09-09,-6.93,-3.84,-4.81
2022-09-12,-3.93,-5.35,-5.31
2022-09-13,-5.72,-4.47,-3.89
2022-09-14,-7.4,-6.12,-1.2
2022-09-15,-2.62,-7.88,0.2
2022-09-16,-4.81,-6.35,-1.68
2022-09-20,-5.31,-7.72,-4.52
2022-09-21,-3.89,-5.59,-3.65
2022-09-22,-1.2,-6.13,-4.93
2022-09-23,0.2,-7.21,-7.43
2022-09-26,-1.68,-6.93,-4.28
2022-09-27,-4.52,-3.93,-1.32
2022-09-28,-3.65,-5.72,-5.7
2022-09-29,-4.93,-7.4,-6.67
2022-09-30,-7.43,-2.62,-7.03
2022-10-03,-4.28,-4.81,-4.86
2022-10-04,-1.32,-5.31,-4.04
2022-10-05,-5.7,-3.89,-5.87
2022-10-06,-6.67,-1.2,-2.41
2022-10-07,-7.03,0.2,-1.51
2022-10-10,-4.86,-1.68,-3.57
2022-10-11,-4.04,-4.52,-5.12
2022-10-12,-5.87,-3.65,-1.38
2022-10-13,-2.41,-4.93,-2.83
2022-10-14,-1.51,-7.43,-1.92
2022-10-17,-3.57,-4.28,-1.87
2022-10-18,-5.12,-1.32,-2.6
2022-10-19,-1.38,-5.7,-0.18
2022-10-20,-2.83,-6.67,-0.72
2022-10-21,-1.92,-7.03,0.22
2022-10-24,-1.87,-4.86,1.62
2022-10-25,-2.6,-4.04,2.96
2022-10-26,-0.18,-5.87,2.14
2022-10-27,-0.72,-2.41,3.77
2022-10-28,0.22,-1.51,6.26
2022-10-31,1.62,-3.57,5.16
2022-11-01,2.96,-5.12,7.67
2022-11-02,2.14,-1.38,5.4
2022-11-03,3.77,-2.83,7.19
2022-11-04,6.26,-1.92,3.92
2022-11-07,5.16,-1.87,2.48
2022-11-08,7.67,-2.6,-6.5
2022-11-09,5.4,-0.18,-5.96
2022-11-10,7.19,-0.72,-5.88
2022-11-11,3.92,0.22,-7.01
2022-11-14,2.48,1.62,-6.31
2022-11-15,-6.5,2.96,-10.58
2022-11-16,-5.96,2.14,-9.07
2022-11-17,-5.88,3.77,-12.38
2022-11-18,-7.01,6.26,-10.28
2022-11-21,-6.31,5.16,-10.9
2022-11-22,-10.58,7.67,-4.22
2022-11-23,-9.07,5.4,-5.48
2022-11-24,-12.38,7.19,-5.08
2022-11-25,-10.28,3.92,-6.45
2022-11-28,-10.9,2.48,-7.23
2022-11-29,-4.22,-6.5,-6.03
2022-11-30,-5.48,-5.96,-7.39
2022-12-01,-5.08,-5.88,-7.27
2022-12-02,-6.45,-7.01,-6.78
2022-12-05,-7.23,-6.31,-6.2
2022-12-06,-6.03,-10.58,-5.83
2022-12-07,-7.39,-9.07,-5.99
2022-12-08,-7.27,-12.38,-6.05
2022-12-09,-6.78,-10.28,-8.1
2022-12-12,-6.2,-10.9,-7.39
2022-12-13,-5.83,-4.22,-6.13
2022-12-14,-5.99,-5.48,-3.6
2022-12-15,-6.05,-5.08,-2.56
2022-12-16,-8.1,-6.45,-3.29
2022-12-19,-7.39,-7.23,-2.97
2022-12-20,-6.13,-6.03,-1.58
2022-12-21,-3.6,-7.39,-2.43
2022-12-22,-2.56,-7.27,-0.08
2022-12-23,-3.29,-6.78,4.84
2022-12-28,-2.97,-6.2,5.31
2022-12-29,-1.58,-5.83,5.86
2022-12-30,-2.43,-5.99,4.96
2023-01-03,-0.08,-6.05,4.77
2023-01-04,4.84,-8.1,4.67
2023-01-05,5.31,-7.39,8.97
2023-01-06,5.86,-6.13,7.62
2023-01-09,4.96,-3.6,10.75
2023-01-10,4.77,-2.56,7.3
2023-01-11,4.67,-3.29,3.28
2023-01-12,8.97,-2.97,1.68
2023-01-13,7.62,-1.58,3.57
2023-01-16,10.75,-2.43,3.2
2023-01-17,7.3,-0.08,5.04
2023-01-18,3.28,4.84,5.14
2023-01-19,1.68,5.31,0.32
2023-01-20,3.57,5.86,1.98
2023-01-23,3.2,4.96,0.27
2023-01-24,5.04,4.77,1.02
2023-01-25,5.14,4.67,0.54
2023-01-26,0.32,8.97,5.07
2023-01-27,1.98,7.62,-0.81
2023-01-30,0.27,10.75,-0.95
2023-01-31,1.02,7.3,-0.71
2023-02-01,0.54,3.28,-0.01
2023-02-02,5.07,1.68,-1.16
2023-02-03,-0.81,3.57,-1.43
2023-02-06,-0.95,3.2,0.48
2023-02-07,-0.71,5.04,4.4
2023-02-08,-0.01,5.14,8.82
2023-02-09,-1.16,0.32,7.04
2023-02-10,-1.43,1.98,12.33
2023-02-13,0.48,0.27,13.35
2023-02-14,4.4,1.02,11.12
2023-02-15,8.82,0.54,8.86
2023-02-16,7.04,5.07,8.47
2023-02-17,12.33,-0.81,7.71
2023-02-20,13.35,-0.95,7.15
2023-02-21,11.12,-0.71,2.63
2023-02-22,8.86,-0.01,0.85
2023-02-23,8.47,-1.16,-1.89
2023-02-24,7.71,-1.43,-1.86
2023-02-27,7.15,0.48,-1.5
2023-02-28,2.63,4.4,-2.91
2023-03-01,0.85,8.82,-1.77
2023-03-02,-1.89,7.04,-0.3
2023-03-03,-1.86,12.33,-0.63
2023-03-06,-1.5,13.35,-5.0
2023-03-07,-2.91,11.12,-3.61
2023-03-08,-1.77,8.86,-6.04
2023-03-09,-0.3,8.47,-6.96
2023-03-10,-0.63,7.71,-10.06
2023-03-13,-5.0,7.15,-8.64
2023-03-14,-3.61,2.63,-6.11
2023-03-15,-6.04,0.85,-7.44
2023-03-16,-6.96,-1.89,-8.0
2023-03-17,-10.06,-1.86,-10.13
2023-03-20,-8.64,-1.5,-6.88
2023-03-21,-6.11,-2.91,-7.52
2023-03-22,-7.44,-1.77,-4.46
2023-03-23,-8.0,-0.3,-3.38
2023-03-24,-10.13,-0.63,-1.18
2023-03-27,-6.88,-5.0,-3.26
2023-03-28,-7.52,-3.61,-5.6
2023-03-29,-4.46,-6.04,-2.11
2023-03-30,-3.38,-6.96,0.74
2023-03-31,-1.18,-10.06,3.96
2023-04-03,-3.26,-8.64,3.25
2023-04-04,-5.6,-6.11,3.22
2023-04-05,-2.11,-7.44,2.38
2023-04-06,0.74,-8.0,3.54
2023-04-11,3.96,-10.13,3.03
2023-04-12,3.25,-6.88,1.49
2023-04-13,3.22,-7.52,2.66
2023-04-14,2.38,-4.46,1.35
2023-04-17,3.54,-3.38,-1.96
2023-04-18,3.03,-1.18,-0.88
2023-04-19,1.49,-3.26,2.48
2023-04-20,2.66,-5.6,4.45
2023-04-21,1.35,-2.11,4.27
2023-04-24,-1.96,0.74,1.06
2023-04-25,-0.88,3.96,4.51
2023-04-26,2.48,3.25,4.11
2023-04-27,4.45,3.22,5.8
2023-04-28,4.27,2.38,3.99
2023-05-02,1.06,3.54,3.42
2023-05-03,4.51,3.03,-0.32
2023-05-04,4.11,1.49,-4.69
2023-05-05,5.8,2.66,-6.12
2023-05-09,3.99,1.35,-13.11
2023-05-10,3.42,-1.96,-12.11
2023-05-11,-0.32,-0.88,-13.75
2023-05-12,-4.69,2.48,-12.09
2023-05-15,-6.12,4.45,-14.07
2023-05-16,-13.11,4.27,-10.82
2023-05-17,-12.11,1.06,-10.09
2023-05-18,-13.75,4.51,-10.91
2023-05-19,-12.09,4.11,-11.56
2023-05-22,-14.07,5.8,-13.64
2023-05-23,-10.82,3.99,-8.35
2023-05-24,-10.09,3.42,-7.54
2023-05-25,-10.91,-0.32,-8.81
2023-05-26,-11.56,-4.69,-6.22
2023-05-30,-13.64,-6.12,-5.79
2023-05-31,-8.35,-13.11,-6.66
2023-06-01,-7.54,-12.11,-11.08
2023-06-02,-8.81,-13.75,-7.62
2023-06-05,-6.22,-12.09,-8.33
2023-06-06,-5.79,-14.07,-6.84
2023-06-07,-6.66,-10.82,-4.62
2023-06-08,-11.08,-10.09,-2.98
2023-06-09,-7.62,-10.91,-2.54
2023-06-12,-8.33,-11.56,-4.85
2023-06-13,-6.84,-13.64,-5.1
2023-06-14,-4.62,-8.35,-7.33
2023-06-15,-2.98,-7.54,-3.03
2023-06-16,-2.54,-8.81,-2.92
2023-06-19,-4.85,-6.22,-3.83
2023-06-20,-5.1,-5.79,0.3
2023-06-21,-7.33,-6.66,1.13
2023-06-22,-3.03,-11.08,0.65
2023-06-23,-2.92,-7.62,0.35
2023-06-26,-3.83,-8.33,0.24
2023-06-27,0.3,-6.84,0.9
2023-06-28,1.13,-4.62,-0.08
2023-06-29,0.65,-2.98,-1.61
2023-06-30,0.35,-2.54,-2.72
2023-07-03,0.24,-4.85,0.83
2023-07-04,0.9,-5.1,-2.22
2023-07-05,-0.08,-7.33,-1.37
2023-07-06,-1.61,-3.03,-3.24
2023-07-07,-2.72,-2.92,-2.39
2023-07-10,0.83,-3.83,-3.27
2023-07-11,-2.22,0.3,-3.04
2023-07-12,-1.37,1.13,1.07
2023-07-13,-3.24,0.65,4.42
2023-07-14,-2.39,0.35,3.96
2023-07-17,-3.27,0.24,8.31
2023-07-18,-3.04,0.9,6.88
2023-07-19,1.07,-0.08,6.72
2023-07-20,4.42,-1.61,5.88
2023-07-21,3.96,-2.72,4.92
2023-07-24,8.31,0.83,3.53
2023-07-25,6.88,-2.22,3.44
2023-07-26,6.72,-1.37,0.61
2023-07-27,5.88,-3.24,-2.03
2023-07-28,4.92,-2.39,0.15
2023-07-31,3.53,-3.27,-5.01
2023-08-01,3.44,-3.04,-5.23
2023-08-02,0.61,1.07,-6.38
2023-08-03,-2.03,4.42,-3.91
2023-08-04,0.15,3.96,-4.03
2023-08-07,-5.01,8.31,-3.01
2023-08-08,-5.23,6.88,-3.99
2023-08-09,-6.38,6.72,-4.28
2023-08-10,-3.91,5.88,-2.13
2023-08-11,-4.03,4.92,-3.69
2023-08-14,-3.01,3.53,-3.19
2023-08-15,-3.99,3.44,-1.85
2023-08-16,-4.28,0.61,-1.43
2023-08-17,-2.13,-2.03,-1.98
2023-08-18,-3.69,0.15,-1.95
2023-08-21,-3.19,-5.01,0.69
2023-08-22,-1.85,-5.23,3.31
2023-08-23,-1.43,-6.38,3.49
2023-08-24,-1.98,-3.91,3.91
2023-08-25,-1.95,-4.03,2.19
2023-08-29,0.69,-3.01,4.39
2023-08-30,3.31,-3.99,3.87
2023-08-31,3.49,-4.28,3.33
2023-09-01,3.91,-2.13,2.08
2023-09-04,2.19,-3.69,5.4
2023-09-05,4.39,-3.19,6.45
2023-09-06,3.87,-1.85,7.57
2023-09-07,3.33,-1.43,9.19
2023-09-08,2.08,-1.98,8.44
2023-09-11,5.4,-1.95,9.63
2023-09-12,6.45,0.69,9.01
2023-09-13,7.57,3.31,10.44
2023-09-14,9.19,3.49,9.66
2023-09-15,8.44,3.91,10.67
2023-09-18,9.63,2.19,6.48
2023-09-19,9.01,4.39,4.3
2023-09-20,10.44,3.87,0.62
2023-09-21,9.66,3.33,-2.74
2023-09-22,10.67,2.08,-3.75
2023-09-25,6.48,5.4,-3.29
2023-09-26,4.3,6.45,-5.13
2023-09-27,0.62,7.57,-7.22
2023-09-28,-2.74,9.19,-6.12
2023-09-29,-3.75,8.44,-7.69
2023-10-02,-3.29,9.63,-4.88
2023-10-03,-5.13,9.01,-4.11
2023-10-04,-7.22,10.44,-2.28
2023-10-05,-6.12,9.66,-0.17
2023-10-06,-7.69,10.67,0.57
2023-10-09,-4.88,6.48,0.83
2023-10-10,-4.11,4.3,2.11
2023-10-11,-2.28,0.62,3.34
2023-10-12,-0.17,-2.74,0.78
2023-10-13,0.57,-3.75,1.2
2023-10-16,0.83,-3.29,-1.68
2023-10-17,2.11,-5.13,-2.52
2023-10-18,3.34,-7.22,-4.66
2023-10-19,0.78,-6.12,-3.62
2023-10-20,1.2,-7.69,-1.5
2023-10-23,-1.68,-4.88,-0.94
2023-10-24,-2.52,-4.11,-2.4
2023-10-25,-4.66,-2.28,-3.28
2023-10-26,-3.62,-0.17,0.69
2023-10-27,-1.5,0.57,3.98
2023-10-30,-0.94,0.83,5.4
2023-10-31,-2.4,2.11,3.62
2023-11-01,-3.28,3.34,4.22
2023-11-02,0.69,0.78,3.7
2023-11-03,3.98,1.2,0.37
2023-11-06,5.4,-1.68,0.87
2023-11-07,3.62,-2.52,-3.42
2023-11-08,4.22,-4.66,-3.25
2023-11-09,3.7,-3.62,-5.18
2023-11-10,0.37,-1.5,-4.65
2023-11-13,0.87,-0.94,-5.2
2023-11-14,-3.42,-2.4,-4.68
2023-11-15,-3.25,-3.28,-2.73
2023-11-16,-5.18,0.69,-8.65
2023-11-17,-4.65,3.98,-6.07
2023-11-20,-5.2,5.4,-8.22
2023-11-21,-4.68,3.62,-3.08
2023-11-22,-2.73,4.22,-2.59
2023-11-23,-8.65,3.7,-2.58
2023-11-24,-6.07,0.37,-4.5
2023-11-27,-8.22,0.87,-4.63
2023-11-28,-3.08,-3.42,-3.96
2023-11-29,-2.59,-3.25,-3.64
2023-11-30,-2.58,-5.18,-1.51
2023-12-01,-4.5,-4.65,-3.47
2023-12-04,-4.63,-5.2,-3.51
2023-12-05,-3.96,-4.68,-5.29
2023-12-06,-3.64,-2.73,-8.01
2023-12-07,-1.51,-8.65,-6.84
2023-12-08,-3.47,-6.07,-9.7
2023-12-11,-3.51,-8.22,-5.71
2023-12-12,-5.29,-3.08,-6.58
2023-12-13,-8.01,-2.59,-6.52
2023-12-14,-6.84,-2.58,-1.15
2023-12-15,-9.7,-4.5,-0.13
2023-12-18,-5.71,-4.63,0.01
2023-12-19,-6.58,-3.96,1.79
2023-12-20,-6.52,-3.64,5.25
