Date,% downloaded_hold_LLoyds Change,Previous % downloaded_hold_LLoyds Change,Next % downloaded_hold_LLoyds Change
2017-01-31,-0.8,1.28,3.01
2017-02-01,0.36,0.64,0.06
2017-02-02,0.22,0.14,-0.03
2017-02-03,1.21,-1.27,-0.35
2017-02-06,2.58,-1.25,1.46
2017-02-07,3.01,-3.57,2.41
2017-02-08,0.06,-1.2,3.13
2017-02-09,-0.03,0.2,3.65
2017-02-10,-0.35,-0.26,1.53
2017-02-13,1.46,0.33,1.95
2017-02-14,2.41,-0.8,0.96
2017-02-15,3.13,0.36,6.28
2017-02-16,3.65,0.22,5.15
2017-02-17,1.53,1.21,5.54
2017-02-20,1.95,2.58,5.08
2017-02-21,0.96,3.01,3.29
2017-02-22,6.28,0.06,2.03
2017-02-23,5.15,-0.03,2.46
2017-02-24,5.54,-0.35,2.34
2017-02-27,5.08,1.46,0.22
2017-02-28,3.29,2.41,1.09
2017-03-01,2.03,3.13,-2.0
2017-03-02,2.46,3.65,-1.43
2017-03-03,2.34,1.53,-0.74
2017-03-06,0.22,1.95,-0.95
2017-03-07,1.09,0.96,-1.2
2017-03-08,-2.0,6.28,-0.88
2017-03-09,-1.43,5.15,0.98
2017-03-10,-0.74,5.54,1.34
2017-03-13,-0.95,5.08,2.66
2017-03-14,-1.2,3.29,1.85
2017-03-15,-0.88,2.03,-1.0
2017-03-16,0.98,2.46,-0.18
2017-03-17,1.34,2.34,-1.04
2017-03-20,2.66,0.22,-2.32
2017-03-21,1.85,1.09,-1.56
2017-03-22,-1.0,-2.0,-2.48
2017-03-23,-0.18,-1.43,-4.21
2017-03-24,-1.04,-0.74,-4.36
2017-03-27,-2.32,-0.95,-4.71
2017-03-28,-1.56,-1.2,-4.71
2017-03-29,-2.48,-0.88,-3.16
2017-03-30,-4.21,0.98,-6.36
2017-03-31,-4.36,1.34,-6.68
2017-04-03,-4.71,2.66,-5.1
2017-04-04,-4.71,1.85,-5.01
2017-04-05,-3.16,-1.0,-5.29
2017-04-06,-6.36,-0.18,-5.19
2017-04-07,-6.68,-1.04,-5.49
2017-04-10,-5.1,-2.32,-2.85
2017-04-11,-5.01,-1.56,-1.46
2017-04-12,-5.29,-2.48,-0.95
2017-04-13,-5.19,-4.21,4.17
2017-04-18,-5.49,-4.36,6.24
2017-04-19,-2.85,-4.71,6.92
2017-04-20,-1.46,-4.71,9.55
2017-04-21,-0.95,-3.16,10.65
2017-04-24,4.17,-6.36,10.35
2017-04-25,6.24,-6.68,11.03
2017-04-26,6.92,-5.1,9.96
2017-04-27,9.55,-5.01,9.27
2017-04-28,10.65,-5.29,7.89
2017-05-02,10.35,-5.19,4.2
2017-05-03,11.03,-5.49,4.38
2017-05-04,9.96,-2.85,3.34
2017-05-05,9.27,-1.46,-0.39
2017-05-08,7.89,-0.95,0.27
2017-05-09,4.2,4.17,1.37
2017-05-10,4.38,6.24,3.56
2017-05-11,3.34,6.92,1.83
2017-05-12,-0.39,9.55,2.54
2017-05-15,0.27,10.65,3.37
2017-05-16,1.37,10.35,4.55
2017-05-17,3.56,11.03,3.85
2017-05-18,1.83,9.96,4.94
2017-05-19,2.54,9.27,4.43
2017-05-22,3.37,7.89,2.49
2017-05-23,4.55,4.2,0.63
2017-05-24,3.85,4.38,-1.9
2017-05-25,4.94,3.34,-2.71
2017-05-26,4.43,-0.39,-3.33
2017-05-30,2.49,0.27,-3.97
2017-05-31,0.63,1.37,-2.88
2017-06-01,-1.9,3.56,-2.55
2017-06-02,-2.71,1.83,-4.23
2017-06-05,-3.33,2.54,-3.68
2017-06-06,-3.97,3.37,-3.56
2017-06-07,-2.88,4.55,-3.81
2017-06-08,-2.55,3.85,-3.09
2017-06-09,-4.23,4.94,-1.17
2017-06-12,-3.68,4.43,-0.99
2017-06-13,-3.56,2.49,-2.8
2017-06-14,-3.81,0.63,-4.15
2017-06-15,-3.09,-1.9,-5.26
2017-06-16,-1.17,-2.71,-4.76
2017-06-19,-0.99,-3.33,-3.76
2017-06-20,-2.8,-3.97,-2.73
2017-06-21,-4.15,-2.88,-1.91
2017-06-22,-5.26,-2.55,-1.24
2017-06-23,-4.76,-4.23,-3.49
2017-06-26,-3.76,-3.68,-2.9
2017-06-27,-2.73,-3.56,-1.03
2017-06-28,-1.91,-3.81,-2.2
2017-06-29,-1.24,-3.09,-0.48
2017-06-30,-3.49,-1.17,-0.22
2017-07-03,-2.9,-0.99,0.09
2017-07-04,-1.03,-2.8,-1.75
2017-07-05,-2.2,-4.15,-0.84
2017-07-06,-0.48,-5.26,0.37
2017-07-07,-0.22,-4.76,1.19
2017-07-10,0.09,-3.76,0.63
2017-07-11,-1.75,-2.73,0.87
2017-07-12,-0.84,-1.91,3.64
2017-07-13,0.37,-1.24,3.01
2017-07-14,1.19,-3.49,2.37
2017-07-17,0.63,-2.9,2.0
2017-07-18,0.87,-1.03,5.26
2017-07-19,3.64,-2.2,4.6
2017-07-20,3.01,-0.48,0.15
2017-07-21,2.37,-0.22,-0.66
2017-07-24,2.0,0.09,-2.31
2017-07-25,5.26,-1.75,-1.99
2017-07-26,4.6,-0.84,-3.7
2017-07-27,0.15,0.37,-3.17
2017-07-28,-0.66,1.19,-1.91
2017-07-31,-2.31,0.63,-2.05
2017-08-01,-1.99,0.87,-2.52
2017-08-02,-3.7,3.64,-3.14
2017-08-03,-3.17,3.01,-3.96
2017-08-04,-1.91,2.37,-2.8
2017-08-07,-2.05,2.0,-1.1
2017-08-08,-2.52,5.26,0.03
2017-08-09,-3.14,4.6,-0.32
2017-08-10,-3.96,0.15,-3.17
2017-08-11,-2.8,-0.66,-4.34
2017-08-14,-1.1,-2.31,-2.9
2017-08-15,0.03,-1.99,-3.3
2017-08-16,-0.32,-3.7,-2.26
2017-08-17,-3.17,-3.17,-0.15
2017-08-18,-4.34,-1.91,0.42
2017-08-21,-2.9,-2.05,-1.56
2017-08-22,-3.3,-2.52,-3.03
2017-08-23,-2.26,-3.14,-2.34
2017-08-24,-0.15,-3.96,-1.1
2017-08-25,0.42,-2.8,-0.8
2017-08-29,-1.56,-1.1,-2.28
2017-08-30,-3.03,0.03,-3.06
2017-08-31,-2.34,-0.32,-3.55
2017-09-01,-1.1,-3.17,-1.48
2017-09-04,-0.8,-4.34,-1.97
2017-09-05,-2.28,-2.9,1.55
2017-09-06,-3.06,-3.3,2.17
2017-09-07,-3.55,-2.26,4.04
2017-09-08,-1.48,-0.15,2.56
2017-09-11,-1.97,0.42,3.0
2017-09-12,1.55,-1.56,4.6
2017-09-13,2.17,-3.03,4.22
2017-09-14,4.04,-2.34,6.93
2017-09-15,2.56,-1.1,4.92
2017-09-18,3.0,-0.8,3.52
2017-09-19,4.6,-2.28,0.23
2017-09-20,4.22,-3.06,3.42
2017-09-21,6.93,-3.55,1.23
2017-09-22,4.92,-1.48,3.69
2017-09-25,3.52,-1.97,3.37
2017-09-26,0.23,1.55,2.42
2017-09-27,3.42,2.17,2.88
2017-09-28,1.23,4.04,-0.22
2017-09-29,3.69,2.56,-0.46
2017-10-02,3.37,3.0,1.03
2017-10-03,2.42,4.6,3.25
2017-10-04,2.88,4.22,-1.04
2017-10-05,-0.22,6.93,-1.37
2017-10-06,-0.46,4.92,-2.7
2017-10-09,1.03,3.52,-2.83
2017-10-10,3.25,0.23,-1.88
2017-10-11,-1.04,3.42,-1.14
2017-10-12,-1.37,1.23,-0.46
2017-10-13,-2.7,3.69,0.6
2017-10-16,-2.83,3.37,0.68
2017-10-17,-1.88,2.42,0.45
2017-10-18,-1.14,2.88,2.17
2017-10-19,-0.46,-0.22,3.97
2017-10-20,0.6,-0.46,4.57
2017-10-23,0.68,1.03,3.78
2017-10-24,0.45,3.25,2.95
2017-10-25,2.17,-1.04,2.69
2017-10-26,3.97,-1.37,1.42
2017-10-27,4.57,-2.7,0.58
2017-10-30,3.78,-2.83,1.19
2017-10-31,2.95,-1.88,-0.15
2017-11-01,2.69,-1.14,-1.65
2017-11-02,1.42,-0.46,-3.26
2017-11-03,0.58,0.6,-3.53
2017-11-06,1.19,0.68,-2.41
2017-11-07,-0.15,0.45,-2.4
2017-11-08,-1.65,2.17,-3.47
2017-11-09,-3.26,3.97,-2.77
2017-11-10,-3.53,4.57,-2.08
2017-11-13,-2.41,3.78,-2.48
2017-11-14,-2.4,2.95,-2.35
2017-11-15,-3.47,2.69,-1.38
2017-11-16,-2.77,1.42,-1.44
2017-11-17,-2.08,0.58,-0.59
2017-11-20,-2.48,1.19,-1.42
2017-11-21,-2.35,-0.15,-2.73
2017-11-22,-1.38,-1.65,1.28
2017-11-23,-1.44,-3.26,-0.09
2017-11-24,-0.59,-3.53,-1.88
2017-11-27,-1.42,-2.41,-1.12
2017-11-28,-2.73,-2.4,-0.87
2017-11-29,1.28,-3.47,-1.65
2017-11-30,-0.09,-2.77,-1.84
2017-12-01,-1.88,-2.08,1.07
2017-12-04,-1.12,-2.48,1.76
2017-12-05,-0.87,-2.35,3.96
2017-12-06,-1.65,-1.38,0.39
2017-12-07,-1.84,-1.44,0.47
2017-12-08,1.07,-0.59,2.56
2017-12-11,1.76,-1.42,2.1
2017-12-12,3.96,-2.73,3.07
2017-12-13,0.39,1.28,2.72
2017-12-14,0.47,-0.09,4.34
2017-12-15,2.56,-1.88,0.61
2017-12-18,2.1,-1.12,1.71
2017-12-19,3.07,-0.87,0.25
2017-12-20,2.72,-1.65,1.04
2017-12-21,4.34,-1.84,2.1
2017-12-22,0.61,1.07,1.6
2017-12-27,1.71,1.76,1.96
2017-12-28,0.25,3.96,1.37
2017-12-29,1.04,0.39,2.24
2018-01-02,2.1,0.47,1.62
2018-01-03,1.6,2.56,2.63
2018-01-04,1.96,2.1,3.02
2018-01-05,1.37,3.07,4.34
2018-01-08,2.24,2.72,3.73
2018-01-09,1.62,4.34,4.12
2018-01-10,2.63,0.61,4.39
2018-01-11,3.02,1.71,4.22
2018-01-12,4.34,0.25,5.01
2018-01-15,3.73,1.04,5.73
2018-01-16,4.12,2.1,5.44
2018-01-17,4.39,1.6,4.38
2018-01-18,4.22,1.96,2.03
2018-01-19,5.01,1.37,1.08
2018-01-22,5.73,2.24,1.35
2018-01-23,5.44,1.62,0.04
2018-01-24,4.38,2.63,-1.31
2018-01-25,2.03,3.02,-2.27
2018-01-26,1.08,4.34,-3.82
2018-01-29,1.35,3.73,-5.35
2018-01-30,0.04,4.12,-8.25
2018-01-31,-1.31,4.39,-6.44
2018-02-01,-2.27,4.22,-5.12
2018-02-02,-3.82,5.01,-6.61
2018-02-05,-5.35,5.73,-7.1
2018-02-06,-8.25,5.44,-5.73
2018-02-07,-6.44,4.38,-4.11
2018-02-08,-5.12,2.03,-3.23
2018-02-09,-6.61,1.08,-1.48
2018-02-12,-7.1,1.35,-0.23
2018-02-13,-5.73,0.04,2.54
2018-02-14,-4.11,-1.31,3.5
2018-02-15,-3.23,-2.27,2.34
2018-02-16,-1.48,-3.82,3.16
2018-02-19,-0.23,-5.35,3.13
2018-02-20,2.54,-8.25,3.84
2018-02-21,3.5,-6.44,3.23
2018-02-22,2.34,-5.12,1.85
2018-02-23,3.16,-6.61,-1.08
2018-02-26,3.13,-7.1,-1.4
2018-02-27,3.84,-5.73,-1.9
2018-02-28,3.23,-4.11,-3.54
2018-03-01,1.85,-3.23,-2.43
2018-03-02,-1.08,-1.48,-1.98
2018-03-05,-1.4,-0.23,-1.53
2018-03-06,-1.9,2.54,-3.03
2018-03-07,-3.54,3.5,-3.07
2018-03-08,-2.43,2.34,-2.22
2018-03-09,-1.98,3.16,0.75
2018-03-12,-1.53,3.13,0.19
2018-03-13,-3.03,3.84,1.97
2018-03-14,-3.07,3.23,-0.13
2018-03-15,-2.22,1.85,-2.13
2018-03-16,0.75,-1.08,-3.76
2018-03-19,0.19,-1.4,-4.24
2018-03-20,1.97,-1.9,-2.85
2018-03-21,-0.13,-3.54,-2.67
2018-03-22,-2.13,-2.43,-3.2
2018-03-23,-3.76,-1.98,-3.51
2018-03-26,-4.24,-1.53,-2.93
2018-03-27,-2.85,-3.03,-2.49
2018-03-28,-2.67,-3.07,-1.25
2018-03-29,-3.2,-2.22,0.89
2018-04-03,-3.51,0.75,3.55
2018-04-04,-2.93,0.19,3.67
2018-04-05,-2.49,1.97,4.8
2018-04-06,-1.25,-0.13,5.04
2018-04-09,0.89,-2.13,4.67
2018-04-10,3.55,-3.76,3.88
2018-04-11,3.67,-4.24,3.78
2018-04-12,4.8,-2.85,-0.14
2018-04-13,5.04,-2.67,-0.93
2018-04-16,4.67,-3.2,-0.32
2018-04-17,3.88,-3.51,-1.4
2018-04-18,3.78,-2.93,-3.0
2018-04-19,-0.14,-2.49,-4.77
2018-04-20,-0.93,-1.25,-4.97
2018-04-23,-0.32,0.89,-4.46
2018-04-24,-1.4,3.55,-4.91
2018-04-25,-3.0,3.67,-4.87
2018-04-26,-4.77,4.8,-2.13
2018-04-27,-4.97,5.04,-0.49
2018-04-30,-4.46,4.67,-0.84
2018-05-01,-4.91,3.88,0.64
2018-05-02,-4.87,3.78,2.86
2018-05-03,-2.13,-0.14,3.36
2018-05-04,-0.49,-0.93,2.9
2018-05-08,-0.84,-0.32,3.28
2018-05-09,0.64,-1.4,2.1
2018-05-10,2.86,-3.0,2.95
2018-05-11,3.36,-4.77,2.09
2018-05-14,2.9,-4.97,1.67
2018-05-15,3.28,-4.46,1.73
2018-05-16,2.1,-4.91,0.14
2018-05-17,2.95,-4.87,-1.29
2018-05-18,2.09,-2.13,-2.1
2018-05-21,1.67,-0.49,-3.57
2018-05-22,1.73,-0.84,-3.86
2018-05-23,0.14,0.64,-3.78
2018-05-24,-1.29,2.86,-4.35
2018-05-25,-2.1,3.36,-3.7
2018-05-29,-3.57,2.9,-5.99
2018-05-30,-3.86,3.28,-4.98
2018-05-31,-3.78,2.1,-4.49
2018-06-01,-4.35,2.95,-4.7
2018-06-04,-3.7,2.09,-4.07
2018-06-05,-5.99,1.67,-1.74
2018-06-06,-4.98,1.73,-2.1
2018-06-07,-4.49,0.14,-0.13
2018-06-08,-4.7,-1.29,-2.0
2018-06-11,-4.07,-2.1,-3.18
2018-06-12,-1.74,-3.57,-1.54
2018-06-13,-2.1,-3.86,-3.16
2018-06-14,-0.13,-3.78,-3.58
2018-06-15,-2.0,-4.35,-1.24
2018-06-18,-3.18,-3.7,-2.79
2018-06-19,-1.54,-5.99,-2.77
2018-06-20,-3.16,-4.98,-1.61
2018-06-21,-3.58,-4.49,-0.92
2018-06-22,-1.24,-4.7,1.56
2018-06-25,-2.79,-4.07,1.2
2018-06-26,-2.77,-1.74,0.78
2018-06-27,-1.61,-2.1,1.02
2018-06-28,-0.92,-0.13,1.65
2018-06-29,1.56,-2.0,0.6
2018-07-02,1.2,-3.18,2.78
2018-07-03,0.78,-1.54,1.76
2018-07-04,1.02,-3.16,0.79
2018-07-05,1.65,-3.58,0.02
2018-07-06,0.6,-1.24,-1.02
2018-07-09,2.78,-2.79,0.29
2018-07-10,1.76,-2.77,0.71
2018-07-11,0.79,-1.61,0.35
2018-07-12,0.02,-0.92,0.14
2018-07-13,-1.02,1.56,0.22
2018-07-16,0.29,1.2,-1.03
2018-07-17,0.71,0.78,0.77
2018-07-18,0.35,1.02,0.18
2018-07-19,0.14,1.65,0.0
2018-07-20,0.22,0.6,0.3
2018-07-23,-1.03,2.78,-0.16
2018-07-24,0.77,1.76,-0.11
2018-07-25,0.18,0.79,1.42
2018-07-26,0.0,0.02,0.4
2018-07-27,0.3,-1.02,-0.13
2018-07-30,-0.16,0.29,0.45
2018-07-31,-0.11,0.71,-1.0
2018-08-01,1.42,0.35,-0.42
2018-08-02,0.4,0.14,-0.72
2018-08-03,-0.13,0.22,-1.18
2018-08-06,0.45,-1.03,-1.62
2018-08-07,-1.0,0.77,-2.24
2018-08-08,-0.42,0.18,-4.64
2018-08-09,-0.72,0.0,-4.16
2018-08-10,-1.18,0.3,-3.82
2018-08-13,-1.62,-0.16,-3.52
2018-08-14,-2.24,-0.11,-2.5
2018-08-15,-4.64,1.42,-1.9
2018-08-16,-4.16,0.4,-2.17
2018-08-17,-3.82,-0.13,-1.65
2018-08-20,-3.52,0.45,-0.96
2018-08-21,-2.5,-1.0,-0.85
2018-08-22,-1.9,-0.42,-0.94
2018-08-23,-2.17,-0.72,-1.33
2018-08-24,-1.65,-1.18,-0.9
2018-08-28,-0.96,-1.62,-0.03
2018-08-29,-0.85,-2.24,-0.3
2018-08-30,-0.94,-4.64,-1.79
2018-08-31,-1.33,-4.16,-3.32
2018-09-03,-0.9,-3.82,-2.42
2018-09-04,-0.03,-3.52,-2.57
2018-09-05,-0.3,-2.5,-2.61
2018-09-06,-1.79,-1.9,-1.1
2018-09-07,-3.32,-2.17,-0.71
2018-09-10,-2.42,-1.65,-0.55
2018-09-11,-2.57,-0.96,-1.41
2018-09-12,-2.61,-0.85,-0.13
2018-09-13,-1.1,-0.94,2.8
2018-09-14,-0.71,-1.33,5.31
2018-09-17,-0.55,-0.9,3.86
2018-09-18,-1.41,-0.03,2.82
2018-09-19,-0.13,-0.3,3.16
2018-09-20,2.8,-1.79,2.97
2018-09-21,5.31,-3.32,0.66
2018-09-24,3.86,-2.42,-1.26
2018-09-25,2.82,-2.57,-3.41
2018-09-26,3.16,-2.61,-3.54
2018-09-27,2.97,-1.1,-4.32
2018-09-28,0.66,-0.71,-4.74
2018-10-01,-1.26,-0.55,-5.68
2018-10-02,-3.41,-1.41,-5.91
2018-10-03,-3.54,-0.13,-2.68
2018-10-04,-4.32,2.8,-5.08
2018-10-05,-4.74,5.31,-1.89
2018-10-08,-5.68,3.86,-1.38
2018-10-09,-5.91,2.82,-0.19
2018-10-10,-2.68,3.16,-1.83
2018-10-11,-5.08,2.97,-3.29
2018-10-12,-1.89,0.66,-4.75
2018-10-15,-1.38,-1.26,-2.97
2018-10-16,-0.19,-3.41,-1.59
2018-10-17,-1.83,-3.54,-4.14
2018-10-18,-3.29,-4.32,-0.31
2018-10-19,-4.75,-4.74,-2.27
2018-10-22,-2.97,-5.68,-0.95
2018-10-23,-1.59,-5.91,-0.94
2018-10-24,-4.14,-2.68,-0.17
2018-10-25,-0.31,-5.08,3.26
2018-10-26,-2.27,-1.89,5.99
2018-10-29,-0.95,-1.38,3.79
2018-10-30,-0.94,-0.19,2.34
2018-10-31,-0.17,-1.83,2.81
2018-11-01,3.26,-3.29,3.34
2018-11-02,5.99,-4.75,5.49
2018-11-05,3.79,-2.97,1.29
2018-11-06,2.34,-1.59,3.45
2018-11-07,2.81,-4.14,2.04
2018-11-08,3.34,-0.31,-5.78
2018-11-09,5.49,-2.27,-8.39
2018-11-12,1.29,-0.95,-4.68
2018-11-13,3.45,-0.94,-4.07
2018-11-14,2.04,-0.17,-3.47
2018-11-15,-5.78,3.26,-6.12
2018-11-16,-8.39,5.99,-4.59
2018-11-19,-4.68,3.79,-1.07
2018-11-20,-4.07,2.34,-4.07
2018-11-21,-3.47,2.81,-3.51
2018-11-22,-6.12,3.34,1.24
2018-11-23,-4.59,5.49,1.58
2018-11-26,-1.07,1.29,0.21
2018-11-27,-4.07,3.45,0.09
2018-11-28,-3.51,2.04,-0.05
2018-11-29,1.24,-5.78,-2.34
2018-11-30,1.58,-8.39,-5.51
2018-12-03,0.21,-4.68,-7.7
2018-12-04,0.09,-4.07,-7.2
2018-12-05,-0.05,-3.47,-5.31
2018-12-06,-2.34,-6.12,-5.4
2018-12-07,-5.51,-4.59,-4.8
2018-12-10,-7.7,-1.07,-7.24
2018-12-11,-7.2,-4.07,-6.23
2018-12-12,-5.31,-3.51,-7.03
2018-12-13,-5.4,1.24,-6.77
2018-12-14,-4.8,1.58,-4.7
2018-12-17,-7.24,0.21,-3.69
2018-12-18,-6.23,0.09,-4.4
2018-12-19,-7.03,-0.05,-4.01
2018-12-20,-6.77,-2.34,-2.37
2018-12-21,-4.7,-5.51,-3.23
2018-12-24,-3.69,-7.7,-1.35
2018-12-27,-4.4,-7.2,1.62
2018-12-28,-4.01,-5.31,2.11
2018-12-31,-2.37,-5.4,5.31
2019-01-02,-3.23,-4.8,4.47
2019-01-03,-1.35,-7.24,7.54
2019-01-04,1.62,-6.23,9.35
2019-01-07,2.11,-7.03,8.46
2019-01-08,5.31,-6.77,7.12
2019-01-09,4.47,-4.7,10.06
2019-01-10,7.54,-3.69,9.63
2019-01-11,9.35,-4.4,9.85
2019-01-14,8.46,-4.01,8.72
2019-01-15,7.12,-2.37,6.95
2019-01-16,10.06,-3.23,6.49
2019-01-17,9.63,-1.35,5.29
2019-01-18,9.85,1.62,7.06
2019-01-21,8.72,2.11,2.63
2019-01-22,6.95,5.31,2.34
2019-01-23,6.49,4.47,3.92
2019-01-24,5.29,7.54,3.15
2019-01-25,7.06,9.35,0.31
2019-01-28,2.63,8.46,-0.33
2019-01-29,2.34,7.12,1.06
2019-01-30,3.92,10.06,1.68
2019-01-31,3.15,9.63,-0.83
2019-02-01,0.31,9.85,-2.89
2019-02-04,-0.33,8.72,1.26
2019-02-05,1.06,6.95,1.97
2019-02-06,1.68,6.49,-0.81
2019-02-07,-0.83,5.29,-0.86
2019-02-08,-2.89,7.06,0.45
2019-02-11,1.26,2.63,0.88
2019-02-12,1.97,2.34,0.57
2019-02-13,-0.81,3.92,4.93
2019-02-14,-0.86,3.15,5.47
2019-02-15,0.45,0.31,5.49
2019-02-18,0.88,-0.33,4.87
2019-02-19,0.57,1.06,6.8
2019-02-20,4.93,1.68,8.68
2019-02-21,5.47,-0.83,10.7
2019-02-22,5.49,-2.89,7.55
2019-02-25,4.87,1.26,8.14
2019-02-26,6.8,1.97,7.8
2019-02-27,8.68,-0.81,2.91
2019-02-28,10.7,-0.86,3.02
2019-03-01,7.55,0.45,3.12
2019-03-04,8.14,0.88,2.08
2019-03-05,7.8,0.57,0.71
2019-03-06,2.91,4.93,-0.49
2019-03-07,3.02,5.47,0.41
2019-03-08,3.12,5.49,3.17
2019-03-11,2.08,4.87,3.65
2019-03-12,0.71,6.8,3.99
2019-03-13,-0.49,8.68,3.4
2019-03-14,0.41,10.7,1.72
2019-03-15,3.17,7.55,0.71
2019-03-18,3.65,8.14,0.39
2019-03-19,3.99,7.8,-1.41
2019-03-20,3.4,2.91,-0.27
2019-03-21,1.72,3.02,-2.92
2019-03-22,0.71,3.12,-4.16
2019-03-25,0.39,2.08,-3.78
2019-03-26,-1.41,0.71,-3.1
2019-03-27,-0.27,-0.49,-0.26
2019-03-28,-2.92,0.41,-0.95
2019-03-29,-4.16,3.17,-0.16
2019-04-01,-3.78,3.65,0.95
2019-04-02,-3.1,3.99,2.38
2019-04-03,-0.26,3.4,0.64
2019-04-04,-0.95,1.72,3.55
2019-04-05,-0.16,0.71,4.28
2019-04-08,0.95,0.39,3.61
2019-04-09,2.38,-1.41,3.85
2019-04-10,0.64,-0.27,2.6
2019-04-11,3.55,-2.92,5.24
2019-04-12,4.28,-4.16,5.4
2019-04-15,3.61,-3.78,3.42
2019-04-16,3.85,-3.1,1.1
2019-04-17,2.6,-0.26,0.32
2019-04-18,5.24,-0.95,-0.84
2019-04-23,5.4,-0.16,-3.44
2019-04-24,3.42,0.95,-2.41
2019-04-25,1.1,2.38,-4.62
2019-04-26,0.32,0.64,-5.9
2019-04-29,-0.84,3.55,-6.21
2019-04-30,-3.44,4.28,-5.72
2019-05-01,-2.41,3.61,-5.98
2019-05-02,-4.62,3.85,-4.02
2019-05-03,-5.9,2.6,-5.1
2019-05-07,-6.21,5.24,-4.65
2019-05-08,-5.72,5.4,-2.54
2019-05-09,-5.98,3.42,-3.29
2019-05-10,-4.02,1.1,-3.92
2019-05-13,-5.1,0.32,-5.01
2019-05-14,-4.65,-0.84,-2.09
2019-05-15,-2.54,-3.44,-4.32
2019-05-16,-3.29,-2.41,-4.99
2019-05-17,-3.92,-4.62,-4.14
2019-05-20,-5.01,-5.9,-3.61
2019-05-21,-2.09,-6.21,-5.19
2019-05-22,-4.32,-5.72,-5.48
2019-05-23,-4.99,-5.98,-6.91
2019-05-24,-4.14,-4.02,-5.45
2019-05-28,-3.61,-5.1,-2.71
2019-05-29,-5.19,-4.65,-4.48
2019-05-30,-5.48,-2.54,-3.25
2019-05-31,-6.91,-3.29,-0.41
2019-06-03,-5.45,-3.92,-0.22
2019-06-04,-2.71,-5.01,0.73
2019-06-05,-4.48,-2.09,0.85
2019-06-06,-3.25,-4.32,0.71
2019-06-07,-0.41,-4.99,0.77
2019-06-10,-0.22,-4.14,1.56
2019-06-11,0.73,-3.61,0.31
2019-06-12,0.85,-5.19,2.4
2019-06-13,0.71,-5.48,2.03
2019-06-14,0.77,-6.91,0.85
2019-06-17,1.56,-5.45,-2.38
2019-06-18,0.31,-2.71,-2.33
2019-06-19,2.4,-4.48,-1.85
2019-06-20,2.03,-3.25,-2.05
2019-06-21,0.85,-0.41,-1.92
2019-06-24,-2.38,-0.22,-1.23
2019-06-25,-2.33,0.73,-0.74
2019-06-26,-1.85,0.85,-1.59
2019-06-27,-2.05,0.71,-0.22
2019-06-28,-1.92,0.77,-0.46
2019-07-01,-1.23,1.56,1.25
2019-07-02,-0.74,0.31,1.92
2019-07-03,-1.59,2.4,1.86
2019-07-04,-0.22,2.03,1.58
2019-07-05,-0.46,0.85,1.93
2019-07-08,1.25,-2.38,1.08
2019-07-09,1.92,-2.33,0.59
2019-07-10,1.86,-1.85,-0.98
2019-07-11,1.58,-2.05,-1.49
2019-07-12,1.93,-1.92,-1.8
2019-07-15,1.08,-1.23,-1.72
2019-07-16,0.59,-0.74,-1.37
2019-07-17,-0.98,-1.59,-1.73
2019-07-18,-1.49,-0.22,-1.71
2019-07-19,-1.8,-0.46,-2.93
2019-07-22,-1.72,1.25,-2.89
2019-07-23,-1.37,1.92,-5.0
2019-07-24,-1.73,1.86,-7.56
2019-07-25,-1.71,1.58,-7.93
2019-07-26,-2.93,1.93,-9.74
2019-07-29,-2.89,1.08,-11.53
2019-07-30,-5.0,0.59,-11.86
2019-07-31,-7.56,-0.98,-11.81
2019-08-01,-7.93,-1.49,-12.35
2019-08-02,-9.74,-1.8,-11.59
2019-08-05,-11.53,-1.72,-13.24
2019-08-06,-11.86,-1.37,-11.09
2019-08-07,-11.81,-1.73,-8.72
2019-08-08,-12.35,-1.71,-8.06
2019-08-09,-11.59,-2.93,-3.14
2019-08-12,-13.24,-2.89,-0.48
2019-08-13,-11.09,-5.0,-1.04
2019-08-14,-8.72,-7.56,-1.43
2019-08-15,-8.06,-7.93,-0.12
2019-08-16,-3.14,-9.74,0.99
2019-08-19,-0.48,-11.53,2.09
2019-08-20,-1.04,-11.86,1.12
2019-08-21,-1.43,-11.81,2.3
2019-08-22,-0.12,-12.35,2.57
2019-08-23,0.99,-11.59,1.35
2019-08-27,2.09,-13.24,-0.7
2019-08-28,1.12,-11.09,-0.26
2019-08-29,2.3,-8.72,1.03
2019-08-30,2.57,-8.06,0.68
2019-09-02,1.35,-3.14,0.38
2019-09-03,-0.7,-0.48,5.14
2019-09-04,-0.26,-1.04,6.22
2019-09-05,1.03,-1.43,4.3
2019-09-06,0.68,-0.12,9.63
2019-09-09,0.38,0.99,7.55
2019-09-10,5.14,2.09,7.2
2019-09-11,6.22,1.12,6.86
2019-09-12,4.3,2.3,8.06
2019-09-13,9.63,2.57,10.93
2019-09-16,7.55,1.35,8.21
2019-09-17,7.2,-0.7,2.26
2019-09-18,6.86,-0.26,1.46
2019-09-19,8.06,1.03,3.18
2019-09-20,10.93,0.68,0.57
2019-09-23,8.21,0.38,0.0
2019-09-24,2.26,5.14,0.41
2019-09-25,1.46,6.22,-2.62
2019-09-26,3.18,4.3,-4.51
2019-09-27,0.57,9.63,-6.27
2019-09-30,0.0,7.55,-4.79
2019-10-01,0.41,7.2,-4.71
2019-10-02,-2.62,6.86,-5.0
2019-10-03,-4.51,8.06,-1.72
2019-10-04,-6.27,10.93,7.63
2019-10-07,-4.79,8.21,6.78
2019-10-08,-4.71,2.26,13.94
2019-10-09,-5.0,1.46,18.28
2019-10-10,-1.72,3.18,18.09
2019-10-11,7.63,0.57,15.68
2019-10-14,6.78,0.0,18.84
2019-10-15,13.94,0.41,18.5
2019-10-16,18.28,-2.62,18.9
2019-10-17,18.09,-4.51,13.63
2019-10-18,15.68,-6.27,1.47
2019-10-21,18.84,-4.79,1.97
2019-10-22,18.5,-4.71,-4.21
2019-10-23,18.9,-5.0,-5.62
2019-10-24,13.63,-1.72,-6.82
2019-10-25,1.47,7.63,-4.78
2019-10-28,1.97,6.78,-5.94
2019-10-29,-4.21,13.94,-3.84
2019-10-30,-5.62,18.28,-4.76
2019-10-31,-6.82,18.09,-4.43
2019-11-01,-4.78,15.68,-6.2
2019-11-04,-5.94,18.84,-0.66
2019-11-05,-3.84,18.5,2.28
2019-11-06,-4.76,18.9,3.45
2019-11-07,-4.43,13.63,3.33
2019-11-08,-6.2,1.47,3.25
2019-11-11,-0.66,1.97,3.37
2019-11-12,2.28,-4.21,2.39
2019-11-13,3.45,-5.62,2.96
2019-11-14,3.33,-6.82,2.62
2019-11-15,3.25,-4.78,6.24
2019-11-18,3.37,-5.94,3.98
2019-11-19,2.39,-3.84,2.74
2019-11-20,2.96,-4.76,3.54
2019-11-21,2.62,-4.43,6.82
2019-11-22,6.24,-6.2,3.35
2019-11-25,3.98,-0.66,0.33
2019-11-26,2.74,2.28,-0.52
2019-11-27,3.54,3.45,2.47
2019-11-28,6.82,3.33,3.08
2019-11-29,3.35,3.25,2.81
2019-12-02,0.33,3.37,2.07
2019-12-03,-0.52,2.39,0.42
2019-12-04,2.47,2.96,-2.11
2019-12-05,3.08,2.62,-2.5
2019-12-06,2.81,6.24,5.2
2019-12-09,2.07,3.98,12.2
2019-12-10,0.42,2.74,6.98
2019-12-11,-2.11,3.54,4.61
2019-12-12,-2.5,6.82,5.64
2019-12-13,5.2,3.35,1.4
2019-12-16,12.2,0.33,0.11
2019-12-17,6.98,-0.52,3.16
2019-12-18,4.61,2.47,4.6
2019-12-19,5.64,3.08,3.27
2019-12-20,1.4,2.81,-2.84
2019-12-23,0.11,2.07,-5.26
2019-12-24,3.16,0.42,-0.39
2019-12-27,4.6,-2.11,-0.17
2019-12-30,3.27,-2.5,-1.27
2019-12-31,-2.84,5.2,0.74
2020-01-02,-5.26,12.2,-0.56
2020-01-03,-0.39,6.98,-4.87
2020-01-06,-0.17,4.61,-7.03
2020-01-07,-1.27,5.64,-6.92
2020-01-08,0.74,1.4,-7.5
2020-01-09,-0.56,0.11,-9.12
2020-01-10,-4.87,3.16,-7.3
2020-01-13,-7.03,4.6,-8.46
2020-01-14,-6.92,3.27,-7.3
2020-01-15,-7.5,-2.84,-7.49
2020-01-16,-9.12,-5.26,-7.19
2020-01-17,-7.3,-0.39,-3.71
2020-01-20,-8.46,-0.17,-2.77
2020-01-21,-7.3,-1.27,-1.89
2020-01-22,-7.49,0.74,-0.54
2020-01-23,-7.19,-0.56,0.05
2020-01-24,-3.71,-4.87,-2.84
2020-01-27,-2.77,-7.03,-2.33
2020-01-28,-1.89,-6.92,-1.71
2020-01-29,-0.54,-7.5,-1.64
2020-01-30,0.05,-9.12,-0.78
2020-01-31,-2.84,-7.3,-2.01
2020-02-03,-2.33,-8.46,-0.4
2020-02-04,-1.71,-7.3,-1.58
2020-02-05,-1.64,-7.49,-0.1
2020-02-06,-0.78,-7.19,0.17
2020-02-07,-2.01,-3.71,-0.32
2020-02-10,-0.4,-2.77,0.57
2020-02-11,-1.58,-1.89,-2.82
2020-02-12,-0.1,-0.54,-2.38
2020-02-13,0.17,0.05,-0.7
2020-02-14,-0.32,-2.84,-2.76
2020-02-17,0.57,-2.33,-6.63
2020-02-18,-2.82,-1.71,-8.32
2020-02-19,-2.38,-1.64,-9.63
2020-02-20,-0.7,-0.78,-13.23
2020-02-21,-2.76,-2.01,-11.32
2020-02-24,-6.63,-0.4,-12.89
2020-02-25,-8.32,-1.58,-12.9
2020-02-26,-9.63,-0.1,-13.28
2020-02-27,-13.23,0.17,-16.89
2020-02-28,-11.32,-0.32,-17.47
2020-03-02,-12.89,0.57,-22.37
2020-03-03,-12.9,-2.82,-18.23
2020-03-04,-13.28,-2.38,-18.86
2020-03-05,-16.89,-0.7,-26.53
2020-03-06,-17.47,-2.76,-24.52
2020-03-09,-22.37,-6.63,-29.13
2020-03-10,-18.23,-8.32,-27.43
2020-03-11,-18.86,-9.63,-30.47
2020-03-12,-26.53,-13.23,-31.11
2020-03-13,-24.52,-11.32,-29.73
2020-03-16,-29.13,-12.89,-25.85
2020-03-17,-27.43,-12.9,-20.88
2020-03-18,-30.47,-13.28,-12.8
2020-03-19,-31.11,-16.89,1.54
2020-03-20,-29.73,-17.47,-9.21
2020-03-23,-25.85,-22.37,-4.59
2020-03-24,-20.88,-18.23,-9.4
2020-03-25,-12.8,-18.86,-15.94
2020-03-26,1.54,-26.53,-10.72
2020-03-27,-9.21,-24.52,-13.61
2020-03-30,-4.59,-29.13,-2.06
2020-03-31,-9.4,-27.43,-7.22
2020-04-01,-15.94,-30.47,-13.26
2020-04-02,-10.72,-31.11,-11.1
2020-04-03,-13.61,-29.73,-7.59
2020-04-06,-2.06,-25.85,-11.19
2020-04-07,-7.22,-20.88,-8.03
2020-04-08,-13.26,-12.8,7.71
2020-04-09,-11.1,1.54,4.19
2020-04-14,-7.59,-9.21,5.37
2020-04-15,-11.19,-4.59,-0.1
2020-04-16,-8.03,-9.4,-2.53
2020-04-17,7.71,-15.94,-6.69
2020-04-20,4.19,-10.72,-8.54
2020-04-21,5.37,-13.61,4.56
2020-04-22,-0.1,-2.06,16.84
2020-04-23,-2.53,-7.22,9.55
2020-04-24,-6.69,-13.26,4.04
2020-04-27,-8.54,-11.1,1.59
2020-04-28,4.56,-7.59,4.65
2020-04-29,16.84,-11.19,0.87
2020-04-30,9.55,-8.03,2.83
2020-05-01,4.04,7.71,2.29
2020-05-04,1.59,4.19,-2.13
2020-05-05,4.65,5.37,-12.73
2020-05-06,0.87,-0.1,-17.69
2020-05-07,2.83,-2.53,-11.6
2020-05-11,2.29,-6.69,-6.31
2020-05-12,-2.13,-8.54,-3.3
2020-05-13,-12.73,4.56,-2.35
2020-05-14,-17.69,16.84,-5.9
2020-05-15,-11.6,9.55,-10.13
2020-05-18,-6.31,4.04,-1.12
2020-05-19,-3.3,1.59,6.46
2020-05-20,-2.35,4.65,8.17
2020-05-21,-5.9,0.87,4.4
2020-05-22,-10.13,2.83,8.28
2020-05-26,-1.12,2.29,7.58
2020-05-27,6.46,-2.13,14.09
2020-05-28,8.17,-12.73,13.46
2020-05-29,4.4,-17.69,25.22
2020-06-01,8.28,-11.6,31.15
2020-06-02,7.58,-6.31,17.16
2020-06-03,14.09,-3.3,10.06
2020-06-04,13.46,-2.35,2.14
2020-06-05,25.22,-5.9,6.9
2020-06-08,31.15,-10.13,2.17
2020-06-09,17.16,-1.12,3.82
2020-06-10,10.06,6.46,-3.5
2020-06-11,2.14,8.17,-4.28
2020-06-12,6.9,4.4,-9.34
2020-06-15,2.17,8.28,-14.18
2020-06-16,3.82,7.58,-7.07
2020-06-17,-3.5,14.09,-9.74
2020-06-18,-4.28,13.46,-1.34
2020-06-19,-9.34,25.22,-2.66
2020-06-22,-14.18,31.15,-0.89
2020-06-23,-7.07,17.16,-5.97
2020-06-24,-9.74,10.06,-5.77
2020-06-25,-1.34,2.14,-1.79
2020-06-26,-2.66,6.9,-3.75
2020-06-29,-0.89,2.17,-1.42
2020-06-30,-5.97,3.82,-6.11
2020-07-01,-5.77,-3.5,-2.82
2020-07-02,-1.79,-4.28,-5.95
2020-07-03,-3.75,-9.34,-2.03
2020-07-06,-1.42,-14.18,-1.95
2020-07-07,-6.11,-7.07,-3.43
2020-07-08,-2.82,-9.74,-1.01
2020-07-09,-5.95,-1.34,-4.14
2020-07-10,-2.03,-2.66,-1.45
2020-07-13,-1.95,-0.89,-2.53
2020-07-14,-3.43,-5.97,-0.78
2020-07-15,-1.01,-5.77,-1.3
2020-07-16,-4.14,-1.79,1.45
2020-07-17,-1.45,-3.75,-2.5
2020-07-20,-2.53,-1.42,-5.68
2020-07-21,-0.78,-6.11,-2.92
2020-07-22,-1.3,-2.82,-6.68
2020-07-23,1.45,-5.95,-14.18
2020-07-24,-2.5,-2.03,-14.03
2020-07-27,-5.68,-1.95,-8.35
2020-07-28,-2.92,-3.43,-7.67
2020-07-29,-6.68,-1.01,-7.09
2020-07-30,-14.18,-4.14,-6.66
2020-07-31,-14.03,-1.45,-6.43
2020-08-03,-8.35,-2.53,-1.66
2020-08-04,-7.67,-0.78,0.79
2020-08-05,-7.09,-1.3,4.69
2020-08-06,-6.66,1.45,11.37
2020-08-07,-6.43,-2.5,10.16
2020-08-10,-1.66,-5.68,2.73
2020-08-11,0.79,-2.92,0.07
2020-08-12,4.69,-6.68,1.74
2020-08-13,11.37,-14.18,-0.07
2020-08-14,10.16,-14.03,1.15
2020-08-17,2.73,-8.35,0.63
2020-08-18,0.07,-7.67,-4.24
2020-08-19,1.74,-7.09,-4.08
2020-08-20,-0.07,-6.66,-3.36
2020-08-21,1.15,-6.43,-2.07
2020-08-24,0.63,-1.66,-5.9
2020-08-25,-4.24,0.79,-4.15
2020-08-26,-4.08,4.69,-6.21
2020-08-27,-3.36,11.37,-4.26
2020-08-28,-2.07,10.16,-4.02
2020-09-01,-5.9,2.73,-7.48
2020-09-02,-4.15,0.07,-6.1
2020-09-03,-6.21,1.74,-7.23
2020-09-04,-4.26,-0.07,-8.23
2020-09-07,-4.02,1.15,-7.02
2020-09-08,-7.48,0.63,-2.9
2020-09-09,-6.1,-4.24,-1.59
2020-09-10,-7.23,-4.08,-2.34
2020-09-11,-8.23,-3.36,-6.31
2020-09-14,-7.02,-2.07,-11.09
2020-09-15,-2.9,-5.9,-8.2
2020-09-16,-1.59,-4.15,-7.18
2020-09-17,-2.34,-6.21,-6.96
2020-09-18,-6.31,-4.26,-4.48
2020-09-21,-11.09,-4.02,0.87
2020-09-22,-8.2,-7.48,-0.11
2020-09-23,-7.18,-6.1,-0.87
2020-09-24,-6.96,-7.23,1.07
2020-09-25,-4.48,-8.23,7.73
2020-09-28,0.87,-7.02,12.55
2020-09-29,-0.11,-2.9,15.07
2020-09-30,-0.87,-1.59,13.51
2020-10-01,1.07,-2.34,15.46
2020-10-02,7.73,-6.31,14.2
2020-10-05,12.55,-11.09,5.57
2020-10-06,15.07,-8.2,2.83
2020-10-07,13.51,-7.18,2.31
2020-10-08,15.46,-6.96,0.23
2020-10-09,14.2,-4.48,-0.66
2020-10-12,5.57,0.87,0.48
2020-10-13,2.83,-0.11,-2.79
2020-10-14,2.31,-0.87,-2.62
2020-10-15,0.23,1.07,-1.62
2020-10-16,-0.66,7.73,3.72
2020-10-19,0.48,12.55,3.49
2020-10-20,-2.79,15.07,5.43
2020-10-21,-2.62,13.51,2.56
2020-10-22,-1.62,15.46,6.36
2020-10-23,3.72,14.2,3.74
2020-10-26,3.49,5.57,2.62
2020-10-27,5.43,2.83,7.66
2020-10-28,2.56,2.31,4.97
2020-10-29,6.36,0.23,-0.75
2020-10-30,3.74,-0.66,-6.56
2020-11-02,2.62,0.48,5.96
2020-11-03,7.66,-2.79,13.41
2020-11-04,4.97,-2.62,20.72
2020-11-05,-0.75,-1.62,18.35
2020-11-06,-6.56,3.72,23.91
2020-11-09,5.96,3.49,27.88
2020-11-10,13.41,5.43,21.71
2020-11-11,20.72,2.56,25.07
2020-11-12,18.35,6.36,28.65
2020-11-13,23.91,3.74,30.88
2020-11-16,27.88,2.62,20.86
2020-11-17,21.71,7.66,22.94
2020-11-18,25.07,4.97,14.23
2020-11-19,28.65,-0.75,11.5
2020-11-20,30.88,-6.56,7.4
2020-11-23,20.86,5.96,0.08
2020-11-24,22.94,13.41,7.53
2020-11-25,14.23,20.72,8.61
2020-11-26,11.5,18.35,9.96
2020-11-27,7.4,23.91,8.99
2020-11-30,0.08,27.88,0.35
2020-12-01,7.53,21.71,-5.85
2020-12-02,8.61,25.07,-2.31
2020-12-03,9.96,28.65,-4.42
2020-12-04,8.99,30.88,-8.64
2020-12-07,0.35,20.86,0.31
2020-12-08,-5.85,22.94,-4.26
2020-12-09,-2.31,14.23,-6.35
2020-12-10,-4.42,11.5,-7.6
2020-12-11,-8.64,7.4,-10.58
2020-12-14,0.31,0.08,-10.05
2020-12-15,-4.26,7.53,-6.72
2020-12-16,-6.35,8.61,-0.32
2020-12-17,-7.6,9.96,8.21
2020-12-18,-10.58,8.99,7.9
2020-12-21,-10.05,0.35,3.02
2020-12-22,-6.72,-5.85,-0.57
2020-12-23,-0.32,-2.31,-4.0
2020-12-24,8.21,-4.42,-2.79
2020-12-29,7.9,-8.64,6.48
2020-12-30,3.02,0.31,9.86
2020-12-31,-0.57,-4.26,6.17
2021-01-04,-4.0,-6.35,-2.59
2021-01-05,-2.79,-7.6,-4.82
2021-01-06,6.48,-10.58,-1.41
2021-01-07,9.86,-10.05,-0.95
2021-01-08,6.17,-6.72,-1.37
2021-01-11,-2.59,-0.32,3.85
2021-01-12,-4.82,8.21,2.24
2021-01-13,-1.41,7.9,-3.71
2021-01-14,-0.95,3.02,-4.28
2021-01-15,-1.37,-0.57,-5.59
2021-01-18,3.85,-4.0,-6.47
2021-01-19,2.24,-2.79,-6.34
2021-01-20,-3.71,6.48,-8.25
2021-01-21,-4.28,9.86,-8.2
2021-01-22,-5.59,6.17,-8.18
2021-01-25,-6.47,-2.59,-7.3
2021-01-26,-6.34,-4.82,-5.58
2021-01-27,-8.25,-1.41,-4.47
2021-01-28,-8.2,-0.95,2.27
2021-01-29,-8.18,-1.37,6.41
2021-02-01,-7.3,3.85,11.44
2021-02-02,-5.58,2.24,9.1
2021-02-03,-4.47,-3.71,12.78
2021-02-04,2.27,-4.28,10.76
2021-02-05,6.41,-5.59,12.42
2021-02-08,11.44,-6.47,16.58
2021-02-09,9.1,-6.34,16.15
2021-02-10,12.78,-8.25,13.87
2021-02-11,10.76,-8.2,3.82
2021-02-12,12.42,-8.18,3.22
2021-02-15,16.58,-7.3,1.91
2021-02-16,16.15,-5.58,4.48
2021-02-17,13.87,-4.47,4.88
2021-02-18,3.82,2.27,5.77
2021-02-19,3.22,6.41,5.12
2021-02-22,1.91,11.44,-0.2
2021-02-23,4.48,9.1,-1.52
2021-02-24,4.88,12.78,3.85
2021-02-25,5.77,10.76,7.63
2021-02-26,5.12,12.42,4.95
2021-03-01,-0.2,16.58,8.75
2021-03-02,-1.52,16.15,4.87
2021-03-03,3.85,13.87,3.69
2021-03-04,7.63,3.82,3.29
2021-03-05,4.95,3.22,5.67
2021-03-08,8.75,1.91,5.36
2021-03-09,4.87,4.48,6.66
2021-03-10,3.69,4.88,2.57
2021-03-11,3.29,5.77,3.1
2021-03-12,5.67,5.12,2.37
2021-03-15,5.36,-0.2,-1.87
2021-03-16,6.66,-1.52,0.51
2021-03-17,2.57,3.85,3.58
2021-03-18,3.1,7.63,3.11
2021-03-19,2.37,4.95,2.55
2021-03-22,-1.87,8.75,2.34
2021-03-23,0.51,4.87,3.93
2021-03-24,3.58,3.69,2.58
2021-03-25,3.11,3.29,2.81
2021-03-26,2.55,5.67,4.39
2021-03-29,2.34,5.36,5.73
2021-03-30,3.93,6.66,5.03
2021-03-31,2.58,2.57,2.41
2021-04-01,2.81,3.1,6.3
2021-04-06,4.39,2.37,3.53
2021-04-07,5.73,-1.87,4.21
2021-04-08,5.03,0.51,-0.67
2021-04-09,2.41,3.58,2.19
2021-04-12,6.3,3.11,2.31
2021-04-13,3.53,2.55,-1.84
2021-04-14,4.21,2.34,-3.99
2021-04-15,-0.67,3.93,-3.34
2021-04-16,2.19,2.58,-1.46
2021-04-19,2.31,2.81,-3.38
2021-04-20,-1.84,4.39,-0.39
2021-04-21,-3.99,5.73,2.9
2021-04-22,-3.34,5.03,6.19
2021-04-23,-1.46,2.41,4.56
2021-04-26,-3.38,6.3,2.93
2021-04-27,-0.39,3.53,9.97
2021-04-28,2.9,4.21,11.03
2021-04-29,6.19,-0.67,10.94
2021-04-30,4.56,2.19,12.24
2021-05-04,2.93,2.31,8.81
2021-05-05,9.97,-1.84,8.51
2021-05-06,11.03,-3.99,4.24
2021-05-07,10.94,-3.34,6.14
2021-05-10,12.24,-1.46,5.79
2021-05-11,8.81,-3.38,7.9
2021-05-12,8.51,-0.39,3.74
2021-05-13,4.24,2.9,4.35
2021-05-14,6.14,6.19,4.1
2021-05-17,5.79,4.56,1.82
2021-05-18,7.9,2.93,5.14
2021-05-19,3.74,9.97,2.39
2021-05-20,4.35,11.03,6.15
2021-05-21,4.1,10.94,3.4
2021-05-24,1.82,12.24,3.56
2021-05-25,5.14,8.81,2.88
2021-05-26,2.39,8.51,3.32
2021-05-27,6.15,4.24,1.49
2021-05-28,3.4,6.14,2.39
2021-06-01,3.56,5.79,0.37
2021-06-02,2.88,7.9,-1.69
2021-06-03,3.32,3.74,-0.29
2021-06-04,1.49,4.35,-3.01
2021-06-07,2.39,4.1,-4.11
2021-06-08,0.37,1.82,-3.74
2021-06-09,-1.69,5.14,-4.62
2021-06-10,-0.29,2.39,-3.23
2021-06-11,-3.01,6.15,-5.13
2021-06-14,-4.11,3.4,-5.32
2021-06-15,-3.74,3.56,-4.38
2021-06-16,-4.62,2.88,-2.57
2021-06-17,-3.23,3.32,-2.26
2021-06-18,-5.13,1.49,-2.44
2021-06-21,-5.32,2.39,-2.78
2021-06-22,-4.38,0.37,-2.36
2021-06-23,-2.57,-1.69,-2.1
2021-06-24,-2.26,-0.29,-0.69
2021-06-25,-2.44,-3.01,0.86
2021-06-28,-2.78,-4.11,1.53
2021-06-29,-2.36,-3.74,-0.68
2021-06-30,-2.1,-4.62,-0.45
2021-07-01,-0.69,-3.23,-3.33
2021-07-02,0.86,-5.13,-1.08
2021-07-05,1.53,-5.32,1.42
2021-07-06,-0.68,-4.38,-0.09
2021-07-07,-0.45,-2.57,0.54
2021-07-08,-3.33,-2.26,-2.23
2021-07-09,-1.08,-2.44,-2.37
2021-07-12,1.42,-2.78,-8.82
2021-07-13,-0.09,-2.36,-5.08
2021-07-14,0.54,-2.1,-2.46
2021-07-15,-2.23,-0.69,-0.85
2021-07-16,-2.37,0.86,-1.78
2021-07-19,-8.82,1.53,-1.29
2021-07-20,-5.08,-0.68,-0.49
2021-07-21,-2.46,-0.45,-0.34
2021-07-22,-0.85,-3.33,-0.77
2021-07-23,-1.78,-1.08,-0.2
2021-07-26,-1.29,1.42,6.3
2021-07-27,-0.49,-0.09,6.28
2021-07-28,-0.34,0.54,3.66
2021-07-29,-0.77,-2.23,1.48
2021-07-30,-0.2,-2.37,1.53
2021-08-02,6.3,-8.82,0.17
2021-08-03,6.28,-5.08,0.26
2021-08-04,3.66,-2.46,-0.62
2021-08-05,1.48,-0.85,0.78
2021-08-06,1.53,-1.78,1.31
2021-08-09,0.17,-1.29,-1.32
2021-08-10,0.26,-0.49,-3.97
2021-08-11,-0.62,-0.34,-5.58
2021-08-12,0.78,-0.77,-4.51
2021-08-13,1.31,-0.2,-5.56
2021-08-16,-1.32,6.3,-5.75
2021-08-17,-3.97,6.28,-6.17
2021-08-18,-5.58,3.66,-4.26
2021-08-19,-4.51,1.48,-5.03
2021-08-20,-5.56,1.53,-4.63
2021-08-23,-5.75,0.17,-4.05
2021-08-24,-6.17,0.26,-2.16
2021-08-25,-4.26,-0.62,-2.33
2021-08-26,-5.03,0.78,-0.96
2021-08-27,-4.63,1.31,-0.48
2021-08-31,-4.05,-1.32,-1.62
2021-09-01,-2.16,-3.97,-3.11
2021-09-02,-2.33,-5.58,-4.49
2021-09-03,-0.96,-4.51,-3.75
2021-09-06,-0.48,-5.56,-0.73
2021-09-07,-1.62,-5.75,-0.5
2021-09-08,-3.11,-6.17,0.27
2021-09-09,-4.49,-4.26,2.61
2021-09-10,-3.75,-5.03,3.75
2021-09-13,-0.73,-4.63,-1.44
2021-09-14,-0.5,-4.05,-1.8
2021-09-15,0.27,-2.16,3.73
2021-09-16,2.61,-2.33,6.0
2021-09-17,3.75,-0.96,6.74
2021-09-20,-1.44,-0.48,4.73
2021-09-21,-1.8,-1.62,4.45
2021-09-22,3.73,-3.11,5.21
2021-09-23,6.0,-4.49,4.02
2021-09-24,6.74,-3.75,0.44
2021-09-27,4.73,-0.73,3.82
2021-09-28,4.45,-0.5,9.54
2021-09-29,5.21,0.27,4.71
2021-09-30,4.02,2.61,3.2
2021-10-01,0.44,3.75,3.15
2021-10-04,3.82,-1.44,4.56
2021-10-05,9.54,-1.8,6.66
2021-10-06,4.71,3.73,2.84
2021-10-07,3.2,6.0,4.02
2021-10-08,3.15,6.74,8.58
2021-10-11,4.56,4.73,10.0
2021-10-12,6.66,4.45,6.19
2021-10-13,2.84,5.21,6.51
2021-10-14,4.02,4.02,3.91
2021-10-15,8.58,0.44,3.97
2021-10-18,10.0,3.82,1.77
2021-10-19,6.19,9.54,0.97
2021-10-20,6.51,4.71,2.51
2021-10-21,3.91,3.2,2.35
2021-10-22,3.97,3.15,2.24
2021-10-25,1.77,4.56,3.71
2021-10-26,0.97,6.66,3.3
2021-10-27,2.51,2.84,2.96
2021-10-28,2.35,4.02,-0.14
2021-10-29,2.24,8.58,0.78
2021-11-01,3.71,10.0,0.78
2021-11-02,3.3,6.19,-1.27
2021-11-03,2.96,6.51,0.65
2021-11-04,-0.14,3.91,0.61
2021-11-05,0.78,3.97,-1.97
2021-11-08,0.78,1.77,-2.9
2021-11-09,-1.27,0.97,-2.08
2021-11-10,0.65,2.51,-1.01
2021-11-11,0.61,2.35,3.4
2021-11-12,-1.97,2.24,-0.08
2021-11-15,-2.9,3.71,1.16
2021-11-16,-2.08,3.3,3.0
2021-11-17,-1.01,2.96,0.47
2021-11-18,3.4,-0.14,-0.38
2021-11-19,-0.08,0.78,-6.56
2021-11-22,1.16,0.78,-5.7
2021-11-23,3.0,-1.27,-6.34
2021-11-24,0.47,0.65,-4.6
2021-11-25,-0.38,0.61,-5.95
2021-11-26,-6.56,-1.97,-5.26
2021-11-29,-5.7,-2.9,-6.94
2021-11-30,-6.34,-2.08,-4.7
2021-12-01,-4.6,-1.01,-4.32
2021-12-02,-5.95,3.4,-6.04
2021-12-03,-5.26,-0.08,0.72
2021-12-06,-6.94,1.16,-5.24
2021-12-07,-4.7,3.0,-3.44
2021-12-08,-4.32,0.47,-7.0
2021-12-09,-6.04,-0.38,-1.09
2021-12-10,0.72,-6.56,-0.69
2021-12-13,-5.24,-5.7,-1.77
2021-12-14,-3.44,-6.34,-2.4
2021-12-15,-7.0,-4.6,-0.87
2021-12-16,-1.09,-5.95,2.01
2021-12-17,-0.69,-5.26,2.4
2021-12-20,-1.77,-6.94,8.23
2021-12-21,-2.4,-4.7,6.99
2021-12-22,-0.87,-4.32,7.78
2021-12-23,2.01,-6.04,7.54
2021-12-24,2.4,0.72,9.79
2021-12-29,8.23,-5.24,14.39
2021-12-30,6.99,-3.44,14.0
2021-12-31,7.78,-7.0,12.46
2022-01-04,7.54,-1.09,11.04
2022-01-05,9.79,-0.69,12.1
2022-01-06,14.39,-1.77,12.44
2022-01-07,14.0,-2.4,13.69
2022-01-10,12.46,-0.87,15.33
2022-01-11,11.04,2.01,8.94
2022-01-12,12.1,2.4,6.31
2022-01-13,12.44,8.23,1.88
2022-01-14,13.69,6.99,-2.06
2022-01-17,15.33,7.78,-6.7
2022-01-18,8.94,7.54,-3.74
2022-01-19,6.31,9.79,-2.16
2022-01-20,1.88,14.39,-3.19
2022-01-21,-2.06,14.0,-6.86
2022-01-24,-6.7,12.46,-7.4
2022-01-25,-3.74,11.04,-3.64
2022-01-26,-2.16,12.1,-1.89
2022-01-27,-3.19,12.44,0.6
2022-01-28,-6.86,13.69,-0.71
2022-01-31,-7.4,15.33,6.74
2022-02-01,-3.64,8.94,3.12
2022-02-02,-1.89,6.31,2.04
2022-02-03,0.6,1.88,2.2
2022-02-04,-0.71,-2.06,5.39
2022-02-07,6.74,-6.7,1.29
2022-02-08,3.12,-3.74,0.46
2022-02-09,2.04,-2.16,-1.76
2022-02-10,2.2,-3.19,-3.77
2022-02-11,5.39,-6.86,-0.31
2022-02-14,1.29,-7.4,-3.18
2022-02-15,0.46,-3.64,-2.27
2022-02-16,-1.76,-1.89,-1.68
2022-02-17,-3.77,0.6,-12.85
2022-02-18,-0.31,-0.71,-7.93
2022-02-21,-3.18,6.74,-6.32
2022-02-22,-2.27,3.12,-13.02
2022-02-23,-1.68,2.04,-11.27
2022-02-24,-12.85,2.2,-11.97
2022-02-25,-7.93,5.39,-15.99
2022-02-28,-6.32,1.29,-18.99
2022-03-01,-13.02,0.46,-18.22
2022-03-02,-11.27,-1.76,-13.07
2022-03-03,-11.97,-3.77,-4.19
2022-03-04,-15.99,-0.31,-8.47
2022-03-07,-18.99,-3.18,-1.45
2022-03-08,-18.22,-2.27,3.54
2022-03-09,-13.07,-1.68,5.47
2022-03-10,-4.19,-12.85,6.31
2022-03-11,-8.47,-7.93,14.2
2022-03-14,-1.45,-6.32,17.89
2022-03-15,3.54,-13.02,19.73
2022-03-16,5.47,-11.27,9.1
2022-03-17,6.31,-11.97,10.99
2022-03-18,14.2,-15.99,7.21
2022-03-21,17.89,-18.99,2.18
2022-03-22,19.73,-18.22,5.49
2022-03-23,9.1,-13.07,-0.99
2022-03-24,10.99,-4.19,-1.96
2022-03-25,7.21,-8.47,-3.56
2022-03-28,2.18,-1.45,-3.58
2022-03-29,5.49,3.54,-7.82
2022-03-30,-0.99,5.47,-8.73
2022-03-31,-1.96,6.31,-10.43
2022-04-01,-3.56,14.2,-8.55
2022-04-04,-3.58,17.89,-7.59
2022-04-05,-7.82,19.73,-11.76
2022-04-06,-8.73,9.1,-8.27
2022-04-07,-10.43,10.99,-4.42
2022-04-08,-8.55,7.21,-4.26
2022-04-11,-7.59,2.18,-1.19
2022-04-12,-11.76,5.49,1.32
2022-04-13,-8.27,-0.99,2.04
2022-04-14,-4.42,-1.96,2.41
2022-04-19,-4.26,-3.56,2.92
2022-04-20,-1.19,-3.58,1.53
2022-04-21,1.32,-7.82,4.96
2022-04-22,2.04,-8.73,3.94
2022-04-25,2.41,-10.43,2.67
2022-04-26,2.92,-8.55,0.62
2022-04-27,1.53,-7.59,-4.96
2022-04-28,4.96,-11.76,-7.57
2022-04-29,3.94,-8.27,-8.15
2022-05-03,2.67,-4.42,-6.19
2022-05-04,0.62,-4.26,-6.02
2022-05-05,-4.96,-1.19,-6.14
2022-05-06,-7.57,1.32,-5.25
2022-05-09,-8.15,2.04,-4.82
2022-05-10,-6.19,2.41,-5.15
2022-05-11,-6.02,2.92,-4.05
2022-05-12,-6.14,1.53,-1.36
2022-05-13,-5.25,4.96,0.53
2022-05-16,-4.82,3.94,5.1
2022-05-17,-5.15,2.67,3.33
2022-05-18,-4.05,0.62,2.71
2022-05-19,-1.36,-4.96,5.52
2022-05-20,0.53,-7.57,3.1
2022-05-23,5.1,-8.15,3.37
2022-05-24,3.33,-6.19,2.49
2022-05-25,2.71,-6.02,3.04
2022-05-26,5.52,-6.14,5.0
2022-05-27,3.1,-5.25,4.56
2022-05-30,3.37,-4.82,3.21
2022-05-31,2.49,-5.15,1.77
2022-06-01,3.04,-4.05,-1.33
2022-06-06,5.0,-1.36,-5.52
2022-06-07,4.56,0.53,-4.13
2022-06-08,3.21,5.1,-2.39
2022-06-09,1.77,3.33,-5.9
2022-06-10,-1.33,2.71,-6.36
2022-06-13,-5.52,5.52,-4.08
2022-06-14,-4.13,3.1,-4.72
2022-06-15,-2.39,3.37,-4.57
2022-06-16,-5.9,2.49,-5.54
2022-06-17,-6.36,3.04,-0.69
2022-06-20,-4.08,5.0,1.12
2022-06-21,-4.72,4.56,0.16
2022-06-22,-4.57,3.21,-2.38
2022-06-23,-5.54,1.77,0.17
2022-06-24,-0.69,-1.33,0.35
2022-06-27,1.12,-5.52,-2.45
2022-06-28,0.16,-4.13,-4.81
2022-06-29,-2.38,-2.39,-5.82
2022-06-30,0.17,-5.9,-0.05
2022-07-01,0.35,-6.36,-2.76
2022-07-04,-2.45,-4.08,-3.0
2022-07-05,-4.81,-4.72,-2.35
2022-07-06,-5.82,-4.57,-2.53
2022-07-07,-0.05,-5.54,-3.05
2022-07-08,-2.76,-0.69,-1.2
2022-07-11,-3.0,1.12,0.26
2022-07-12,-2.35,0.16,6.58
2022-07-13,-2.53,-2.38,5.23
2022-07-14,-3.05,0.17,2.46
2022-07-15,-1.2,0.35,2.44
2022-07-18,0.26,-2.45,4.28
2022-07-19,6.58,-4.81,2.62
2022-07-20,5.23,-5.82,8.11
2022-07-21,2.46,-0.05,8.29
2022-07-22,2.44,-2.76,7.97
2022-07-25,4.28,-3.0,5.33
2022-07-26,2.62,-2.35,3.02
2022-07-27,8.11,-2.53,5.48
2022-07-28,8.29,-3.05,4.08
2022-07-29,7.97,-1.2,3.89
2022-08-01,5.33,0.26,3.26
2022-08-02,3.02,6.58,3.35
2022-08-03,5.48,5.23,0.33
2022-08-04,4.08,2.46,2.66
2022-08-05,3.89,2.44,0.91
2022-08-08,3.26,4.28,1.8
2022-08-09,3.35,2.62,0.73
2022-08-10,0.33,8.11,-0.11
2022-08-11,2.66,8.29,1.37
2022-08-12,0.91,7.97,-0.2
2022-08-15,1.8,5.33,-1.61
2022-08-16,0.73,3.02,-1.38
2022-08-17,-0.11,5.48,-2.97
2022-08-18,1.37,4.08,-2.81
2022-08-19,-0.2,3.89,-4.34
2022-08-22,-1.61,3.26,-4.62
2022-08-23,-1.38,3.35,-4.05
2022-08-24,-2.97,0.33,-6.73
2022-08-25,-2.81,2.66,-4.37
2022-08-26,-4.34,0.91,-3.06
2022-08-30,-4.62,1.8,1.62
2022-08-31,-4.05,0.73,0.68
2022-09-01,-6.73,-0.11,2.52
2022-09-02,-4.37,1.37,3.75
2022-09-05,-3.06,-0.2,7.53
2022-09-06,1.62,-1.61,6.22
2022-09-07,0.68,-1.38,5.31
2022-09-08,2.52,-2.97,11.52
2022-09-09,3.75,-2.81,9.35
2022-09-12,7.53,-4.34,12.77
2022-09-13,6.22,-4.62,7.16
2022-09-14,5.31,-4.05,7.37
2022-09-15,11.52,-6.73,2.19
2022-09-16,9.35,-4.37,-2.76
2022-09-20,12.77,-3.06,-7.82
2022-09-21,7.16,1.62,-9.94
2022-09-22,7.37,0.68,-11.88
2022-09-23,2.19,2.52,-13.08
2022-09-26,-2.76,3.75,-12.61
2022-09-27,-7.82,7.53,-12.0
2022-09-28,-9.94,6.22,-11.59
2022-09-29,-11.88,5.31,-11.32
2022-09-30,-13.08,11.52,-7.66
2022-10-03,-12.61,9.35,-5.64
2022-10-04,-12.0,12.77,-4.16
2022-10-05,-11.59,7.16,-6.59
2022-10-06,-11.32,7.37,2.58
2022-10-07,-7.66,2.19,2.56
2022-10-10,-5.64,-2.76,2.13
2022-10-11,-4.16,-7.82,-1.21
2022-10-12,-6.59,-9.94,-5.23
2022-10-13,2.58,-11.88,-1.15
2022-10-14,2.56,-13.08,-3.05
2022-10-17,2.13,-12.61,0.83
2022-10-18,-1.21,-12.0,3.57
2022-10-19,-5.23,-11.59,8.85
2022-10-20,-1.15,-11.32,2.42
2022-10-21,-3.05,-7.66,-2.78
2022-10-24,0.83,-5.64,-1.52
2022-10-25,3.57,-4.16,-0.92
2022-10-26,8.85,-6.59,2.88
2022-10-27,2.42,2.58,0.45
2022-10-28,-2.78,2.56,3.31
2022-10-31,-1.52,2.13,-1.25
2022-11-01,-0.92,-1.21,-0.28
2022-11-02,2.88,-5.23,0.02
2022-11-03,0.45,-1.15,1.22
2022-11-04,3.31,-3.05,5.43
2022-11-07,-1.25,0.83,3.76
2022-11-08,-0.28,3.57,3.58
2022-11-09,0.02,8.85,3.23
2022-11-10,1.22,2.42,5.19
2022-11-11,5.43,-2.78,6.36
2022-11-14,3.76,-1.52,8.33
2022-11-15,3.58,-0.92,6.35
2022-11-16,3.23,2.88,6.88
2022-11-17,5.19,0.45,6.1
2022-11-18,6.36,3.31,6.44
2022-11-21,8.33,-1.25,5.07
2022-11-22,6.35,-0.28,5.97
2022-11-23,6.88,0.02,8.74
2022-11-24,6.1,1.22,3.85
2022-11-25,6.44,5.43,2.6
2022-11-28,5.07,3.76,1.91
2022-11-29,5.97,3.58,1.87
2022-11-30,8.74,3.23,1.65
2022-12-01,3.85,5.19,-0.09
2022-12-02,2.6,6.36,0.28
2022-12-05,1.91,8.33,-0.07
2022-12-06,1.87,6.35,0.09
2022-12-07,1.65,6.88,-1.6
2022-12-08,-0.09,6.1,-1.43
2022-12-09,0.28,6.44,-3.15
2022-12-12,-0.07,5.07,-2.98
2022-12-13,0.09,5.97,-1.94
2022-12-14,-1.6,8.74,0.0
2022-12-15,-1.43,3.85,0.44
2022-12-16,-3.15,2.6,-0.88
2022-12-19,-2.98,1.91,1.0
2022-12-20,-1.94,1.87,-0.32
2022-12-21,0.0,1.65,-1.6
2022-12-22,0.44,-0.09,3.65
2022-12-23,-0.88,0.28,5.0
2022-12-28,1.0,-0.07,7.36
2022-12-29,-0.32,0.09,5.47
2022-12-30,-1.6,-1.6,4.35
2023-01-03,3.65,-1.43,4.19
2023-01-04,5.0,-3.15,4.45
2023-01-05,7.36,-2.98,5.43
2023-01-06,5.47,-1.94,7.36
2023-01-09,4.35,0.0,9.56
2023-01-10,4.19,0.44,5.03
2023-01-11,4.45,-0.88,4.28
2023-01-12,5.43,1.0,1.03
2023-01-13,7.36,-0.32,2.65
2023-01-16,9.56,-1.6,3.23
2023-01-17,5.03,3.65,4.37
2023-01-18,4.28,5.0,5.97
2023-01-19,1.03,7.36,7.69
2023-01-20,2.65,5.47,5.99
2023-01-23,3.23,4.35,6.49
2023-01-24,4.37,4.19,6.22
2023-01-25,5.97,4.45,7.1
2023-01-26,7.69,5.43,9.59
2023-01-27,5.99,7.36,8.22
2023-01-30,6.49,9.56,6.06
2023-01-31,6.22,5.03,6.62
2023-02-01,7.1,4.28,5.3
2023-02-02,9.59,1.03,2.8
2023-02-03,8.22,2.65,1.33
2023-02-06,6.06,3.23,0.17
2023-02-07,6.62,4.37,2.3
2023-02-08,5.3,5.97,-1.13
2023-02-09,2.8,7.69,-1.03
2023-02-10,1.33,5.99,-4.54
2023-02-13,0.17,6.49,-2.44
2023-02-14,2.3,6.22,-4.64
2023-02-15,-1.13,7.1,-4.45
2023-02-16,-1.03,9.59,-3.65
2023-02-17,-4.54,8.22,-3.06
2023-02-20,-2.44,6.06,-2.41
2023-02-21,-4.64,6.62,-2.18
2023-02-22,-4.45,5.3,-0.8
2023-02-23,-3.65,2.8,-3.02
2023-02-24,-3.06,1.33,1.73
2023-02-27,-2.41,0.17,0.45
2023-02-28,-2.18,2.3,0.75
2023-03-01,-0.8,-1.13,0.66
2023-03-02,-3.02,-1.03,-1.04
2023-03-03,1.73,-4.54,-3.64
2023-03-06,0.45,-2.44,-8.82
2023-03-07,0.75,-4.64,-8.32
2023-03-08,0.66,-4.45,-11.45
2023-03-09,-1.04,-3.65,-7.54
2023-03-10,-3.64,-3.06,-10.7
2023-03-13,-8.82,-2.41,-10.95
2023-03-14,-8.32,-2.18,-6.21
2023-03-15,-11.45,-0.8,-7.44
2023-03-16,-7.54,-3.02,-8.96
2023-03-17,-10.7,1.73,-8.16
2023-03-20,-10.95,0.45,-1.91
2023-03-21,-6.21,0.75,-3.81
2023-03-22,-7.44,0.66,2.43
2023-03-23,-8.96,-1.04,0.63
2023-03-24,-8.16,-3.64,3.07
2023-03-27,-1.91,-8.82,4.64
2023-03-28,-3.81,-8.32,-0.12
2023-03-29,2.43,-11.45,1.4
2023-03-30,0.63,-7.54,4.63
2023-03-31,3.07,-10.7,8.11
2023-04-03,4.64,-10.95,7.69
2023-04-04,-0.12,-6.21,4.55
2023-04-05,1.4,-7.44,3.84
2023-04-06,4.63,-8.96,1.42
2023-04-11,8.11,-8.16,2.43
2023-04-12,7.69,-1.91,2.11
2023-04-13,4.55,-3.81,1.89
2023-04-14,3.84,2.43,0.89
2023-04-17,1.42,0.63,-0.22
2023-04-18,2.43,3.07,-2.43
2023-04-19,2.11,4.64,-2.57
2023-04-20,1.89,-0.12,0.64
2023-04-21,0.89,1.4,-1.51
2023-04-24,-0.22,4.63,-1.59
2023-04-25,-2.43,8.11,-5.84
2023-04-26,-2.57,7.69,-7.94
2023-04-27,0.64,4.55,-6.53
2023-04-28,-1.51,3.84,-5.59
2023-05-02,-1.59,1.42,-5.6
2023-05-03,-5.84,2.43,-4.87
2023-05-04,-7.94,2.11,-6.26
2023-05-05,-6.53,1.89,-5.22
2023-05-09,-5.59,0.89,-5.19
2023-05-10,-5.6,-0.22,-2.92
2023-05-11,-4.87,-2.43,1.15
2023-05-12,-6.26,-2.57,3.02
2023-05-15,-5.22,0.64,2.47
2023-05-16,-5.19,-1.51,3.16
2023-05-17,-2.92,-1.59,1.28
2023-05-18,1.15,-5.84,-0.11
2023-05-19,3.02,-7.94,-0.11
2023-05-22,2.47,-6.53,-2.27
2023-05-23,3.16,-5.59,-3.35
2023-05-24,1.28,-5.6,-3.5
2023-05-25,-0.11,-4.87,-2.3
2023-05-26,-0.11,-6.26,-4.26
2023-05-30,-2.27,-5.22,-3.77
2023-05-31,-3.35,-5.19,-4.37
2023-06-01,-3.5,-2.92,-3.06
2023-06-02,-2.3,1.15,-1.24
2023-06-05,-4.26,3.02,-1.19
2023-06-06,-3.77,2.47,0.15
2023-06-07,-4.37,3.16,2.51
2023-06-08,-3.06,1.28,0.65
2023-06-09,-1.24,-0.11,-0.88
2023-06-12,-1.19,-0.11,0.69
2023-06-13,0.15,-2.27,-0.8
2023-06-14,2.51,-3.35,-3.89
2023-06-15,0.65,-3.5,-5.34
2023-06-16,-0.88,-2.3,-6.5
2023-06-19,0.69,-4.26,-6.69
2023-06-20,-0.8,-3.77,-6.16
2023-06-21,-3.89,-4.37,-5.81
2023-06-22,-5.34,-3.06,-4.87
2023-06-23,-6.5,-1.24,-3.22
2023-06-26,-6.69,-1.19,-1.82
2023-06-27,-6.16,0.15,-2.08
2023-06-28,-5.81,2.51,0.21
2023-06-29,-4.87,0.65,0.91
2023-06-30,-3.22,-0.88,1.84
2023-07-03,-1.82,0.69,2.57
2023-07-04,-2.08,-0.8,2.05
2023-07-05,0.21,-3.89,4.41
2023-07-06,0.91,-5.34,4.56
2023-07-07,1.84,-6.5,1.77
2023-07-10,2.57,-6.69,1.4
2023-07-11,2.05,-6.16,4.12
2023-07-12,4.41,-5.81,6.53
2023-07-13,4.56,-4.87,7.0
2023-07-14,1.77,-3.22,6.38
2023-07-17,1.4,-1.82,6.97
2023-07-18,4.12,-2.08,6.29
2023-07-19,6.53,0.21,1.8
2023-07-20,7.0,0.91,0.74
2023-07-21,6.38,1.84,1.74
2023-07-24,6.97,2.57,0.22
2023-07-25,6.29,2.05,-2.95
2023-07-26,1.8,4.41,-7.35
2023-07-27,0.74,4.56,-7.36
2023-07-28,1.74,1.77,-5.91
2023-07-31,0.22,1.4,-6.23
2023-08-01,-2.95,4.12,-7.4
2023-08-02,-7.35,6.53,-5.63
2023-08-03,-7.36,7.0,-4.55
2023-08-04,-5.91,6.38,-4.83
2023-08-07,-6.23,6.97,-4.67
2023-08-08,-7.4,6.29,-4.22
2023-08-09,-5.63,1.8,-2.7
2023-08-10,-4.55,0.74,-1.16
2023-08-11,-4.83,1.74,-2.09
2023-08-14,-4.67,0.22,-2.5
2023-08-15,-4.22,-2.95,-2.27
2023-08-16,-2.7,-7.35,-2.13
2023-08-17,-1.16,-7.36,-2.02
2023-08-18,-2.09,-5.91,-2.7
2023-08-21,-2.5,-6.23,0.14
2023-08-22,-2.27,-7.4,0.85
2023-08-23,-2.13,-5.63,0.62
2023-08-24,-2.02,-4.55,-0.71
2023-08-25,-2.7,-4.83,-0.64
2023-08-29,0.14,-4.67,-0.78
2023-08-30,0.85,-4.22,-0.55
2023-08-31,0.62,-2.7,-2.01
2023-09-01,-0.71,-1.16,-1.88
2023-09-04,-0.64,-2.09,-0.5
2023-09-05,-0.78,-2.5,-0.98
2023-09-06,-0.55,-2.27,-0.54
2023-09-07,-2.01,-2.13,2.08
2023-09-08,-1.88,-2.02,2.56
2023-09-11,-0.5,-2.7,0.43
2023-09-12,-0.98,0.14,2.73
2023-09-13,-0.54,0.85,7.4
2023-09-14,2.08,0.62,8.26
2023-09-15,2.56,-0.71,9.68
2023-09-18,0.43,-0.64,7.62
2023-09-19,2.73,-0.78,5.74
2023-09-20,7.4,-0.55,4.62
2023-09-21,8.26,-2.01,2.38
2023-09-22,9.68,-1.88,2.71
2023-09-25,7.62,-0.5,2.66
2023-09-26,5.74,-0.98,-0.21
2023-09-27,4.62,-0.54,-4.71
2023-09-28,2.38,2.08,-5.07
2023-09-29,2.71,2.56,-5.98
2023-10-02,2.66,0.43,-5.9
2023-10-03,-0.21,2.73,-3.45
2023-10-04,-4.71,7.4,-2.89
2023-10-05,-5.07,8.26,-1.9
2023-10-06,-5.98,9.68,-2.57
2023-10-09,-5.9,7.62,0.55
2023-10-10,-3.45,5.74,2.31
2023-10-11,-2.89,4.62,0.92
2023-10-12,-1.9,2.38,-0.69
2023-10-13,-2.57,2.71,-2.46
2023-10-16,0.55,2.66,-1.64
2023-10-17,2.31,-0.21,-6.43
2023-10-18,0.92,-4.71,-4.21
2023-10-19,-0.69,-5.07,-5.18
2023-10-20,-2.46,-5.98,-8.03
2023-10-23,-1.64,-5.9,-8.0
2023-10-24,-6.43,-3.45,-8.81
2023-10-25,-4.21,-2.89,-6.3
2023-10-26,-5.18,-1.9,-0.24
2023-10-27,-8.03,-2.57,2.07
2023-10-30,-8.0,0.55,1.71
2023-10-31,-8.81,2.31,3.62
2023-11-01,-6.3,0.92,1.28
2023-11-02,-0.24,-0.69,2.7
2023-11-03,2.07,-2.46,5.01
2023-11-06,1.71,-1.64,4.97
2023-11-07,3.62,-6.43,5.81
2023-11-08,1.28,-4.21,7.35
2023-11-09,2.7,-5.18,2.39
2023-11-10,5.01,-8.03,2.21
2023-11-13,4.97,-8.0,2.18
2023-11-14,5.81,-8.81,1.19
2023-11-15,7.35,-6.3,0.74
2023-11-16,2.39,-0.24,0.17
2023-11-17,2.21,2.07,1.72
2023-11-20,2.18,1.71,0.07
2023-11-21,1.19,3.62,0.45
2023-11-22,0.74,1.28,0.81
2023-11-23,0.17,2.7,1.61
2023-11-24,1.72,5.01,2.56
2023-11-27,0.07,4.97,4.83
2023-11-28,0.45,5.81,5.78
2023-11-29,0.81,7.35,8.3
2023-11-30,1.61,2.39,7.96
2023-12-01,2.56,2.21,9.09
2023-12-04,4.83,2.18,9.68
2023-12-05,5.78,1.19,8.13
2023-12-06,8.3,0.74,6.31
2023-12-07,7.96,0.17,9.36
2023-12-08,9.09,1.72,5.66
2023-12-11,9.68,0.07,4.14
2023-12-12,8.13,0.45,3.8
2023-12-13,6.31,0.81,3.62
2023-12-14,9.36,1.61,3.22
2023-12-15,5.66,2.56,3.69
2023-12-18,4.14,4.83,4.36
2023-12-19,3.8,5.78,4.51
2023-12-20,3.62,8.3,3.29
