Date,% downloaded_hold_Barc Change,Previous % downloaded_hold_Barc Change,Next % downloaded_hold_Barc Change
2017-01-31,-5.25,-0.13,-1.14
2017-02-01,-2.42,-3.15,-2.56
2017-02-02,-3.04,-1.83,-1.21
2017-02-03,0.64,-3.34,-0.85
2017-02-06,1.29,-4.08,4.01
2017-02-07,-1.14,-3.22,7.2
2017-02-08,-2.56,-1.43,7.72
2017-02-09,-1.21,0.04,7.52
2017-02-10,-0.85,-1.98,3.56
2017-02-13,4.01,-3.33,4.44
2017-02-14,7.2,-5.25,4.38
2017-02-15,7.72,-2.42,4.53
2017-02-16,7.52,-3.04,-0.22
2017-02-17,3.56,0.64,-1.2
2017-02-20,4.44,1.29,-3.16
2017-02-21,4.38,-1.14,-3.72
2017-02-22,4.53,-2.56,-2.65
2017-02-23,-0.22,-1.21,-3.57
2017-02-24,-1.2,-0.85,-2.36
2017-02-27,-3.16,4.01,-4.44
2017-02-28,-3.72,7.2,-3.77
2017-03-01,-2.65,7.72,-1.21
2017-03-02,-3.57,7.52,1.38
2017-03-03,-2.36,3.56,2.63
2017-03-06,-4.44,4.44,2.31
2017-03-07,-3.77,4.38,0.02
2017-03-08,-1.21,4.53,-2.32
2017-03-09,1.38,-0.22,-0.02
2017-03-10,2.63,-1.2,-0.43
2017-03-13,2.31,-3.16,0.59
2017-03-14,0.02,-3.72,1.3
2017-03-15,-2.32,-2.65,-3.34
2017-03-16,-0.02,-3.57,-3.57
2017-03-17,-0.43,-2.36,-2.11
2017-03-20,0.59,-4.44,-2.61
2017-03-21,1.3,-3.77,0.68
2017-03-22,-3.34,-1.21,-0.09
2017-03-23,-3.57,1.38,-0.61
2017-03-24,-2.11,2.63,-2.3
2017-03-27,-2.61,2.31,-3.0
2017-03-28,0.68,0.02,-5.33
2017-03-29,-0.09,-2.32,-2.65
2017-03-30,-0.61,-0.02,-3.35
2017-03-31,-2.3,-0.43,-5.13
2017-04-03,-3.0,0.59,-3.57
2017-04-04,-5.33,1.3,-5.74
2017-04-05,-2.65,-3.34,-5.98
2017-04-06,-3.35,-3.57,-6.75
2017-04-07,-5.13,-2.11,-7.91
2017-04-10,-3.57,-2.61,-5.85
2017-04-11,-5.74,0.68,-4.59
2017-04-12,-5.98,-0.09,-4.87
2017-04-13,-6.75,-0.61,1.29
2017-04-18,-7.91,-2.3,3.48
2017-04-19,-5.85,-3.0,3.91
2017-04-20,-4.59,-5.33,4.16
2017-04-21,-4.87,-2.65,-0.68
2017-04-24,1.29,-3.35,-1.32
2017-04-25,3.48,-5.13,0.8
2017-04-26,3.91,-3.57,1.61
2017-04-27,4.16,-5.74,-0.67
2017-04-28,-0.68,-5.98,-1.47
2017-05-02,-1.32,-6.75,-6.34
2017-05-03,0.8,-7.91,-5.77
2017-05-04,1.61,-5.85,-8.06
2017-05-05,-0.67,-4.59,-8.06
2017-05-08,-1.47,-4.87,-0.78
2017-05-09,-6.34,1.29,0.83
2017-05-10,-5.77,3.48,0.26
2017-05-11,-8.06,3.91,0.19
2017-05-12,-8.06,4.16,3.56
2017-05-15,-0.78,-0.68,4.27
2017-05-16,0.83,-1.32,4.36
2017-05-17,0.26,0.8,3.1
2017-05-18,0.19,1.61,3.63
2017-05-19,3.56,-0.67,2.79
2017-05-22,4.27,-1.47,-0.66
2017-05-23,4.36,-6.34,-0.76
2017-05-24,3.1,-5.77,0.76
2017-05-25,3.63,-8.06,-0.64
2017-05-26,2.79,-8.06,-0.94
2017-05-30,-0.66,-0.78,-1.94
2017-05-31,-0.76,0.83,-2.85
2017-06-01,0.76,0.26,-5.11
2017-06-02,-0.64,0.19,-3.48
2017-06-05,-0.94,3.56,-3.02
2017-06-06,-1.94,4.27,-1.39
2017-06-07,-2.85,4.36,-3.1
2017-06-08,-5.11,3.1,-3.77
2017-06-09,-3.48,3.63,-3.63
2017-06-12,-3.02,2.79,-2.34
2017-06-13,-1.39,-0.66,-3.2
2017-06-14,-3.1,-0.76,-3.84
2017-06-15,-3.77,0.76,-4.58
2017-06-16,-3.63,-0.64,-4.38
2017-06-19,-2.34,-0.94,-2.61
2017-06-20,-3.2,-1.94,-1.7
2017-06-21,-3.84,-2.85,-0.02
2017-06-22,-4.58,-5.11,1.16
2017-06-23,-4.38,-3.48,-0.25
2017-06-26,-2.61,-3.02,0.15
2017-06-27,-1.7,-1.39,2.05
2017-06-28,-0.02,-3.1,2.02
2017-06-29,1.16,-3.77,6.71
2017-06-30,-0.25,-3.63,5.37
2017-07-03,0.15,-2.34,3.9
2017-07-04,2.05,-3.2,1.45
2017-07-05,2.02,-3.84,2.24
2017-07-06,6.71,-4.58,2.82
2017-07-07,5.37,-4.38,2.84
2017-07-10,3.9,-2.61,0.97
2017-07-11,1.45,-1.7,-0.92
2017-07-12,2.24,-0.02,1.03
2017-07-13,2.82,1.16,-0.45
2017-07-14,2.84,-0.25,-1.49
2017-07-17,0.97,0.15,-1.06
2017-07-18,-0.92,2.05,1.92
2017-07-19,1.03,2.02,1.54
2017-07-20,-0.45,6.71,-1.28
2017-07-21,-1.49,5.37,-1.63
2017-07-24,-1.06,3.9,-2.89
2017-07-25,1.92,1.45,0.76
2017-07-26,1.54,2.24,0.68
2017-07-27,-1.28,2.82,0.14
2017-07-28,-1.63,2.84,2.58
2017-07-31,-2.89,0.97,2.19
2017-08-01,0.76,-0.92,0.31
2017-08-02,0.68,1.03,-1.16
2017-08-03,0.14,-0.45,-1.82
2017-08-04,2.58,-1.49,-2.8
2017-08-07,2.19,-1.06,-1.58
2017-08-08,0.31,1.92,-2.98
2017-08-09,-1.16,1.54,-3.35
2017-08-10,-1.82,-1.28,-5.4
2017-08-11,-2.8,-1.63,-6.99
2017-08-14,-1.58,-2.89,-7.98
2017-08-15,-2.98,0.76,-8.11
2017-08-16,-3.35,0.68,-7.62
2017-08-17,-5.4,0.14,-5.03
2017-08-18,-6.99,2.58,-2.53
2017-08-21,-7.98,2.19,-4.73
2017-08-22,-8.11,0.31,-4.86
2017-08-23,-7.62,-1.16,-4.81
2017-08-24,-5.03,-1.82,-2.59
2017-08-25,-2.53,-2.8,-2.79
2017-08-29,-4.73,-1.58,-2.77
2017-08-30,-4.86,-2.98,-3.85
2017-08-31,-4.81,-3.35,-4.59
2017-09-01,-2.59,-5.4,-3.55
2017-09-04,-2.79,-6.99,-3.94
2017-09-05,-2.77,-7.98,0.53
2017-09-06,-3.85,-8.11,0.45
2017-09-07,-4.59,-7.62,-0.68
2017-09-08,-3.55,-5.03,-2.86
2017-09-11,-3.94,-2.53,-1.45
2017-09-12,0.53,-4.73,0.21
2017-09-13,0.45,-4.86,0.03
2017-09-14,-0.68,-4.81,3.48
2017-09-15,-2.86,-2.59,2.11
2017-09-18,-1.45,-2.79,1.63
2017-09-19,0.21,-2.77,-1.59
2017-09-20,0.03,-3.85,-0.68
2017-09-21,3.48,-4.59,1.26
2017-09-22,2.11,-3.55,3.59
2017-09-25,1.63,-3.94,2.8
2017-09-26,-1.59,0.53,2.84
2017-09-27,-0.68,0.45,3.47
2017-09-28,1.26,-0.68,-0.13
2017-09-29,3.59,-2.86,-0.7
2017-10-02,2.8,-1.45,-0.71
2017-10-03,2.84,0.21,0.9
2017-10-04,3.47,0.03,0.08
2017-10-05,-0.13,3.48,0.44
2017-10-06,-0.7,2.11,-1.09
2017-10-09,-0.71,1.63,-1.79
2017-10-10,0.9,-1.59,-1.19
2017-10-11,0.08,-0.68,0.16
2017-10-12,0.44,1.26,0.97
2017-10-13,-1.09,3.59,2.89
2017-10-16,-1.79,2.8,3.77
2017-10-17,-1.19,2.84,4.21
2017-10-18,0.16,3.47,3.47
2017-10-19,0.97,-0.13,-5.52
2017-10-20,2.89,-0.7,-3.9
2017-10-23,3.77,-0.71,-3.04
2017-10-24,4.21,0.9,-2.82
2017-10-25,3.47,0.08,-4.44
2017-10-26,-5.52,0.44,-3.65
2017-10-27,-3.9,-1.09,-6.36
2017-10-30,-3.04,-1.79,-6.88
2017-10-31,-2.82,-1.19,-8.41
2017-11-01,-4.44,0.16,-8.91
2017-11-02,-3.65,0.97,-1.62
2017-11-03,-6.36,2.89,-2.53
2017-11-06,-6.88,3.77,-2.51
2017-11-07,-8.41,4.21,-2.82
2017-11-08,-8.91,3.47,-0.92
2017-11-09,-1.62,-5.52,0.24
2017-11-10,-2.53,-3.9,0.95
2017-11-13,-2.51,-3.04,3.71
2017-11-14,-2.82,-2.82,4.33
2017-11-15,-0.92,-4.44,5.43
2017-11-16,0.24,-3.65,5.18
2017-11-17,0.95,-6.36,5.69
2017-11-20,3.71,-6.88,4.81
2017-11-21,4.33,-8.41,3.68
2017-11-22,5.43,-8.91,6.5
2017-11-23,5.18,-1.62,4.34
2017-11-24,5.69,-2.53,2.38
2017-11-27,4.81,-2.51,2.91
2017-11-28,3.68,-2.82,1.32
2017-11-29,6.5,-0.92,0.95
2017-11-30,4.34,0.24,1.54
2017-12-01,2.38,0.95,3.72
2017-12-04,2.91,3.71,5.92
2017-12-05,1.32,4.33,7.07
2017-12-06,0.95,5.43,4.92
2017-12-07,1.54,5.18,4.75
2017-12-08,3.72,5.69,6.78
2017-12-11,5.92,4.81,5.28
2017-12-12,7.07,3.68,6.52
2017-12-13,4.92,6.5,6.57
2017-12-14,4.75,4.34,6.73
2017-12-15,6.78,2.38,2.93
2017-12-18,5.28,2.91,2.04
2017-12-19,6.52,1.32,1.4
2017-12-20,6.57,0.95,-0.34
2017-12-21,6.73,1.54,0.25
2017-12-22,2.93,3.72,0.72
2017-12-27,2.04,5.92,0.0
2017-12-28,1.4,7.07,-2.46
2017-12-29,-0.34,4.92,-1.69
2018-01-02,0.25,4.75,-1.34
2018-01-03,0.72,6.78,-0.47
2018-01-04,0.0,5.28,-3.23
2018-01-05,-2.46,6.52,-4.38
2018-01-08,-1.69,6.57,-3.72
2018-01-09,-1.34,6.73,-1.87
2018-01-10,-0.47,2.93,-2.54
2018-01-11,-3.23,2.04,-2.54
2018-01-12,-4.38,1.4,0.66
2018-01-15,-3.72,-0.34,4.55
2018-01-16,-1.87,0.25,3.67
2018-01-17,-2.54,0.72,3.63
2018-01-18,-2.54,0.0,7.24
2018-01-19,0.66,-2.46,7.97
2018-01-22,4.55,-1.69,6.19
2018-01-23,3.67,-1.34,1.18
2018-01-24,3.63,-0.47,0.72
2018-01-25,7.24,-3.23,-0.98
2018-01-26,7.97,-4.38,-2.46
2018-01-29,6.19,-3.72,-7.3
2018-01-30,1.18,-1.87,-9.63
2018-01-31,0.72,-2.54,-7.34
2018-02-01,-0.98,-2.54,-7.7
2018-02-02,-2.46,0.66,-8.14
2018-02-05,-7.3,4.55,-6.9
2018-02-06,-9.63,3.67,-4.34
2018-02-07,-7.34,3.63,-2.12
2018-02-08,-7.7,7.24,0.59
2018-02-09,-8.14,7.97,2.3
2018-02-12,-6.9,6.19,3.65
2018-02-13,-4.34,1.18,6.34
2018-02-14,-2.12,0.72,4.61
2018-02-15,0.59,-0.98,8.71
2018-02-16,2.3,-2.46,8.76
2018-02-19,3.65,-7.3,7.85
2018-02-20,6.34,-9.63,9.84
2018-02-21,4.61,-7.34,9.1
2018-02-22,8.71,-7.7,6.42
2018-02-23,8.76,-8.14,2.62
2018-02-26,7.85,-6.9,3.08
2018-02-27,9.84,-4.34,5.12
2018-02-28,9.1,-2.12,4.38
2018-03-01,6.42,0.59,0.62
2018-03-02,2.62,2.3,0.45
2018-03-05,3.08,3.65,1.44
2018-03-06,5.12,6.34,-1.08
2018-03-07,4.38,4.61,-2.86
2018-03-08,0.62,8.71,-2.01
2018-03-09,0.45,8.76,2.05
2018-03-12,1.44,7.85,4.73
2018-03-13,-1.08,9.84,2.18
2018-03-14,-2.86,9.1,0.24
2018-03-15,-2.01,6.42,-2.5
2018-03-16,2.05,2.62,-3.04
2018-03-19,4.73,3.08,-2.65
2018-03-20,2.18,5.12,-1.69
2018-03-21,0.24,4.38,-0.68
2018-03-22,-2.5,0.62,-0.24
2018-03-23,-3.04,0.45,-1.26
2018-03-26,-2.65,1.44,-4.42
2018-03-27,-1.69,-1.08,-1.74
2018-03-28,-0.68,-2.86,-0.9
2018-03-29,-0.24,-2.01,2.03
2018-04-03,-1.26,2.05,5.09
2018-04-04,-4.42,4.73,4.23
2018-04-05,-1.74,2.18,4.78
2018-04-06,-0.9,0.24,3.57
2018-04-09,2.03,-2.5,3.54
2018-04-10,5.09,-3.04,2.37
2018-04-11,4.23,-2.65,3.18
2018-04-12,4.78,-1.69,0.94
2018-04-13,3.57,-0.68,2.84
2018-04-16,3.54,-0.24,2.44
2018-04-17,2.37,-1.26,0.3
2018-04-18,3.18,-4.42,-0.75
2018-04-19,0.94,-1.74,-2.78
2018-04-20,2.84,-0.9,-2.06
2018-04-23,2.44,2.03,-3.06
2018-04-24,0.3,5.09,-2.95
2018-04-25,-0.75,4.23,-4.0
2018-04-26,-2.78,4.78,-5.37
2018-04-27,-2.06,3.57,-4.59
2018-04-30,-3.06,3.54,-4.37
2018-05-01,-2.95,2.37,-2.07
2018-05-02,-4.0,3.18,0.38
2018-05-03,-5.37,0.94,2.12
2018-05-04,-4.59,2.84,1.41
2018-05-08,-4.37,2.44,2.1
2018-05-09,-2.07,0.3,1.46
2018-05-10,0.38,-0.75,1.73
2018-05-11,2.12,-2.78,2.37
2018-05-14,1.41,-2.06,1.61
2018-05-15,2.1,-3.06,2.03
2018-05-16,1.46,-2.95,-1.02
2018-05-17,1.73,-4.0,-3.98
2018-05-18,2.37,-5.37,-3.85
2018-05-21,1.61,-4.59,-6.2
2018-05-22,2.03,-4.37,-5.87
2018-05-23,-1.02,-2.07,-5.4
2018-05-24,-3.98,0.38,-3.4
2018-05-25,-3.85,2.12,-1.42
2018-05-29,-6.2,1.41,-5.31
2018-05-30,-5.87,2.1,-4.67
2018-05-31,-5.4,1.46,-3.66
2018-06-01,-3.4,1.73,-3.07
2018-06-04,-1.42,2.37,-3.01
2018-06-05,-5.31,1.61,0.03
2018-06-06,-4.67,2.03,-0.65
2018-06-07,-3.66,-1.02,1.7
2018-06-08,-3.07,-3.98,-3.65
2018-06-11,-3.01,-3.85,-4.69
2018-06-12,0.03,-6.2,-2.43
2018-06-13,-0.65,-5.87,-3.75
2018-06-14,1.7,-5.4,-5.44
2018-06-15,-3.65,-3.4,-2.5
2018-06-18,-4.69,-1.42,-4.77
2018-06-19,-2.43,-5.31,-4.91
2018-06-20,-3.75,-4.67,-4.99
2018-06-21,-5.44,-3.66,-5.32
2018-06-22,-2.5,-3.07,-2.85
2018-06-25,-4.77,-3.01,-4.9
2018-06-26,-4.91,0.03,-3.75
2018-06-27,-4.99,-0.65,-4.1
2018-06-28,-5.32,1.7,-1.89
2018-06-29,-2.85,-3.65,-3.88
2018-07-02,-4.9,-4.69,-1.09
2018-07-03,-3.75,-2.43,-1.36
2018-07-04,-4.1,-3.75,-0.29
2018-07-05,-1.89,-5.44,-0.22
2018-07-06,-3.88,-2.5,0.36
2018-07-09,-1.09,-4.77,3.3
2018-07-10,-1.36,-4.91,1.4
2018-07-11,-0.29,-4.99,1.69
2018-07-12,-0.22,-5.32,-0.58
2018-07-13,0.36,-2.85,0.15
2018-07-16,3.3,-4.9,-0.96
2018-07-17,1.4,-3.75,1.53
2018-07-18,1.69,-4.1,0.29
2018-07-19,-0.58,-1.89,-0.17
2018-07-20,0.15,-3.88,0.64
2018-07-23,-0.96,-1.09,0.75
2018-07-24,1.53,-1.36,2.97
2018-07-25,0.29,-0.29,1.48
2018-07-26,-0.17,-0.22,0.55
2018-07-27,0.64,0.36,1.03
2018-07-30,0.75,3.3,1.06
2018-07-31,2.97,1.4,0.01
2018-08-01,1.48,1.69,2.72
2018-08-02,0.55,-0.58,1.23
2018-08-03,1.03,0.15,-1.71
2018-08-06,1.06,-0.96,-4.38
2018-08-07,0.01,1.53,-5.16
2018-08-08,2.72,0.29,-6.21
2018-08-09,1.23,-0.17,-2.34
2018-08-10,-1.71,0.64,-3.23
2018-08-13,-4.38,0.75,-2.57
2018-08-14,-5.16,2.97,-2.62
2018-08-15,-6.21,1.48,-4.1
2018-08-16,-2.34,0.55,-4.37
2018-08-17,-3.23,1.03,-2.12
2018-08-20,-2.57,1.06,-0.43
2018-08-21,-2.62,0.01,-1.37
2018-08-22,-4.1,2.72,-0.83
2018-08-23,-4.37,1.23,-3.56
2018-08-24,-2.12,-1.71,-2.78
2018-08-28,-0.43,-4.38,-1.47
2018-08-29,-1.37,-5.16,-3.47
2018-08-30,-0.83,-6.21,-4.86
2018-08-31,-3.56,-2.34,-4.72
2018-09-03,-2.78,-3.23,-3.74
2018-09-04,-1.47,-2.57,-4.88
2018-09-05,-3.47,-2.62,-5.08
2018-09-06,-4.86,-4.1,-3.42
2018-09-07,-4.72,-4.37,-2.63
2018-09-10,-3.74,-2.12,-3.59
2018-09-11,-4.88,-0.43,-6.39
2018-09-12,-5.08,-1.37,-2.74
2018-09-13,-3.42,-0.83,-1.1
2018-09-14,-2.63,-3.56,1.15
2018-09-17,-3.59,-2.78,-0.46
2018-09-18,-6.39,-1.47,0.22
2018-09-19,-2.74,-3.47,1.96
2018-09-20,-1.1,-4.86,2.6
2018-09-21,1.15,-4.72,0.41
2018-09-24,-0.46,-3.74,0.74
2018-09-25,0.22,-4.88,0.48
2018-09-26,1.96,-5.08,-0.35
2018-09-27,2.6,-3.42,0.02
2018-09-28,0.41,-2.63,-2.02
2018-10-01,0.74,-3.59,-3.97
2018-10-02,0.48,-6.39,-4.2
2018-10-03,-0.35,-2.74,-2.26
2018-10-04,0.02,-1.1,-4.91
2018-10-05,-2.02,1.15,-3.95
2018-10-08,-3.97,-0.46,-5.24
2018-10-09,-4.2,0.22,-4.37
2018-10-10,-2.26,1.96,-4.38
2018-10-11,-4.91,2.6,-5.34
2018-10-12,-3.95,0.41,-5.5
2018-10-15,-5.24,0.74,-2.18
2018-10-16,-4.37,0.48,-1.19
2018-10-17,-4.38,-0.35,-0.55
2018-10-18,-5.34,0.02,2.42
2018-10-19,-5.5,-2.02,1.85
2018-10-22,-2.18,-3.97,5.9
2018-10-23,-1.19,-4.2,4.37
2018-10-24,-0.55,-2.26,4.57
2018-10-25,2.42,-4.91,6.39
2018-10-26,1.85,-3.95,7.53
2018-10-29,5.9,-5.24,5.79
2018-10-30,4.37,-4.37,4.34
2018-10-31,4.57,-4.38,2.75
2018-11-01,6.39,-5.34,3.98
2018-11-02,7.53,-5.5,5.2
2018-11-05,5.79,-2.18,-1.31
2018-11-06,4.34,-1.19,3.24
2018-11-07,2.75,-0.55,0.63
2018-11-08,3.98,2.42,-5.18
2018-11-09,5.2,1.85,-6.11
2018-11-12,-1.31,5.9,-5.04
2018-11-13,3.24,4.37,-6.6
2018-11-14,0.63,4.57,-4.99
2018-11-15,-5.18,6.39,-7.48
2018-11-16,-6.11,7.53,-6.93
2018-11-19,-5.04,5.79,-1.19
2018-11-20,-6.6,4.34,-4.05
2018-11-21,-4.99,2.75,-3.91
2018-11-22,-7.48,3.98,0.48
2018-11-23,-6.93,5.2,-1.27
2018-11-26,-1.19,-1.31,-1.61
2018-11-27,-4.05,3.24,-1.5
2018-11-28,-3.91,0.63,-4.91
2018-11-29,0.48,-5.18,-7.37
2018-11-30,-1.27,-6.11,-6.19
2018-12-03,-1.61,-5.04,-9.09
2018-12-04,-1.5,-6.6,-8.51
2018-12-05,-4.91,-4.99,-4.68
2018-12-06,-7.37,-7.48,-4.92
2018-12-07,-6.19,-6.93,-2.73
2018-12-10,-9.09,-1.19,-6.46
2018-12-11,-8.51,-4.05,-4.35
2018-12-12,-4.68,-3.91,-4.42
2018-12-13,-4.92,0.48,-3.57
2018-12-14,-2.73,-1.27,-3.47
2018-12-17,-6.46,-1.61,-4.56
2018-12-18,-4.35,-1.5,-5.17
2018-12-19,-4.42,-4.91,-5.57
2018-12-20,-3.57,-7.37,-5.35
2018-12-21,-3.47,-6.19,-4.9
2018-12-24,-4.56,-9.09,-1.69
2018-12-27,-5.17,-8.51,1.91
2018-12-28,-5.57,-4.68,2.61
2018-12-31,-5.35,-4.92,6.41
2019-01-02,-4.9,-2.73,5.25
2019-01-03,-1.69,-6.46,8.87
2019-01-04,1.91,-4.35,7.63
2019-01-07,2.61,-4.42,5.98
2019-01-08,6.41,-3.57,5.7
2019-01-09,5.25,-3.47,7.11
2019-01-10,8.87,-4.56,6.73
2019-01-11,7.63,-5.17,6.94
2019-01-14,5.98,-5.57,6.14
2019-01-15,5.7,-5.35,3.78
2019-01-16,7.11,-4.9,3.85
2019-01-17,6.73,-1.69,2.08
2019-01-18,6.94,1.91,4.38
2019-01-21,6.14,2.61,0.6
2019-01-22,3.78,6.41,1.38
2019-01-23,3.85,5.25,0.27
2019-01-24,2.08,8.87,-1.37
2019-01-25,4.38,7.63,-4.37
2019-01-28,0.6,5.98,-3.98
2019-01-29,1.38,5.7,-1.68
2019-01-30,0.27,7.11,-0.79
2019-01-31,-1.37,6.73,-3.84
2019-02-01,-4.37,6.94,-4.97
2019-02-04,-3.98,6.14,-2.02
2019-02-05,-1.68,3.78,-2.01
2019-02-06,-0.79,3.85,-2.36
2019-02-07,-3.84,2.08,-0.77
2019-02-08,-4.97,4.38,0.55
2019-02-11,-2.02,0.6,-0.18
2019-02-12,-2.01,1.38,-0.95
2019-02-13,-2.36,0.27,-0.43
2019-02-14,-0.77,-1.37,2.79
2019-02-15,0.55,-4.37,0.13
2019-02-18,-0.18,-3.98,1.52
2019-02-19,-0.95,-1.68,4.33
2019-02-20,-0.43,-0.79,5.62
2019-02-21,2.79,-3.84,4.59
2019-02-22,0.13,-4.97,1.88
2019-02-25,1.52,-2.02,3.55
2019-02-26,4.33,-2.01,3.5
2019-02-27,5.62,-2.36,2.76
2019-02-28,4.59,-0.77,0.93
2019-03-01,1.88,0.55,1.69
2019-03-04,3.55,-0.18,1.12
2019-03-05,3.5,-0.95,-1.24
2019-03-06,2.76,-0.43,-1.8
2019-03-07,0.93,2.79,0.5
2019-03-08,1.69,0.13,2.12
2019-03-11,1.12,1.52,1.51
2019-03-12,-1.24,4.33,2.46
2019-03-13,-1.8,5.62,-0.53
2019-03-14,0.5,4.59,-1.05
2019-03-15,2.12,1.88,-2.1
2019-03-18,1.51,3.55,-3.39
2019-03-19,2.46,3.5,-5.87
2019-03-20,-0.53,2.76,-5.1
2019-03-21,-1.05,0.93,-7.21
2019-03-22,-2.1,1.69,-6.79
2019-03-25,-3.39,1.12,-4.75
2019-03-26,-5.87,-1.24,-5.1
2019-03-27,-5.1,-1.8,-0.27
2019-03-28,-7.21,0.5,2.54
2019-03-29,-6.79,2.12,4.71
2019-04-01,-4.75,1.51,4.23
2019-04-02,-5.1,2.46,5.31
2019-04-03,-0.27,-0.53,3.6
2019-04-04,2.54,-1.05,6.92
2019-04-05,4.71,-2.1,7.29
2019-04-08,4.23,-3.39,5.91
2019-04-09,5.31,-5.87,4.63
2019-04-10,3.6,-5.1,3.0
2019-04-11,6.92,-7.21,2.88
2019-04-12,7.29,-6.79,2.35
2019-04-15,5.91,-4.75,2.63
2019-04-16,4.63,-5.1,-0.64
2019-04-17,3.0,-0.27,-0.06
2019-04-18,2.88,2.54,0.62
2019-04-23,2.35,4.71,-1.01
2019-04-24,2.63,4.23,-2.47
2019-04-25,-0.64,5.31,-1.71
2019-04-26,-0.06,3.6,-3.1
2019-04-29,0.62,6.92,-5.89
2019-04-30,-1.01,7.29,-4.21
2019-05-01,-2.47,5.91,-5.72
2019-05-02,-1.71,4.63,-1.8
2019-05-03,-3.1,3.0,-3.69
2019-05-07,-5.89,2.88,-4.29
2019-05-08,-4.21,2.35,-2.61
2019-05-09,-5.72,2.63,-1.75
2019-05-10,-1.8,-0.64,-3.52
2019-05-13,-3.69,-0.06,-4.47
2019-05-14,-4.29,0.62,-1.52
2019-05-15,-2.61,-1.01,-4.22
2019-05-16,-1.75,-2.47,-4.69
2019-05-17,-3.52,-1.71,-5.24
2019-05-20,-4.47,-3.1,-2.86
2019-05-21,-1.52,-5.89,-4.36
2019-05-22,-4.22,-4.21,-5.69
2019-05-23,-4.69,-5.72,-7.06
2019-05-24,-5.24,-1.8,-5.83
2019-05-28,-2.86,-3.69,-1.45
2019-05-29,-4.36,-4.29,-2.87
2019-05-30,-5.69,-2.61,-1.03
2019-05-31,-7.06,-1.75,1.04
2019-06-03,-5.83,-3.52,2.56
2019-06-04,-1.45,-4.47,1.04
2019-06-05,-2.87,-1.52,-0.19
2019-06-06,-1.03,-4.22,-0.91
2019-06-07,1.04,-4.69,-0.23
2019-06-10,2.56,-5.24,0.84
2019-06-11,1.04,-2.86,-1.62
2019-06-12,-0.19,-4.36,0.47
2019-06-13,-0.91,-5.69,-0.5
2019-06-14,-0.23,-7.06,-1.56
2019-06-17,0.84,-5.83,-3.02
2019-06-18,-1.62,-1.45,-3.49
2019-06-19,0.47,-2.87,-0.78
2019-06-20,-0.5,-1.03,0.32
2019-06-21,-1.56,1.04,0.54
2019-06-24,-3.02,2.56,1.18
2019-06-25,-3.49,1.04,1.44
2019-06-26,-0.78,-0.19,1.15
2019-06-27,0.32,-0.91,3.64
2019-06-28,0.54,-0.23,5.73
2019-07-01,1.18,0.84,5.7
2019-07-02,1.44,-1.62,6.49
2019-07-03,1.15,0.47,4.81
2019-07-04,3.64,-0.5,5.29
2019-07-05,5.73,-1.56,4.94
2019-07-08,5.7,-3.02,2.79
2019-07-09,6.49,-3.49,2.8
2019-07-10,4.81,-0.78,0.52
2019-07-11,5.29,0.32,0.23
2019-07-12,4.94,0.54,-1.02
2019-07-15,2.79,1.18,-0.2
2019-07-16,2.8,1.44,2.34
2019-07-17,0.52,1.15,2.2
2019-07-18,0.23,3.64,1.01
2019-07-19,-1.02,5.73,1.83
2019-07-22,-0.2,5.7,2.58
2019-07-23,2.34,6.49,-0.23
2019-07-24,2.2,4.81,-1.09
2019-07-25,1.01,5.29,-0.28
2019-07-26,1.83,4.94,-1.58
2019-07-29,2.58,2.79,-5.94
2019-07-30,-0.23,2.8,-8.03
2019-07-31,-1.09,0.52,-7.74
2019-08-01,-0.28,0.23,-8.54
2019-08-02,-1.58,-1.02,-10.19
2019-08-05,-5.94,-0.2,-12.03
2019-08-06,-8.03,2.34,-10.54
2019-08-07,-7.74,2.2,-9.94
2019-08-08,-8.54,1.01,-11.98
2019-08-09,-10.19,1.83,-8.71
2019-08-12,-12.03,2.58,-4.55
2019-08-13,-10.54,-0.23,-5.95
2019-08-14,-9.94,-1.09,-5.67
2019-08-15,-11.98,-0.28,-4.52
2019-08-16,-8.71,-1.58,-3.98
2019-08-19,-4.55,-5.94,-3.39
2019-08-20,-5.95,-8.03,-3.5
2019-08-21,-5.67,-7.74,-0.88
2019-08-22,-4.52,-8.54,-0.44
2019-08-23,-3.98,-10.19,-1.63
2019-08-27,-3.39,-12.03,-2.33
2019-08-28,-3.5,-10.54,-0.81
2019-08-29,-0.88,-9.94,0.46
2019-08-30,-0.44,-11.98,0.56
2019-09-02,-1.63,-8.71,1.98
2019-09-03,-2.33,-4.55,8.05
2019-09-04,-0.81,-5.95,9.21
2019-09-05,0.46,-5.67,8.11
2019-09-06,0.56,-4.52,14.66
2019-09-09,1.98,-3.98,11.59
2019-09-10,8.05,-3.39,8.65
2019-09-11,9.21,-3.5,7.75
2019-09-12,8.11,-0.88,7.62
2019-09-13,14.66,-0.44,8.17
2019-09-16,11.59,-1.63,6.02
2019-09-17,8.65,-2.33,-0.43
2019-09-18,7.75,-0.81,-0.39
2019-09-19,7.62,0.46,0.3
2019-09-20,8.17,0.56,-3.64
2019-09-23,6.02,1.98,-2.01
2019-09-24,-0.43,8.05,0.29
2019-09-25,-0.39,9.21,-2.49
2019-09-26,0.3,8.11,-5.6
2019-09-27,-3.64,14.66,-5.68
2019-09-30,-2.01,11.59,-3.3
2019-10-01,0.29,8.65,-2.11
2019-10-02,-2.49,7.75,-2.11
2019-10-03,-5.6,7.62,0.04
2019-10-04,-5.68,8.17,6.33
2019-10-07,-3.3,6.02,4.79
2019-10-08,-2.11,-0.43,9.62
2019-10-09,-2.11,-0.39,13.82
2019-10-10,0.04,0.3,15.44
2019-10-11,6.33,-3.64,15.43
2019-10-14,4.79,-2.01,14.74
2019-10-15,9.62,0.29,14.84
2019-10-16,13.82,-2.49,14.33
2019-10-17,15.44,-5.6,11.53
2019-10-18,15.43,-5.68,6.16
2019-10-21,14.74,-3.3,8.19
2019-10-22,14.84,-2.11,4.68
2019-10-23,14.33,-2.11,2.53
2019-10-24,11.53,0.04,2.32
2019-10-25,6.16,6.33,1.32
2019-10-28,8.19,4.79,1.52
2019-10-29,4.68,9.62,2.34
2019-10-30,2.53,13.82,1.53
2019-10-31,2.32,15.44,2.19
2019-11-01,1.32,15.43,-2.3
2019-11-04,1.52,14.74,0.67
2019-11-05,2.34,14.84,0.61
2019-11-06,1.53,14.33,1.46
2019-11-07,2.19,11.53,1.37
2019-11-08,-2.3,6.16,2.13
2019-11-11,0.67,8.19,1.3
2019-11-12,0.61,4.68,0.74
2019-11-13,1.46,2.53,0.52
2019-11-14,1.37,2.32,-1.09
2019-11-15,2.13,1.32,1.69
2019-11-18,1.3,1.52,0.21
2019-11-19,0.74,2.34,-0.59
2019-11-20,0.52,1.53,2.07
2019-11-21,-1.09,2.19,2.42
2019-11-22,1.69,-2.3,0.47
2019-11-25,0.21,0.67,-0.67
2019-11-26,-0.59,0.61,-2.39
2019-11-27,2.07,1.46,-1.21
2019-11-28,2.42,1.37,-0.61
2019-11-29,0.47,2.13,0.08
2019-12-02,-0.67,1.3,-0.19
2019-12-03,-2.39,0.74,-0.93
2019-12-04,-1.21,0.52,-3.29
2019-12-05,-0.61,-1.09,-1.35
2019-12-06,0.08,1.69,6.38
2019-12-09,-0.19,0.21,13.76
2019-12-10,-0.93,-0.59,12.64
2019-12-11,-3.29,2.07,10.74
2019-12-12,-1.35,2.42,9.7
2019-12-13,6.38,0.47,5.32
2019-12-16,13.76,-0.67,4.53
2019-12-17,12.64,-2.39,5.8
2019-12-18,10.74,-1.21,7.6
2019-12-19,9.7,-0.61,4.88
2019-12-20,5.32,0.08,-1.56
2019-12-23,4.53,-0.19,-3.77
2019-12-24,5.8,-0.93,-2.17
2019-12-27,7.6,-3.29,-2.24
2019-12-30,4.88,-1.35,-0.13
2019-12-31,-1.56,6.38,2.03
2020-01-02,-3.77,13.76,1.89
2020-01-03,-2.17,12.64,0.56
2020-01-06,-2.24,10.74,0.1
2020-01-07,-0.13,9.7,0.42
2020-01-08,2.03,5.32,-0.63
2020-01-09,1.89,4.53,-4.54
2020-01-10,0.56,5.8,-4.4
2020-01-13,0.1,7.6,-3.3
2020-01-14,0.42,4.88,-4.77
2020-01-15,-0.63,-1.56,-4.0
2020-01-16,-4.54,-3.77,-6.21
2020-01-17,-4.4,-2.17,-4.18
2020-01-20,-3.3,-2.24,-6.05
2020-01-21,-4.77,-0.13,-4.96
2020-01-22,-4.0,2.03,-3.63
2020-01-23,-6.21,1.89,-3.0
2020-01-24,-4.18,0.56,-4.13
2020-01-27,-6.05,0.1,-3.04
2020-01-28,-4.96,0.42,-1.38
2020-01-29,-3.63,-0.63,-1.03
2020-01-30,-3.0,-4.54,3.04
2020-01-31,-4.13,-4.4,2.14
2020-02-03,-3.04,-3.3,3.64
2020-02-04,-1.38,-4.77,4.07
2020-02-05,-1.03,-4.0,4.26
2020-02-06,3.04,-6.21,2.81
2020-02-07,2.14,-4.18,4.71
2020-02-10,3.64,-6.05,4.73
2020-02-11,4.07,-4.96,1.79
2020-02-12,4.26,-3.63,2.19
2020-02-13,2.81,-3.0,2.6
2020-02-14,4.71,-4.13,1.39
2020-02-17,4.73,-3.04,-3.89
2020-02-18,1.79,-1.38,-7.35
2020-02-19,2.19,-1.03,-7.47
2020-02-20,2.6,3.04,-12.41
2020-02-21,1.39,2.14,-15.45
2020-02-24,-3.89,3.64,-19.36
2020-02-25,-7.35,4.07,-20.29
2020-02-26,-7.47,4.26,-21.61
2020-02-27,-12.41,2.81,-25.72
2020-02-28,-15.45,4.71,-27.1
2020-03-02,-19.36,4.73,-30.54
2020-03-03,-20.29,1.79,-29.56
2020-03-04,-21.61,2.19,-28.93
2020-03-05,-25.72,2.6,-36.86
2020-03-06,-27.1,1.39,-31.17
2020-03-09,-30.54,-3.89,-37.85
2020-03-10,-29.56,-7.35,-37.12
2020-03-11,-28.93,-7.47,-39.95
2020-03-12,-36.86,-12.41,-37.82
2020-03-13,-31.17,-15.45,-32.01
2020-03-16,-37.85,-19.36,-28.28
2020-03-17,-37.12,-20.29,-17.82
2020-03-18,-39.95,-21.61,-10.31
2020-03-19,-37.82,-25.72,10.73
2020-03-20,-32.01,-27.1,-4.89
2020-03-23,-28.28,-30.54,5.55
2020-03-24,-17.82,-29.56,7.24
2020-03-25,-10.31,-28.93,-0.41
2020-03-26,10.73,-36.86,-2.53
2020-03-27,-4.89,-31.17,-9.86
2020-03-30,5.55,-37.85,2.2
2020-03-31,7.24,-37.12,-1.28
2020-04-01,-0.41,-39.95,-12.41
2020-04-02,-2.53,-37.82,-9.63
2020-04-03,-9.86,-32.01,-3.92
2020-04-06,2.2,-28.28,-7.45
2020-04-07,-1.28,-17.82,-7.47
2020-04-08,-12.41,-10.31,9.47
2020-04-09,-9.63,10.73,11.5
2020-04-14,-3.92,-4.89,7.81
2020-04-15,-7.45,5.55,1.32
2020-04-16,-7.47,7.24,-4.42
2020-04-17,9.47,-0.41,-4.36
2020-04-20,11.5,-2.53,-6.68
2020-04-21,7.81,-9.86,4.5
2020-04-22,1.32,2.2,26.64
2020-04-23,-4.42,-1.28,21.61
2020-04-24,-4.36,-12.41,13.26
2020-04-27,-6.68,-9.63,9.53
2020-04-28,4.5,-3.92,19.52
2020-04-29,26.64,-7.45,15.01
2020-04-30,21.61,-7.47,16.36
2020-05-01,13.26,9.47,15.79
2020-05-04,9.53,11.5,12.01
2020-05-05,19.52,7.81,0.26
2020-05-06,15.01,1.32,-11.84
2020-05-07,16.36,-4.42,-7.98
2020-05-11,15.79,-4.36,2.39
2020-05-12,12.01,-6.68,5.06
2020-05-13,0.26,4.5,3.21
2020-05-14,-11.84,26.64,3.03
2020-05-15,-7.98,21.61,-2.16
2020-05-18,2.39,13.26,7.97
2020-05-19,5.06,9.53,17.49
2020-05-20,3.21,19.52,25.11
2020-05-21,3.03,15.01,18.63
2020-05-22,-2.16,16.36,23.94
2020-05-26,7.97,15.79,13.59
2020-05-27,17.49,12.01,19.67
2020-05-28,25.11,0.26,15.74
2020-05-29,18.63,-11.84,26.44
2020-06-01,23.94,-7.98,27.79
2020-06-02,13.59,2.39,13.09
2020-06-03,19.67,5.06,3.47
2020-06-04,15.74,3.21,-6.21
2020-06-05,26.44,3.03,1.58
2020-06-08,27.79,-2.16,-3.87
2020-06-09,13.09,7.97,2.66
2020-06-10,3.47,17.49,-4.74
2020-06-11,-6.21,25.11,-3.95
2020-06-12,1.58,18.63,-11.29
2020-06-15,-3.87,23.94,-12.52
2020-06-16,2.66,13.59,-6.69
2020-06-17,-4.74,19.67,-9.79
2020-06-18,-3.95,15.74,-2.07
2020-06-19,-11.29,26.44,-5.19
2020-06-22,-12.52,27.79,-1.38
2020-06-23,-6.69,13.09,-6.73
2020-06-24,-9.79,3.47,-4.89
2020-06-25,-2.07,-6.21,-0.62
2020-06-26,-5.19,1.58,-0.72
2020-06-29,-1.38,-3.87,1.73
2020-06-30,-6.73,2.66,-1.66
2020-07-01,-4.89,-4.74,2.27
2020-07-02,-0.62,-3.95,-0.59
2020-07-03,-0.72,-11.29,6.11
2020-07-06,1.73,-12.52,4.42
2020-07-07,-1.66,-6.69,4.32
2020-07-08,2.27,-9.79,5.95
2020-07-09,-0.59,-2.07,0.58
2020-07-10,6.11,-5.19,0.59
2020-07-13,4.42,-1.38,-0.92
2020-07-14,4.32,-6.73,1.46
2020-07-15,5.95,-4.89,2.64
2020-07-16,0.58,-0.62,4.02
2020-07-17,0.59,-0.72,-3.53
2020-07-20,-0.92,1.73,-7.16
2020-07-21,1.46,-1.66,-6.28
2020-07-22,2.64,2.27,-12.7
2020-07-23,4.02,-0.59,-15.01
2020-07-24,-3.53,6.11,-13.61
2020-07-27,-7.16,4.42,-10.67
2020-07-28,-6.28,4.32,-9.72
2020-07-29,-12.7,5.95,-8.58
2020-07-30,-15.01,0.58,-9.12
2020-07-31,-13.61,0.59,-7.92
2020-08-03,-10.67,-0.92,-3.93
2020-08-04,-9.72,1.46,-0.09
2020-08-05,-8.58,2.64,6.17
2020-08-06,-9.12,4.02,7.24
2020-08-07,-7.92,-3.53,8.59
2020-08-10,-3.93,-7.16,3.97
2020-08-11,-0.09,-6.28,2.68
2020-08-12,6.17,-12.7,2.66
2020-08-13,7.24,-15.01,1.64
2020-08-14,8.59,-13.61,3.25
2020-08-17,3.97,-10.67,3.53
2020-08-18,2.68,-9.72,-2.34
2020-08-19,2.66,-8.58,-0.99
2020-08-20,1.64,-9.12,2.28
2020-08-21,3.25,-7.92,2.53
2020-08-24,3.53,-3.93,-1.89
2020-08-25,-2.34,-0.09,-4.27
2020-08-26,-0.99,6.17,-4.21
2020-08-27,2.28,7.24,-0.65
2020-08-28,2.53,8.59,-0.98
2020-09-01,-1.89,3.97,-5.54
2020-09-02,-4.27,2.68,-3.9
2020-09-03,-4.21,2.66,-4.86
2020-09-04,-0.65,1.64,-7.16
2020-09-07,-0.98,3.25,-7.45
2020-09-08,-5.54,3.53,-3.08
2020-09-09,-3.9,-2.34,-0.52
2020-09-10,-4.86,-0.99,-4.76
2020-09-11,-7.16,2.28,-8.85
2020-09-14,-7.45,2.53,-13.82
2020-09-15,-3.08,-1.89,-11.8
2020-09-16,-0.52,-4.27,-11.42
2020-09-17,-4.76,-4.21,-11.59
2020-09-18,-8.85,-0.65,-10.79
2020-09-21,-13.82,-0.98,-5.42
2020-09-22,-11.8,-5.54,-5.25
2020-09-23,-11.42,-3.9,-5.2
2020-09-24,-11.59,-4.86,-2.53
2020-09-25,-10.79,-7.16,0.3
2020-09-28,-5.42,-7.45,7.91
2020-09-29,-5.25,-3.08,13.28
2020-09-30,-5.2,-0.52,12.49
2020-10-01,-2.53,-4.76,15.32
2020-10-02,0.3,-8.85,17.18
2020-10-05,7.91,-13.82,8.0
2020-10-06,13.28,-11.8,4.99
2020-10-07,12.49,-11.42,4.03
2020-10-08,15.32,-11.59,2.16
2020-10-09,17.18,-10.79,4.19
2020-10-12,8.0,-5.42,3.93
2020-10-13,4.99,-5.25,0.13
2020-10-14,4.03,-5.2,-1.7
2020-10-15,2.16,-2.53,-2.63
2020-10-16,4.19,0.3,3.97
2020-10-19,3.93,7.91,4.42
2020-10-20,0.13,13.28,4.41
2020-10-21,-1.7,12.49,2.23
2020-10-22,-2.63,15.32,4.53
2020-10-23,3.97,17.18,4.68
2020-10-26,4.42,8.0,3.56
2020-10-27,4.41,4.99,8.67
2020-10-28,2.23,4.03,7.46
2020-10-29,4.53,2.16,5.64
2020-10-30,4.68,4.19,-0.54
2020-11-02,3.56,3.93,16.3
2020-11-03,8.67,0.13,26.08
2020-11-04,7.46,-1.7,30.56
2020-11-05,5.64,-2.63,26.47
2020-11-06,-0.54,3.97,25.9
2020-11-09,16.3,4.42,29.65
2020-11-10,26.08,4.41,22.09
2020-11-11,30.56,2.23,28.28
2020-11-12,26.47,4.53,26.13
2020-11-13,25.9,4.68,24.18
2020-11-16,29.65,3.56,9.07
2020-11-17,22.09,8.67,11.76
2020-11-18,28.28,7.46,5.81
2020-11-19,26.13,5.64,6.6
2020-11-20,24.18,-0.54,3.98
2020-11-23,9.07,16.3,-3.04
2020-11-24,11.76,26.08,3.5
2020-11-25,5.81,30.56,3.77
2020-11-26,6.6,26.47,6.92
2020-11-27,3.98,25.9,7.88
2020-11-30,-3.04,29.65,4.32
2020-12-01,3.5,22.09,-2.56
2020-12-02,3.77,28.28,1.74
2020-12-03,6.92,26.13,0.47
2020-12-04,7.88,24.18,-2.47
2020-12-07,4.32,9.07,5.8
2020-12-08,-2.56,11.76,1.02
2020-12-09,1.74,5.81,-1.86
2020-12-10,0.47,6.6,-2.03
2020-12-11,-2.47,3.98,-2.44
2020-12-14,5.8,-3.04,-3.42
2020-12-15,1.02,3.5,-0.26
2020-12-16,-1.86,3.77,4.06
2020-12-17,-2.03,6.92,9.06
2020-12-18,-2.44,7.88,9.72
2020-12-21,-3.42,4.32,4.58
2020-12-22,-0.26,-2.56,1.37
2020-12-23,4.06,1.74,-0.47
2020-12-24,9.06,0.47,-1.61
2020-12-29,9.72,-2.47,6.92
2020-12-30,4.58,5.8,10.52
2020-12-31,1.37,1.02,4.75
2021-01-04,-0.47,-1.86,-0.41
2021-01-05,-1.61,-2.03,-0.23
2021-01-06,6.92,-2.44,2.06
2021-01-07,10.52,-3.42,2.67
2021-01-08,4.75,-0.26,1.45
2021-01-11,-0.41,4.06,5.43
2021-01-12,-0.23,9.06,2.56
2021-01-13,2.06,9.72,-5.62
2021-01-14,2.67,4.58,-7.25
2021-01-15,1.45,1.37,-6.45
2021-01-18,5.43,-0.47,-9.31
2021-01-19,2.56,-1.61,-9.6
2021-01-20,-5.62,6.92,-11.84
2021-01-21,-7.25,10.52,-10.65
2021-01-22,-6.45,4.75,-10.26
2021-01-25,-9.31,-0.41,-10.89
2021-01-26,-9.6,-0.23,-4.55
2021-01-27,-11.84,2.06,-3.09
2021-01-28,-10.65,2.67,0.68
2021-01-29,-10.26,1.45,2.91
2021-02-01,-10.89,5.43,7.56
2021-02-02,-4.55,2.56,5.92
2021-02-03,-3.09,-5.62,9.95
2021-02-04,0.68,-7.25,6.87
2021-02-05,2.91,-6.45,9.26
2021-02-08,7.56,-9.31,14.18
2021-02-09,5.92,-9.6,10.97
2021-02-10,9.95,-11.84,8.86
2021-02-11,6.87,-10.65,1.18
2021-02-12,9.26,-10.26,4.36
2021-02-15,14.18,-10.89,4.6
2021-02-16,10.97,-4.55,7.77
2021-02-17,8.86,-3.09,11.44
2021-02-18,1.18,0.68,11.36
2021-02-19,4.36,2.91,9.39
2021-02-22,4.6,7.56,4.79
2021-02-23,7.77,5.92,4.28
2021-02-24,11.44,9.95,10.35
2021-02-25,11.36,6.87,12.99
2021-02-26,9.39,9.26,11.68
2021-03-01,4.79,14.18,15.34
2021-03-02,4.28,10.97,10.43
2021-03-03,10.35,8.86,5.72
2021-03-04,12.99,1.18,7.21
2021-03-05,11.68,4.36,13.16
2021-03-08,15.34,4.6,11.74
2021-03-09,10.43,7.77,12.82
2021-03-10,5.72,11.44,6.45
2021-03-11,7.21,11.36,10.28
2021-03-12,13.16,9.39,6.42
2021-03-15,11.74,4.79,1.71
2021-03-16,12.82,4.28,3.02
2021-03-17,6.45,10.35,5.87
2021-03-18,10.28,12.99,4.46
2021-03-19,6.42,11.68,1.31
2021-03-22,1.71,15.34,0.06
2021-03-23,3.02,10.43,3.34
2021-03-24,5.87,5.72,2.54
2021-03-25,4.46,7.21,0.11
2021-03-26,1.31,13.16,1.63
2021-03-29,0.06,11.74,3.54
2021-03-30,3.34,12.82,3.81
2021-03-31,2.54,6.45,0.8
2021-04-01,0.11,10.28,3.32
2021-04-06,1.63,6.42,2.11
2021-04-07,3.54,1.71,3.99
2021-04-08,3.81,3.02,-2.38
2021-04-09,0.8,5.87,1.75
2021-04-12,3.32,4.46,2.0
2021-04-13,2.11,1.31,-2.04
2021-04-14,3.99,0.06,-3.53
2021-04-15,-2.38,3.34,-3.01
2021-04-16,1.75,2.54,-2.0
2021-04-19,2.0,0.11,-1.06
2021-04-20,-2.04,1.63,-0.17
2021-04-21,-3.53,3.54,0.74
2021-04-22,-3.01,3.81,2.21
2021-04-23,-2.0,0.8,-7.23
2021-04-26,-1.06,3.32,-8.94
2021-04-27,-0.17,2.11,-2.77
2021-04-28,0.74,3.99,-2.01
2021-04-29,2.21,-2.38,-0.43
2021-04-30,-7.23,1.75,1.91
2021-05-04,-8.94,2.0,-3.27
2021-05-05,-2.77,-2.04,-2.7
2021-05-06,-2.01,-3.53,-5.69
2021-05-07,-0.43,-3.01,-4.25
2021-05-10,1.91,-2.0,2.12
2021-05-11,-3.27,-1.06,5.48
2021-05-12,-2.7,-0.17,0.75
2021-05-13,-5.69,0.74,1.01
2021-05-14,-4.25,2.21,-1.39
2021-05-17,2.12,-7.23,-3.12
2021-05-18,5.48,-8.94,-0.2
2021-05-19,0.75,-2.77,-1.21
2021-05-20,1.01,-2.01,3.09
2021-05-21,-1.39,-0.43,1.33
2021-05-24,-3.12,1.91,3.55
2021-05-25,-0.2,-3.27,3.43
2021-05-26,-1.21,-2.7,4.64
2021-05-27,3.09,-5.69,2.84
2021-05-28,1.33,-4.25,4.45
2021-06-01,3.55,2.12,3.05
2021-06-02,3.43,5.48,0.48
2021-06-03,4.64,0.75,-0.11
2021-06-04,2.84,1.01,-1.8
2021-06-07,4.45,-1.39,-2.02
2021-06-08,3.05,-3.12,-3.43
2021-06-09,0.48,-0.2,-5.0
2021-06-10,-0.11,-1.21,-4.04
2021-06-11,-1.8,3.09,-6.58
2021-06-14,-2.02,1.33,-7.51
2021-06-15,-3.43,3.55,-6.82
2021-06-16,-5.0,3.43,-4.27
2021-06-17,-4.04,4.64,-2.6
2021-06-18,-6.58,2.84,-3.08
2021-06-21,-7.51,4.45,-4.39
2021-06-22,-6.82,3.05,-3.36
2021-06-23,-4.27,0.48,-3.39
2021-06-24,-2.6,-0.11,-1.97
2021-06-25,-3.08,-1.8,0.29
2021-06-28,-4.39,-2.02,2.75
2021-06-29,-3.36,-3.43,-0.59
2021-06-30,-3.39,-5.0,-0.17
2021-07-01,-1.97,-4.04,-3.88
2021-07-02,0.29,-6.58,-0.85
2021-07-05,2.75,-7.51,0.7
2021-07-06,-0.59,-6.82,-1.85
2021-07-07,-0.17,-4.27,-0.25
2021-07-08,-3.88,-2.6,-3.53
2021-07-09,-0.85,-3.08,-4.03
2021-07-12,0.7,-4.39,-10.34
2021-07-13,-1.85,-3.36,-5.75
2021-07-14,-0.25,-3.39,-3.07
2021-07-15,-3.53,-1.97,-1.38
2021-07-16,-4.03,0.29,-3.6
2021-07-19,-10.34,2.75,-1.9
2021-07-20,-5.75,-0.59,-0.36
2021-07-21,-3.07,-0.17,1.21
2021-07-22,-1.38,-3.88,4.2
2021-07-23,-3.6,-0.85,5.49
2021-07-26,-1.9,0.7,10.41
2021-07-27,-0.36,-1.85,9.09
2021-07-28,1.21,-0.25,6.96
2021-07-29,4.2,-3.53,8.71
2021-07-30,5.49,-4.03,9.3
2021-08-02,10.41,-10.34,8.82
2021-08-03,9.09,-5.75,9.45
2021-08-04,6.96,-3.07,7.95
2021-08-05,8.71,-1.38,4.56
2021-08-06,9.3,-3.6,6.07
2021-08-09,8.82,-1.9,3.99
2021-08-10,9.45,-0.36,3.32
2021-08-11,7.95,1.21,1.99
2021-08-12,4.56,4.2,-0.46
2021-08-13,6.07,5.49,-1.83
2021-08-16,3.99,10.41,-2.05
2021-08-17,3.32,9.09,-1.92
2021-08-18,1.99,6.96,-0.73
2021-08-19,-0.46,8.71,0.15
2021-08-20,-1.83,9.3,0.38
2021-08-23,-2.05,8.82,1.08
2021-08-24,-1.92,9.45,0.97
2021-08-25,-0.73,7.95,1.69
2021-08-26,0.15,4.56,3.24
2021-08-27,0.38,6.07,3.5
2021-08-31,1.08,3.99,2.65
2021-09-01,0.97,3.32,0.33
2021-09-02,1.69,1.99,-1.84
2021-09-03,3.24,-0.46,-2.32
2021-09-06,3.5,-1.83,-0.91
2021-09-07,2.65,-2.05,-2.14
2021-09-08,0.33,-1.92,-2.24
2021-09-09,-1.84,-0.73,-1.5
2021-09-10,-2.32,0.15,-1.07
2021-09-13,-0.91,0.38,-5.75
2021-09-14,-2.14,1.08,-5.59
2021-09-15,-2.24,0.97,-0.66
2021-09-16,-1.5,1.69,1.22
2021-09-17,-1.07,3.24,1.93
2021-09-20,-5.75,3.5,2.0
2021-09-21,-5.59,2.65,2.97
2021-09-22,-0.66,0.33,4.4
2021-09-23,1.22,-1.84,3.78
2021-09-24,1.93,-2.32,2.82
2021-09-27,2.0,-0.91,7.07
2021-09-28,2.97,-2.14,11.19
2021-09-29,4.4,-2.24,5.89
2021-09-30,3.78,-1.5,5.32
2021-10-01,2.82,-1.07,6.22
2021-10-04,7.07,-5.75,5.27
2021-10-05,11.19,-5.59,5.98
2021-10-06,5.89,-0.66,2.74
2021-10-07,5.32,1.22,2.53
2021-10-08,6.22,1.93,5.29
2021-10-11,5.27,2.0,6.5
2021-10-12,5.98,2.97,2.53
2021-10-13,2.74,4.4,3.41
2021-10-14,2.53,3.78,1.63
2021-10-15,5.29,2.82,1.9
2021-10-18,6.5,7.07,1.48
2021-10-19,2.53,11.19,2.7
2021-10-20,3.41,5.89,3.39
2021-10-21,1.63,5.32,2.51
2021-10-22,1.9,6.22,2.24
2021-10-25,1.48,5.27,0.7
2021-10-26,2.7,5.98,-0.53
2021-10-27,3.39,2.74,0.54
2021-10-28,2.51,2.53,-2.74
2021-10-29,2.24,5.29,-3.26
2021-11-01,0.7,6.5,-4.07
2021-11-02,-0.53,2.53,-6.31
2021-11-03,0.54,3.41,-3.36
2021-11-04,-2.74,1.63,-1.34
2021-11-05,-3.26,1.9,-3.44
2021-11-08,-4.07,1.48,-2.41
2021-11-09,-6.31,2.7,-1.35
2021-11-10,-3.36,3.39,-1.91
2021-11-11,-1.34,2.51,2.01
2021-11-12,-3.44,2.24,-0.74
2021-11-15,-2.41,0.7,1.2
2021-11-16,-1.35,-0.53,1.99
2021-11-17,-1.91,0.54,0.31
2021-11-18,2.01,-2.74,-0.56
2021-11-19,-0.74,-3.26,-6.98
2021-11-22,1.2,-4.07,-6.49
2021-11-23,1.99,-6.31,-5.9
2021-11-24,0.31,-3.36,-3.08
2021-11-25,-0.56,-1.34,-4.15
2021-11-26,-6.98,-3.44,-2.25
2021-11-29,-6.49,-2.41,-3.94
2021-11-30,-5.9,-1.35,-3.64
2021-12-01,-3.08,-1.91,-3.86
2021-12-02,-4.15,2.01,-6.48
2021-12-03,-2.25,-0.74,0.46
2021-12-06,-3.94,1.2,-2.8
2021-12-07,-3.64,1.99,-2.25
2021-12-08,-3.86,0.31,-6.96
2021-12-09,-6.48,-0.56,-2.72
2021-12-10,0.46,-6.98,-3.12
2021-12-13,-2.8,-6.49,-4.52
2021-12-14,-2.25,-5.9,-1.32
2021-12-15,-6.96,-3.08,-0.03
2021-12-16,-2.72,-4.15,2.49
2021-12-17,-3.12,-2.25,2.71
2021-12-20,-4.52,-3.94,5.82
2021-12-21,-1.32,-3.64,4.43
2021-12-22,-0.03,-3.86,5.96
2021-12-23,2.49,-6.48,7.97
2021-12-24,2.71,0.46,9.44
2021-12-29,5.82,-2.8,12.23
2021-12-30,4.43,-2.25,11.39
2021-12-31,5.96,-6.96,11.87
2022-01-04,7.97,-2.72,10.46
2022-01-05,9.44,-3.12,13.0
2022-01-06,12.23,-4.52,15.17
2022-01-07,11.39,-1.32,14.59
2022-01-10,11.87,-0.03,14.87
2022-01-11,10.46,2.49,6.68
2022-01-12,13.0,2.71,4.56
2022-01-13,15.17,5.82,2.54
2022-01-14,14.59,4.43,-2.93
2022-01-17,14.87,5.96,-8.44
2022-01-18,6.68,7.97,-4.98
2022-01-19,4.56,9.44,-4.53
2022-01-20,2.54,12.23,-6.24
2022-01-21,-2.93,11.39,-8.64
2022-01-24,-8.44,11.87,-8.18
2022-01-25,-4.98,10.46,-4.15
2022-01-26,-4.53,13.0,-1.88
2022-01-27,-6.24,15.17,-0.54
2022-01-28,-8.64,14.59,0.68
2022-01-31,-8.18,14.87,7.69
2022-02-01,-4.15,6.68,4.83
2022-02-02,-1.88,4.56,2.87
2022-02-03,-0.54,2.54,2.51
2022-02-04,0.68,-2.93,4.68
2022-02-07,7.69,-8.44,-0.84
2022-02-08,4.83,-4.98,-1.31
2022-02-09,2.87,-4.53,-3.47
2022-02-10,2.51,-6.24,-5.78
2022-02-11,4.68,-8.64,-4.71
2022-02-14,-0.84,-8.18,-6.61
2022-02-15,-1.31,-4.15,-7.78
2022-02-16,-3.47,-1.88,-5.78
2022-02-17,-5.78,-0.54,-14.02
2022-02-18,-4.71,0.68,-8.35
2022-02-21,-6.61,7.69,-6.48
2022-02-22,-7.78,4.83,-12.72
2022-02-23,-5.78,2.87,-9.71
2022-02-24,-14.02,2.51,-12.3
2022-02-25,-8.35,4.68,-17.97
2022-02-28,-6.48,-0.84,-20.8
2022-03-01,-12.72,-1.31,-19.93
2022-03-02,-9.71,-3.47,-17.44
2022-03-03,-12.3,-5.78,-12.05
2022-03-04,-17.97,-4.71,-14.72
2022-03-07,-20.8,-6.61,-7.04
2022-03-08,-19.93,-7.78,-2.92
2022-03-09,-17.44,-5.78,-1.02
2022-03-10,-12.05,-14.02,1.65
2022-03-11,-14.72,-8.35,8.79
2022-03-14,-7.04,-6.48,11.13
2022-03-15,-2.92,-12.72,13.53
2022-03-16,-1.02,-9.71,5.07
2022-03-17,1.65,-12.3,6.69
2022-03-18,8.79,-17.97,3.85
2022-03-21,11.13,-20.8,-5.6
2022-03-22,13.53,-19.93,-6.97
2022-03-23,5.07,-17.44,-13.54
2022-03-24,6.69,-12.05,-13.64
2022-03-25,3.85,-14.72,-13.8
2022-03-28,-5.6,-7.04,-13.18
2022-03-29,-6.97,-2.92,-14.96
2022-03-30,-13.54,-1.02,-15.68
2022-03-31,-13.64,1.65,-16.49
2022-04-01,-13.8,8.79,-13.57
2022-04-04,-13.18,11.13,-9.68
2022-04-05,-14.96,13.53,-8.42
2022-04-06,-15.68,5.07,-4.74
2022-04-07,-16.49,6.69,-1.65
2022-04-08,-13.57,3.85,-0.91
2022-04-11,-9.68,-5.6,1.76
2022-04-12,-8.42,-6.97,2.08
2022-04-13,-4.74,-13.54,2.34
2022-04-14,-1.65,-13.64,2.56
2022-04-19,-0.91,-13.8,-1.12
2022-04-20,1.76,-13.18,-2.08
2022-04-21,2.08,-14.96,2.12
2022-04-22,2.34,-15.68,2.73
2022-04-25,2.56,-16.49,3.52
2022-04-26,-1.12,-13.57,3.34
2022-04-27,-2.08,-9.68,0.63
2022-04-28,2.12,-8.42,-0.95
2022-04-29,2.73,-4.74,-0.49
2022-05-03,3.52,-1.65,-0.37
2022-05-04,3.34,-0.91,3.02
2022-05-05,0.63,1.76,2.83
2022-05-06,-0.95,2.08,2.78
2022-05-09,-0.49,2.34,2.36
2022-05-10,-0.37,2.56,3.22
2022-05-11,3.02,-1.12,3.08
2022-05-12,2.83,-2.08,2.31
2022-05-13,2.78,2.12,2.74
2022-05-16,2.36,2.73,8.06
2022-05-17,3.22,3.52,13.32
2022-05-18,3.08,3.34,11.26
2022-05-19,2.31,0.63,14.9
2022-05-20,2.74,-0.95,13.31
2022-05-23,8.06,-0.49,12.87
2022-05-24,13.32,-0.37,8.47
2022-05-25,11.26,3.02,8.12
2022-05-26,14.9,2.83,11.8
2022-05-27,13.31,2.78,10.66
2022-05-30,12.87,2.36,6.86
2022-05-31,8.47,3.22,1.93
2022-06-01,8.12,3.08,-2.49
2022-06-06,11.8,2.31,-6.92
2022-06-07,10.66,2.74,-7.99
2022-06-08,6.86,8.06,-6.11
2022-06-09,1.93,13.32,-9.12
2022-06-10,-2.49,11.26,-7.08
2022-06-13,-6.92,14.9,-6.56
2022-06-14,-7.99,13.31,-5.08
2022-06-15,-6.11,12.87,-4.28
2022-06-16,-9.12,8.47,-7.14
2022-06-17,-7.08,8.12,-0.54
2022-06-20,-6.56,11.8,1.64
2022-06-21,-5.08,10.66,2.08
2022-06-22,-4.28,6.86,-2.49
2022-06-23,-7.14,1.93,-0.34
2022-06-24,-0.54,-2.49,-1.74
2022-06-27,1.64,-6.92,-2.87
2022-06-28,2.08,-7.99,-8.07
2022-06-29,-2.49,-6.11,-8.97
2022-06-30,-0.34,-9.12,-1.99
2022-07-01,-1.74,-7.08,-4.39
2022-07-04,-2.87,-6.56,-4.82
2022-07-05,-8.07,-5.08,-4.92
2022-07-06,-8.97,-4.28,-4.81
2022-07-07,-1.99,-7.14,-4.95
2022-07-08,-4.39,-0.54,-1.89
2022-07-11,-4.82,1.64,-0.84
2022-07-12,-4.92,2.08,7.28
2022-07-13,-4.81,-2.49,7.34
2022-07-14,-4.95,-0.34,5.26
2022-07-15,-1.89,-1.74,3.87
2022-07-18,-0.84,-2.87,6.44
2022-07-19,7.28,-8.07,3.12
2022-07-20,7.34,-8.97,5.66
2022-07-21,5.26,-1.99,3.3
2022-07-22,3.87,-4.39,4.58
2022-07-25,6.44,-4.82,3.62
2022-07-26,3.12,-4.92,1.14
2022-07-27,5.66,-4.81,3.6
2022-07-28,3.3,-4.95,2.21
2022-07-29,4.58,-1.89,3.9
2022-08-01,3.62,-0.84,3.29
2022-08-02,1.14,7.28,5.72
2022-08-03,3.6,7.34,7.67
2022-08-04,2.21,5.26,12.4
2022-08-05,3.9,3.87,9.17
2022-08-08,3.29,6.44,7.36
2022-08-09,5.72,3.12,6.55
2022-08-10,7.67,5.66,3.28
2022-08-11,12.4,3.3,3.71
2022-08-12,9.17,4.58,0.78
2022-08-15,7.36,3.62,-1.76
2022-08-16,6.55,1.14,-1.36
2022-08-17,3.28,3.6,-4.21
2022-08-18,3.71,2.21,-2.85
2022-08-19,0.78,3.9,-5.54
2022-08-22,-1.76,3.29,-4.0
2022-08-23,-1.36,5.72,-3.52
2022-08-24,-4.21,7.67,-4.32
2022-08-25,-2.85,12.4,0.08
2022-08-26,-5.54,9.17,0.74
2022-08-30,-4.0,7.36,2.94
2022-08-31,-3.52,6.55,0.31
2022-09-01,-4.32,3.28,2.24
2022-09-02,0.08,3.71,2.85
2022-09-05,0.74,0.78,7.32
2022-09-06,2.94,-1.76,4.4
2022-09-07,0.31,-1.36,3.28
2022-09-08,2.24,-4.21,6.72
2022-09-09,2.85,-2.85,1.48
2022-09-12,7.32,-5.54,2.65
2022-09-13,4.4,-4.0,-0.05
2022-09-14,3.28,-3.52,1.32
2022-09-15,6.72,-4.32,-2.65
2022-09-16,1.48,0.08,-4.75
2022-09-20,2.65,0.74,-10.42
2022-09-21,-0.05,2.94,-12.13
2022-09-22,1.32,0.31,-14.86
2022-09-23,-2.65,2.24,-16.22
2022-09-26,-4.75,2.85,-15.23
2022-09-27,-10.42,7.32,-11.81
2022-09-28,-12.13,4.4,-12.03
2022-09-29,-14.86,3.28,-12.91
2022-09-30,-16.22,6.72,-11.36
2022-10-03,-15.23,1.48,-10.93
2022-10-04,-11.81,2.65,-10.06
2022-10-05,-12.03,-0.05,-10.19
2022-10-06,-12.91,1.32,-1.47
2022-10-07,-11.36,-2.65,-1.03
2022-10-10,-10.93,-4.75,0.22
2022-10-11,-10.06,-10.42,-2.15
2022-10-12,-10.19,-12.13,-2.25
2022-10-13,-1.47,-14.86,0.37
2022-10-14,-1.03,-16.22,1.09
2022-10-17,0.22,-15.23,3.98
2022-10-18,-2.15,-11.81,7.18
2022-10-19,-2.25,-12.03,10.42
2022-10-20,0.37,-12.91,5.42
2022-10-21,1.09,-11.36,2.53
2022-10-24,3.98,-10.93,1.62
2022-10-25,7.18,-10.06,1.93
2022-10-26,10.42,-10.19,4.02
2022-10-27,5.42,-1.47,2.88
2022-10-28,2.53,-1.03,5.85
2022-10-31,1.62,0.22,2.46
2022-11-01,1.93,-2.15,2.64
2022-11-02,4.02,-2.25,3.06
2022-11-03,2.88,0.37,4.49
2022-11-04,5.85,1.09,8.04
2022-11-07,2.46,3.98,6.67
2022-11-08,2.64,7.18,4.58
2022-11-09,3.06,10.42,2.86
2022-11-10,4.49,5.42,4.78
2022-11-11,8.04,2.53,3.06
2022-11-14,6.67,1.62,3.5
2022-11-15,4.58,1.93,2.43
2022-11-16,2.86,4.02,2.51
2022-11-17,4.78,2.88,1.54
2022-11-18,3.06,5.85,0.53
2022-11-21,3.5,2.46,0.36
2022-11-22,2.43,2.64,2.4
2022-11-23,2.51,3.06,4.43
2022-11-24,1.54,4.49,1.03
2022-11-25,0.53,8.04,-0.88
2022-11-28,0.36,6.67,-1.05
2022-11-29,2.4,4.58,0.53
2022-11-30,4.43,2.86,-0.53
2022-12-01,1.03,4.78,-1.64
2022-12-02,-0.88,3.06,0.26
2022-12-05,-1.05,3.5,-0.03
2022-12-06,0.53,2.43,0.48
2022-12-07,-0.53,2.51,-0.61
2022-12-08,-1.64,1.54,-1.95
2022-12-09,0.26,0.53,-1.53
2022-12-12,-0.03,0.36,-0.58
2022-12-13,0.48,2.4,-1.9
2022-12-14,-0.61,4.43,0.41
2022-12-15,-1.95,1.03,0.22
2022-12-16,-1.53,-0.88,-1.09
2022-12-19,-0.58,-1.05,0.47
2022-12-20,-1.9,0.53,-1.51
2022-12-21,0.41,-0.53,-1.09
2022-12-22,0.22,-1.64,5.41
2022-12-23,-1.09,0.26,8.85
2022-12-28,0.47,-0.03,10.97
2022-12-29,-1.51,0.48,10.5
2022-12-30,-1.09,-0.61,9.2
2023-01-03,5.41,-1.95,9.2
2023-01-04,8.85,-1.53,10.02
2023-01-05,10.97,-0.58,11.46
2023-01-06,10.5,-1.9,13.43
2023-01-09,9.2,0.41,15.13
2023-01-10,9.2,0.22,10.6
2023-01-11,10.02,-1.09,8.34
2023-01-12,11.46,0.47,2.88
2023-01-13,13.43,-1.51,3.67
2023-01-16,15.13,-1.09,4.21
2023-01-17,10.6,5.41,4.76
2023-01-18,8.34,8.85,4.71
2023-01-19,2.88,10.97,4.5
2023-01-20,3.67,10.5,2.79
2023-01-23,4.21,9.2,2.28
2023-01-24,4.76,9.2,2.71
2023-01-25,4.71,10.02,2.41
2023-01-26,4.5,11.46,6.21
2023-01-27,2.79,13.43,5.73
2023-01-30,2.28,15.13,3.7
2023-01-31,2.71,10.6,5.05
2023-02-01,2.41,8.34,4.4
2023-02-02,6.21,2.88,2.46
2023-02-03,5.73,3.67,-0.03
2023-02-06,3.7,4.21,-0.18
2023-02-07,5.05,4.76,0.8
2023-02-08,4.4,4.71,-7.44
2023-02-09,2.46,4.5,-7.29
2023-02-10,-0.03,2.79,-8.03
2023-02-13,-0.18,2.28,-5.71
2023-02-14,0.8,2.71,-9.22
2023-02-15,-7.44,2.41,-8.91
2023-02-16,-7.29,6.21,-8.97
2023-02-17,-8.03,5.73,-8.15
2023-02-20,-5.71,3.7,-7.34
2023-02-21,-9.22,5.05,-6.77
2023-02-22,-8.91,4.4,1.05
2023-02-23,-8.97,2.46,-1.66
2023-02-24,-8.15,-0.03,-1.16
2023-02-27,-7.34,-0.18,-2.01
2023-02-28,-6.77,0.8,-1.46
2023-03-01,1.05,-7.44,-2.28
2023-03-02,-1.66,-7.29,-5.32
2023-03-03,-1.16,-8.03,-7.71
2023-03-06,-2.01,-5.71,-14.57
2023-03-07,-1.46,-9.22,-12.93
2023-03-08,-2.28,-8.91,-20.74
2023-03-09,-5.32,-8.97,-17.11
2023-03-10,-7.71,-8.15,-18.61
2023-03-13,-14.57,-7.34,-20.88
2023-03-14,-12.93,-6.77,-15.26
2023-03-15,-20.74,1.05,-15.53
2023-03-16,-17.11,-1.66,-14.47
2023-03-17,-18.61,-1.16,-14.94
2023-03-20,-20.88,-2.01,-7.11
2023-03-21,-15.26,-1.46,-9.79
2023-03-22,-15.53,-2.28,2.73
2023-03-23,-14.47,-5.32,1.71
2023-03-24,-14.94,-7.71,4.47
2023-03-27,-7.11,-14.57,8.73
2023-03-28,-9.79,-12.93,2.35
2023-03-29,2.73,-20.74,3.55
2023-03-30,1.71,-17.11,8.47
2023-03-31,4.47,-18.61,13.92
2023-04-03,8.73,-20.88,11.72
2023-04-04,2.35,-15.26,11.49
2023-04-05,3.55,-15.53,11.17
2023-04-06,8.47,-14.47,6.53
2023-04-11,13.92,-14.94,6.28
2023-04-12,11.72,-7.11,4.82
2023-04-13,11.49,-9.79,5.43
2023-04-14,11.17,2.73,3.74
2023-04-17,6.53,1.71,1.7
2023-04-18,6.28,4.47,-0.71
2023-04-19,4.82,8.73,0.52
2023-04-20,5.43,2.35,5.95
2023-04-21,3.74,3.55,1.27
2023-04-24,1.7,8.47,0.43
2023-04-25,-0.71,13.92,-1.1
2023-04-26,0.52,11.72,-4.61
2023-04-27,5.95,11.49,-0.79
2023-04-28,1.27,11.17,0.22
2023-05-02,0.43,6.53,-0.64
2023-05-03,-1.1,6.28,1.33
2023-05-04,-4.61,4.82,0.03
2023-05-05,-0.79,5.43,-4.33
2023-05-09,0.22,3.74,-3.43
2023-05-10,-0.64,1.7,0.66
2023-05-11,1.33,-0.71,3.13
2023-05-12,0.03,0.52,7.54
2023-05-15,-4.33,5.95,4.46
2023-05-16,-3.43,1.27,6.42
2023-05-17,0.66,0.43,3.55
2023-05-18,3.13,-1.1,2.28
2023-05-19,7.54,-4.61,2.22
2023-05-22,4.46,-0.79,0.5
2023-05-23,6.42,0.22,-1.98
2023-05-24,3.55,-0.64,-2.14
2023-05-25,2.28,1.33,-0.82
2023-05-26,2.22,0.03,-2.28
2023-05-30,0.5,-4.33,-1.17
2023-05-31,-1.98,-3.43,-3.18
2023-06-01,-2.14,0.66,-0.67
2023-06-02,-0.82,3.13,-0.41
2023-06-05,-2.28,7.54,-1.32
2023-06-06,-1.17,4.46,0.62
2023-06-07,-3.18,6.42,4.03
2023-06-08,-0.67,3.55,0.77
2023-06-09,-0.41,2.28,-1.8
2023-06-12,-1.32,2.22,-1.49
2023-06-13,0.62,0.5,-2.45
2023-06-14,4.03,-1.98,-4.28
2023-06-15,0.77,-2.14,-6.75
2023-06-16,-1.8,-0.82,-7.11
2023-06-19,-1.49,-2.28,-6.65
2023-06-20,-2.45,-1.17,-6.66
2023-06-21,-4.28,-3.18,-5.78
2023-06-22,-6.75,-0.67,-1.61
2023-06-23,-7.11,-0.41,-0.36
2023-06-26,-6.65,-1.32,1.41
2023-06-27,-6.66,0.62,-1.14
2023-06-28,-5.78,4.03,-0.94
2023-06-29,-1.61,0.77,-0.18
2023-06-30,-0.36,-1.8,2.41
2023-07-03,1.41,-1.49,2.62
2023-07-04,-1.14,-2.45,2.42
2023-07-05,-0.94,-4.28,4.35
2023-07-06,-0.18,-6.75,2.89
2023-07-07,2.41,-7.11,1.12
2023-07-10,2.62,-6.65,0.28
2023-07-11,2.42,-6.66,4.47
2023-07-12,4.35,-5.78,9.49
2023-07-13,2.89,-1.61,12.04
2023-07-14,1.12,-0.36,9.78
2023-07-17,0.28,1.41,10.52
2023-07-18,4.47,-1.14,9.12
2023-07-19,9.49,-0.94,5.98
2023-07-20,12.04,-0.18,-0.19
2023-07-21,9.78,2.41,0.41
2023-07-24,10.52,2.62,-0.7
2023-07-25,9.12,2.42,-4.99
2023-07-26,5.98,4.35,-10.85
2023-07-27,-0.19,2.89,-9.25
2023-07-28,0.41,1.12,-7.67
2023-07-31,-0.7,0.28,-8.24
2023-08-01,-4.99,4.47,-10.05
2023-08-02,-10.85,9.49,-9.24
2023-08-03,-9.25,12.04,-4.76
2023-08-04,-7.67,9.78,-5.87
2023-08-07,-8.24,10.52,-5.86
2023-08-08,-10.05,9.12,-5.2
2023-08-09,-9.24,5.98,-1.0
2023-08-10,-4.76,-0.19,-2.51
2023-08-11,-5.87,0.41,-4.31
2023-08-14,-5.86,-0.7,-4.75
2023-08-15,-5.2,-4.99,-2.98
2023-08-16,-1.0,-10.85,-3.94
2023-08-17,-2.51,-9.25,-2.34
2023-08-18,-4.31,-7.67,-1.79
2023-08-21,-4.75,-8.24,2.8
2023-08-22,-2.98,-10.05,3.83
2023-08-23,-3.94,-9.24,1.63
2023-08-24,-2.34,-4.76,2.5
2023-08-25,-1.79,-5.87,4.55
2023-08-29,2.8,-5.86,4.16
2023-08-30,3.83,-5.2,4.57
2023-08-31,1.63,-1.0,3.45
2023-09-01,2.5,-2.51,2.56
2023-09-04,4.55,-4.31,4.11
2023-09-05,4.16,-4.75,2.41
2023-09-06,4.57,-2.98,5.5
2023-09-07,3.45,-3.94,8.63
2023-09-08,2.56,-2.34,8.32
2023-09-11,4.11,-1.79,5.31
2023-09-12,2.41,2.8,6.4
2023-09-13,5.5,3.83,6.94
2023-09-14,8.63,1.63,5.89
2023-09-15,8.32,2.5,4.78
2023-09-18,5.31,4.55,2.49
2023-09-19,6.4,4.16,3.97
2023-09-20,6.94,4.57,0.56
2023-09-21,5.89,3.45,-0.62
2023-09-22,4.78,2.56,-1.56
2023-09-25,2.49,4.11,-1.88
2023-09-26,3.97,2.41,-3.1
2023-09-27,0.56,5.5,-3.57
2023-09-28,-0.62,8.63,-2.67
2023-09-29,-1.56,8.32,-0.36
2023-10-02,-1.88,5.31,-1.05
2023-10-03,-3.1,6.4,-1.82
2023-10-04,-3.57,6.94,-0.59
2023-10-05,-2.67,5.89,-4.27
2023-10-06,-0.36,4.78,-3.69
2023-10-09,-1.05,2.49,-1.64
2023-10-10,-1.82,3.97,0.34
2023-10-11,-0.59,0.56,-1.46
2023-10-12,-4.27,-0.62,-3.09
2023-10-13,-3.69,-1.56,-6.4
2023-10-16,-1.64,-1.88,-5.25
2023-10-17,0.34,-3.1,-14.12
2023-10-18,-1.46,-3.57,-15.24
2023-10-19,-3.09,-2.67,-13.16
2023-10-20,-6.4,-0.36,-15.6
2023-10-23,-5.25,-1.05,-14.75
2023-10-24,-14.12,-1.82,-14.99
2023-10-25,-15.24,-0.59,-14.71
2023-10-26,-13.16,-4.27,-9.85
2023-10-27,-15.6,-3.69,-5.88
2023-10-30,-14.75,-1.64,-5.37
2023-10-31,-14.99,0.34,1.17
2023-11-01,-14.71,-1.46,2.1
2023-11-02,-9.85,-3.09,3.58
2023-11-03,-5.88,-6.4,4.94
2023-11-06,-5.37,-5.25,4.65
2023-11-07,1.17,-14.12,5.21
2023-11-08,2.1,-15.24,8.15
2023-11-09,3.58,-13.16,4.35
2023-11-10,4.94,-15.6,4.74
2023-11-13,4.65,-14.75,4.58
2023-11-14,5.21,-14.99,4.04
2023-11-15,8.15,-14.71,2.91
2023-11-16,4.35,-9.85,2.38
2023-11-17,4.74,-5.88,4.47
2023-11-20,4.58,-5.37,2.53
2023-11-21,4.04,1.17,1.2
2023-11-22,2.91,2.1,0.3
2023-11-23,2.38,3.58,1.44
2023-11-24,4.47,4.94,-0.31
2023-11-27,2.53,4.65,0.31
2023-11-28,1.2,5.21,-1.59
2023-11-29,0.3,8.15,0.19
2023-11-30,1.44,4.35,-0.07
2023-12-01,-0.31,4.74,1.16
2023-12-04,0.31,4.58,1.64
2023-12-05,-1.59,4.04,1.11
2023-12-06,0.19,2.91,0.56
2023-12-07,-0.07,2.38,6.35
2023-12-08,1.16,4.47,3.01
2023-12-11,1.64,2.53,2.46
2023-12-12,1.11,1.2,5.88
2023-12-13,0.56,0.3,8.13
2023-12-14,6.35,1.44,8.05
2023-12-15,3.01,-0.31,5.93
2023-12-18,2.46,0.31,7.83
2023-12-19,5.88,-1.59,8.34
2023-12-20,8.13,0.19,9.0
