Date,EPU_Change
2017-01-31,-188.48000000000002
2017-02-01,-236.34999999999997
2017-02-02,-360.61
2017-02-03,-96.26999999999998
2017-02-06,219.29000000000002
2017-02-07,-127.16000000000003
2017-02-08,-116.71000000000004
2017-02-09,-134.22000000000003
2017-02-10,-40.79000000000002
2017-02-13,-273.76
2017-02-14,-255.13
2017-02-15,85.07000000000005
2017-02-16,-6.470000000000027
2017-02-17,-124.98999999999995
2017-02-20,-111.63
2017-02-21,139.06
2017-02-22,31.140000000000043
2017-02-23,146.19
2017-02-24,196.89000000000001
2017-02-27,111.38
2017-02-28,358.56999999999994
2017-03-01,115.94
2017-03-02,319.61
2017-03-03,-315.88
2017-03-06,-253.64999999999998
2017-03-07,-31.95999999999998
2017-03-08,146.75
2017-03-09,577.24
2017-03-10,-87.50999999999999
2017-03-13,198.52999999999997
2017-03-14,466.93999999999994
2017-03-15,-254.71000000000004
2017-03-16,36.25
2017-03-17,-73.07999999999998
2017-03-20,30.610000000000014
2017-03-21,-108.53000000000003
2017-03-22,121.42999999999995
2017-03-23,91.02000000000004
2017-03-24,-114.29000000000002
2017-03-27,-43.06
2017-03-28,-387.50999999999993
2017-03-29,-149.73000000000002
2017-03-30,-419.25
2017-03-31,197.26000000000002
2017-04-03,129.32999999999993
2017-04-04,-94.57
2017-04-05,-251.95
2017-04-06,-587.99
2017-04-07,-70.66000000000003
2017-04-10,-98.55999999999995
2017-04-11,-736.27
2017-04-12,-106.23000000000002
2017-04-13,-132.11
2017-04-18,32.95999999999998
2017-04-19,213.94
2017-04-20,-40.349999999999966
2017-04-21,-250.26
2017-04-24,-158.01000000000005
2017-04-25,37.5
2017-04-26,-17.159999999999968
2017-04-27,-65.34000000000003
2017-04-28,-20.25
2017-05-02,-33.49000000000001
2017-05-03,-236.68
2017-05-04,-313.22999999999996
2017-05-05,81.27999999999997
2017-05-08,108.0
2017-05-09,-101.80999999999997
2017-05-10,32.52000000000004
2017-05-11,19.110000000000014
2017-05-12,99.80000000000001
2017-05-15,81.52000000000004
2017-05-16,325.2
2017-05-17,1667.0
2017-05-18,26.029999999999973
2017-05-19,332.96999999999997
2017-05-22,95.11000000000001
2017-05-23,39.27000000000004
2017-05-24,-104.73000000000002
2017-05-25,-138.86
2017-05-26,-64.94999999999999
2017-05-30,-0.8499999999999659
2017-05-31,286.52
2017-06-01,354.99999999999994
2017-06-02,225.78000000000003
2017-06-05,55.360000000000014
2017-06-06,-76.51999999999998
2017-06-07,509.14
2017-06-08,348.46999999999997
2017-06-09,243.32999999999993
2017-06-12,459.63000000000005
2017-06-13,278.59
2017-06-14,146.59000000000003
2017-06-15,-1489.45
2017-06-16,-6.840000000000032
2017-06-19,-62.799999999999955
2017-06-20,207.42999999999995
2017-06-21,149.69999999999993
2017-06-22,324.74
2017-06-23,624.1
2017-06-26,220.89
2017-06-27,64.08999999999997
2017-06-28,233.80999999999995
2017-06-29,-233.62999999999994
2017-06-30,358.04999999999995
2017-07-03,43.98000000000002
2017-07-04,79.25999999999999
2017-07-05,-386.97
2017-07-06,-295.36
2017-07-07,-284.86999999999995
2017-07-10,-460.55000000000007
2017-07-11,-319.52
2017-07-12,-101.38
2017-07-13,-280.63
2017-07-14,-124.42999999999995
2017-07-17,-263.92
2017-07-18,-81.2399999999999
2017-07-19,-197.51999999999998
2017-07-20,-432.63
2017-07-21,-502.11
2017-07-24,-136.24
2017-07-25,138.58000000000004
2017-07-26,-13.879999999999995
2017-07-27,98.79000000000002
2017-07-28,-393.27
2017-07-31,17.619999999999948
2017-08-01,125.84999999999997
2017-08-02,104.01999999999998
2017-08-03,-48.40999999999997
2017-08-04,206.3
2017-08-07,-84.63999999999999
2017-08-08,99.44999999999999
2017-08-09,-275.02
2017-08-10,39.5
2017-08-11,-70.56
2017-08-14,160.73999999999995
2017-08-15,-83.68000000000006
2017-08-16,165.89999999999998
2017-08-17,323.02
2017-08-18,-141.91000000000003
2017-08-21,-170.16999999999996
2017-08-22,-394.24
2017-08-23,-378.23999999999995
2017-08-24,29.42999999999995
2017-08-25,-13.579999999999984
2017-08-29,-67.25
2017-08-30,-327.64
2017-08-31,-220.02999999999997
2017-09-01,74.95999999999998
2017-09-04,-386.27000000000004
2017-09-05,359.76
2017-09-06,151.23999999999995
2017-09-07,185.31999999999994
2017-09-08,463.67999999999995
2017-09-11,-73.93
2017-09-12,-96.42999999999995
2017-09-13,35.289999999999964
2017-09-14,57.010000000000105
2017-09-15,-53.01999999999998
2017-09-18,-7.530000000000001
2017-09-19,290.06
2017-09-20,340.26
2017-09-21,-101.71000000000001
2017-09-22,-105.69
2017-09-25,-119.26999999999998
2017-09-26,-70.20999999999998
2017-09-27,489.05000000000007
2017-09-28,126.62
2017-09-29,-104.43
2017-10-02,186.33000000000004
2017-10-03,-202.57999999999998
2017-10-04,-147.54999999999995
2017-10-05,127.84000000000003
2017-10-06,-472.55999999999995
2017-10-09,-29.590000000000003
2017-10-10,215.72000000000003
2017-10-11,-61.72999999999996
2017-10-12,-140.51000000000005
2017-10-13,129.49
2017-10-16,125.19000000000003
2017-10-17,84.81
2017-10-18,-182.98000000000002
2017-10-19,249.15
2017-10-20,-39.839999999999975
2017-10-23,260.2699999999999
2017-10-24,88.31
2017-10-25,-320.07000000000005
2017-10-26,-28.819999999999993
2017-10-27,-69.83999999999997
2017-10-30,-171.02000000000004
2017-10-31,-3.480000000000018
2017-11-01,-173.29000000000002
2017-11-02,-152.03999999999996
2017-11-03,426.62
2017-11-06,-236.67
2017-11-07,-26.090000000000032
2017-11-08,-181.42000000000002
2017-11-09,-95.81
2017-11-10,-163.8
2017-11-13,256.77
2017-11-14,263.27
2017-11-15,51.579999999999984
2017-11-16,-12.829999999999984
2017-11-17,-19.310000000000002
2017-11-20,-37.92999999999995
2017-11-21,353.46000000000004
2017-11-22,439.74
2017-11-23,451.19
2017-11-24,342.97999999999996
2017-11-27,-53.89999999999998
2017-11-28,47.410000000000025
2017-11-29,434.6000000000001
2017-11-30,-252.61
2017-12-01,-473.42
2017-12-04,565.12
2017-12-05,-256.02000000000004
2017-12-06,124.87
2017-12-07,-51.10000000000002
2017-12-08,86.81
2017-12-11,-110.5
2017-12-12,-347.26
2017-12-13,-16.349999999999966
2017-12-14,67.32999999999998
2017-12-15,418.15000000000003
2017-12-18,-239.23000000000002
2017-12-19,-384.78000000000003
2017-12-20,-353.76
2017-12-21,-468.15000000000003
2017-12-22,-223.62999999999994
2017-12-27,165.86
2017-12-28,-145.2
2017-12-29,-423.2300000000001
2018-01-02,116.32
2018-01-03,267.90000000000003
2018-01-04,-330.58000000000004
2018-01-05,237.41000000000003
2018-01-08,-49.40999999999997
2018-01-09,109.69
2018-01-10,10.259999999999991
2018-01-11,-102.81
2018-01-12,79.15999999999997
2018-01-15,-266.11
2018-01-16,-272.19
2018-01-17,-199.73000000000002
2018-01-18,178.74
2018-01-19,-200.41
2018-01-22,-209.43
2018-01-23,245.43
2018-01-24,-67.33000000000004
2018-01-25,-202.54000000000002
2018-01-26,22.659999999999968
2018-01-29,207.37
2018-01-30,-117.55000000000001
2018-01-31,-111.14000000000004
2018-02-01,-48.43000000000001
2018-02-02,-229.91000000000003
2018-02-05,112.68
2018-02-06,-222.98999999999998
2018-02-07,-273.82
2018-02-08,-81.63
2018-02-09,-260.62
2018-02-12,-45.879999999999995
2018-02-13,77.19999999999999
2018-02-14,-272.43
2018-02-15,-231.32
2018-02-16,-80.82
2018-02-19,0.6100000000000136
2018-02-20,-366.47
2018-02-21,-80.45999999999998
2018-02-22,114.63999999999999
2018-02-23,-13.389999999999986
2018-02-26,-260.96999999999997
2018-02-27,-133.39
2018-02-28,-161.48
2018-03-01,246.97
2018-03-02,193.60000000000002
2018-03-05,-230.61
2018-03-06,424.01
2018-03-07,157.51
2018-03-08,-14.990000000000009
2018-03-09,215.87999999999997
2018-03-12,182.94
2018-03-13,279.76
2018-03-14,491.23999999999995
2018-03-15,205.8
2018-03-16,209.1
2018-03-19,-55.01000000000002
2018-03-20,146.52
2018-03-21,174.98000000000002
2018-03-22,-16.72999999999996
2018-03-23,-37.70999999999998
2018-03-26,39.89999999999998
2018-03-27,248.55
2018-03-28,-34.21000000000001
2018-03-29,-150.77999999999997
2018-04-03,-317.74
2018-04-04,-69.71000000000001
2018-04-05,-393.32000000000005
2018-04-06,78.82
2018-04-09,-112.91
2018-04-10,-153.75
2018-04-11,49.420000000000016
2018-04-12,-440.9
2018-04-13,-270.05999999999995
2018-04-16,-104.75
2018-04-17,-81.22000000000003
2018-04-18,57.50000000000003
2018-04-19,8.930000000000007
2018-04-20,-105.28000000000003
2018-04-23,-125.94000000000003
2018-04-24,-131.62
2018-04-25,-25.299999999999983
2018-04-26,-312.04
2018-04-27,13.52000000000001
2018-04-30,-174.40000000000003
2018-05-01,-38.599999999999994
2018-05-02,90.30999999999997
2018-05-03,89.72
2018-05-04,-232.89
2018-05-08,124.41
2018-05-09,130.14000000000004
2018-05-10,5.0499999999999545
2018-05-11,156.3
2018-05-14,-190.78000000000003
2018-05-15,321.83000000000004
2018-05-16,-85.53999999999999
2018-05-17,-141.96000000000004
2018-05-18,-69.23000000000002
2018-05-21,40.139999999999986
2018-05-22,139.71
2018-05-23,93.53999999999996
2018-05-24,157.48999999999998
2018-05-25,414.17
2018-05-29,76.92999999999998
2018-05-30,425.70000000000005
2018-05-31,257.21000000000004
2018-06-01,-19.17999999999995
2018-06-04,-61.329999999999984
2018-06-05,201.70999999999998
2018-06-06,226.85999999999996
2018-06-07,-12.259999999999991
2018-06-08,48.74000000000001
2018-06-11,115.71999999999997
2018-06-12,55.110000000000014
2018-06-13,-239.27000000000004
2018-06-14,135.85999999999999
2018-06-15,302.38
2018-06-18,8.819999999999993
2018-06-19,64.44
2018-06-20,-33.05000000000001
2018-06-21,154.52000000000004
2018-06-22,10.720000000000027
2018-06-25,-188.66000000000003
2018-06-26,36.19
2018-06-27,-184.77000000000004
2018-06-28,-110.75
2018-06-29,251.29999999999995
2018-07-02,26.379999999999995
2018-07-03,10.390000000000043
2018-07-04,-98.28999999999996
2018-07-05,9.45999999999998
2018-07-06,-10.490000000000009
2018-07-09,-139.19
2018-07-10,-131.87
2018-07-11,-156.46
2018-07-12,-18.00999999999999
2018-07-13,-127.40999999999997
2018-07-16,-94.69
2018-07-17,86.44
2018-07-18,-62.78999999999999
2018-07-19,-135.68
2018-07-20,-200.51000000000002
2018-07-23,-49.19999999999999
2018-07-24,134.66000000000003
2018-07-25,164.93
2018-07-26,-172.4
2018-07-27,-161.17999999999995
2018-07-30,98.17000000000002
2018-07-31,-3.2800000000000296
2018-08-01,-4.560000000000002
2018-08-02,153.73000000000002
2018-08-03,199.62
2018-08-06,290.93
2018-08-07,138.01999999999998
2018-08-08,-23.890000000000015
2018-08-09,-103.50999999999999
2018-08-10,-107.74000000000001
2018-08-13,-54.379999999999995
2018-08-14,-232.45
2018-08-15,-49.5
2018-08-16,17.75
2018-08-17,117.53
2018-08-20,29.480000000000018
2018-08-21,-365.27
2018-08-22,-321.88
2018-08-23,207.74999999999997
2018-08-24,-87.75
2018-08-28,-51.120000000000005
2018-08-29,-100.59999999999997
2018-08-30,-163.21999999999997
2018-08-31,-454.72
2018-09-03,-313.02
2018-09-04,-381.3
2018-09-05,-250.5
2018-09-06,-119.38999999999999
2018-09-07,-119.99999999999999
2018-09-10,-134.66000000000003
2018-09-11,-51.33999999999999
2018-09-12,-176.07999999999998
2018-09-13,-108.82000000000001
2018-09-14,-247.85000000000002
2018-09-17,-210.45
2018-09-18,-122.86000000000001
2018-09-19,4.939999999999998
2018-09-20,-106.56
2018-09-21,-144.85999999999999
2018-09-24,-107.34000000000003
2018-09-25,-209.15000000000003
2018-09-26,-241.42000000000002
2018-09-27,-183.0
2018-09-28,-15.780000000000001
2018-10-01,-30.629999999999995
2018-10-02,3.0400000000000205
2018-10-03,76.51
2018-10-04,83.57
2018-10-05,17.939999999999998
2018-10-08,37.95
2018-10-09,1.3599999999999994
2018-10-10,67.07
2018-10-11,20.260000000000005
2018-10-12,76.08
2018-10-15,15.260000000000005
2018-10-16,0.8599999999999852
2018-10-17,9.289999999999992
2018-10-18,99.67000000000002
2018-10-19,-26.47
2018-10-22,7.039999999999992
2018-10-23,-39.78999999999999
2018-10-24,82.15
2018-10-25,120.51
2018-10-26,35.93000000000001
2018-10-29,-103.16
2018-10-30,-86.46000000000001
2018-10-31,-35.650000000000006
2018-11-01,-35.66
2018-11-02,4.489999999999995
2018-11-05,33.890000000000015
2018-11-06,129.69
2018-11-07,-7.489999999999995
2018-11-08,52.110000000000014
2018-11-09,-52.31999999999999
2018-11-12,-2.3299999999999983
2018-11-13,-41.639999999999986
2018-11-14,-17.209999999999994
2018-11-15,-115.23000000000002
2018-11-16,-46.58
2018-11-19,-126.00999999999999
2018-11-20,-39.03000000000001
2018-11-21,-52.150000000000006
2018-11-22,-158.09
2018-11-23,-79.25
2018-11-26,20.960000000000008
2018-11-27,82.99000000000001
2018-11-28,14.710000000000008
2018-11-29,164.29999999999998
2018-11-30,83.91
2018-12-03,126.62
2018-12-04,-75.60999999999999
2018-12-05,8.920000000000002
2018-12-06,-32.87000000000002
2018-12-07,57.79999999999998
2018-12-10,10.38000000000001
2018-12-11,-0.0800000000000125
2018-12-12,-19.75
2018-12-13,89.19
2018-12-14,85.85000000000001
2018-12-17,105.80000000000001
2018-12-18,110.83000000000001
2018-12-19,71.4
2018-12-20,88.34
2018-12-21,121.19999999999999
2018-12-24,84.95999999999998
2018-12-27,55.42999999999998
2018-12-28,70.19
2018-12-31,-92.11999999999998
2019-01-02,61.400000000000006
2019-01-03,-14.730000000000018
2019-01-04,68.55999999999997
2019-01-07,118.82
2019-01-08,238.5
2019-01-09,48.58000000000001
2019-01-10,115.23999999999998
2019-01-11,141.55
2019-01-14,264.11
2019-01-15,88.88
2019-01-16,41.359999999999985
2019-01-17,74.81
2019-01-18,81.38999999999999
2019-01-21,-12.76000000000002
2019-01-22,50.60000000000001
2019-01-23,-47.969999999999985
2019-01-24,-25.45999999999998
2019-01-25,-67.22
2019-01-28,-41.389999999999986
2019-01-29,-95.13000000000001
2019-01-30,-83.49000000000001
2019-01-31,-45.19
2019-02-01,-42.06999999999999
2019-02-04,6.909999999999997
2019-02-05,-216.96999999999997
2019-02-06,107.35
2019-02-07,-94.04999999999998
2019-02-08,-153.44
2019-02-11,-214.38000000000002
2019-02-12,-229.76999999999998
2019-02-13,-63.94
2019-02-14,-173.99
2019-02-15,-114.61999999999999
2019-02-18,24.370000000000005
2019-02-19,-17.539999999999992
2019-02-20,-23.36
2019-02-21,-43.650000000000006
2019-02-22,-10.060000000000002
2019-02-25,-49.68000000000001
2019-02-26,62.709999999999994
2019-02-27,21.830000000000013
2019-02-28,-38.110000000000014
2019-03-01,13.810000000000002
2019-03-04,-149.92
2019-03-05,126.71999999999997
2019-03-06,-170.0
2019-03-07,24.44999999999999
2019-03-08,37.150000000000006
2019-03-11,101.70000000000002
2019-03-12,85.41999999999999
2019-03-13,8.530000000000001
2019-03-14,48.269999999999996
2019-03-15,39.45
2019-03-18,-83.8
2019-03-19,-0.5500000000000114
2019-03-20,33.51999999999998
2019-03-21,-8.27000000000001
2019-03-22,-26.049999999999983
2019-03-25,-36.290000000000006
2019-03-26,-91.71
2019-03-27,-64.77000000000001
2019-03-28,-118.58999999999999
2019-03-29,-37.56
2019-04-01,104.5
2019-04-02,-122.46999999999997
2019-04-03,35.69
2019-04-04,-80.44
2019-04-05,-83.61000000000001
2019-04-08,-146.98000000000002
2019-04-09,-29.58
2019-04-10,-36.69999999999999
2019-04-11,-8.399999999999991
2019-04-12,-69.46000000000001
2019-04-15,2.6299999999999955
2019-04-16,-71.87
2019-04-17,-30.329999999999984
2019-04-18,-34.97
2019-04-23,-42.30000000000001
2019-04-24,2.5799999999999983
2019-04-25,25.35000000000001
2019-04-26,9.370000000000005
2019-04-29,71.41000000000001
2019-04-30,-11.959999999999994
2019-05-01,-29.370000000000005
2019-05-02,-95.45000000000002
2019-05-03,-38.44
2019-05-07,77.06
2019-05-08,132.55
2019-05-09,36.510000000000005
2019-05-10,55.66000000000001
2019-05-13,27.960000000000008
2019-05-14,115.56
2019-05-15,96.94
2019-05-16,80.7
2019-05-17,45.48000000000002
2019-05-20,71.29999999999998
2019-05-21,7.670000000000002
2019-05-22,75.21000000000001
2019-05-23,5.6299999999999955
2019-05-24,66.60999999999999
2019-05-28,-5.75
2019-05-29,-20.540000000000006
2019-05-30,-68.98
2019-05-31,-36.14
2019-06-03,32.76
2019-06-04,-15.97999999999999
2019-06-05,116.82999999999998
2019-06-06,3.8100000000000023
2019-06-07,124.59
2019-06-10,169.20999999999998
2019-06-11,45.03999999999999
2019-06-12,19.28
2019-06-13,9.52000000000001
2019-06-14,32.629999999999995
2019-06-17,52.22999999999999
2019-06-18,17.54000000000002
2019-06-19,21.230000000000004
2019-06-20,-43.18000000000001
2019-06-21,67.24000000000001
2019-06-24,6.100000000000023
2019-06-25,-8.030000000000001
2019-06-26,72.98
2019-06-27,72.22999999999999
2019-06-28,81.22000000000001
2019-07-01,150.05
2019-07-02,1.8999999999999915
2019-07-03,-172.42
2019-07-04,-71.73000000000002
2019-07-05,-167.36
2019-07-08,-180.05999999999997
2019-07-09,-108.38000000000001
2019-07-10,-143.3
2019-07-11,-15.080000000000013
2019-07-12,-36.19
2019-07-15,-13.409999999999997
2019-07-16,-33.48000000000002
2019-07-17,-5.97999999999999
2019-07-18,-7.36999999999999
2019-07-19,-53.45
2019-07-22,-50.80000000000001
2019-07-23,6.159999999999997
2019-07-24,-94.09
2019-07-25,-11.669999999999987
2019-07-26,-43.96000000000001
2019-07-29,-116.3
2019-07-30,83.14
2019-07-31,-10.420000000000002
2019-08-01,51.120000000000005
2019-08-02,74.75
2019-08-05,-10.560000000000016
2019-08-06,59.000000000000014
2019-08-07,71.18
2019-08-08,-71.42999999999999
2019-08-09,-42.96000000000001
2019-08-12,-33.02000000000001
2019-08-13,-35.359999999999985
2019-08-14,101.86999999999998
2019-08-15,217.76999999999998
2019-08-16,211.97999999999996
2019-08-19,94.13
2019-08-20,92.19
2019-08-21,236.25
2019-08-22,151.85
2019-08-23,217.83999999999997
2019-08-27,148.39999999999998
2019-08-28,-9.810000000000002
2019-08-29,16.950000000000003
2019-08-30,46.78999999999999
2019-09-02,95.19
2019-09-03,69.07000000000001
2019-09-04,2.6699999999999875
2019-09-05,26.44999999999999
2019-09-06,128.32999999999998
2019-09-09,15.920000000000016
2019-09-10,-28.549999999999997
2019-09-11,-0.9300000000000068
2019-09-12,-56.609999999999985
2019-09-13,-121.27000000000001
2019-09-16,-216.23999999999998
2019-09-17,-95.28
2019-09-18,-109.94
2019-09-19,-116.72
2019-09-20,-7.3799999999999955
2019-09-23,-147.99999999999997
2019-09-24,-95.48999999999998
2019-09-25,85.62
2019-09-26,-1.6200000000000045
2019-09-27,-48.01999999999998
2019-09-30,-97.28999999999999
2019-10-01,-108.18
2019-10-02,21.50999999999999
2019-10-03,-56.02999999999999
2019-10-04,48.31999999999999
2019-10-07,41.69
2019-10-08,131.93
2019-10-09,-84.38999999999999
2019-10-10,39.56
2019-10-11,-57.879999999999995
2019-10-14,70.99000000000001
2019-10-15,-22.189999999999998
2019-10-16,27.349999999999994
2019-10-17,-72.03
2019-10-18,-176.18
2019-10-21,-123.61000000000001
2019-10-22,-101.35000000000001
2019-10-23,-163.73000000000002
2019-10-24,-32.519999999999996
2019-10-25,-82.84
2019-10-28,-65.9
2019-10-29,96.28999999999999
2019-10-30,52.07000000000002
2019-10-31,90.64
2019-11-01,-207.07
2019-11-04,-43.920000000000016
2019-11-05,-35.579999999999984
2019-11-06,44.07
2019-11-07,-104.44000000000001
2019-11-08,31.140000000000015
2019-11-11,4.799999999999983
2019-11-12,72.91
2019-11-13,-32.90999999999998
2019-11-14,-28.38000000000001
2019-11-15,11.739999999999995
2019-11-18,-65.13999999999999
2019-11-19,-19.869999999999997
2019-11-20,-35.959999999999994
2019-11-21,-2.480000000000004
2019-11-22,-10.400000000000006
2019-11-25,19.159999999999997
2019-11-26,-106.74
2019-11-27,-116.27000000000001
2019-11-28,-30.599999999999994
2019-11-29,33.83
2019-12-02,-44.44999999999999
2019-12-03,-56.849999999999994
2019-12-04,48.129999999999995
2019-12-05,31.290000000000006
2019-12-06,57.389999999999986
2019-12-09,-8.059999999999974
2019-12-10,-3.2399999999999807
2019-12-11,16.08999999999999
2019-12-12,58.2
2019-12-13,150.06
2019-12-16,119.03
2019-12-17,122.87
2019-12-18,54.55
2019-12-19,18.89
2019-12-20,120.19999999999999
2019-12-23,51.68000000000001
2019-12-24,-2.1599999999999966
2019-12-27,93.00999999999999
2019-12-30,-27.880000000000024
2019-12-31,3.3300000000000125
2020-01-02,72.44999999999999
2020-01-03,19.25999999999999
2020-01-06,109.47999999999999
2020-01-07,-28.480000000000004
2020-01-08,-50.68000000000001
2020-01-09,-38.01000000000002
2020-01-10,-36.83000000000001
2020-01-13,66.27000000000001
2020-01-14,-14.919999999999987
2020-01-15,-61.390000000000015
2020-01-16,-52.890000000000015
2020-01-17,-43.60000000000001
2020-01-20,15.16000000000001
2020-01-21,46.280000000000015
2020-01-22,-84.66999999999999
2020-01-23,-43.61
2020-01-24,18.090000000000003
2020-01-27,-90.49999999999999
2020-01-28,30.630000000000024
2020-01-29,-28.230000000000004
2020-01-30,-22.50999999999999
2020-01-31,67.85
2020-02-03,-90.47
2020-02-04,32.489999999999995
2020-02-05,-58.36999999999999
2020-02-06,19.900000000000006
2020-02-07,66.30000000000001
2020-02-10,23.69999999999999
2020-02-11,137.15
2020-02-12,-24.94999999999999
2020-02-13,53.610000000000014
2020-02-14,-32.790000000000006
2020-02-17,-19.500000000000014
2020-02-18,-42.83000000000001
2020-02-19,-20.710000000000008
2020-02-20,21.689999999999984
2020-02-21,68.98
2020-02-24,-1.990000000000009
2020-02-25,32.619999999999976
2020-02-26,87.25999999999999
2020-02-27,52.50999999999999
2020-02-28,28.049999999999983
2020-03-02,26.390000000000015
2020-03-03,70.28
2020-03-04,136.7
2020-03-05,31.900000000000006
2020-03-06,20.359999999999985
2020-03-09,141.59000000000003
2020-03-10,91.82999999999998
2020-03-11,120.39000000000001
2020-03-12,147.04999999999998
2020-03-13,378.35
2020-03-16,395.5
2020-03-17,446.5899999999999
2020-03-18,546.55
2020-03-19,593.6700000000001
2020-03-20,728.56
2020-03-23,919.4099999999999
2020-03-24,830.1499999999999
2020-03-25,530.02
2020-03-26,752.0600000000001
2020-03-27,668.29
2020-03-30,618.56
2020-03-31,336.34000000000003
2020-04-01,518.07
2020-04-02,711.64
2020-04-03,609.05
2020-04-06,612.73
2020-04-07,358.07000000000005
2020-04-08,596.17
2020-04-09,444.87
2020-04-14,513.5799999999999
2020-04-15,421.62
2020-04-16,433.1400000000001
2020-04-17,123.82000000000005
2020-04-20,377.30000000000007
2020-04-21,24.860000000000014
2020-04-22,-264.89999999999986
2020-04-23,-213.9999999999999
2020-04-24,277.12
2020-04-27,228.76999999999998
2020-04-28,19.340000000000032
2020-04-29,115.24000000000001
2020-04-30,249.39999999999998
2020-05-01,197.18999999999994
2020-05-04,-90.25999999999999
2020-05-05,15.409999999999968
2020-05-06,6.3700000000000045
2020-05-07,215.70999999999992
2020-05-11,-239.92999999999995
2020-05-12,212.26999999999998
2020-05-13,11.220000000000027
2020-05-14,-57.809999999999945
2020-05-15,-379.4200000000001
2020-05-18,323.76
2020-05-19,-361.8700000000001
2020-05-20,-167.64999999999998
2020-05-21,-88.88999999999999
2020-05-22,-117.00999999999999
2020-05-26,-232.0
2020-05-27,-472.87
2020-05-28,-162.30999999999995
2020-05-29,-126.92999999999995
2020-06-01,-196.85000000000002
2020-06-02,-581.91
2020-06-03,-125.67999999999995
2020-06-04,-326.0
2020-06-05,-489.7
2020-06-08,-380.05999999999995
2020-06-09,-62.889999999999986
2020-06-10,-483.33
2020-06-11,-380.19000000000005
2020-06-12,-250.7800000000001
2020-06-15,-51.83999999999992
2020-06-16,-592.03
2020-06-17,-122.66999999999996
2020-06-18,-67.51999999999998
2020-06-19,18.639999999999986
2020-06-22,-108.81000000000006
2020-06-23,-179.88
2020-06-24,-155.25
2020-06-25,-264.7800000000001
2020-06-26,-224.13
2020-06-29,82.29000000000008
2020-06-30,70.49000000000001
2020-07-01,12.870000000000005
2020-07-02,83.89999999999998
2020-07-03,13.96999999999997
2020-07-06,175.43999999999994
2020-07-07,-100.93000000000006
2020-07-08,167.39000000000004
2020-07-09,-114.91999999999996
2020-07-10,-114.29999999999995
2020-07-13,-122.04000000000008
2020-07-14,-95.17000000000002
2020-07-15,-58.680000000000064
2020-07-16,-98.52999999999997
2020-07-17,1.7799999999999727
2020-07-20,211.61
2020-07-21,99.76999999999998
2020-07-22,55.09000000000003
2020-07-23,41.32000000000005
2020-07-24,-102.78000000000003
2020-07-27,10.100000000000023
2020-07-28,296.52
2020-07-29,-73.18000000000006
2020-07-30,-61.75999999999999
2020-07-31,12.920000000000073
2020-08-03,-128.90999999999997
2020-08-04,69.30000000000007
2020-08-05,-187.79000000000002
2020-08-06,82.99000000000001
2020-08-07,15.700000000000045
2020-08-10,157.60000000000002
2020-08-11,77.26999999999998
2020-08-12,-92.01999999999998
2020-08-13,-27.690000000000055
2020-08-14,-247.97000000000003
2020-08-17,-321.71999999999997
2020-08-18,-269.63
2020-08-19,-331.97
2020-08-20,-0.09000000000003183
2020-08-21,0.5
2020-08-24,-148.70000000000005
2020-08-25,-225.01999999999998
2020-08-26,-280.08
2020-08-27,-171.74999999999994
2020-08-28,-51.84000000000003
2020-09-01,-238.14
2020-09-02,-222.53000000000003
2020-09-03,-13.259999999999991
2020-09-04,-168.05
2020-09-07,610.7
2020-09-08,-296.61
2020-09-09,-96.56
2020-09-10,-68.0
2020-09-11,-175.89999999999998
2020-09-14,40.410000000000025
2020-09-15,91.96999999999997
2020-09-16,23.319999999999993
2020-09-17,112.55999999999995
2020-09-18,-199.72999999999996
2020-09-21,-63.06
2020-09-22,-332.40999999999997
2020-09-23,-158.78000000000003
2020-09-24,44.589999999999975
2020-09-25,-53.420000000000016
2020-09-28,-49.06
2020-09-29,-59.55000000000001
2020-09-30,99.67000000000002
2020-10-01,-29.850000000000023
2020-10-02,9.050000000000011
2020-10-05,-753.5400000000001
2020-10-06,219.44000000000005
2020-10-07,323.81
2020-10-08,81.43
2020-10-09,165.15999999999997
2020-10-12,63.339999999999975
2020-10-13,-285.57
2020-10-14,23.659999999999968
2020-10-15,-24.409999999999968
2020-10-16,-11.20999999999998
2020-10-19,19.879999999999995
2020-10-20,198.91
2020-10-21,-67.19
2020-10-22,-30.00999999999999
2020-10-23,-55.660000000000025
2020-10-26,25.069999999999993
2020-10-27,-41.75
2020-10-28,13.619999999999948
2020-10-29,138.82999999999998
2020-10-30,67.91000000000003
2020-11-02,217.93999999999994
2020-11-03,-154.01000000000005
2020-11-04,-50.710000000000036
2020-11-05,-110.46999999999997
2020-11-06,-5.779999999999973
2020-11-09,-249.29999999999995
2020-11-10,23.100000000000023
2020-11-11,18.069999999999993
2020-11-12,-32.31999999999999
2020-11-13,-112.58000000000001
2020-11-16,-22.789999999999964
2020-11-17,-38.69999999999999
2020-11-18,-32.039999999999964
2020-11-19,32.81
2020-11-20,98.68
2020-11-23,97.01999999999998
2020-11-24,89.99000000000001
2020-11-25,2.170000000000016
2020-11-26,-142.20999999999998
2020-11-27,141.82
2020-11-30,-208.60999999999996
2020-12-01,29.850000000000023
2020-12-02,-303.71999999999997
2020-12-03,-64.46000000000004
2020-12-04,-214.87
2020-12-07,101.94
2020-12-08,-11.390000000000043
2020-12-09,-285.08
2020-12-10,-32.579999999999984
2020-12-11,-103.88000000000002
2020-12-14,9.149999999999977
2020-12-15,-91.81
2020-12-16,-32.24000000000001
2020-12-17,-13.70999999999998
2020-12-18,-34.30000000000001
2020-12-21,-205.71999999999997
2020-12-22,-113.47000000000003
2020-12-23,-57.889999999999986
2020-12-24,-38.85000000000002
2020-12-29,-224.02000000000004
2020-12-30,147.64000000000004
2020-12-31,80.93
2021-01-04,784.0700000000002
2021-01-05,87.34000000000003
2021-01-06,5.610000000000014
2021-01-07,-150.94000000000003
2021-01-08,-112.96999999999997
2021-01-11,348.06
2021-01-12,48.849999999999966
2021-01-13,170.01
2021-01-14,-108.93
2021-01-15,-25.850000000000023
2021-01-18,-72.43
2021-01-19,-114.97000000000003
2021-01-20,13.970000000000027
2021-01-21,62.50999999999999
2021-01-22,104.10000000000002
2021-01-25,38.120000000000005
2021-01-26,76.17000000000002
2021-01-27,10.78000000000003
2021-01-28,-302.52000000000004
2021-01-29,-151.54000000000002
2021-02-01,-873.98
2021-02-02,-75.15000000000003
2021-02-03,-44.50999999999999
2021-02-04,-8.75
2021-02-05,14.689999999999998
2021-02-08,-288.3
2021-02-09,-185.78
2021-02-10,-106.50999999999999
2021-02-11,-73.49999999999997
2021-02-12,95.04000000000002
2021-02-15,48.46000000000001
2021-02-16,-20.329999999999984
2021-02-17,-159.64000000000001
2021-02-18,-191.73000000000002
2021-02-19,-108.49000000000001
2021-02-22,-196.56
2021-02-23,-193.85
2021-02-24,-121.40000000000003
2021-02-25,174.75
2021-02-26,8.899999999999977
2021-03-01,82.04000000000002
2021-03-02,-101.45999999999998
2021-03-03,44.16999999999996
2021-03-04,-22.45999999999998
2021-03-05,240.91000000000003
2021-03-08,1211.3799999999999
2021-03-09,216.37000000000003
2021-03-10,250.11
2021-03-11,330.11
2021-03-12,-39.75999999999999
2021-03-15,414.73
2021-03-16,-17.5
2021-03-17,227.73
2021-03-18,134.57
2021-03-19,245.73000000000002
2021-03-22,612.1299999999999
2021-03-23,138.9
2021-03-24,-80.58999999999997
2021-03-25,-34.29000000000002
2021-03-26,-130.40999999999997
2021-03-29,-62.03000000000003
2021-03-30,-7.0
2021-03-31,-41.96999999999997
2021-04-01,-22.370000000000005
2021-04-06,-241.45000000000002
2021-04-07,-1117.52
2021-04-08,-155.03000000000003
2021-04-09,-257.28999999999996
2021-04-12,-401.7900000000001
2021-04-13,-67.42000000000002
2021-04-14,-493.6
2021-04-15,-49.47999999999999
2021-04-16,-283.15
2021-04-19,-170.04
2021-04-20,-346.89
2021-04-21,-638.92
2021-04-22,-185.37
2021-04-23,-39.870000000000005
2021-04-26,-198.30999999999997
2021-04-27,89.32
2021-04-28,-120.72
2021-04-29,89.07
2021-04-30,-140.5
2021-05-04,31.819999999999993
2021-05-05,65.51000000000002
2021-05-06,-127.75
2021-05-07,-21.97999999999999
2021-05-10,101.52000000000001
2021-05-11,174.92999999999998
2021-05-12,-98.28
2021-05-13,29.159999999999997
2021-05-14,-17.360000000000014
2021-05-17,187.45
2021-05-18,46.69
2021-05-19,96.77000000000001
2021-05-20,88.56
2021-05-21,-33.670000000000016
2021-05-24,100.49000000000001
2021-05-25,66.16999999999999
2021-05-26,-168.28
2021-05-27,-20.580000000000013
2021-05-28,-36.99000000000001
2021-06-01,106.47
2021-06-02,-81.83000000000001
2021-06-03,-72.93000000000004
2021-06-04,-71.13
2021-06-07,5.469999999999999
2021-06-08,-96.73000000000002
2021-06-09,-15.849999999999966
2021-06-10,42.93000000000001
2021-06-11,110.91000000000003
2021-06-14,56.99000000000001
2021-06-15,-136.14999999999998
2021-06-16,-56.579999999999984
2021-06-17,-76.06
2021-06-18,58.110000000000014
2021-06-21,56.46000000000001
2021-06-22,-133.88
2021-06-23,-75.50999999999999
2021-06-24,14.560000000000002
2021-06-25,57.120000000000005
2021-06-28,-31.019999999999982
2021-06-29,37.150000000000006
2021-06-30,28.840000000000003
2021-07-01,-22.079999999999984
2021-07-02,70.12
2021-07-05,-7.789999999999992
2021-07-06,53.849999999999994
2021-07-07,-175.46
2021-07-08,-16.78
2021-07-09,-153.04000000000002
2021-07-12,20.72999999999999
2021-07-13,118.25
2021-07-14,-8.72999999999999
2021-07-15,159.61
2021-07-16,-164.95
2021-07-19,61.25000000000003
2021-07-20,99.25
2021-07-21,55.43000000000001
2021-07-22,53.75999999999999
2021-07-23,44.79000000000002
2021-07-26,-87.65
2021-07-27,-95.22
2021-07-28,20.810000000000002
2021-07-29,62.66
2021-07-30,68.43
2021-08-02,-25.670000000000016
2021-08-03,-119.1
2021-08-04,-14.88000000000001
2021-08-05,144.76999999999998
2021-08-06,2.8700000000000045
2021-08-09,65.10000000000002
2021-08-10,306.58
2021-08-11,2.1799999999999784
2021-08-12,-223.04000000000002
2021-08-13,-20.49000000000001
2021-08-16,-103.87000000000003
2021-08-17,-53.21000000000001
2021-08-18,-45.120000000000005
2021-08-19,21.189999999999998
2021-08-20,-88.11000000000001
2021-08-23,115.68000000000004
2021-08-24,-59.77000000000001
2021-08-25,-63.56
2021-08-26,-157.55
2021-08-27,-116.74000000000001
2021-08-31,75.57
2021-09-01,37.99000000000001
2021-09-02,16.269999999999996
2021-09-03,-152.03
2021-09-06,138.26999999999998
2021-09-07,56.69999999999999
2021-09-08,-374.48
2021-09-09,33.68000000000001
2021-09-10,20.919999999999987
2021-09-13,91.44
2021-09-14,121.58000000000001
2021-09-15,5.659999999999997
2021-09-16,-56.5
2021-09-17,-98.11
2021-09-20,112.63
2021-09-21,-29.970000000000027
2021-09-22,71.36000000000001
2021-09-23,-18.139999999999986
2021-09-24,-20.909999999999997
2021-09-27,214.89999999999998
2021-09-28,-61.06999999999999
2021-09-29,-13.080000000000013
2021-09-30,117.92000000000002
2021-10-01,-14.030000000000001
2021-10-04,-14.189999999999998
2021-10-05,-219.18
2021-10-06,-23.700000000000017
2021-10-07,9.419999999999987
2021-10-08,30.54000000000002
2021-10-11,-93.78
2021-10-12,-155.37
2021-10-13,-7.180000000000007
2021-10-14,86.51999999999998
2021-10-15,0.7000000000000028
2021-10-18,-30.50999999999999
2021-10-19,-88.97999999999999
2021-10-20,-106.41000000000001
2021-10-21,44.22
2021-10-22,56.55
2021-10-25,-172.60999999999999
2021-10-26,22.75
2021-10-27,0.8900000000000148
2021-10-28,-93.12
2021-10-29,17.05000000000001
2021-11-01,14.850000000000023
2021-11-02,112.38999999999999
2021-11-03,71.21000000000004
2021-11-04,99.17000000000002
2021-11-05,147.92999999999998
2021-11-08,402.69000000000005
2021-11-09,62.19
2021-11-10,-110.28999999999999
2021-11-11,-89.66999999999999
2021-11-12,146.92000000000002
2021-11-15,-14.439999999999998
2021-11-16,47.89999999999998
2021-11-17,54.980000000000004
2021-11-18,86.53
2021-11-19,96.86
2021-11-22,-90.57000000000001
2021-11-23,-99.45
2021-11-24,28.349999999999994
2021-11-25,-36.110000000000014
2021-11-26,-16.360000000000014
2021-11-29,-145.65000000000003
2021-11-30,-92.78
2021-12-01,-150.57000000000002
2021-12-02,-192.49
2021-12-03,-101.44999999999999
2021-12-06,-417.17
2021-12-07,-48.09
2021-12-08,57.900000000000006
2021-12-09,5.260000000000005
2021-12-10,-133.15000000000003
2021-12-13,41.69999999999999
2021-12-14,-60.69999999999999
2021-12-15,18.109999999999985
2021-12-16,-15.069999999999993
2021-12-17,-32.900000000000006
2021-12-20,185.11
2021-12-21,115.50000000000001
2021-12-22,57.639999999999986
2021-12-23,176.85
2021-12-24,29.400000000000006
2021-12-29,431.12000000000006
2021-12-30,167.03
2021-12-31,270.6
2022-01-04,282.18
2022-01-05,93.20999999999998
2022-01-06,174.02999999999997
2022-01-07,181.41
2022-01-10,231.56
2022-01-11,238.44
2022-01-12,113.89
2022-01-13,-15.25
2022-01-14,-5.8799999999999955
2022-01-17,199.9
2022-01-18,123.87999999999997
2022-01-19,109.39000000000001
2022-01-20,24.019999999999982
2022-01-21,96.80999999999997
2022-01-24,-105.9
2022-01-25,-50.92999999999998
2022-01-26,149.38000000000002
2022-01-27,-391.87
2022-01-28,18.79000000000002
2022-01-31,-81.76999999999998
2022-02-01,-175.68
2022-02-02,-76.37999999999997
2022-02-03,-99.66999999999999
2022-02-04,-196.73999999999998
2022-02-07,-188.32
2022-02-08,-87.11000000000001
2022-02-09,41.099999999999994
2022-02-10,18.30000000000001
2022-02-11,38.25
2022-02-14,-145.98
2022-02-15,-37.48999999999995
2022-02-16,81.25999999999999
2022-02-17,-125.74999999999997
2022-02-18,-39.079999999999984
2022-02-21,110.47000000000003
2022-02-22,-123.04
2022-02-23,-185.56
2022-02-24,95.33000000000001
2022-02-25,-151.28
2022-02-28,-144.11
2022-03-01,-41.72999999999999
2022-03-02,95.33000000000001
2022-03-03,-13.049999999999983
2022-03-04,144.27
2022-03-07,-38.85000000000002
2022-03-08,-3.680000000000007
2022-03-09,-117.97999999999999
2022-03-10,-65.25
2022-03-11,154.49999999999997
2022-03-14,22.23999999999998
2022-03-15,-166.82000000000002
2022-03-16,-194.87
2022-03-17,350.0799999999999
2022-03-18,29.850000000000023
2022-03-21,49.089999999999975
2022-03-22,51.64
2022-03-23,506.34000000000003
2022-03-24,425.73999999999995
2022-03-25,318.43999999999994
2022-03-28,69.72
2022-03-29,192.84
2022-03-30,-90.86000000000001
2022-03-31,79.80000000000001
2022-04-01,-161.92000000000002
2022-04-04,-54.02999999999999
2022-04-05,-130.13
2022-04-06,-69.59
2022-04-07,3.259999999999991
2022-04-08,-82.00999999999996
2022-04-11,-91.85999999999999
2022-04-12,35.19999999999999
2022-04-13,-129.92999999999998
2022-04-14,-338.47999999999996
2022-04-19,-158.92000000000002
2022-04-20,-65.81
2022-04-21,-138.88
2022-04-22,-530.6500000000001
2022-04-25,-561.24
2022-04-26,-437.34999999999997
2022-04-27,67.66
2022-04-28,193.07999999999998
2022-04-29,-105.51
2022-05-03,-74.29000000000002
2022-05-04,65.03999999999999
2022-05-05,11.849999999999994
2022-05-06,37.16999999999999
2022-05-09,186.07999999999998
2022-05-10,-98.02
2022-05-11,-36.24000000000001
2022-05-12,17.109999999999985
2022-05-13,-62.02999999999999
2022-05-16,100.16
2022-05-17,-42.650000000000006
2022-05-18,-32.05000000000001
2022-05-19,308.15
2022-05-20,60.60999999999999
2022-05-23,128.01999999999998
2022-05-24,-13.820000000000007
2022-05-25,97.51
2022-05-26,-128.38
2022-05-27,-371.13
2022-05-30,-34.30000000000001
2022-05-31,56.70999999999998
2022-06-01,25.400000000000006
2022-06-06,139.79000000000002
2022-06-07,15.659999999999997
2022-06-08,-34.28999999999999
2022-06-09,128.72000000000003
2022-06-10,-96.05
2022-06-13,15.530000000000001
2022-06-14,104.92999999999999
2022-06-15,189.95
2022-06-16,-9.469999999999999
2022-06-17,26.74000000000001
2022-06-20,-381.23999999999995
2022-06-21,41.879999999999995
2022-06-22,-67.35999999999999
2022-06-23,218.50000000000003
2022-06-24,23.430000000000007
2022-06-27,-73.87
2022-06-28,-114.08999999999999
2022-06-29,103.02
2022-06-30,-146.17
2022-07-01,-24.670000000000016
2022-07-04,-73.84
2022-07-05,4.100000000000023
2022-07-06,339.0400000000001
2022-07-07,197.15
2022-07-08,420.40000000000003
2022-07-11,420.71000000000004
2022-07-12,-56.599999999999994
2022-07-13,-15.980000000000018
2022-07-14,106.68
2022-07-15,-9.289999999999992
2022-07-18,-4.630000000000024
2022-07-19,129.37000000000003
2022-07-20,-0.5600000000000023
2022-07-21,-208.96000000000004
2022-07-22,-53.870000000000005
2022-07-25,-72.66999999999999
2022-07-26,-0.6400000000000006
2022-07-27,82.36000000000001
2022-07-28,265.64
2022-07-29,17.27000000000001
2022-08-01,66.52000000000001
2022-08-02,126.65999999999997
2022-08-03,-333.07000000000005
2022-08-04,-198.98000000000002
2022-08-05,-365.1600000000001
2022-08-08,-393.58
2022-08-09,46.41999999999999
2022-08-10,-132.29999999999998
2022-08-11,-164.88
2022-08-12,-20.590000000000003
2022-08-15,-24.5
2022-08-16,-37.95000000000002
2022-08-17,-8.289999999999992
2022-08-18,90.27
2022-08-19,-64.07000000000001
2022-08-22,83.5
2022-08-23,81.46000000000001
2022-08-24,-88.69
2022-08-25,-208.09
2022-08-26,-41.03
2022-08-30,-111.95000000000002
2022-08-31,-4.3799999999999955
2022-09-01,-87.22999999999999
2022-09-02,-56.75
2022-09-05,93.97999999999999
2022-09-06,222.37
2022-09-07,293.25
2022-09-08,336.17999999999995
2022-09-09,45.28999999999999
2022-09-12,107.19999999999999
2022-09-13,-25.39999999999999
2022-09-14,-88.46000000000001
2022-09-15,20.019999999999982
2022-09-16,-77.13
2022-09-20,285.71
2022-09-21,207.47000000000003
2022-09-22,192.24
2022-09-23,113.04000000000002
2022-09-26,183.17999999999998
2022-09-27,541.0699999999999
2022-09-28,1105.3500000000001
2022-09-29,204.67000000000007
2022-09-30,216.67999999999998
2022-10-03,241.89
2022-10-04,65.31
2022-10-05,324.96999999999997
2022-10-06,-19.20999999999998
2022-10-07,-123.07
2022-10-10,122.96000000000001
2022-10-11,142.60000000000002
2022-10-12,441.14
2022-10-13,606.73
2022-10-14,210.5
2022-10-17,1524.9099999999999
2022-10-18,735.8199999999999
2022-10-19,1229.07
2022-10-20,345.65999999999997
2022-10-21,472.47
2022-10-24,40.02000000000004
2022-10-25,-113.23000000000002
2022-10-26,-420.94000000000005
2022-10-27,-139.39000000000004
2022-10-28,17.220000000000027
2022-10-31,-327.09999999999997
2022-11-01,-98.41
2022-11-02,-340.08
2022-11-03,54.03000000000003
2022-11-04,-139.13
2022-11-07,25.230000000000018
2022-11-08,8.629999999999995
2022-11-09,-46.22999999999996
2022-11-10,-370.00999999999993
2022-11-11,-44.839999999999975
2022-11-14,-1342.42
2022-11-15,-904.2399999999999
2022-11-16,-1198.1999999999998
2022-11-17,-172.93999999999994
2022-11-18,-249.87
2022-11-21,-126.26000000000005
2022-11-22,-357.15
2022-11-23,-537.22
2022-11-24,-167.65
2022-11-25,-171.62
2022-11-28,133.29000000000002
2022-11-29,51.47
2022-11-30,-209.26
2022-12-01,-325.61
2022-12-02,218.65000000000003
2022-12-05,1245.1399999999999
2022-12-06,-168.69000000000003
2022-12-07,-307.09000000000003
2022-12-08,-127.52000000000004
2022-12-09,-218.03000000000003
2022-12-12,-67.66
2022-12-13,-9.159999999999997
2022-12-14,243.98000000000002
2022-12-15,-315.6700000000001
2022-12-16,-165.89000000000004
2022-12-19,-102.05999999999997
2022-12-20,-131.75
2022-12-21,-133.79000000000002
2022-12-22,-41.27000000000001
2022-12-23,-126.05
2022-12-28,-180.05
2022-12-29,6.829999999999984
2022-12-30,-133.26
2023-01-03,23.840000000000003
2023-01-04,-210.71000000000004
2023-01-05,-1127.78
2023-01-06,-56.66
2023-01-09,119.79999999999998
2023-01-10,-25.919999999999987
2023-01-11,214.37
2023-01-12,156.6
2023-01-13,-82.08000000000001
2023-01-16,-478.22
2023-01-17,77.64000000000001
2023-01-18,-81.76999999999998
2023-01-19,63.29999999999998
2023-01-20,265.08
2023-01-23,-18.659999999999997
2023-01-24,16.0
2023-01-25,15.819999999999993
2023-01-26,207.17
2023-01-27,-144.95
2023-01-30,160.64999999999998
2023-01-31,27.060000000000002
2023-02-01,-96.80999999999997
2023-02-02,-248.26999999999998
2023-02-03,140.67000000000002
2023-02-06,-132.29999999999998
2023-02-07,-16.97999999999999
2023-02-08,89.57999999999998
2023-02-09,-156.1
2023-02-10,61.150000000000006
2023-02-13,-61.550000000000004
2023-02-14,-75.77000000000001
2023-02-15,-53.28000000000003
2023-02-16,35.80000000000001
2023-02-17,-233.14
2023-02-20,141.15
2023-02-21,-61.139999999999986
2023-02-22,256.31
2023-02-23,22.879999999999995
2023-02-24,14.080000000000013
2023-02-27,-69.6
2023-02-28,4.529999999999973
2023-03-01,263.25
2023-03-02,129.17000000000002
2023-03-03,-123.48000000000002
2023-03-06,-21.620000000000005
2023-03-07,120.19
2023-03-08,-190.53999999999996
2023-03-09,-123.22999999999999
2023-03-10,-23.419999999999987
2023-03-13,-15.969999999999999
2023-03-14,118.73999999999998
2023-03-15,70.61000000000001
2023-03-16,75.79000000000002
2023-03-17,8.460000000000008
2023-03-20,-207.92000000000002
2023-03-21,-69.42000000000002
2023-03-22,-264.06
2023-03-23,43.75
2023-03-24,-41.34
2023-03-27,10.579999999999984
2023-03-28,307.51
2023-03-29,-348.28
2023-03-30,-73.5
2023-03-31,49.79000000000002
2023-04-03,1.9199999999999875
2023-04-04,-55.68000000000001
2023-04-05,-135.61
2023-04-06,76.33000000000001
2023-04-11,10.5
2023-04-12,225.23999999999998
2023-04-13,-208.85
2023-04-14,-222.29000000000002
2023-04-17,-217.07000000000002
2023-04-18,48.55000000000001
2023-04-19,187.81
2023-04-20,81.84
2023-04-21,17.090000000000003
2023-04-24,-178.01999999999998
2023-04-25,950.5799999999999
2023-04-26,-31.25
2023-04-27,-476.89
2023-04-28,78.68
2023-05-02,-120.84000000000002
2023-05-03,4.319999999999993
2023-05-04,112.41000000000003
2023-05-05,-128.15
2023-05-09,21.80000000000001
2023-05-10,-34.900000000000006
2023-05-11,-17.88000000000001
2023-05-12,-176.42999999999998
2023-05-15,-77.09
2023-05-16,147.88
2023-05-17,48.870000000000005
2023-05-18,-5.320000000000022
2023-05-19,-7.990000000000009
2023-05-22,303.0
2023-05-23,-80.44999999999999
2023-05-24,446.18
2023-05-25,-887.9999999999999
2023-05-26,31.05000000000001
2023-05-30,-89.36
2023-05-31,-7.090000000000003
2023-06-01,110.24
2023-06-02,47.160000000000025
2023-06-05,-188.36
2023-06-06,-65.99
2023-06-07,-16.500000000000014
2023-06-08,102.17000000000002
2023-06-09,112.14
2023-06-12,58.150000000000006
2023-06-13,63.71
2023-06-14,5.189999999999998
2023-06-15,70.32
2023-06-16,1.3500000000000227
2023-06-19,-86.42999999999998
2023-06-20,-236.67000000000002
2023-06-21,196.19
2023-06-22,-259.44
2023-06-23,-9.430000000000007
2023-06-26,-145.81
2023-06-27,339.47999999999996
2023-06-28,-59.05000000000001
2023-06-29,-103.78999999999999
2023-06-30,-127.76000000000002
2023-07-03,-18.89
2023-07-04,39.89
2023-07-05,-100.75
2023-07-06,-86.37000000000003
2023-07-07,-94.0
2023-07-10,65.82999999999998
2023-07-11,-26.070000000000007
2023-07-12,-191.61
2023-07-13,-27.590000000000003
2023-07-14,-125.84000000000002
2023-07-17,0.8100000000000023
2023-07-18,1.2399999999999807
2023-07-19,-172.95
2023-07-20,-95.48000000000002
2023-07-21,-47.74000000000001
2023-07-24,119.37
2023-07-25,-169.39
2023-07-26,193.79999999999998
2023-07-27,101.03999999999999
2023-07-28,40.81
2023-07-31,3.8700000000000045
2023-08-01,-9.620000000000005
2023-08-02,208.85000000000002
2023-08-03,-5.060000000000002
2023-08-04,12.159999999999997
2023-08-07,-24.269999999999982
2023-08-08,171.05
2023-08-09,115.28
2023-08-10,74.5
2023-08-11,46.99000000000001
2023-08-14,141.04999999999998
2023-08-15,54.25000000000003
2023-08-16,121.10999999999999
2023-08-17,140.7
2023-08-18,-45.05
2023-08-21,65.74000000000001
2023-08-22,-4.780000000000001
2023-08-23,-162.95
2023-08-24,154.43
2023-08-25,-62.780000000000015
2023-08-29,99.58
2023-08-30,35.94
2023-08-31,78.27000000000001
2023-09-01,-54.969999999999985
2023-09-04,-71.89
2023-09-05,-110.46000000000001
2023-09-06,89.12
2023-09-07,2.6100000000000136
2023-09-08,-184.83999999999997
2023-09-11,132.37
2023-09-12,-211.51
2023-09-13,-167.81
2023-09-14,16.75
2023-09-15,-206.71999999999997
2023-09-18,178.26
2023-09-19,24.379999999999995
2023-09-20,2.8400000000000034
2023-09-21,11.670000000000016
2023-09-22,-135.46
2023-09-25,159.46999999999997
2023-09-26,-53.260000000000005
2023-09-27,187.62
2023-09-28,-188.07000000000002
2023-09-29,43.38000000000001
2023-10-02,67.2
2023-10-03,66.12
2023-10-04,-174.49
2023-10-05,-35.21000000000001
2023-10-06,82.88000000000001
2023-10-09,-64.97
2023-10-10,721.6199999999999
2023-10-11,248.28999999999996
2023-10-12,-53.01999999999998
2023-10-13,-5.340000000000003
2023-10-16,-52.66
2023-10-17,-139.79000000000002
2023-10-18,-5.819999999999993
2023-10-19,-23.950000000000017
2023-10-20,-18.269999999999982
2023-10-23,-231.59999999999997
2023-10-24,38.86
2023-10-25,39.64999999999998
2023-10-26,542.8100000000001
2023-10-27,-18.190000000000026
2023-10-30,479.45
2023-10-31,164.65
2023-11-01,-8.379999999999995
2023-11-02,56.629999999999995
2023-11-03,-85.06000000000002
2023-11-06,11.689999999999998
2023-11-07,-720.0699999999999
2023-11-08,-81.72999999999996
2023-11-09,-56.290000000000006
2023-11-10,0.9699999999999989
2023-11-13,-182.39000000000001
2023-11-14,23.290000000000006
2023-11-15,-59.38000000000001
2023-11-16,57.41
2023-11-17,-48.34
2023-11-20,19.430000000000007
2023-11-21,24.05000000000001
2023-11-22,-140.49999999999997
2023-11-23,-358.35
2023-11-24,-13.159999999999997
2023-11-27,-564.5
2023-11-28,-68.31
2023-11-29,-56.83999999999999
2023-11-30,173.08
2023-12-01,198.14999999999998
2023-12-04,-60.66999999999999
2023-12-05,80.38000000000001
2023-12-06,-144.42000000000002
2023-12-07,-55.85
2023-12-08,54.53999999999999
2023-12-11,138.92000000000002
2023-12-12,338.75
2023-12-13,215.08999999999997
2023-12-14,12.439999999999998
2023-12-15,12.97999999999999
2023-12-18,-38.730000000000004
2023-12-19,470.7900000000001
2023-12-20,145.23999999999998
2023-12-21,-152.96
2023-12-22,9.610000000000014
2023-12-27,110.04
2023-12-28,-67.48000000000002
2023-12-29,-20.60000000000001
