End of Week Date,% FTSE250 Change
2017-01-13,0.17
2017-01-20,-1.2
2017-01-27,0.22
2017-02-03,1.21
2017-02-10,1.65
2017-02-17,-0.04
2017-02-24,-0.64
2017-03-03,1.58
2017-03-10,0.42
2017-03-17,0.7
2017-03-24,-0.6
2017-03-31,-0.05
2017-04-07,1.36
2017-04-14,1.54
2017-04-21,-0.86
2017-04-28,1.33
2017-05-05,0.43
2017-05-12,0.32
2017-05-19,0.25
2017-05-26,1.07
2017-06-02,-0.11
2017-06-09,-1.16
2017-06-16,0.23
2017-06-23,-0.66
2017-06-30,-1.75
2017-07-07,0.28
2017-07-14,0.07
2017-07-21,1.77
2017-07-28,-0.12
2017-08-04,1.22
2017-08-11,-2.13
2017-08-18,0.42
2017-08-25,0.23
2017-09-01,0.58
2017-09-08,-0.89
2017-09-15,-1.18
2017-09-22,0.72
2017-09-29,1.83
2017-10-06,1.47
2017-10-13,0.46
2017-10-20,-0.56
2017-10-27,-0.0
2017-11-03,1.62
2017-11-10,-2.21
2017-11-17,-1.11
2017-11-24,0.74
2017-12-01,-0.45
2017-12-08,0.7
2017-12-15,0.28
2017-12-22,2.16
2017-12-29,1.2
2018-01-05,1.0
2018-01-12,-0.35
2018-01-19,-0.99
2018-01-26,-0.18
2018-02-02,-3.17
2018-02-09,-3.73
2018-02-16,2.69
2018-02-23,0.34
2018-03-02,-2.09
2018-03-09,3.6
2018-03-16,-1.39
2018-03-23,-2.45
2018-03-30,0.73
2018-04-06,0.36
2018-04-13,1.58
2018-04-20,1.93
2018-04-27,0.25
2018-05-04,0.74
2018-05-11,1.78
2018-05-18,0.98
2018-05-25,0.58
2018-06-01,-0.6
2018-06-08,0.84
2018-06-15,-0.73
2018-06-22,0.02
2018-06-29,-0.85
2018-07-06,-1.02
2018-07-13,0.94
2018-07-20,0.54
2018-07-27,-0.27
2018-08-03,-1.12
2018-08-10,0.16
2018-08-17,-1.08
2018-08-24,1.21
2018-08-31,-0.01
2018-09-07,-2.32
2018-09-14,0.82
2018-09-21,1.05
2018-09-28,-1.38
2018-10-05,-1.92
2018-10-12,-4.74
2018-10-19,-0.94
2018-10-26,-2.36
2018-11-02,5.3
2018-11-09,-1.13
2018-11-16,-2.71
2018-11-23,-0.3
2018-11-30,-0.28
2018-12-07,-3.45
2018-12-14,-0.99
2018-12-21,-1.27
2018-12-28,0.13
2019-01-04,1.89
2019-01-11,4.19
2019-01-18,1.2
2019-01-25,-0.64
2019-02-01,0.9
2019-02-08,-0.84
2019-02-15,1.79
2019-02-22,1.49
2019-03-01,0.67
2019-03-08,-1.81
2019-03-15,2.33
2019-03-22,-2.53
2019-03-29,0.63
2019-04-05,2.2
2019-04-12,0.89
2019-04-19,0.63
2019-04-26,0.11
2019-05-03,-0.76
2019-05-10,-1.72
2019-05-17,0.68
2019-05-24,-1.9
2019-05-31,-0.82
2019-06-07,1.38
2019-06-14,-0.59
2019-06-21,1.08
2019-06-28,0.71
2019-07-05,0.99
2019-07-12,-0.53
2019-07-19,0.36
2019-07-26,1.2
2019-08-02,-3.05
2019-08-09,-0.84
2019-08-16,-1.42
2019-08-23,2.2
2019-08-30,0.82
2019-09-06,1.61
2019-09-13,2.49
2019-09-20,-0.13
2019-09-27,-0.98
2019-10-04,-2.46
2019-10-11,2.88
2019-10-18,0.93
2019-10-25,-0.62
2019-11-01,0.27
2019-11-08,0.99
2019-11-15,0.23
2019-11-22,0.4
2019-11-29,1.6
2019-12-06,0.58
2019-12-13,2.75
2019-12-20,0.77
2019-12-27,1.77
2020-01-03,-0.32
2020-01-10,-1.92
2020-01-17,1.48
2020-01-24,-0.56
2020-01-31,-2.85
2020-02-07,1.68
2020-02-14,1.35
2020-02-21,-0.05
2020-02-28,-11.25
2020-03-06,-3.02
2020-03-13,-16.99
2020-03-20,-12.65
2020-03-27,8.66
2020-04-03,-4.54
2020-04-10,16.37
2020-04-17,-3.34
2020-04-24,-1.08
2020-05-01,2.94
2020-05-08,0.62
2020-05-15,-3.61
2020-05-22,4.71
2020-05-29,3.93
2020-06-05,6.96
2020-06-12,-6.32
2020-06-19,3.57
2020-06-26,-3.25
2020-07-03,1.1
2020-07-10,-0.71
2020-07-17,0.98
2020-07-24,-0.48
2020-07-31,-1.92
2020-08-07,4.08
2020-08-14,0.64
2020-08-21,-0.89
2020-08-28,1.2
2020-09-04,-2.44
2020-09-11,1.16
2020-09-18,0.08
2020-09-25,-2.99
2020-10-02,2.06
2020-10-09,3.9
2020-10-16,-1.39
2020-10-23,1.61
2020-10-30,-4.94
2020-11-06,4.09
2020-11-13,7.55
2020-11-20,1.23
2020-11-27,-0.23
2020-12-04,3.7
2020-12-11,-2.78
2020-12-18,2.52
2020-12-25,2.14
2021-01-01,-0.28
2021-01-08,2.81
2021-01-15,-2.13
2021-01-22,-0.09
2021-01-29,-1.79
2021-02-05,4.14
2021-02-12,-0.14
2021-02-19,-0.01
2021-02-26,-0.6
2021-03-05,0.24
2021-03-12,2.6
2021-03-19,-0.4
2021-03-26,0.31
2021-04-02,1.14
2021-04-09,2.39
2021-04-16,1.22
2021-04-23,-0.67
2021-04-30,0.56
2021-05-07,1.24
2021-05-14,-1.93
2021-05-21,0.28
2021-05-28,1.27
2021-06-04,0.66
2021-06-11,-0.43
2021-06-18,-1.8
2021-06-25,1.44
2021-07-02,0.45
2021-07-09,0.71
2021-07-16,-1.93
2021-07-23,1.85
2021-07-30,0.29
2021-08-06,2.21
2021-08-13,1.42
2021-08-20,-0.16
2021-08-27,1.3
2021-09-03,0.56
2021-09-10,-1.91
2021-09-17,-0.31
2021-09-24,-0.21
2021-10-01,-2.68
2021-10-08,-1.91
2021-10-15,1.99
2021-10-22,-0.23
2021-10-29,0.76
2021-11-05,2.12
2021-11-12,-0.17
2021-11-19,-0.28
2021-11-26,-4.06
2021-12-03,0.48
2021-12-10,1.24
2021-12-17,-0.64
2021-12-24,2.15
2021-12-31,0.9
2022-01-07,-0.54
2022-01-14,-2.61
2022-01-21,-2.11
2022-01-28,-2.78
2022-02-04,0.32
2022-02-11,1.55
2022-02-18,-3.11
2022-02-25,-2.13
2022-03-04,-7.27
2022-03-11,4.22
2022-03-18,4.7
2022-03-25,-0.95
2022-04-01,1.25
2022-04-08,-0.21
2022-04-15,-0.25
2022-04-22,-1.14
2022-04-29,-0.83
2022-05-06,-4.29
2022-05-13,0.52
2022-05-20,-0.43
2022-05-27,2.71
2022-06-03,-0.49
2022-06-10,-2.96
2022-06-17,-3.8
2022-06-24,1.05
2022-07-01,-2.55
2022-07-08,1.48
2022-07-15,-0.42
2022-07-22,5.26
2022-07-29,1.72
2022-08-05,-0.56
2022-08-12,1.43
2022-08-19,-2.22
2022-08-26,-3.61
2022-09-02,-1.65
2022-09-09,1.78
2022-09-16,-2.04
2022-09-23,-4.39
2022-09-30,-4.48
2022-10-07,1.08
2022-10-14,-1.85
2022-10-21,1.02
2022-10-28,4.13
2022-11-04,2.37
2022-11-11,6.95
2022-11-18,-1.7
2022-11-25,1.36
2022-12-02,-0.93
2022-12-09,-2.31
2022-12-16,-1.73
2022-12-23,1.3
2022-12-30,0.12
2023-01-06,3.46
2023-01-13,2.3
2023-01-20,-1.25
2023-01-27,1.69
2023-02-03,2.79
2023-02-10,-2.74
2023-02-17,0.29
2023-02-24,-1.95
2023-03-03,1.16
2023-03-10,-2.85
2023-03-17,-4.58
2023-03-24,0.12
2023-03-31,2.35
2023-04-07,-0.69
2023-04-14,2.37
2023-04-21,0.14
2023-04-28,0.81
2023-05-05,0.14
2023-05-12,-1.36
2023-05-19,0.52
2023-05-26,-2.57
2023-06-02,1.89
2023-06-09,-0.3
2023-06-16,-0.32
2023-06-23,-5.09
2023-06-30,1.96
2023-07-07,-2.24
2023-07-14,3.13
2023-07-21,3.41
2023-07-28,-0.4
2023-08-04,-0.99
2023-08-11,-0.71
2023-08-18,-3.74
2023-08-25,0.19
2023-09-01,2.24
2023-09-08,-0.4
2023-09-15,1.77
2023-09-22,-0.97
2023-09-29,-1.76
2023-10-06,-2.99
2023-10-13,-1.57
2023-10-20,-2.41
2023-10-27,-0.98
2023-11-03,6.63
2023-11-10,-0.73
2023-11-17,4.0
2023-11-24,-0.59
2023-12-01,-0.27
2023-12-08,1.59
2023-12-15,2.71
2023-12-22,2.2
2023-12-29,0.3
