Date,Month,Price,Previous Week Price,% GILT2 Change,Previous Week % GILT2 Change,Next Week % GILT2 Change
2017-01-19,1,0.208,0.209,-0.48,231.75,-29.81
2017-01-20,1,0.193,0.178,8.43,34.85,-32.12
2017-01-23,1,0.15,0.163,-7.98,7.95,-3.33
2017-01-24,1,0.176,0.184,-4.35,54.62,-32.95
2017-01-25,1,0.174,0.151,15.23,-28.77,-39.66
2017-01-26,1,0.192,0.179,7.26,-17.13,-46.88
2017-01-27,1,0.159,0.197,-19.29,8.84,-27.04
2017-01-30,1,0.146,0.208,-29.81,-0.48,-34.93
2017-01-31,1,0.131,0.193,-32.12,8.43,-31.3
2017-02-01,2,0.145,0.15,-3.33,-7.98,-44.14
2017-02-02,2,0.118,0.176,-32.95,-4.35,-12.71
2017-02-03,2,0.105,0.174,-39.66,15.23,-10.48
2017-02-04,2,0.102,0.192,-46.88,7.26,-7.84
2017-02-05,2,0.116,0.159,-27.04,-19.29,2.59
2017-02-06,2,0.095,0.146,-34.93,-29.81,28.42
2017-02-07,2,0.09,0.131,-31.3,-32.12,18.89
2017-02-08,2,0.081,0.145,-44.14,-3.33,22.22
2017-02-09,2,0.103,0.118,-12.71,-32.95,-14.56
2017-02-10,2,0.094,0.105,-10.48,-39.66,-8.51
2017-02-11,2,0.094,0.102,-7.84,-46.88,5.32
2017-02-13,2,0.119,0.116,2.59,-27.04,-14.29
2017-02-14,2,0.122,0.095,28.42,-34.93,-36.89
2017-02-15,2,0.107,0.09,18.89,-31.3,-11.21
2017-02-16,2,0.099,0.081,22.22,-44.14,-5.05
2017-02-17,2,0.088,0.103,-14.56,-12.71,14.77
2017-02-19,2,0.086,0.094,-8.51,-10.48,13.95
2017-02-20,2,0.099,0.094,5.32,-7.84,15.15
2017-02-21,2,0.102,0.119,-14.29,2.59,23.53
2017-02-22,2,0.077,0.122,-36.89,28.42,19.48
2017-02-23,2,0.095,0.107,-11.21,18.89,-2.11
2017-02-24,2,0.094,0.099,-5.05,22.22,15.96
2017-02-27,2,0.101,0.088,14.77,-14.56,1.98
2017-02-28,2,0.098,0.086,13.95,-8.51,-8.16
2017-03-01,3,0.114,0.099,15.15,5.32,-7.02
2017-03-02,3,0.126,0.102,23.53,-14.29,-23.02
2017-03-03,3,0.092,0.077,19.48,-36.89,6.52
2017-03-04,3,0.093,0.095,-2.11,-11.21,4.3
2017-03-06,3,0.109,0.094,15.96,-5.05,-32.11
2017-03-07,3,0.103,0.101,1.98,14.77,-57.28
2017-03-08,3,0.09,0.098,-8.16,13.95,-1.11
2017-03-09,3,0.106,0.114,-7.02,15.15,-19.81
2017-03-10,3,0.097,0.126,-23.02,23.53,-19.59
2017-03-12,3,0.098,0.092,6.52,19.48,-13.27
2017-03-13,3,0.097,0.093,4.3,-2.11,49.48
2017-03-14,3,0.074,0.109,-32.11,15.96,51.35
2017-03-15,3,0.044,0.103,-57.28,1.98,261.36
2017-03-16,3,0.089,0.09,-1.11,-8.16,85.39
2017-03-17,3,0.085,0.106,-19.81,-7.02,80.0
2017-03-18,3,0.078,0.097,-19.59,-23.02,119.23
2017-03-20,3,0.085,0.098,-13.27,6.52,112.94
2017-03-21,3,0.145,0.097,49.48,4.3,0.0
2017-03-22,3,0.112,0.074,51.35,-32.11,-2.68
2017-03-23,3,0.159,0.044,261.36,-57.28,-19.5
2017-03-24,3,0.165,0.089,85.39,-1.11,-21.82
2017-03-26,3,0.153,0.085,80.0,-19.81,-29.41
2017-03-27,3,0.171,0.078,119.23,-19.59,-26.9
2017-03-28,3,0.181,0.085,112.94,-13.27,-30.39
2017-03-29,3,0.145,0.145,0.0,49.48,-5.52
2017-03-30,3,0.109,0.112,-2.68,51.35,4.59
2017-03-31,3,0.128,0.159,-19.5,261.36,-11.72
2017-04-02,4,0.129,0.165,-21.82,85.39,-25.58
2017-04-03,4,0.108,0.153,-29.41,80.0,-11.11
2017-04-04,4,0.125,0.171,-26.9,119.23,-26.4
2017-04-05,4,0.126,0.181,-30.39,112.94,-11.9
2017-04-06,4,0.137,0.145,-5.52,0.0,-22.63
2017-04-07,4,0.114,0.109,4.59,-2.68,-7.89
2017-04-08,4,0.113,0.128,-11.72,-19.5,-23.01
2017-04-10,4,0.096,0.129,-25.58,-21.82,40.63
2017-04-11,4,0.096,0.108,-11.11,-29.41,25.0
2017-04-12,4,0.092,0.125,-26.4,-26.9,4.35
2017-04-13,4,0.111,0.126,-11.9,-30.39,-14.41
2017-04-14,4,0.106,0.137,-22.63,-5.52,-6.6
2017-04-17,4,0.105,0.114,-7.89,4.59,-20.95
2017-04-18,4,0.087,0.113,-23.01,-11.72,29.89
2017-04-19,4,0.135,0.096,40.63,-25.58,-28.15
2017-04-20,4,0.12,0.096,25.0,-11.11,-39.17
2017-04-21,4,0.096,0.092,4.35,-26.4,-21.88
2017-04-22,4,0.095,0.111,-14.41,-11.9,-22.11
2017-04-23,4,0.099,0.106,-6.6,-22.63,-17.17
2017-04-24,4,0.083,0.105,-20.95,-7.89,-3.61
2017-04-25,4,0.113,0.087,29.89,-23.01,-35.4
2017-04-26,4,0.097,0.135,-28.15,40.63,7.22
2017-04-27,4,0.073,0.12,-39.17,25.0,95.89
2017-04-28,4,0.075,0.096,-21.88,4.35,90.67
2017-04-29,4,0.074,0.095,-22.11,-14.41,109.46
2017-05-01,5,0.082,0.099,-17.17,-6.6,98.78
2017-05-02,5,0.08,0.083,-3.61,-20.95,68.75
2017-05-03,5,0.073,0.113,-35.4,29.89,67.12
2017-05-04,5,0.104,0.097,7.22,-28.15,4.81
2017-05-05,5,0.143,0.073,95.89,-39.17,-4.2
2017-05-07,5,0.143,0.075,90.67,-21.88,-4.9
2017-05-08,5,0.155,0.074,109.46,-22.11,-24.52
2017-05-09,5,0.163,0.082,98.78,-17.17,-33.13
2017-05-10,5,0.135,0.08,68.75,-3.61,-17.04
2017-05-11,5,0.122,0.073,67.12,-35.4,-13.11
2017-05-12,5,0.109,0.104,4.81,7.22,1.83
2017-05-15,5,0.137,0.143,-4.2,95.89,-23.36
2017-05-16,5,0.136,0.143,-4.9,90.67,-32.35
2017-05-17,5,0.117,0.155,-24.52,109.46,-23.93
2017-05-18,5,0.109,0.163,-33.13,98.78,-13.76
2017-05-19,5,0.112,0.135,-17.04,68.75,-22.32
2017-05-22,5,0.106,0.122,-13.11,67.12,19.81
2017-05-23,5,0.111,0.109,1.83,4.81,19.82
2017-05-24,5,0.105,0.137,-23.36,-4.2,7.62
2017-05-25,5,0.092,0.136,-32.35,-4.9,13.04
2017-05-26,5,0.089,0.117,-23.93,-24.52,1.12
2017-05-29,5,0.094,0.109,-13.76,-33.13,21.28
2017-05-30,5,0.087,0.112,-22.32,-17.04,36.78
2017-05-31,5,0.127,0.106,19.81,-13.11,-28.35
2017-06-01,6,0.133,0.111,19.82,1.83,-39.1
2017-06-02,6,0.113,0.105,7.62,-23.36,26.55
2017-06-05,6,0.104,0.092,13.04,-32.35,-10.58
2017-06-06,6,0.09,0.089,1.12,-23.93,90.0
2017-06-07,6,0.114,0.094,21.28,-13.76,36.84
2017-06-08,6,0.119,0.087,36.78,-22.32,33.61
2017-06-09,6,0.091,0.127,-28.35,19.81,95.6
2017-06-12,6,0.081,0.133,-39.1,19.82,65.43
2017-06-13,6,0.143,0.113,26.55,7.62,47.55
2017-06-14,6,0.093,0.104,-10.58,13.04,126.88
2017-06-15,6,0.171,0.09,90.0,1.12,37.43
2017-06-16,6,0.156,0.114,36.84,21.28,50.0
2017-06-17,6,0.159,0.119,33.61,36.78,46.54
2017-06-19,6,0.178,0.091,95.6,-28.35,49.44
2017-06-20,6,0.134,0.081,65.43,-39.1,117.16
2017-06-21,6,0.211,0.143,47.55,26.55,72.51
2017-06-22,6,0.211,0.093,126.88,-10.58,69.67
2017-06-23,6,0.235,0.171,37.43,90.0,51.49
2017-06-25,6,0.234,0.156,50.0,36.84,52.14
2017-06-26,6,0.233,0.159,46.54,33.61,48.93
2017-06-27,6,0.266,0.178,49.44,95.6,23.68
2017-06-28,6,0.291,0.134,117.16,65.43,5.84
2017-06-29,6,0.364,0.211,72.51,47.55,-2.2
2017-06-30,6,0.358,0.211,69.67,126.88,-8.1
2017-07-01,7,0.356,0.235,51.49,37.43,-16.85
2017-07-02,7,0.356,0.234,52.14,50.0,-14.89
2017-07-03,7,0.347,0.233,48.93,46.54,-12.68
2017-07-04,7,0.329,0.266,23.68,49.44,-2.13
2017-07-05,7,0.308,0.291,5.84,117.16,3.9
2017-07-06,7,0.356,0.364,-2.2,72.51,-7.58
2017-07-07,7,0.329,0.358,-8.1,69.67,-7.29
2017-07-10,7,0.296,0.356,-16.85,51.49,-9.46
2017-07-11,7,0.303,0.356,-14.89,52.14,-9.24
2017-07-12,7,0.303,0.347,-12.68,48.93,-5.61
2017-07-13,7,0.322,0.329,-2.13,23.68,-16.77
2017-07-14,7,0.32,0.308,3.9,5.84,-14.06
2017-07-16,7,0.329,0.356,-7.58,-2.2,-6.38
2017-07-17,7,0.305,0.329,-7.29,-8.1,-7.21
2017-07-18,7,0.268,0.296,-9.46,-16.85,-5.97
2017-07-19,7,0.275,0.303,-9.24,-14.89,-9.82
2017-07-20,7,0.286,0.303,-5.61,-12.68,-5.24
2017-07-21,7,0.268,0.322,-16.77,-2.13,-1.87
2017-07-24,7,0.275,0.32,-14.06,3.9,2.91
2017-07-25,7,0.308,0.329,-6.38,-7.58,-27.6
2017-07-26,7,0.283,0.305,-7.21,-7.29,-11.31
2017-07-27,7,0.252,0.268,-5.97,-9.46,1.19
2017-07-28,7,0.248,0.275,-9.82,-9.24,2.82
2017-07-31,7,0.271,0.286,-5.24,-5.61,-18.82
2017-08-01,8,0.263,0.268,-1.87,-16.77,-12.93
2017-08-02,8,0.283,0.275,2.91,-14.06,-21.55
2017-08-03,8,0.223,0.308,-27.6,-6.38,-3.59
2017-08-04,8,0.251,0.283,-11.31,-7.21,-15.94
2017-08-05,8,0.255,0.252,1.19,-5.97,-14.12
2017-08-06,8,0.255,0.248,2.82,-9.82,-9.8
2017-08-07,8,0.22,0.271,-18.82,-5.24,5.91
2017-08-08,8,0.229,0.263,-12.93,-1.87,-1.31
2017-08-09,8,0.222,0.283,-21.55,2.91,5.41
2017-08-10,8,0.215,0.223,-3.59,-27.6,4.19
2017-08-11,8,0.211,0.251,-15.94,-11.31,2.37
2017-08-14,8,0.219,0.255,-14.12,1.19,-9.59
2017-08-15,8,0.23,0.255,-9.8,2.82,-16.96
2017-08-16,8,0.233,0.22,5.91,-18.82,-21.89
2017-08-17,8,0.226,0.229,-1.31,-12.93,-17.7
2017-08-18,8,0.234,0.222,5.41,-21.55,-30.34
2017-08-21,8,0.224,0.215,4.19,-3.59,-20.09
2017-08-22,8,0.216,0.211,2.37,-15.94,-18.52
2017-08-23,8,0.198,0.219,-9.59,-14.12,-7.07
2017-08-24,8,0.191,0.23,-16.96,-9.8,-3.66
2017-08-25,8,0.182,0.233,-21.89,5.91,0.0
2017-08-28,8,0.186,0.226,-17.7,-1.31,-7.53
2017-08-29,8,0.163,0.234,-30.34,5.41,-9.82
2017-08-30,8,0.179,0.224,-20.09,4.19,-5.59
2017-08-31,8,0.176,0.216,-18.52,2.37,-5.11
2017-09-01,9,0.184,0.198,-7.07,-9.59,17.93
2017-09-04,9,0.184,0.191,-3.66,-16.96,50.0
2017-09-05,9,0.182,0.182,0.0,-21.89,56.59
2017-09-06,9,0.172,0.186,-7.53,-17.7,119.77
2017-09-07,9,0.147,0.163,-9.82,-30.34,187.07
2017-09-08,9,0.169,0.179,-5.59,-20.09,157.99
2017-09-09,9,0.167,0.176,-5.11,-18.52,154.49
2017-09-11,9,0.217,0.184,17.93,-7.07,91.71
2017-09-12,9,0.276,0.184,50.0,-3.66,61.23
2017-09-13,9,0.285,0.182,56.59,0.0,58.95
2017-09-14,9,0.378,0.172,119.77,-7.53,18.25
2017-09-15,9,0.422,0.147,187.07,-9.82,3.79
2017-09-16,9,0.436,0.169,157.99,-5.59,0.46
2017-09-18,9,0.425,0.167,154.49,-5.11,5.18
2017-09-19,9,0.416,0.217,91.71,17.93,11.78
2017-09-20,9,0.445,0.276,61.23,50.0,1.57
2017-09-21,9,0.453,0.285,58.95,56.59,-0.66
2017-09-22,9,0.447,0.378,18.25,119.77,2.01
2017-09-23,9,0.438,0.422,3.79,187.07,-2.05
2017-09-25,9,0.438,0.436,0.46,157.99,1.14
2017-09-26,9,0.447,0.425,5.18,154.49,2.91
2017-09-27,9,0.465,0.416,11.78,91.71,-0.86
2017-09-28,9,0.452,0.445,1.57,61.23,-4.65
2017-09-29,9,0.45,0.453,-0.66,58.95,-5.56
2017-09-30,9,0.456,0.447,2.01,18.25,-3.07
2017-10-02,10,0.429,0.438,-2.05,3.79,9.32
2017-10-03,10,0.443,0.438,1.14,0.46,7.0
2017-10-04,10,0.46,0.447,2.91,5.18,2.61
2017-10-05,10,0.461,0.465,-0.86,11.78,-1.95
2017-10-06,10,0.431,0.452,-4.65,1.57,-5.1
2017-10-09,10,0.425,0.45,-5.56,-0.66,4.24
2017-10-10,10,0.442,0.456,-3.07,2.01,-5.66
2017-10-11,10,0.469,0.429,9.32,-2.05,-5.54
2017-10-12,10,0.474,0.443,7.0,1.14,-6.33
2017-10-13,10,0.472,0.46,2.61,2.91,-6.57
2017-10-16,10,0.452,0.461,-1.95,-0.86,4.2
2017-10-17,10,0.409,0.431,-5.1,-4.65,20.05
2017-10-18,10,0.443,0.425,4.24,-5.56,8.13
2017-10-19,10,0.417,0.442,-5.66,-3.07,10.31
2017-10-20,10,0.443,0.469,-5.54,9.32,5.19
2017-10-22,10,0.444,0.474,-6.33,7.0,2.25
2017-10-23,10,0.441,0.472,-6.57,2.61,4.08
2017-10-24,10,0.471,0.452,4.2,-1.95,2.76
2017-10-25,10,0.491,0.409,20.05,-5.1,-16.7
2017-10-26,10,0.479,0.443,8.13,4.24,-6.68
2017-10-27,10,0.46,0.417,10.31,-5.66,-3.04
2017-10-29,10,0.466,0.443,5.19,-5.54,-7.73
2017-10-30,10,0.454,0.444,2.25,-6.33,0.88
2017-10-31,10,0.459,0.441,4.08,-6.57,1.31
2017-11-01,11,0.484,0.471,2.76,4.2,0.83
2017-11-02,11,0.409,0.491,-16.7,20.05,14.67
2017-11-03,11,0.447,0.479,-6.68,8.13,9.62
2017-11-06,11,0.446,0.46,-3.04,10.31,9.42
2017-11-07,11,0.43,0.466,-7.73,5.19,11.86
2017-11-08,11,0.458,0.454,0.88,2.25,8.95
2017-11-09,11,0.465,0.459,1.31,4.08,3.01
2017-11-10,11,0.488,0.484,0.83,2.76,0.2
2017-11-12,11,0.469,0.409,14.67,-16.7,3.2
2017-11-13,11,0.49,0.447,9.62,-6.68,-4.29
2017-11-14,11,0.488,0.446,9.42,-3.04,-7.58
2017-11-15,11,0.481,0.43,11.86,-7.73,-4.37
2017-11-16,11,0.499,0.458,8.95,0.88,-7.21
2017-11-17,11,0.479,0.465,3.01,1.31,-2.09
2017-11-20,11,0.489,0.488,0.2,0.83,6.34
2017-11-21,11,0.484,0.469,3.2,14.67,6.82
2017-11-22,11,0.469,0.49,-4.29,9.62,-1.07
2017-11-23,11,0.451,0.488,-7.58,9.42,12.2
2017-11-24,11,0.46,0.481,-4.37,11.86,6.74
2017-11-27,11,0.463,0.499,-7.21,8.95,6.91
2017-11-28,11,0.469,0.479,-2.09,3.01,8.53
2017-11-29,11,0.52,0.489,6.34,0.2,-4.04
2017-11-30,11,0.517,0.484,6.82,3.2,-9.48
2017-12-01,12,0.464,0.469,-1.07,-4.29,1.29
2017-12-04,12,0.506,0.451,12.2,-7.58,-4.94
2017-12-05,12,0.491,0.46,6.74,-4.37,-8.55
2017-12-06,12,0.495,0.463,6.91,-7.21,-11.92
2017-12-07,12,0.509,0.469,8.53,-2.09,-13.75
2017-12-08,12,0.499,0.52,-4.04,6.34,-10.82
2017-12-11,12,0.468,0.517,-9.48,6.82,-1.5
2017-12-12,12,0.47,0.464,1.29,-1.07,0.21
2017-12-13,12,0.481,0.506,-4.94,12.2,-2.91
2017-12-14,12,0.449,0.491,-8.55,6.74,0.67
2017-12-15,12,0.436,0.495,-11.92,6.91,5.5
2017-12-16,12,0.439,0.509,-13.75,8.53,-4.78
2017-12-18,12,0.445,0.499,-10.82,-4.04,-1.57
2017-12-19,12,0.461,0.468,-1.5,-9.48,-3.25
2017-12-20,12,0.471,0.47,0.21,1.29,-4.03
2017-12-21,12,0.467,0.481,-2.91,-4.94,8.99
2017-12-22,12,0.452,0.449,0.67,-8.55,4.2
2017-12-25,12,0.46,0.436,5.5,-11.92,6.52
2017-12-27,12,0.418,0.439,-4.78,-13.75,19.86
2017-12-28,12,0.438,0.445,-1.57,-10.82,14.84
2017-12-29,12,0.446,0.461,-3.25,-1.5,14.13
2018-01-01,1,0.452,0.471,-4.03,0.21,18.58
2018-01-02,1,0.509,0.467,8.99,-2.91,6.48
2018-01-03,1,0.471,0.452,4.2,0.67,18.68
2018-01-04,1,0.49,0.46,6.52,5.5,18.57
2018-01-05,1,0.501,0.418,19.86,-4.78,18.36
2018-01-07,1,0.503,0.438,14.84,-1.57,13.72
2018-01-08,1,0.509,0.446,14.13,-3.25,12.38
2018-01-09,1,0.536,0.452,18.58,-4.03,9.14
2018-01-10,1,0.542,0.509,6.48,8.99,5.35
2018-01-11,1,0.559,0.471,18.68,4.2,3.22
2018-01-12,1,0.581,0.49,18.57,6.52,-1.38
2018-01-15,1,0.593,0.501,18.36,19.86,-0.51
2018-01-16,1,0.572,0.503,13.72,14.84,4.72
2018-01-17,1,0.572,0.509,12.38,14.13,9.62
2018-01-18,1,0.585,0.536,9.14,18.58,7.69
2018-01-19,1,0.571,0.542,5.35,6.48,6.48
2018-01-22,1,0.577,0.559,3.22,18.68,15.08
2018-01-23,1,0.573,0.581,-1.38,18.57,16.58
2018-01-24,1,0.59,0.593,-0.51,18.36,12.2
2018-01-25,1,0.599,0.572,4.72,13.72,6.34
2018-01-26,1,0.627,0.572,9.62,12.38,-2.07
2018-01-29,1,0.63,0.585,7.69,9.14,0.95
2018-01-30,1,0.608,0.571,6.48,5.35,12.66
2018-01-31,1,0.664,0.577,15.08,3.22,-1.05
2018-02-01,2,0.668,0.573,16.58,-1.38,2.54
2018-02-02,2,0.662,0.59,12.2,-0.51,6.95
2018-02-05,2,0.637,0.599,6.34,4.72,11.62
2018-02-06,2,0.614,0.627,-2.07,9.62,14.98
2018-02-07,2,0.636,0.63,0.95,7.69,3.3
2018-02-08,2,0.685,0.608,12.66,6.48,-4.09
2018-02-09,2,0.657,0.664,-1.05,15.08,2.28
2018-02-12,2,0.685,0.668,2.54,16.58,-1.46
2018-02-13,2,0.708,0.662,6.95,12.2,-5.23
2018-02-14,2,0.711,0.637,11.62,6.34,-4.64
2018-02-15,2,0.706,0.614,14.98,-2.07,0.57
2018-02-16,2,0.657,0.636,3.3,0.95,9.74
2018-02-18,2,0.657,0.685,-4.09,12.66,22.37
2018-02-19,2,0.672,0.657,2.28,-1.05,23.36
2018-02-20,2,0.675,0.685,-1.46,2.54,15.26
2018-02-21,2,0.671,0.708,-5.23,6.95,14.01
2018-02-22,2,0.678,0.711,-4.64,11.62,15.04
2018-02-23,2,0.71,0.706,0.57,14.98,14.23
2018-02-24,2,0.721,0.657,9.74,3.3,13.31
2018-02-26,2,0.804,0.657,22.37,-4.09,0.62
2018-02-27,2,0.829,0.672,23.36,2.28,-2.77
2018-02-28,2,0.778,0.675,15.26,-1.46,6.81
2018-03-01,3,0.765,0.671,14.01,-5.23,9.28
2018-03-02,3,0.78,0.678,15.04,-4.64,7.69
2018-03-05,3,0.811,0.71,14.23,0.57,-1.23
2018-03-06,3,0.817,0.721,13.31,9.74,-0.86
2018-03-07,3,0.809,0.804,0.62,22.37,0.0
2018-03-08,3,0.806,0.829,-2.77,23.36,2.48
2018-03-09,3,0.831,0.778,6.81,15.26,5.9
2018-03-12,3,0.836,0.765,9.28,14.01,10.65
2018-03-13,3,0.84,0.78,7.69,15.04,6.9
2018-03-14,3,0.801,0.811,-1.23,14.23,11.36
2018-03-15,3,0.81,0.817,-0.86,13.31,10.0
2018-03-16,3,0.809,0.809,0.0,0.62,9.39
2018-03-19,3,0.826,0.806,2.48,-2.77,0.73
2018-03-20,3,0.88,0.831,5.9,6.81,-6.82
2018-03-21,3,0.925,0.836,10.65,9.28,-11.24
2018-03-22,3,0.898,0.84,6.9,7.69,-6.68
2018-03-23,3,0.892,0.801,11.36,-1.23,-5.16
2018-03-26,3,0.891,0.81,10.0,-0.86,-1.68
2018-03-27,3,0.885,0.809,9.39,0.0,-2.71
2018-03-28,3,0.832,0.826,0.73,2.48,5.41
2018-03-29,3,0.82,0.88,-6.82,5.9,8.17
2018-03-30,3,0.821,0.925,-11.24,10.65,8.89
2018-04-03,4,0.838,0.898,-6.68,6.9,10.38
2018-04-04,4,0.846,0.892,-5.16,11.36,6.5
2018-04-05,4,0.876,0.891,-1.68,10.0,5.37
2018-04-06,4,0.861,0.885,-2.71,9.39,3.14
2018-04-09,4,0.877,0.832,5.41,0.73,-3.08
2018-04-10,4,0.887,0.82,8.17,-6.82,1.69
2018-04-11,4,0.894,0.821,8.89,-11.24,-7.05
2018-04-12,4,0.925,0.838,10.38,-6.68,-6.27
2018-04-13,4,0.901,0.846,6.5,-5.16,-2.55
2018-04-16,4,0.923,0.876,5.37,-1.68,-3.68
2018-04-17,4,0.888,0.861,3.14,-2.71,0.11
2018-04-18,4,0.85,0.877,-3.08,5.41,-6.0
2018-04-19,4,0.902,0.887,1.69,8.17,-14.08
2018-04-20,4,0.831,0.894,-7.05,8.89,-5.66
2018-04-23,4,0.867,0.925,-6.27,10.38,-4.73
2018-04-24,4,0.878,0.901,-2.55,6.5,-13.44
2018-04-25,4,0.889,0.923,-3.68,5.37,-12.04
2018-04-26,4,0.889,0.888,0.11,3.14,-12.26
2018-04-27,4,0.799,0.85,-6.0,-3.08,0.75
2018-04-30,4,0.775,0.902,-14.08,1.69,4.9
2018-05-01,5,0.784,0.831,-5.66,-7.05,0.0
2018-05-02,5,0.826,0.867,-4.73,-6.27,-4.36
2018-05-03,5,0.76,0.878,-13.44,-2.55,4.74
2018-05-04,5,0.782,0.889,-12.04,-3.68,3.45
2018-05-07,5,0.78,0.889,-12.26,0.11,7.44
2018-05-08,5,0.805,0.799,0.75,-6.0,2.11
2018-05-09,5,0.813,0.775,4.9,-14.08,6.64
2018-05-10,5,0.784,0.784,0.0,-5.66,4.97
2018-05-11,5,0.79,0.826,-4.36,-4.73,2.91
2018-05-13,5,0.796,0.76,4.74,-13.44,0.63
2018-05-14,5,0.809,0.782,3.45,-12.04,3.09
2018-05-15,5,0.838,0.78,7.44,-12.26,-7.64
2018-05-16,5,0.822,0.805,2.11,0.75,-8.39
2018-05-17,5,0.867,0.813,6.64,4.9,-19.61
2018-05-18,5,0.823,0.784,4.97,0.0,-15.19
2018-05-20,5,0.813,0.79,2.91,-4.36,-14.64
2018-05-21,5,0.801,0.796,0.63,4.74,-25.47
2018-05-22,5,0.834,0.809,3.09,3.45,-23.38
2018-05-23,5,0.774,0.838,-7.64,7.44,-21.19
2018-05-24,5,0.753,0.822,-8.39,2.11,-15.14
2018-05-25,5,0.697,0.867,-19.61,6.64,-7.89
2018-05-27,5,0.698,0.823,-15.19,4.97,-5.01
2018-05-28,5,0.694,0.813,-14.64,2.91,-3.17
2018-05-29,5,0.597,0.801,-25.47,0.63,21.94
2018-05-30,5,0.639,0.834,-23.38,3.09,16.59
2018-05-31,5,0.61,0.774,-21.19,-7.64,22.3
2018-06-01,6,0.639,0.753,-15.14,-8.39,18.0
2018-06-03,6,0.642,0.697,-7.89,-19.61,16.04
2018-06-04,6,0.663,0.698,-5.01,-15.19,12.82
2018-06-05,6,0.672,0.694,-3.17,-14.64,11.01
2018-06-06,6,0.728,0.597,21.94,-25.47,0.0
2018-06-07,6,0.745,0.639,16.59,-23.38,-3.09
2018-06-08,6,0.746,0.61,22.3,-21.19,-2.55
2018-06-09,6,0.754,0.639,18.0,-15.14,-4.51
2018-06-11,6,0.745,0.642,16.04,-7.89,-5.77
2018-06-12,6,0.748,0.663,12.82,-5.01,-4.28
2018-06-13,6,0.746,0.672,11.01,-3.17,-3.08
2018-06-14,6,0.728,0.728,0.0,21.94,5.22
2018-06-15,6,0.722,0.745,-3.09,16.59,6.51
2018-06-16,6,0.727,0.746,-2.55,22.3,1.38
2018-06-18,6,0.72,0.754,-4.51,18.0,3.19
2018-06-19,6,0.702,0.745,-5.77,16.04,0.43
2018-06-20,6,0.716,0.748,-4.28,12.82,-0.84
2018-06-21,6,0.723,0.746,-3.08,11.01,-0.14
2018-06-22,6,0.766,0.728,5.22,0.0,-8.22
2018-06-23,6,0.769,0.722,6.51,-3.09,-9.62
2018-06-25,6,0.737,0.727,1.38,-2.55,-1.22
2018-06-26,6,0.743,0.72,3.19,-4.51,-2.83
2018-06-27,6,0.705,0.702,0.43,-5.77,5.39
2018-06-28,6,0.71,0.716,-0.84,-4.28,3.94
2018-06-29,6,0.722,0.723,-0.14,-3.08,-0.83
2018-07-02,7,0.703,0.766,-8.22,5.22,7.11
2018-07-03,7,0.695,0.769,-9.62,6.51,8.63
2018-07-04,7,0.728,0.737,-1.22,1.38,1.92
2018-07-05,7,0.722,0.743,-2.83,3.19,3.46
2018-07-06,7,0.743,0.705,5.39,0.43,1.75
2018-07-08,7,0.738,0.71,3.94,-0.84,1.63
2018-07-09,7,0.716,0.722,-0.83,-0.14,5.03
2018-07-10,7,0.753,0.703,7.11,-8.22,-1.2
2018-07-11,7,0.755,0.695,8.63,-9.62,-3.84
2018-07-12,7,0.742,0.728,1.92,-1.22,0.13
2018-07-13,7,0.747,0.722,3.46,-2.83,0.27
2018-07-15,7,0.756,0.743,1.75,5.39,0.53
2018-07-16,7,0.75,0.738,1.63,3.94,1.2
2018-07-17,7,0.752,0.716,5.03,-0.83,1.33
2018-07-18,7,0.744,0.753,-1.2,7.11,1.61
2018-07-19,7,0.726,0.755,-3.84,8.63,4.13
2018-07-20,7,0.743,0.742,0.13,1.92,2.02
2018-07-22,7,0.749,0.747,0.27,3.46,3.47
2018-07-23,7,0.76,0.756,0.53,1.75,0.53
2018-07-24,7,0.759,0.75,1.2,1.63,3.95
2018-07-25,7,0.762,0.752,1.33,5.03,3.28
2018-07-26,7,0.756,0.744,1.61,-1.2,-1.19
2018-07-27,7,0.756,0.726,4.13,-3.84,-1.19
2018-07-29,7,0.758,0.743,2.02,0.13,-4.09
2018-07-30,7,0.775,0.749,3.47,0.27,-6.32
2018-07-31,7,0.764,0.76,0.53,0.53,-4.45
2018-08-01,8,0.789,0.759,3.95,1.2,-6.97
2018-08-02,8,0.787,0.762,3.28,1.33,-10.93
2018-08-03,8,0.747,0.756,-1.19,1.61,-3.75
2018-08-05,8,0.747,0.756,-1.19,4.13,-5.09
2018-08-06,8,0.727,0.758,-4.09,2.02,-5.36
2018-08-07,8,0.726,0.775,-6.32,3.47,-3.86
2018-08-08,8,0.73,0.764,-4.45,0.53,-3.29
2018-08-09,8,0.734,0.789,-6.97,3.95,-3.27
2018-08-10,8,0.701,0.787,-10.93,3.28,-1.14
2018-08-13,8,0.719,0.747,-3.75,-1.19,1.11
2018-08-14,8,0.709,0.747,-5.09,-1.19,1.41
2018-08-15,8,0.688,0.727,-5.36,-4.09,4.8
2018-08-16,8,0.698,0.726,-3.86,-6.32,3.87
2018-08-17,8,0.706,0.73,-3.29,-4.45,3.97
2018-08-18,8,0.71,0.734,-3.27,-6.97,3.24
2018-08-20,8,0.693,0.701,-1.14,-10.93,6.93
2018-08-21,8,0.727,0.719,1.11,-3.75,5.5
2018-08-22,8,0.719,0.709,1.41,-5.09,2.92
2018-08-23,8,0.721,0.688,4.8,-5.36,0.83
2018-08-24,8,0.725,0.698,3.87,-3.86,-0.69
2018-08-25,8,0.734,0.706,3.97,-3.29,-0.41
2018-08-27,8,0.733,0.71,3.24,-3.27,0.95
2018-08-28,8,0.741,0.693,6.93,-1.14,-0.27
2018-08-29,8,0.767,0.727,5.5,1.11,-3.78
2018-08-30,8,0.74,0.719,2.92,1.41,2.84
2018-08-31,8,0.727,0.721,0.83,4.8,4.4
2018-09-02,9,0.72,0.725,-0.69,3.87,6.11
2018-09-03,9,0.731,0.734,-0.41,3.97,9.03
2018-09-04,9,0.74,0.733,0.95,3.24,6.08
2018-09-05,9,0.739,0.741,-0.27,6.93,8.66
2018-09-06,9,0.738,0.767,-3.78,5.5,10.03
2018-09-07,9,0.761,0.74,2.84,2.92,3.94
2018-09-09,9,0.759,0.727,4.4,0.83,7.51
2018-09-10,9,0.764,0.72,6.11,-0.69,8.38
2018-09-11,9,0.797,0.731,9.03,-0.41,7.03
2018-09-12,9,0.785,0.74,6.08,0.95,5.35
2018-09-13,9,0.803,0.739,8.66,-0.27,0.62
2018-09-14,9,0.812,0.738,10.03,-3.78,-1.48
2018-09-16,9,0.791,0.761,3.94,2.84,4.42
2018-09-17,9,0.816,0.759,7.51,4.4,2.08
2018-09-18,9,0.828,0.764,8.38,6.11,-2.17
2018-09-19,9,0.853,0.797,7.03,9.03,-2.34
2018-09-20,9,0.827,0.785,5.35,6.08,-0.73
2018-09-21,9,0.808,0.803,0.62,8.66,1.98
2018-09-22,9,0.8,0.812,-1.48,10.03,3.75
2018-09-24,9,0.826,0.791,4.42,3.94,-4.0
2018-09-25,9,0.833,0.816,2.08,7.51,0.6
2018-09-26,9,0.81,0.828,-2.17,8.38,9.63
2018-09-27,9,0.833,0.853,-2.34,7.03,10.44
2018-09-28,9,0.821,0.827,-0.73,5.35,13.15
2018-09-29,9,0.824,0.808,1.98,0.62,7.04
2018-10-01,10,0.83,0.8,3.75,-1.48,10.6
2018-10-02,10,0.793,0.826,-4.0,4.42,14.75
2018-10-03,10,0.838,0.833,0.6,2.08,4.3
2018-10-04,10,0.888,0.81,9.63,-2.17,-6.76
2018-10-05,10,0.92,0.833,10.44,-2.34,-10.87
2018-10-07,10,0.929,0.821,13.15,-0.73,-12.49
2018-10-08,10,0.882,0.824,7.04,1.98,-8.39
2018-10-09,10,0.918,0.83,10.6,3.75,-12.64
2018-10-10,10,0.91,0.793,14.75,-4.0,-16.59
2018-10-11,10,0.874,0.838,4.3,0.6,-7.89
2018-10-12,10,0.828,0.888,-6.76,9.63,-7.49
2018-10-14,10,0.82,0.92,-10.87,10.44,-10.61
2018-10-15,10,0.813,0.929,-12.49,13.15,-9.23
2018-10-16,10,0.808,0.882,-8.39,7.04,-7.55
2018-10-17,10,0.802,0.918,-12.64,10.6,-10.22
2018-10-18,10,0.759,0.91,-16.59,14.75,-5.01
2018-10-19,10,0.805,0.874,-7.89,4.3,-10.19
2018-10-22,10,0.766,0.828,-7.49,-6.76,-6.4
2018-10-23,10,0.733,0.82,-10.61,-10.87,1.64
2018-10-24,10,0.738,0.813,-9.23,-12.49,3.12
2018-10-25,10,0.747,0.808,-7.55,-8.39,6.96
2018-10-26,10,0.72,0.802,-10.22,-12.64,11.39
2018-10-27,10,0.721,0.759,-5.01,-16.59,11.37
2018-10-29,10,0.723,0.805,-10.19,-7.89,12.45
2018-10-30,10,0.717,0.766,-6.4,-7.49,12.83
2018-10-31,10,0.745,0.733,1.64,-10.61,12.48
2018-11-01,11,0.761,0.738,3.12,-9.23,2.1
2018-11-02,11,0.799,0.747,6.96,-7.55,-2.5
2018-11-03,11,0.802,0.72,11.39,-10.22,-6.23
2018-11-05,11,0.803,0.721,11.37,-5.01,-0.75
2018-11-06,11,0.813,0.723,12.45,-10.19,-1.23
2018-11-07,11,0.809,0.717,12.83,-6.4,-13.47
2018-11-08,11,0.838,0.745,12.48,1.64,-13.6
2018-11-09,11,0.777,0.761,2.1,3.12,-7.46
2018-11-11,11,0.779,0.799,-2.5,6.96,-7.7
2018-11-12,11,0.752,0.802,-6.23,11.39,-8.38
2018-11-13,11,0.797,0.803,-0.75,11.37,-11.67
2018-11-14,11,0.803,0.813,-1.23,12.45,-8.09
2018-11-15,11,0.7,0.809,-13.47,12.83,10.29
2018-11-16,11,0.724,0.838,-13.6,12.48,1.93
2018-11-17,11,0.719,0.777,-7.46,2.1,7.37
2018-11-18,11,0.719,0.779,-7.7,-2.5,7.79
2018-11-19,11,0.689,0.752,-8.38,-6.23,9.29
2018-11-20,11,0.704,0.797,-11.67,-0.75,7.53
2018-11-21,11,0.738,0.803,-8.09,-1.23,4.07
2018-11-22,11,0.772,0.7,10.29,-13.47,-0.78
2018-11-23,11,0.738,0.724,1.93,-13.6,-2.03
2018-11-26,11,0.772,0.719,7.37,-7.46,-6.35
2018-11-27,11,0.775,0.719,7.79,-7.7,-2.71
2018-11-28,11,0.753,0.689,9.29,-8.38,-2.66
2018-11-29,11,0.757,0.704,7.53,-11.67,-2.11
2018-11-30,11,0.768,0.738,4.07,-8.09,-3.65
2018-12-01,12,0.766,0.772,-0.78,10.29,-10.18
2018-12-03,12,0.723,0.738,-2.03,1.93,-4.84
2018-12-04,12,0.723,0.772,-6.35,7.37,2.49
2018-12-05,12,0.754,0.775,-2.71,7.79,2.25
2018-12-06,12,0.733,0.753,-2.66,9.29,-1.5
2018-12-07,12,0.741,0.757,-2.11,7.53,-1.89
2018-12-08,12,0.74,0.768,-3.65,4.07,-0.41
2018-12-10,12,0.688,0.766,-10.18,-0.78,9.01
2018-12-11,12,0.688,0.723,-4.84,-2.03,5.81
2018-12-12,12,0.741,0.723,2.49,-6.35,0.0
2018-12-13,12,0.771,0.754,2.25,-2.71,0.52
2018-12-14,12,0.722,0.733,-1.5,-2.66,-0.14
2018-12-16,12,0.727,0.741,-1.89,-2.11,0.14
2018-12-17,12,0.737,0.74,-0.41,-3.65,4.21
2018-12-18,12,0.75,0.688,9.01,-10.18,-0.8
2018-12-19,12,0.728,0.688,5.81,-4.84,3.02
2018-12-20,12,0.741,0.741,0.0,2.49,-1.08
2018-12-21,12,0.775,0.771,0.52,2.25,-7.35
2018-12-24,12,0.721,0.722,-0.14,-1.5,-1.94
2018-12-26,12,0.728,0.727,0.14,-1.89,2.75
2018-12-27,12,0.768,0.737,4.21,-0.41,-2.34
2018-12-28,12,0.744,0.75,-0.8,9.01,2.69
2018-12-31,12,0.75,0.728,3.02,5.81,0.93
2019-01-01,1,0.733,0.741,-1.08,0.0,1.91
2019-01-02,1,0.718,0.775,-7.35,0.52,7.1
2019-01-03,1,0.707,0.721,-1.94,-0.14,13.86
2019-01-04,1,0.748,0.728,2.75,0.14,9.09
2019-01-06,1,0.75,0.768,-2.34,4.21,5.87
2019-01-07,1,0.764,0.744,2.69,-0.8,6.68
2019-01-08,1,0.757,0.75,0.93,3.02,8.32
2019-01-09,1,0.747,0.733,1.91,-1.08,9.24
2019-01-10,1,0.769,0.718,7.1,-7.35,5.72
2019-01-11,1,0.805,0.707,13.86,-1.94,-1.49
2019-01-14,1,0.816,0.748,9.09,2.75,-2.45
2019-01-15,1,0.794,0.75,5.87,-2.34,1.39
2019-01-16,1,0.815,0.764,6.68,2.69,-4.91
2019-01-17,1,0.82,0.757,8.32,0.93,-2.8
2019-01-18,1,0.816,0.747,9.24,1.91,-1.96
2019-01-19,1,0.813,0.769,5.72,7.1,-4.92
2019-01-21,1,0.793,0.805,-1.49,13.86,-1.77
2019-01-22,1,0.796,0.816,-2.45,9.09,-3.02
2019-01-23,1,0.805,0.794,1.39,5.87,-6.21
2019-01-24,1,0.775,0.815,-4.91,6.68,-1.03
2019-01-25,1,0.797,0.82,-2.8,8.32,-3.26
2019-01-27,1,0.8,0.816,-1.96,9.24,-2.0
2019-01-28,1,0.773,0.813,-4.92,5.72,-1.68
2019-01-29,1,0.779,0.793,-1.77,-1.49,-5.91
2019-01-30,1,0.772,0.796,-3.02,-2.45,-6.35
2019-01-31,1,0.755,0.805,-6.21,1.39,-6.75
2019-02-01,2,0.767,0.775,-1.03,-4.91,-7.56
2019-02-02,2,0.771,0.797,-3.26,-2.8,-6.49
2019-02-04,2,0.784,0.8,-2.0,-1.96,-5.74
2019-02-05,2,0.76,0.773,-1.68,-4.92,-4.34
2019-02-06,2,0.733,0.779,-5.91,-1.77,-1.77
2019-02-07,2,0.723,0.772,-6.35,-3.02,-0.69
2019-02-08,2,0.704,0.755,-6.75,-6.21,2.41
2019-02-09,2,0.709,0.767,-7.56,-1.03,2.26
2019-02-11,2,0.721,0.771,-6.49,-3.26,2.5
2019-02-12,2,0.739,0.784,-5.74,-2.0,0.81
2019-02-13,2,0.727,0.76,-4.34,-1.68,4.26
2019-02-14,2,0.72,0.733,-1.77,-5.91,3.89
2019-02-15,2,0.718,0.723,-0.69,-6.35,5.01
2019-02-17,2,0.721,0.704,2.41,-6.75,5.83
2019-02-18,2,0.725,0.709,2.26,-7.56,9.1
2019-02-19,2,0.739,0.721,2.5,-6.49,12.86
2019-02-20,2,0.745,0.739,0.81,-5.74,11.41
2019-02-21,2,0.758,0.727,4.26,-4.34,5.41
2019-02-22,2,0.748,0.72,3.89,-1.77,7.62
2019-02-23,2,0.754,0.718,5.01,-0.69,2.92
2019-02-25,2,0.763,0.721,5.83,2.41,5.24
2019-02-26,2,0.791,0.725,9.1,2.26,-5.18
2019-02-27,2,0.834,0.739,12.86,2.5,-12.23
2019-02-28,2,0.83,0.745,11.41,0.81,-9.76
2019-03-01,3,0.799,0.758,5.41,4.26,-6.76
2019-03-03,3,0.805,0.748,7.62,3.89,-10.56
2019-03-04,3,0.776,0.754,2.92,5.01,-3.22
2019-03-05,3,0.803,0.763,5.24,5.83,-3.99
2019-03-06,3,0.75,0.791,-5.18,9.1,2.13
2019-03-07,3,0.732,0.834,-12.23,12.86,5.19
2019-03-08,3,0.749,0.83,-9.76,11.41,1.2
2019-03-11,3,0.745,0.799,-6.76,5.41,0.94
2019-03-12,3,0.72,0.805,-10.56,7.62,3.33
2019-03-13,3,0.751,0.776,-3.22,2.92,-7.59
2019-03-14,3,0.771,0.803,-3.99,5.24,-14.92
2019-03-15,3,0.766,0.75,2.13,-5.18,-16.45
2019-03-17,3,0.77,0.732,5.19,-12.23,-14.29
2019-03-18,3,0.758,0.749,1.2,-9.76,-10.95
2019-03-19,3,0.752,0.745,0.94,-6.76,-12.63
2019-03-20,3,0.744,0.72,3.33,-10.56,-14.92
2019-03-21,3,0.694,0.751,-7.59,-3.22,-8.93
2019-03-22,3,0.656,0.771,-14.92,-3.99,2.59
2019-03-25,3,0.64,0.766,-16.45,2.13,-1.25
2019-03-26,3,0.66,0.77,-14.29,5.19,6.82
2019-03-27,3,0.675,0.758,-10.95,1.2,2.96
2019-03-28,3,0.657,0.752,-12.63,0.94,9.13
2019-03-29,3,0.633,0.744,-14.92,3.33,14.22
2019-03-30,3,0.632,0.694,-8.93,-7.59,12.5
2019-04-01,4,0.673,0.656,2.59,-14.92,3.86
2019-04-02,4,0.632,0.64,-1.25,-16.45,9.65
2019-04-03,4,0.705,0.66,6.82,-14.29,4.96
2019-04-04,4,0.695,0.675,2.96,-10.95,12.95
2019-04-05,4,0.717,0.657,9.13,-12.63,10.18
2019-04-07,4,0.723,0.633,14.22,-14.92,8.99
2019-04-08,4,0.711,0.632,12.5,-8.93,12.38
2019-04-09,4,0.699,0.673,3.86,2.59,13.3
2019-04-10,4,0.693,0.632,9.65,-1.25,11.26
2019-04-11,4,0.74,0.705,4.96,6.82,3.11
2019-04-12,4,0.785,0.695,12.95,2.96,-1.02
2019-04-13,4,0.79,0.717,10.18,9.13,-3.42
2019-04-15,4,0.788,0.723,8.99,14.22,1.4
2019-04-16,4,0.799,0.711,12.38,12.5,-5.88
2019-04-17,4,0.792,0.699,13.3,3.86,-6.31
2019-04-18,4,0.771,0.693,11.26,9.65,-4.93
2019-04-19,4,0.763,0.74,3.11,4.96,-3.54
2019-04-21,4,0.777,0.785,-1.02,12.95,-4.12
2019-04-22,4,0.763,0.79,-3.42,10.18,-0.13
2019-04-23,4,0.799,0.788,1.4,8.99,-7.13
2019-04-24,4,0.752,0.799,-5.88,12.38,2.39
2019-04-25,4,0.742,0.792,-6.31,13.3,7.55
2019-04-26,4,0.733,0.771,-4.93,11.26,10.1
2019-04-27,4,0.736,0.763,-3.54,3.11,9.24
2019-04-29,4,0.745,0.777,-4.12,-1.02,0.81
2019-04-30,4,0.762,0.763,-0.13,-3.42,-1.97
2019-05-01,5,0.742,0.799,-7.13,1.4,-0.54
2019-05-02,5,0.77,0.752,2.39,-5.88,-3.77
2019-05-03,5,0.798,0.742,7.55,-6.31,-10.78
2019-05-05,5,0.807,0.733,10.1,-4.93,-10.9
2019-05-06,5,0.804,0.736,9.24,-3.54,-11.69
2019-05-07,5,0.751,0.745,0.81,-4.12,-4.79
2019-05-08,5,0.747,0.762,-1.97,-0.13,-6.83
2019-05-09,5,0.738,0.742,-0.54,-7.13,-4.74
2019-05-10,5,0.741,0.77,-3.77,2.39,-3.24
2019-05-13,5,0.712,0.798,-10.78,7.55,4.35
2019-05-14,5,0.719,0.807,-10.9,10.1,-3.62
2019-05-15,5,0.71,0.804,-11.69,9.24,-9.58
2019-05-16,5,0.715,0.751,-4.79,0.81,-10.49
2019-05-17,5,0.696,0.747,-6.83,-1.97,-6.47
2019-05-19,5,0.703,0.738,-4.74,-0.54,-14.22
2019-05-20,5,0.717,0.741,-3.24,-3.77,-16.88
2019-05-21,5,0.743,0.712,4.35,-10.78,-16.69
2019-05-22,5,0.693,0.719,-3.62,-10.9,-12.99
2019-05-23,5,0.642,0.71,-9.58,-11.69,-4.98
2019-05-24,5,0.64,0.715,-10.49,-4.79,-10.47
2019-05-27,5,0.651,0.696,-6.47,-6.83,-7.07
2019-05-28,5,0.603,0.703,-14.22,-4.74,-3.81
2019-05-29,5,0.596,0.717,-16.88,-3.24,-9.4
2019-05-30,5,0.619,0.743,-16.69,4.35,-14.05
2019-05-31,5,0.603,0.693,-12.99,-3.62,-7.13
2019-06-02,6,0.61,0.642,-4.98,-9.58,-3.28
2019-06-03,6,0.573,0.64,-10.47,-10.49,7.16
2019-06-04,6,0.605,0.651,-7.07,-6.47,-2.48
2019-06-05,6,0.58,0.603,-3.81,-14.22,3.79
2019-06-06,6,0.54,0.596,-9.4,-16.88,12.78
2019-06-07,6,0.532,0.619,-14.05,-16.69,14.1
2019-06-10,6,0.56,0.603,-7.13,-12.99,3.21
2019-06-11,6,0.59,0.61,-3.28,-4.98,5.08
2019-06-12,6,0.614,0.573,7.16,-10.47,-5.37
2019-06-13,6,0.59,0.605,-2.48,-7.07,3.39
2019-06-14,6,0.602,0.58,3.79,-3.81,-2.66
2019-06-16,6,0.609,0.54,12.78,-9.4,-4.76
2019-06-17,6,0.607,0.532,14.1,-14.05,0.49
2019-06-18,6,0.578,0.56,3.21,-7.13,3.98
2019-06-19,6,0.62,0.59,5.08,-3.28,-0.65
2019-06-20,6,0.581,0.614,-5.37,7.16,7.23
2019-06-21,6,0.61,0.59,3.39,-2.48,-0.16
2019-06-24,6,0.586,0.602,-2.66,3.79,-10.75
2019-06-25,6,0.58,0.609,-4.76,12.78,-14.31
2019-06-26,6,0.61,0.607,0.49,14.1,-17.05
2019-06-27,6,0.601,0.578,3.98,3.21,-6.66
2019-06-28,6,0.616,0.62,-0.65,5.08,-7.31
2019-06-29,6,0.623,0.581,7.23,-5.37,-11.56
2019-07-01,7,0.609,0.61,-0.16,3.39,-10.18
2019-07-02,7,0.523,0.586,-10.75,-2.66,9.18
2019-07-03,7,0.497,0.58,-14.31,-4.76,23.34
2019-07-04,7,0.506,0.61,-17.05,0.49,17.59
2019-07-05,7,0.561,0.601,-6.66,3.98,7.84
2019-07-07,7,0.571,0.616,-7.31,-0.65,0.18
2019-07-08,7,0.551,0.623,-11.56,7.23,6.17
2019-07-09,7,0.547,0.609,-10.18,-0.16,-1.83
2019-07-10,7,0.571,0.523,9.18,-10.75,-7.53
2019-07-11,7,0.613,0.497,23.34,-14.31,-17.78
2019-07-12,7,0.595,0.506,17.59,-17.05,-17.31
2019-07-13,7,0.605,0.561,7.84,-6.66,-19.67
2019-07-15,7,0.572,0.571,0.18,-7.31,-16.26
2019-07-16,7,0.585,0.551,6.17,-11.56,-13.5
2019-07-17,7,0.537,0.547,-1.83,-10.18,-10.24
2019-07-18,7,0.528,0.571,-7.53,9.18,-12.5
2019-07-19,7,0.504,0.613,-17.78,23.34,-11.9
2019-07-22,7,0.492,0.595,-17.31,17.59,-13.01
2019-07-23,7,0.486,0.605,-19.67,7.84,-11.11
2019-07-24,7,0.479,0.572,-16.26,0.18,-10.44
2019-07-25,7,0.506,0.585,-13.5,6.17,-15.02
2019-07-26,7,0.482,0.537,-10.24,-1.83,-11.0
2019-07-29,7,0.462,0.528,-12.5,-7.53,-0.87
2019-07-30,7,0.444,0.504,-11.9,-17.78,5.41
2019-07-31,7,0.428,0.492,-13.01,-17.31,3.27
2019-08-01,8,0.432,0.486,-11.11,-19.67,3.01
2019-08-02,8,0.429,0.479,-10.44,-16.26,2.8
2019-08-05,8,0.43,0.506,-15.02,-13.5,6.98
2019-08-06,8,0.429,0.482,-11.0,-10.24,6.53
2019-08-07,8,0.458,0.462,-0.87,-12.5,-2.84
2019-08-08,8,0.468,0.444,5.41,-11.9,7.48
2019-08-09,8,0.442,0.428,3.27,-13.01,14.93
2019-08-10,8,0.445,0.432,3.01,-11.11,8.99
2019-08-12,8,0.441,0.429,2.8,-10.44,10.66
2019-08-13,8,0.46,0.43,6.98,-15.02,8.91
2019-08-14,8,0.457,0.429,6.53,-11.0,13.13
2019-08-15,8,0.445,0.458,-2.84,-0.87,1.35
2019-08-16,8,0.503,0.468,7.48,5.41,-22.86
2019-08-18,8,0.508,0.442,14.93,3.27,-20.87
2019-08-19,8,0.485,0.445,8.99,3.01,-20.62
2019-08-20,8,0.488,0.441,10.66,2.8,-29.1
2019-08-21,8,0.501,0.46,8.91,6.98,-28.74
2019-08-22,8,0.517,0.457,13.13,6.53,-22.24
2019-08-23,8,0.451,0.445,1.35,-2.84,-26.83
2019-08-24,8,0.388,0.503,-22.86,7.48,-12.11
2019-08-26,8,0.402,0.508,-20.87,14.93,-11.19
2019-08-27,8,0.385,0.485,-20.62,8.99,16.88
2019-08-28,8,0.346,0.488,-29.1,10.66,12.43
2019-08-29,8,0.357,0.501,-28.74,8.91,9.24
2019-08-30,8,0.402,0.517,-22.24,13.13,9.7
2019-09-02,9,0.33,0.451,-26.83,1.35,46.36
2019-09-03,9,0.341,0.388,-12.11,-22.86,43.11
2019-09-04,9,0.357,0.402,-11.19,-20.87,50.7
2019-09-05,9,0.45,0.385,16.88,-20.62,26.22
2019-09-06,9,0.389,0.346,12.43,-29.1,30.85
2019-09-08,9,0.39,0.357,9.24,-28.74,35.64
2019-09-09,9,0.441,0.402,9.7,-22.24,16.78
2019-09-10,9,0.483,0.33,46.36,-26.83,6.42
2019-09-11,9,0.488,0.341,43.11,-12.11,8.81
2019-09-12,9,0.538,0.357,50.7,-11.19,-9.85
2019-09-13,9,0.568,0.45,26.22,16.88,-21.65
2019-09-16,9,0.509,0.389,30.85,12.43,-9.43
2019-09-17,9,0.529,0.39,35.64,9.24,-18.15
2019-09-18,9,0.515,0.441,16.78,9.7,-24.47
2019-09-19,9,0.514,0.483,6.42,46.36,-26.46
2019-09-20,9,0.531,0.488,8.81,43.11,-25.42
2019-09-23,9,0.485,0.538,-9.85,50.7,-24.12
2019-09-24,9,0.445,0.568,-21.65,26.22,-22.7
2019-09-25,9,0.461,0.509,-9.43,30.85,-17.14
2019-09-26,9,0.433,0.529,-18.15,35.64,-14.55
2019-09-27,9,0.389,0.515,-24.47,16.78,-10.03
2019-09-28,9,0.378,0.514,-26.46,6.42,-5.82
2019-09-29,9,0.396,0.531,-25.42,8.81,-13.38
2019-09-30,9,0.368,0.485,-24.12,-9.85,-4.35
2019-10-01,10,0.344,0.445,-22.7,-21.65,-6.4
2019-10-02,10,0.382,0.461,-17.14,-9.43,-2.88
2019-10-03,10,0.37,0.433,-14.55,-18.15,27.57
2019-10-04,10,0.35,0.389,-10.03,-24.47,56.57
2019-10-05,10,0.356,0.378,-5.82,-26.46,41.85
2019-10-06,10,0.343,0.396,-13.38,-25.42,55.69
2019-10-07,10,0.352,0.368,-4.35,-24.12,60.8
2019-10-08,10,0.322,0.344,-6.4,-22.7,58.39
2019-10-09,10,0.371,0.382,-2.88,-17.14,45.28
2019-10-10,10,0.472,0.37,27.57,-14.55,13.45
2019-10-11,10,0.548,0.35,56.57,-10.03,3.28
2019-10-14,10,0.505,0.356,41.85,-5.82,6.73
2019-10-15,10,0.534,0.343,55.69,-13.38,-0.75
2019-10-16,10,0.566,0.352,60.8,-4.35,-16.43
2019-10-17,10,0.51,0.322,58.39,-6.4,1.76
2019-10-18,10,0.539,0.371,45.28,-2.88,-8.81
2019-10-20,10,0.5355,0.472,13.45,27.57,1.96
2019-10-21,10,0.566,0.548,3.28,56.57,-4.59
2019-10-22,10,0.539,0.505,6.73,41.85,-3.34
2019-10-23,10,0.53,0.534,-0.75,55.69,-3.77
2019-10-24,10,0.473,0.566,-16.43,60.8,10.57
2019-10-25,10,0.519,0.51,1.76,58.39,5.78
2019-10-27,10,0.4915,0.539,-8.81,45.28,19.02
2019-10-28,10,0.546,0.5355,1.96,13.45,-1.47
2019-10-29,10,0.54,0.566,-4.59,3.28,1.3
2019-10-30,10,0.521,0.539,-3.34,6.73,6.14
2019-10-31,10,0.51,0.53,-3.77,-0.75,9.12
2019-11-01,11,0.523,0.473,10.57,-16.43,4.88
2019-11-04,11,0.549,0.519,5.78,1.76,4.37
2019-11-05,11,0.585,0.4915,19.02,-8.81,-4.1
2019-11-06,11,0.538,0.546,-1.47,1.96,3.53
2019-11-07,11,0.547,0.54,1.3,-4.59,-1.83
2019-11-08,11,0.553,0.521,6.14,-3.34,-0.72
2019-11-09,11,0.5565,0.51,9.12,-3.77,4.4
2019-11-10,11,0.5485,0.523,4.88,10.57,3.56
2019-11-11,11,0.573,0.549,4.37,5.78,0.52
2019-11-12,11,0.561,0.585,-4.1,19.02,4.28
2019-11-13,11,0.557,0.538,3.53,-1.47,-3.41
2019-11-14,11,0.537,0.547,-1.83,1.3,-2.79
2019-11-15,11,0.549,0.553,-0.72,6.14,-9.65
2019-11-18,11,0.581,0.5565,4.4,9.12,-10.33
2019-11-19,11,0.568,0.5485,3.56,4.88,-8.45
2019-11-20,11,0.576,0.573,0.52,4.37,-3.99
2019-11-21,11,0.585,0.561,4.28,-4.1,-5.47
2019-11-22,11,0.538,0.557,-3.41,3.53,-7.06
2019-11-25,11,0.522,0.537,-2.79,-1.83,11.11
2019-11-26,11,0.496,0.549,-9.65,-0.72,17.94
2019-11-27,11,0.521,0.581,-10.33,4.4,11.52
2019-11-28,11,0.52,0.568,-8.45,3.56,11.73
2019-11-29,11,0.553,0.576,-3.99,0.52,7.05
2019-12-02,12,0.553,0.585,-5.47,4.28,3.25
2019-12-03,12,0.5,0.538,-7.06,-3.41,18.4
2019-12-04,12,0.58,0.522,11.11,-2.79,-6.9
2019-12-05,12,0.585,0.496,17.94,-9.65,-8.46
2019-12-06,12,0.581,0.521,11.52,-10.33,3.79
2019-12-09,12,0.581,0.52,11.73,-8.45,-7.57
2019-12-10,12,0.592,0.553,7.05,-3.99,-10.64
2019-12-11,12,0.571,0.553,3.25,-5.47,-4.73
2019-12-12,12,0.592,0.5,18.4,-7.06,-8.95
2019-12-13,12,0.54,0.58,-6.9,11.11,-5.09
2019-12-15,12,0.5355,0.585,-8.46,17.94,4.2
2019-12-16,12,0.603,0.581,3.79,11.52,-7.96
2019-12-17,12,0.537,0.581,-7.57,11.73,1.02
2019-12-18,12,0.529,0.592,-10.64,7.05,3.78
2019-12-19,12,0.544,0.571,-4.73,3.25,0.0
2019-12-20,12,0.539,0.592,-8.95,18.4,0.28
2019-12-22,12,0.5125,0.54,-5.09,-6.9,18.24
2019-12-23,12,0.558,0.5355,4.2,-8.46,-3.94
2019-12-24,12,0.555,0.603,-7.96,3.79,3.69
2019-12-25,12,0.5425,0.537,1.02,-7.57,3.59
2019-12-26,12,0.549,0.529,3.78,-10.64,0.0
2019-12-27,12,0.544,0.544,0.0,-4.73,-1.1
2019-12-29,12,0.5405,0.539,0.28,-8.95,10.27
2019-12-30,12,0.606,0.5125,18.24,-5.09,0.5
2019-12-31,12,0.536,0.558,-3.94,4.2,19.22
2020-01-01,1,0.5755,0.555,3.69,-7.96,2.69
2020-01-02,1,0.562,0.5425,3.59,1.02,-4.63
2020-01-03,1,0.549,0.549,0.0,3.78,-1.46
2020-01-05,1,0.538,0.544,-1.1,0.0,-9.85
2020-01-06,1,0.596,0.5405,10.27,0.28,-17.11
2020-01-07,1,0.609,0.606,0.5,18.24,-23.97
2020-01-08,1,0.639,0.536,19.22,-3.94,-28.79
2020-01-09,1,0.591,0.5755,2.69,3.69,-26.23
2020-01-10,1,0.536,0.562,-4.63,3.59,-17.91
2020-01-12,1,0.541,0.549,-1.46,0.0,-20.33
2020-01-13,1,0.485,0.538,-9.85,-1.1,-10.72
2020-01-14,1,0.494,0.596,-17.11,10.27,-10.12
2020-01-15,1,0.463,0.609,-23.97,0.5,-9.5
2020-01-16,1,0.455,0.639,-28.79,19.22,-7.25
2020-01-17,1,0.436,0.591,-26.23,2.69,-4.93
2020-01-19,1,0.44,0.536,-17.91,-4.63,-9.55
2020-01-20,1,0.431,0.541,-20.33,-1.46,4.87
2020-01-21,1,0.433,0.485,-10.72,-9.85,-0.23
2020-01-22,1,0.444,0.494,-10.12,-17.11,13.29
2020-01-23,1,0.419,0.463,-9.5,-23.97,21.96
2020-01-24,1,0.422,0.455,-7.25,-28.79,17.18
2020-01-26,1,0.4145,0.436,-4.93,-26.23,20.87
2020-01-27,1,0.398,0.44,-9.55,-17.91,18.84
2020-01-28,1,0.452,0.431,4.87,-20.33,11.5
2020-01-29,1,0.432,0.433,-0.23,-10.72,17.36
2020-01-30,1,0.503,0.444,13.29,-10.12,-3.98
2020-01-31,1,0.511,0.419,21.96,-9.5,-3.72
2020-02-01,2,0.4945,0.422,17.18,-7.25,-4.04
2020-02-02,2,0.501,0.4145,20.87,-4.93,-2.79
2020-02-03,2,0.473,0.398,18.84,-9.55,7.4
2020-02-04,2,0.504,0.452,11.5,4.87,8.53
2020-02-05,2,0.507,0.432,17.36,-0.23,9.86
2020-02-06,2,0.483,0.503,-3.98,13.29,12.22
2020-02-07,2,0.492,0.511,-3.72,21.96,8.54
2020-02-09,2,0.4745,0.4945,-4.04,17.18,8.64
2020-02-10,2,0.487,0.501,-2.79,20.87,13.96
2020-02-11,2,0.508,0.473,7.4,18.84,4.53
2020-02-12,2,0.547,0.504,8.53,11.5,-4.39
2020-02-13,2,0.557,0.507,9.86,17.36,-7.18
2020-02-14,2,0.542,0.483,12.22,-3.98,-4.06
2020-02-15,2,0.534,0.492,8.54,-3.72,-23.6
2020-02-16,2,0.5155,0.4745,8.64,-4.04,-24.35
2020-02-17,2,0.555,0.487,13.96,-2.79,-33.33
2020-02-18,2,0.531,0.508,4.53,7.4,-37.66
2020-02-19,2,0.523,0.547,-4.39,8.53,-39.77
2020-02-20,2,0.517,0.557,-7.18,9.86,-39.65
2020-02-21,2,0.52,0.542,-4.06,12.22,-48.46
2020-02-24,2,0.408,0.534,-23.6,8.54,-44.85
2020-02-25,2,0.39,0.5155,-24.35,8.64,-47.44
2020-02-26,2,0.37,0.555,-33.33,13.96,-58.65
2020-02-27,2,0.331,0.531,-37.66,4.53,-72.21
2020-02-28,2,0.315,0.523,-39.77,-4.39,-72.7
2020-02-29,2,0.312,0.517,-39.65,-7.18,-52.24
2020-03-02,3,0.268,0.52,-48.46,-4.06,-44.4
2020-03-03,3,0.225,0.408,-44.85,-23.6,-12.89
2020-03-04,3,0.205,0.39,-47.44,-24.35,44.39
2020-03-05,3,0.153,0.37,-58.65,-33.33,80.72
2020-03-06,3,0.092,0.331,-72.21,-37.66,189.13
2020-03-09,3,0.086,0.315,-72.7,-39.77,252.33
2020-03-10,3,0.149,0.312,-52.24,-39.65,124.83
2020-03-11,3,0.149,0.268,-44.4,-48.46,-10.07
2020-03-12,3,0.196,0.225,-12.89,-44.85,-41.84
2020-03-13,3,0.296,0.205,44.39,-47.44,-71.11
2020-03-14,3,0.2765,0.153,80.72,-58.65,-82.28
2020-03-16,3,0.266,0.092,189.13,-72.21,-53.76
2020-03-17,3,0.303,0.086,252.33,-72.7,-67.33
2020-03-18,3,0.335,0.149,124.83,-52.24,-62.39
2020-03-19,3,0.134,0.149,-10.07,-44.4,-4.48
2020-03-20,3,0.114,0.196,-41.84,-12.89,7.02
2020-03-22,3,0.0855,0.296,-71.11,44.39,55.56
2020-03-23,3,0.049,0.2765,-82.28,80.72,173.47
2020-03-24,3,0.123,0.266,-53.76,189.13,-4.88
2020-03-25,3,0.099,0.303,-67.33,252.33,14.14
2020-03-26,3,0.126,0.335,-62.39,124.83,-27.78
2020-03-27,3,0.128,0.134,-4.48,-10.07,-20.31
2020-03-29,3,0.122,0.114,7.02,-41.84,45.08
2020-03-30,3,0.133,0.0855,55.56,-71.11,-16.54
2020-03-31,3,0.134,0.049,173.47,-82.28,-70.9
2020-04-01,4,0.117,0.123,-4.88,-53.76,-76.07
2020-04-02,4,0.113,0.099,14.14,-67.33,-59.29
2020-04-03,4,0.091,0.126,-27.78,-62.39,-56.04
2020-04-06,4,0.102,0.128,-20.31,-4.48,-27.45
2020-04-07,4,0.177,0.122,45.08,7.02,-77.4
2020-04-08,4,0.111,0.133,-16.54,55.56,-41.44
2020-04-09,4,0.039,0.134,-70.9,173.47,128.21
2020-04-11,4,0.028,0.117,-76.07,-4.88,171.43
2020-04-12,4,0.046,0.113,-59.29,14.14,126.09
2020-04-13,4,0.04,0.091,-56.04,-27.78,62.5
2020-04-14,4,0.074,0.102,-27.45,-20.31,18.92
2020-04-15,4,0.04,0.177,-77.4,45.08,57.5
2020-04-16,4,0.065,0.111,-41.44,-16.54,6.15
2020-04-17,4,0.089,0.039,128.21,-70.9,-38.2
2020-04-19,4,0.076,0.028,171.43,-76.07,-6.58
2020-04-20,4,0.104,0.046,126.09,-59.29,-50.96
2020-04-21,4,0.065,0.04,62.5,-56.04,-23.08
2020-04-22,4,0.088,0.074,18.92,-27.45,-87.5
2020-04-23,4,0.063,0.04,57.5,-77.4,-46.03
2020-04-24,4,0.069,0.065,6.15,-41.44,-59.42
2020-04-26,4,0.055,0.089,-38.2,128.21,-21.82
2020-04-27,4,0.071,0.076,-6.58,171.43,-52.11
2020-04-28,4,0.051,0.104,-50.96,126.09,-80.39
2020-04-29,4,0.05,0.065,-23.08,62.5,-74.0
2020-04-30,4,0.011,0.088,-87.5,18.92,-154.55
2020-05-01,5,0.034,0.063,-46.03,57.5,-142.65
2020-05-02,5,0.028,0.069,-59.42,6.15,-50.0
2020-05-03,5,0.043,0.055,-21.82,-38.2,-130.23
2020-05-04,5,0.034,0.071,-52.11,-6.58,-205.88
2020-05-05,5,0.01,0.051,-80.39,-50.96,-350.0
2020-05-06,5,0.013,0.05,-74.0,-23.08,-46.15
2020-05-07,5,-0.006,0.011,-154.55,-87.5,-183.33
2020-05-08,5,-0.0145,0.034,-142.65,-46.03,-41.38
2020-05-11,5,0.014,0.028,-50.0,-59.42,-78.57
2020-05-12,5,-0.013,0.043,-130.23,-21.82,69.23
2020-05-13,5,-0.036,0.034,-205.88,-52.11,-47.22
2020-05-14,5,-0.025,0.01,-350.0,-80.39,116.0
2020-05-15,5,0.007,0.013,-46.15,-74.0,-771.43
2020-05-16,5,0.005,-0.006,-183.33,-154.55,-1360.0
2020-05-17,5,-0.0085,-0.0145,-41.38,-142.65,523.53
2020-05-18,5,0.003,0.014,-78.57,-50.0,-666.67
2020-05-19,5,-0.022,-0.013,69.23,-130.23,31.82
2020-05-20,5,-0.019,-0.036,-47.22,-205.88,-5.26
2020-05-21,5,-0.054,-0.025,116.0,-350.0,-20.37
2020-05-22,5,-0.047,0.007,-771.43,-46.15,13.83
2020-05-24,5,-0.063,0.005,-1360.0,-183.33,-98.41
2020-05-25,5,-0.053,-0.0085,523.53,-41.38,-56.6
2020-05-26,5,-0.017,0.003,-666.67,-78.57,-135.29
2020-05-27,5,-0.029,-0.022,31.82,69.23,-134.48
2020-05-28,5,-0.018,-0.019,-5.26,-47.22,-166.67
2020-05-29,5,-0.043,-0.054,-20.37,116.0,-101.16
2020-05-30,5,-0.0535,-0.047,13.83,-771.43,-107.48
2020-06-01,6,-0.001,-0.063,-98.41,-1360.0,-700.0
2020-06-02,6,-0.023,-0.053,-56.6,523.53,-139.13
2020-06-03,6,0.006,-0.017,-135.29,-666.67,-883.33
2020-06-04,6,0.01,-0.029,-134.48,31.82,-680.0
2020-06-05,6,0.012,-0.018,-166.67,-5.26,-441.67
2020-06-06,6,0.0005,-0.043,-101.16,-20.37,-12000.0
2020-06-07,6,0.004,-0.0535,-107.48,13.83,-875.0
2020-06-08,6,0.006,-0.001,-700.0,-98.41,-783.33
2020-06-09,6,0.009,-0.023,-139.13,-56.6,-722.22
2020-06-10,6,-0.047,0.006,-883.33,-135.29,-27.66
2020-06-11,6,-0.058,0.01,-680.0,-134.48,-22.41
2020-06-12,6,-0.041,0.012,-441.67,-166.67,30.49
2020-06-14,6,-0.0595,0.0005,-12000.0,-101.16,7.56
2020-06-15,6,-0.031,0.004,-875.0,-107.48,64.52
2020-06-16,6,-0.041,0.006,-783.33,-700.0,85.37
2020-06-17,6,-0.056,0.009,-722.22,-139.13,26.79
2020-06-18,6,-0.034,-0.047,-27.66,-883.33,91.18
2020-06-19,6,-0.045,-0.058,-22.41,-680.0,68.89
2020-06-21,6,-0.0535,-0.041,30.49,-441.67,42.99
2020-06-22,6,-0.064,-0.0595,7.56,-12000.0,21.87
2020-06-23,6,-0.051,-0.031,64.52,-875.0,60.78
2020-06-24,6,-0.076,-0.041,85.37,-783.33,-9.21
2020-06-25,6,-0.071,-0.056,26.79,-722.22,29.58
2020-06-26,6,-0.065,-0.034,91.18,-27.66,27.69
2020-06-27,6,-0.076,-0.045,68.89,-22.41,19.08
2020-06-28,6,-0.0765,-0.0535,42.99,30.49,-15.03
2020-06-29,6,-0.078,-0.064,21.87,7.56,-8.97
2020-06-30,6,-0.082,-0.051,60.78,64.52,-12.2
2020-07-01,7,-0.069,-0.076,-9.21,85.37,28.99
2020-07-02,7,-0.092,-0.071,29.58,26.79,10.87
2020-07-03,7,-0.083,-0.065,27.69,91.18,25.9
2020-07-05,7,-0.0905,-0.076,19.08,68.89,32.04
2020-07-06,7,-0.065,-0.0765,-15.03,42.99,55.38
2020-07-07,7,-0.071,-0.078,-8.97,21.87,46.48
2020-07-08,7,-0.072,-0.082,-12.2,60.78,19.44
2020-07-09,7,-0.089,-0.069,28.99,-9.21,10.11
2020-07-10,7,-0.102,-0.092,10.87,29.58,-22.55
2020-07-11,7,-0.1045,-0.083,25.9,27.69,-16.75
2020-07-12,7,-0.1195,-0.0905,32.04,19.08,-20.5
2020-07-13,7,-0.101,-0.065,55.38,-15.03,-10.89
2020-07-14,7,-0.104,-0.071,46.48,-8.97,2.88
2020-07-15,7,-0.086,-0.072,19.44,-12.2,18.6
2020-07-16,7,-0.098,-0.089,10.11,28.99,-5.1
2020-07-17,7,-0.079,-0.102,-22.55,10.87,-0.0
2020-07-18,7,-0.087,-0.1045,-16.75,25.9,2.3
2020-07-19,7,-0.095,-0.1195,-20.5,32.04,-9.47
2020-07-20,7,-0.09,-0.101,-10.89,55.38,12.22
2020-07-21,7,-0.107,-0.104,2.88,46.48,-16.82
2020-07-22,7,-0.102,-0.086,18.6,19.44,-33.33
2020-07-23,7,-0.093,-0.098,-5.1,10.11,-6.45
2020-07-24,7,-0.079,-0.079,-0.0,-22.55,-8.86
2020-07-25,7,-0.089,-0.087,2.3,-16.75,-16.29
2020-07-26,7,-0.086,-0.095,-9.47,-20.5,6.4
2020-07-27,7,-0.101,-0.09,12.22,-10.89,-29.7
2020-07-28,7,-0.089,-0.107,-16.82,2.88,-16.85
2020-07-29,7,-0.068,-0.102,-33.33,18.6,-29.41
2020-07-30,7,-0.087,-0.093,-6.45,-5.1,-65.52
2020-07-31,7,-0.072,-0.079,-8.86,-0.0,-84.72
2020-08-01,8,-0.0745,-0.089,-16.29,2.3,-84.56
2020-08-02,8,-0.0915,-0.086,6.4,-9.47,-72.13
2020-08-03,8,-0.071,-0.101,-29.7,12.22,-67.61
2020-08-04,8,-0.074,-0.089,-16.85,-16.82,-118.92
2020-08-05,8,-0.048,-0.068,-29.41,-33.33,-129.17
2020-08-06,8,-0.03,-0.087,-65.52,-6.45,-113.33
2020-08-07,8,-0.011,-0.072,-84.72,-8.86,45.45
2020-08-08,8,-0.0115,-0.0745,-84.56,-16.29,91.3
2020-08-09,8,-0.0255,-0.0915,-72.13,6.4,-23.53
2020-08-10,8,-0.023,-0.071,-67.61,-29.7,52.17
2020-08-11,8,0.014,-0.074,-118.92,-16.85,-350.0
2020-08-12,8,0.014,-0.048,-129.17,-29.41,-200.0
2020-08-13,8,0.004,-0.03,-113.33,-65.52,-800.0
2020-08-14,8,-0.016,-0.011,45.45,-84.72,156.25
2020-08-15,8,-0.022,-0.0115,91.3,-84.56,138.64
2020-08-16,8,-0.0195,-0.0255,-23.53,-72.13,94.87
2020-08-17,8,-0.035,-0.023,52.17,-67.61,-57.14
2020-08-18,8,-0.035,0.014,-350.0,-118.92,-88.57
2020-08-19,8,-0.014,0.014,-200.0,-129.17,-50.0
2020-08-20,8,-0.028,0.004,-800.0,-113.33,78.57
2020-08-21,8,-0.041,-0.016,156.25,45.45,47.56
2020-08-22,8,-0.0525,-0.022,138.64,91.3,15.24
2020-08-24,8,-0.038,-0.0195,94.87,-23.53,69.74
2020-08-25,8,-0.015,-0.035,-57.14,52.17,520.0
2020-08-26,8,-0.004,-0.035,-88.57,-350.0,2675.0
2020-08-27,8,-0.007,-0.014,-50.0,-200.0,1200.0
2020-08-28,8,-0.05,-0.028,78.57,-800.0,32.0
2020-08-29,8,-0.0605,-0.041,47.56,156.25,12.4
2020-08-30,8,-0.0605,-0.0525,15.24,138.64,45.45
2020-08-31,8,-0.0645,-0.038,69.74,94.87,31.78
2020-09-01,9,-0.093,-0.015,520.0,-57.14,36.56
2020-09-02,9,-0.111,-0.004,2675.0,-88.57,-30.63
2020-09-03,9,-0.091,-0.007,1200.0,-50.0,13.19
2020-09-04,9,-0.066,-0.05,32.0,78.57,87.88
2020-09-05,9,-0.068,-0.0605,12.4,47.56,111.03
2020-09-06,9,-0.088,-0.0605,45.45,15.24,63.07
2020-09-07,9,-0.085,-0.0645,31.78,69.74,8.24
2020-09-08,9,-0.127,-0.093,36.56,520.0,-51.97
2020-09-09,9,-0.077,-0.111,-30.63,2675.0,-29.87
2020-09-10,9,-0.103,-0.091,13.19,1200.0,-0.0
2020-09-11,9,-0.124,-0.066,87.88,32.0,-12.9
2020-09-12,9,-0.1435,-0.068,111.03,12.4,-18.12
2020-09-13,9,-0.1435,-0.088,63.07,45.45,-14.29
2020-09-14,9,-0.092,-0.085,8.24,31.78,22.83
2020-09-15,9,-0.061,-0.127,-51.97,36.56,-24.59
2020-09-16,9,-0.054,-0.077,-29.87,-30.63,-18.52
2020-09-17,9,-0.103,-0.103,-0.0,13.19,-60.19
2020-09-18,9,-0.108,-0.124,-12.9,87.88,-41.67
2020-09-19,9,-0.1175,-0.1435,-18.12,111.03,-37.87
2020-09-20,9,-0.123,-0.1435,-14.29,63.07,-33.33
2020-09-21,9,-0.113,-0.092,22.83,8.24,-53.98
2020-09-22,9,-0.046,-0.061,-24.59,-51.97,8.7
2020-09-23,9,-0.044,-0.054,-18.52,-29.87,-68.18
2020-09-24,9,-0.041,-0.103,-60.19,-0.0,-4.88
2020-09-25,9,-0.063,-0.108,-41.67,-12.9,-53.97
2020-09-26,9,-0.073,-0.1175,-37.87,-18.12,-47.95
2020-09-27,9,-0.082,-0.123,-33.33,-14.29,-52.44
2020-09-28,9,-0.052,-0.113,-53.98,22.83,-69.23
2020-09-29,9,-0.05,-0.046,8.7,-24.59,-66.0
2020-09-30,9,-0.014,-0.044,-68.18,-18.52,-57.14
2020-10-01,10,-0.039,-0.041,-4.88,-60.19,-66.67
2020-10-02,10,-0.029,-0.063,-53.97,-41.67,-75.86
2020-10-03,10,-0.038,-0.073,-47.95,-37.87,-38.16
2020-10-04,10,-0.039,-0.082,-52.44,-33.33,-26.92
2020-10-05,10,-0.016,-0.052,-69.23,-53.98,6.25
2020-10-06,10,-0.017,-0.05,-66.0,8.7,123.53
2020-10-07,10,-0.006,-0.014,-57.14,-68.18,600.0
2020-10-08,10,-0.013,-0.039,-66.67,-4.88,269.23
2020-10-09,10,-0.007,-0.029,-75.86,-53.97,614.29
2020-10-10,10,-0.0235,-0.038,-38.16,-47.95,153.19
2020-10-11,10,-0.0285,-0.039,-26.92,-52.44,129.82
2020-10-12,10,-0.017,-0.016,6.25,-69.23,276.47
2020-10-13,10,-0.038,-0.017,123.53,-66.0,52.63
2020-10-14,10,-0.042,-0.006,600.0,-57.14,-0.0
2020-10-15,10,-0.048,-0.013,269.23,-66.67,-54.17
2020-10-16,10,-0.05,-0.007,614.29,-75.86,-48.0
2020-10-17,10,-0.0595,-0.0235,153.19,-38.16,-16.81
2020-10-18,10,-0.0655,-0.0285,129.82,-26.92,-44.27
2020-10-19,10,-0.064,-0.017,276.47,6.25,-57.81
2020-10-20,10,-0.058,-0.038,52.63,123.53,-25.86
2020-10-21,10,-0.042,-0.042,-0.0,600.0,28.57
2020-10-22,10,-0.022,-0.048,-54.17,269.23,113.64
2020-10-23,10,-0.026,-0.05,-48.0,614.29,-7.69
2020-10-24,10,-0.0495,-0.0595,-16.81,153.19,-40.4
2020-10-25,10,-0.0365,-0.0655,-44.27,129.82,4.11
2020-10-26,10,-0.027,-0.064,-57.81,276.47,144.44
2020-10-27,10,-0.043,-0.058,-25.86,52.63,-27.91
2020-10-28,10,-0.054,-0.042,28.57,-0.0,22.22
2020-10-29,10,-0.047,-0.022,113.64,-54.17,-87.23
2020-10-30,10,-0.024,-0.026,-7.69,-48.0,-129.17
2020-10-31,10,-0.0295,-0.0495,-40.4,-16.81,-101.69
2020-11-01,11,-0.038,-0.0365,4.11,-44.27,-171.05
2020-11-02,11,-0.066,-0.027,144.44,-57.81,-112.12
2020-11-03,11,-0.031,-0.043,-27.91,-25.86,-138.71
2020-11-04,11,-0.066,-0.054,22.22,28.57,-116.67
2020-11-05,11,-0.006,-0.047,-87.23,113.64,416.67
2020-11-06,11,0.007,-0.024,-129.17,-7.69,-485.71
2020-11-07,11,0.0005,-0.0295,-101.69,-40.4,-7800.0
2020-11-08,11,0.027,-0.038,-171.05,4.11,-242.59
2020-11-09,11,0.008,-0.066,-112.12,144.44,-375.0
2020-11-10,11,0.012,-0.031,-138.71,-27.91,-316.67
2020-11-11,11,0.011,-0.066,-116.67,22.22,-272.73
2020-11-12,11,-0.031,-0.006,416.67,-87.23,-41.94
2020-11-13,11,-0.027,0.007,-485.71,-129.17,33.33
2020-11-14,11,-0.0385,0.0005,-7800.0,-101.69,29.87
2020-11-15,11,-0.0385,0.027,-242.59,-171.05,24.68
2020-11-16,11,-0.022,0.008,-375.0,-112.12,9.09
2020-11-17,11,-0.026,0.012,-316.67,-138.71,-61.54
2020-11-18,11,-0.019,0.011,-272.73,-116.67,-0.0
2020-11-19,11,-0.018,-0.031,-41.94,416.67,111.11
2020-11-20,11,-0.036,-0.027,33.33,-485.71,16.67
2020-11-21,11,-0.05,-0.0385,29.87,-7800.0,6.0
2020-11-22,11,-0.048,-0.0385,24.68,-242.59,-12.5
2020-11-23,11,-0.024,-0.022,9.09,-375.0,-25.0
2020-11-24,11,-0.01,-0.026,-61.54,-316.67,-70.0
2020-11-25,11,-0.019,-0.019,-0.0,-272.73,-26.32
2020-11-26,11,-0.038,-0.018,111.11,-41.94,-5.26
2020-11-27,11,-0.042,-0.036,16.67,33.33,-28.57
2020-11-28,11,-0.053,-0.05,6.0,29.87,-13.21
2020-11-29,11,-0.042,-0.048,-12.5,24.68,3.57
2020-11-30,11,-0.018,-0.024,-25.0,9.09,300.0
2020-12-01,12,-0.003,-0.01,-70.0,-61.54,2400.0
2020-12-02,12,-0.014,-0.019,-26.32,-0.0,414.29
2020-12-03,12,-0.036,-0.038,-5.26,111.11,191.67
2020-12-04,12,-0.03,-0.042,-28.57,16.67,276.67
2020-12-05,12,-0.046,-0.053,-13.21,6.0,170.65
2020-12-06,12,-0.0435,-0.042,3.57,-12.5,198.85
2020-12-07,12,-0.072,-0.018,300.0,-25.0,12.5
2020-12-08,12,-0.075,-0.003,2400.0,-70.0,-32.0
2020-12-09,12,-0.072,-0.014,414.29,-26.32,-9.72
2020-12-10,12,-0.105,-0.036,191.67,-5.26,-60.0
2020-12-11,12,-0.113,-0.03,276.67,-28.57,-31.86
2020-12-12,12,-0.1245,-0.046,170.65,-13.21,-20.08
2020-12-13,12,-0.13,-0.0435,198.85,3.57,-24.23
2020-12-14,12,-0.081,-0.072,12.5,300.0,25.93
2020-12-15,12,-0.051,-0.075,-32.0,2400.0,139.22
2020-12-16,12,-0.065,-0.072,-9.72,414.29,30.77
2020-12-17,12,-0.042,-0.105,-60.0,191.67,147.62
2020-12-18,12,-0.077,-0.113,-31.86,276.67,22.73
2020-12-19,12,-0.0995,-0.1245,-20.08,170.65,-2.01
2020-12-20,12,-0.0985,-0.13,-24.23,198.85,-1.02
2020-12-21,12,-0.102,-0.081,25.93,12.5,47.06
2020-12-22,12,-0.122,-0.051,139.22,-32.0,27.05
2020-12-23,12,-0.085,-0.065,30.77,-9.72,82.35
2020-12-24,12,-0.104,-0.042,147.62,-60.0,68.75
2020-12-26,12,-0.0945,-0.077,22.73,-31.86,92.06
2020-12-27,12,-0.0975,-0.0995,-2.01,-20.08,56.92
2020-12-28,12,-0.0975,-0.0985,-1.02,-24.23,36.41
2020-12-29,12,-0.15,-0.102,47.06,25.93,-12.67
2020-12-30,12,-0.155,-0.122,27.05,139.22,-16.13
2020-12-31,12,-0.155,-0.085,82.35,30.77,-41.94
2021-01-02,1,-0.1755,-0.104,68.75,147.62,-15.67
2021-01-03,1,-0.1815,-0.0945,92.06,22.73,-71.35
2021-01-04,1,-0.153,-0.0975,56.92,-2.01,-26.8
2021-01-05,1,-0.133,-0.0975,36.41,-1.02,-48.87
2021-01-06,1,-0.131,-0.15,-12.67,47.06,-22.9
2021-01-07,1,-0.13,-0.155,-16.13,27.05,-16.92
2021-01-08,1,-0.09,-0.155,-41.94,82.35,51.11
2021-01-09,1,-0.148,-0.1755,-15.67,68.75,-0.0
2021-01-10,1,-0.052,-0.1815,-71.35,92.06,176.92
2021-01-11,1,-0.112,-0.153,-26.8,56.92,21.43
2021-01-12,1,-0.068,-0.133,-48.87,36.41,82.35
2021-01-13,1,-0.101,-0.131,-22.9,-12.67,12.87
2021-01-14,1,-0.108,-0.13,-16.92,-16.13,-1.85
2021-01-15,1,-0.136,-0.09,51.11,-41.94,-13.97
2021-01-16,1,-0.148,-0.148,-0.0,-15.67,-18.24
2021-01-17,1,-0.144,-0.052,176.92,-71.35,-6.94
2021-01-18,1,-0.136,-0.112,21.43,-26.8,-0.0
2021-01-19,1,-0.124,-0.068,82.35,-48.87,7.26
2021-01-20,1,-0.114,-0.101,12.87,-22.9,-6.14
2021-01-21,1,-0.106,-0.108,-1.85,-16.92,-4.72
2021-01-22,1,-0.117,-0.136,-13.97,51.11,1.71
2021-01-24,1,-0.121,-0.148,-18.24,-0.0,-2.89
2021-01-25,1,-0.134,-0.144,-6.94,176.92,-20.15
2021-01-26,1,-0.136,-0.136,-0.0,21.43,-33.82
2021-01-27,1,-0.133,-0.124,7.26,82.35,-35.34
2021-01-28,1,-0.107,-0.114,-6.14,12.87,-77.57
2021-01-29,1,-0.101,-0.106,-4.72,-1.85,-93.07
2021-01-30,1,-0.119,-0.117,1.71,-13.97,-99.58
2021-01-31,1,-0.1175,-0.121,-2.89,-18.24,-108.09
2021-02-01,2,-0.107,-0.134,-20.15,-6.94,-68.22
2021-02-02,2,-0.09,-0.136,-33.82,-0.0,-61.11
2021-02-03,2,-0.086,-0.133,-35.34,7.26,-66.28
2021-02-04,2,-0.024,-0.107,-77.57,-6.14,62.5
2021-02-05,2,-0.007,-0.101,-93.07,-4.72,414.29
2021-02-06,2,-0.0005,-0.119,-99.58,1.71,6800.0
2021-02-07,2,0.0095,-0.1175,-108.09,-2.89,-436.84
2021-02-08,2,-0.034,-0.107,-68.22,-20.15,-0.0
2021-02-09,2,-0.035,-0.09,-61.11,-33.82,-14.29
2021-02-10,2,-0.029,-0.086,-66.28,-35.34,82.76
2021-02-11,2,-0.039,-0.024,62.5,-77.57,2.56
2021-02-12,2,-0.036,-0.007,414.29,-93.07,-86.11
2021-02-13,2,-0.0345,-0.0005,6800.0,-99.58,-292.75
2021-02-14,2,-0.032,0.0095,-436.84,-108.09,-284.38
2021-02-15,2,-0.034,-0.034,-0.0,-68.22,-226.47
2021-02-16,2,-0.03,-0.035,-14.29,-61.11,-230.0
2021-02-17,2,-0.053,-0.029,82.76,-66.28,-154.72
2021-02-18,2,-0.04,-0.039,2.56,62.5,-382.5
2021-02-19,2,-0.005,-0.036,-86.11,414.29,-2680.0
2021-02-20,2,0.0665,-0.0345,-292.75,6800.0,63.16
2021-02-21,2,0.059,-0.032,-284.38,-436.84,88.14
2021-02-22,2,0.043,-0.034,-226.47,-0.0,123.26
2021-02-23,2,0.039,-0.03,-230.0,-14.29,38.46
2021-02-24,2,0.029,-0.053,-154.72,82.76,189.66
2021-02-25,2,0.113,-0.04,-382.5,2.56,-30.97
2021-02-26,2,0.129,-0.005,-2680.0,-86.11,-24.03
2021-02-27,2,0.1085,0.0665,63.16,-292.75,-25.81
2021-02-28,2,0.111,0.059,88.14,-284.38,-7.66
2021-03-01,3,0.096,0.043,123.26,-226.47,2.08
2021-03-02,3,0.054,0.039,38.46,-230.0,57.41
2021-03-03,3,0.084,0.029,189.66,-154.72,-19.05
2021-03-04,3,0.078,0.113,-30.97,-382.5,-1.28
2021-03-05,3,0.098,0.129,-24.03,-2680.0,3.06
2021-03-06,3,0.0805,0.1085,-25.81,63.16,18.63
2021-03-07,3,0.1025,0.111,-7.66,88.14,-5.85
2021-03-08,3,0.098,0.096,2.08,123.26,0.0
2021-03-09,3,0.085,0.054,57.41,38.46,10.59
2021-03-10,3,0.068,0.084,-19.05,189.66,64.71
2021-03-11,3,0.077,0.078,-1.28,-30.97,44.16
2021-03-12,3,0.101,0.098,3.06,-24.03,-4.95
2021-03-13,3,0.0955,0.0805,18.63,-25.81,-2.62
2021-03-14,3,0.0965,0.1025,-5.85,-7.66,-9.84
2021-03-15,3,0.098,0.098,0.0,2.08,-25.51
2021-03-16,3,0.094,0.085,10.59,57.41,-52.13
2021-03-17,3,0.112,0.068,64.71,-19.05,-44.64
2021-03-18,3,0.111,0.077,44.16,-1.28,-56.76
2021-03-19,3,0.096,0.101,-4.95,3.06,-34.38
2021-03-20,3,0.093,0.0955,-2.62,18.63,-32.26
2021-03-21,3,0.087,0.0965,-9.84,-5.85,-45.98
2021-03-22,3,0.073,0.098,-25.51,0.0,-8.22
2021-03-23,3,0.045,0.094,-52.13,10.59,68.89
2021-03-24,3,0.062,0.112,-44.64,64.71,69.35
2021-03-25,3,0.048,0.111,-56.76,44.16,60.42
2021-03-26,3,0.063,0.096,-34.38,-4.95,26.98
2021-03-27,3,0.063,0.093,-32.26,-2.62,11.11
2021-03-28,3,0.047,0.087,-45.98,-9.84,48.94
2021-03-29,3,0.067,0.073,-8.22,-25.51,19.4
2021-03-30,3,0.076,0.045,68.89,-52.13,-14.47
2021-03-31,3,0.105,0.062,69.35,-44.64,-54.29
2021-04-01,4,0.077,0.048,60.42,-56.76,-32.47
2021-04-03,4,0.08,0.063,26.98,-34.38,-38.12
2021-04-04,4,0.07,0.063,11.11,-32.26,-25.71
2021-04-05,4,0.07,0.047,48.94,-45.98,-20.0
2021-04-06,4,0.08,0.067,19.4,-8.22,-38.75
2021-04-07,4,0.065,0.076,-14.47,68.89,-1.54
2021-04-08,4,0.048,0.105,-54.29,69.35,-22.92
2021-04-09,4,0.052,0.077,-32.47,60.42,-9.62
2021-04-10,4,0.0495,0.08,-38.12,26.98,-16.16
2021-04-11,4,0.052,0.07,-25.71,11.11,-28.85
2021-04-12,4,0.056,0.07,-20.0,48.94,-30.36
2021-04-13,4,0.049,0.08,-38.75,19.4,-28.57
2021-04-14,4,0.064,0.065,-1.54,-14.47,-29.69
2021-04-15,4,0.037,0.048,-22.92,-54.29,27.03
2021-04-16,4,0.047,0.052,-9.62,-32.47,-4.26
2021-04-17,4,0.0415,0.0495,-16.16,-38.12,-24.1
2021-04-18,4,0.037,0.052,-28.85,-25.71,-4.05
2021-04-19,4,0.039,0.056,-30.36,-20.0,41.03
2021-04-20,4,0.035,0.049,-28.57,-38.75,97.14
2021-04-21,4,0.045,0.064,-29.69,-1.54,42.22
2021-04-22,4,0.047,0.037,27.03,-22.92,78.72
2021-04-23,4,0.045,0.047,-4.26,-9.62,86.67
2021-04-24,4,0.0315,0.0415,-24.1,-16.16,130.16
2021-04-25,4,0.0355,0.037,-4.05,-28.85,107.04
2021-04-26,4,0.055,0.039,41.03,-30.36,33.64
2021-04-27,4,0.069,0.035,97.14,-28.57,-30.43
2021-04-28,4,0.064,0.045,42.22,-29.69,-12.5
2021-04-29,4,0.084,0.047,78.72,27.03,-51.19
2021-04-30,4,0.084,0.045,86.67,-4.26,-53.57
2021-05-01,5,0.0725,0.0315,130.16,-24.1,-80.0
2021-05-02,5,0.0735,0.0355,107.04,-4.05,-93.2
2021-05-03,5,0.0735,0.055,33.64,41.03,-45.58
2021-05-04,5,0.048,0.069,-30.43,97.14,43.75
2021-05-05,5,0.056,0.064,-12.5,42.22,94.64
2021-05-06,5,0.041,0.084,-51.19,78.72,153.66
2021-05-07,5,0.039,0.084,-53.57,86.67,112.82
2021-05-08,5,0.0145,0.0725,-80.0,130.16,441.38
2021-05-09,5,0.005,0.0735,-93.2,107.04,1660.0
2021-05-10,5,0.04,0.0735,-45.58,33.64,110.0
2021-05-11,5,0.069,0.048,43.75,-30.43,28.99
2021-05-12,5,0.109,0.056,94.64,-12.5,-29.36
2021-05-13,5,0.104,0.041,153.66,-51.19,-45.19
2021-05-14,5,0.083,0.039,112.82,-53.57,-40.96
2021-05-15,5,0.0785,0.0145,441.38,-80.0,-57.32
2021-05-16,5,0.088,0.005,1660.0,-93.2,-54.55
2021-05-17,5,0.084,0.04,110.0,-45.58,-57.14
2021-05-18,5,0.089,0.069,28.99,43.75,-69.66
2021-05-19,5,0.077,0.109,-29.36,94.64,-67.53
2021-05-20,5,0.057,0.104,-45.19,153.66,-1.75
2021-05-21,5,0.049,0.083,-40.96,112.82,34.69
2021-05-22,5,0.0335,0.0785,-57.32,441.38,94.03
2021-05-23,5,0.04,0.088,-54.55,1660.0,35.0
2021-05-24,5,0.036,0.084,-57.14,110.0,50.0
2021-05-25,5,0.027,0.089,-69.66,28.99,203.7
2021-05-26,5,0.025,0.077,-67.53,-29.36,160.0
2021-05-27,5,0.056,0.057,-1.75,-45.19,73.21
2021-05-28,5,0.066,0.049,34.69,-40.96,1.52
2021-05-29,5,0.065,0.0335,94.03,-57.32,-23.08
2021-05-30,5,0.054,0.04,35.0,-54.55,3.7
2021-05-31,5,0.054,0.036,50.0,-57.14,72.22
2021-06-01,6,0.082,0.027,203.7,-69.66,-8.54
2021-06-02,6,0.065,0.025,160.0,-67.53,-1.54
2021-06-03,6,0.097,0.056,73.21,-1.75,-29.9
2021-06-04,6,0.067,0.066,1.52,34.69,-10.45
2021-06-05,6,0.05,0.065,-23.08,94.03,-25.0
2021-06-06,6,0.056,0.054,3.7,35.0,-8.04
2021-06-07,6,0.093,0.054,72.22,50.0,-19.35
2021-06-08,6,0.075,0.082,-8.54,203.7,10.67
2021-06-09,6,0.064,0.065,-1.54,160.0,26.56
2021-06-10,6,0.068,0.097,-29.9,73.21,72.06
2021-06-11,6,0.06,0.067,-10.45,1.52,111.67
2021-06-12,6,0.0375,0.05,-25.0,-23.08,229.33
2021-06-13,6,0.0515,0.056,-8.04,3.7,141.75
2021-06-14,6,0.075,0.093,-19.35,72.22,72.0
2021-06-15,6,0.083,0.075,10.67,-8.54,33.73
2021-06-16,6,0.081,0.064,26.56,-1.54,6.17
2021-06-17,6,0.117,0.068,72.06,-29.9,-38.46
2021-06-18,6,0.127,0.06,111.67,-10.45,-31.5
2021-06-19,6,0.1235,0.0375,229.33,-25.0,-34.01
2021-06-20,6,0.1245,0.0515,141.75,-8.04,-37.75
2021-06-21,6,0.129,0.075,72.0,-19.35,-52.71
2021-06-22,6,0.111,0.083,33.73,10.67,-42.34
2021-06-23,6,0.086,0.081,6.17,26.56,-31.4
2021-06-24,6,0.072,0.117,-38.46,72.06,-1.39
2021-06-25,6,0.087,0.127,-31.5,111.67,-29.89
2021-06-26,6,0.0815,0.1235,-34.01,229.33,-43.56
2021-06-27,6,0.0775,0.1245,-37.75,141.75,-32.26
2021-06-28,6,0.061,0.129,-52.71,72.0,-4.92
2021-06-29,6,0.064,0.111,-42.34,33.73,-20.31
2021-06-30,6,0.059,0.086,-31.4,6.17,16.95
2021-07-01,7,0.071,0.072,-1.39,-38.46,29.58
2021-07-02,7,0.061,0.087,-29.89,-31.5,47.54
2021-07-03,7,0.046,0.0815,-43.56,-34.01,86.96
2021-07-04,7,0.0525,0.0775,-32.26,-37.75,60.0
2021-07-05,7,0.058,0.061,-4.92,-52.71,63.79
2021-07-06,7,0.051,0.064,-20.31,-42.34,80.39
2021-07-07,7,0.069,0.059,16.95,-31.4,24.64
2021-07-08,7,0.092,0.071,29.58,-1.39,63.04
2021-07-09,7,0.09,0.061,47.54,-29.89,32.22
2021-07-10,7,0.086,0.046,86.96,-43.56,26.74
2021-07-11,7,0.084,0.0525,60.0,-32.26,30.95
2021-07-12,7,0.095,0.058,63.79,-4.92,-15.79
2021-07-13,7,0.092,0.051,80.39,-20.31,2.17
2021-07-14,7,0.086,0.069,24.64,16.95,24.42
2021-07-15,7,0.15,0.092,63.04,29.58,-54.67
2021-07-16,7,0.119,0.09,32.22,47.54,-32.77
2021-07-17,7,0.109,0.086,26.74,86.96,-34.86
2021-07-18,7,0.11,0.084,30.95,60.0,-26.82
2021-07-19,7,0.08,0.095,-15.79,63.79,1.25
2021-07-20,7,0.094,0.092,2.17,80.39,-19.15
2021-07-21,7,0.107,0.086,24.42,24.64,-16.82
2021-07-22,7,0.068,0.15,-54.67,63.04,10.29
2021-07-23,7,0.08,0.119,-32.77,32.22,-23.75
2021-07-24,7,0.071,0.109,-34.86,26.74,-27.46
2021-07-25,7,0.0805,0.11,-26.82,30.95,-60.25
2021-07-26,7,0.081,0.08,1.25,-15.79,-29.63
2021-07-27,7,0.076,0.094,-19.15,2.17,-7.89
2021-07-28,7,0.089,0.107,-16.82,24.42,2.25
2021-07-29,7,0.075,0.068,10.29,-54.67,90.67
2021-07-30,7,0.061,0.08,-23.75,-32.77,127.87
2021-07-31,7,0.0515,0.071,-27.46,-34.86,166.02
2021-08-02,8,0.032,0.0805,-60.25,-26.82,381.25
2021-08-03,8,0.057,0.081,-29.63,1.25,117.54
2021-08-04,8,0.07,0.076,-7.89,-19.15,125.71
2021-08-05,8,0.091,0.089,2.25,-16.82,49.45
2021-08-06,8,0.143,0.075,90.67,10.29,-9.79
2021-08-07,8,0.139,0.061,127.87,-23.75,-3.96
2021-08-09,8,0.137,0.0515,166.02,-27.46,5.11
2021-08-10,8,0.154,0.032,381.25,-60.25,-0.65
2021-08-11,8,0.124,0.057,117.54,-29.63,16.94
2021-08-12,8,0.158,0.07,125.71,-7.89,-25.32
2021-08-13,8,0.136,0.091,49.45,2.25,-27.21
2021-08-14,8,0.129,0.143,-9.79,90.67,-27.91
2021-08-15,8,0.1335,0.139,-3.96,127.87,-31.84
2021-08-16,8,0.144,0.137,5.11,166.02,-19.44
2021-08-17,8,0.153,0.154,-0.65,381.25,-16.34
2021-08-18,8,0.145,0.124,16.94,117.54,5.52
2021-08-19,8,0.118,0.158,-25.32,125.71,25.42
2021-08-20,8,0.099,0.136,-27.21,49.45,25.25
2021-08-21,8,0.093,0.129,-27.91,-9.79,18.28
2021-08-22,8,0.091,0.1335,-31.84,-3.96,27.47
2021-08-23,8,0.116,0.144,-19.44,5.11,0.0
2021-08-24,8,0.128,0.153,-16.34,-0.65,23.44
2021-08-25,8,0.153,0.145,5.52,16.94,33.99
2021-08-26,8,0.148,0.118,25.42,-25.32,32.43
2021-08-27,8,0.124,0.099,25.25,-27.21,60.48
2021-08-28,8,0.11,0.093,18.28,-27.91,65.45
2021-08-29,8,0.116,0.091,27.47,-31.84,66.38
2021-08-30,8,0.116,0.116,0.0,-19.44,81.9
2021-08-31,8,0.158,0.128,23.44,-16.34,44.3
2021-09-01,9,0.205,0.153,33.99,5.52,17.07
2021-09-02,9,0.196,0.148,32.43,25.42,21.94
2021-09-03,9,0.199,0.124,60.48,25.25,15.58
2021-09-06,9,0.182,0.11,65.45,18.28,29.12
2021-09-07,9,0.193,0.116,66.38,27.47,37.31
2021-09-08,9,0.211,0.116,81.9,0.0,35.55
2021-09-09,9,0.228,0.158,44.3,23.44,28.51
2021-09-10,9,0.24,0.205,17.07,33.99,6.25
2021-09-11,9,0.239,0.196,21.94,32.43,17.99
2021-09-13,9,0.23,0.199,15.58,60.48,21.3
2021-09-14,9,0.235,0.182,29.12,65.45,65.96
2021-09-15,9,0.265,0.193,37.31,66.38,44.53
2021-09-16,9,0.286,0.211,35.55,81.9,36.71
2021-09-17,9,0.293,0.228,28.51,44.3,39.59
2021-09-20,9,0.255,0.24,6.25,17.07,60.39
2021-09-21,9,0.282,0.239,17.99,21.94,45.74
2021-09-22,9,0.279,0.23,21.3,15.58,43.37
2021-09-23,9,0.39,0.235,65.96,29.12,4.36
2021-09-24,9,0.383,0.265,44.53,37.31,19.32
2021-09-27,9,0.391,0.286,36.71,35.55,20.72
2021-09-28,9,0.409,0.293,39.59,28.51,17.6
2021-09-29,9,0.409,0.255,60.39,6.25,30.32
2021-09-30,9,0.411,0.282,45.74,17.99,31.51
2021-10-01,10,0.4,0.279,43.37,21.3,49.0
2021-10-04,10,0.407,0.39,4.36,65.96,36.86
2021-10-05,10,0.457,0.383,19.32,44.53,26.04
2021-10-06,10,0.472,0.391,20.72,36.71,8.69
2021-10-07,10,0.481,0.409,17.6,39.59,21.83
2021-10-08,10,0.533,0.409,30.32,60.39,33.77
2021-10-09,10,0.5405,0.411,31.51,45.74,35.99
2021-10-11,10,0.596,0.4,49.0,43.37,16.11
2021-10-12,10,0.557,0.407,36.86,4.36,27.29
2021-10-13,10,0.576,0.457,26.04,19.32,17.01
2021-10-14,10,0.513,0.472,8.69,20.72,29.24
2021-10-15,10,0.586,0.481,21.83,17.6,10.24
2021-10-18,10,0.713,0.533,33.77,30.32,-11.78
2021-10-19,10,0.735,0.5405,35.99,31.51,-24.35
2021-10-20,10,0.692,0.596,16.11,49.0,-6.94
2021-10-21,10,0.709,0.557,27.29,36.86,0.14
2021-10-22,10,0.674,0.576,17.01,26.04,3.12
2021-10-23,10,0.663,0.513,29.24,8.69,1.21
2021-10-25,10,0.646,0.586,10.24,21.83,8.82
2021-10-26,10,0.629,0.713,-11.78,33.77,-21.3
2021-10-27,10,0.556,0.735,-24.35,35.99,-25.54
2021-10-28,10,0.644,0.692,-6.94,16.11,-35.09
2021-10-29,10,0.71,0.709,0.14,27.29,-36.06
2021-11-01,11,0.695,0.674,3.12,17.01,-16.55
2021-11-02,11,0.671,0.663,1.21,29.24,-15.5
2021-11-03,11,0.703,0.646,8.82,10.24,-25.32
2021-11-04,11,0.495,0.629,-21.3,-11.78,13.54
2021-11-05,11,0.414,0.556,-25.54,-24.35,47.83
2021-11-08,11,0.418,0.644,-35.09,-6.94,35.41
2021-11-09,11,0.454,0.71,-36.06,0.14,16.96
2021-11-10,11,0.58,0.695,-16.55,3.12,-15.86
2021-11-11,11,0.567,0.671,-15.5,1.21,-16.05
2021-11-12,11,0.525,0.703,-25.32,8.82,1.33
2021-11-15,11,0.562,0.495,13.54,-21.3,5.69
2021-11-16,11,0.612,0.414,47.83,-25.54,-4.9
2021-11-17,11,0.566,0.418,35.41,-35.09,0.71
2021-11-18,11,0.531,0.454,16.96,-36.06,-13.18
2021-11-19,11,0.488,0.58,-15.86,-16.55,0.82
2021-11-20,11,0.476,0.567,-16.05,-15.5,0.63
2021-11-22,11,0.532,0.525,1.33,-25.32,-0.56
2021-11-23,11,0.594,0.562,5.69,13.54,-10.61
2021-11-24,11,0.582,0.612,-4.9,47.83,-18.38
2021-11-25,11,0.57,0.566,0.71,35.41,-18.6
2021-11-26,11,0.461,0.531,-13.18,16.96,0.65
2021-11-29,11,0.492,0.488,0.82,-15.86,-6.3
2021-11-30,11,0.479,0.476,0.63,-16.05,-9.19
2021-12-01,12,0.529,0.532,-0.56,1.33,-19.85
2021-12-02,12,0.531,0.594,-10.61,5.69,-25.61
2021-12-03,12,0.475,0.582,-18.38,-4.9,-7.16
2021-12-06,12,0.464,0.57,-18.6,0.71,5.17
2021-12-07,12,0.464,0.461,0.65,-13.18,9.05
2021-12-08,12,0.461,0.492,-6.3,0.82,12.8
2021-12-09,12,0.435,0.479,-9.19,0.63,25.29
2021-12-10,12,0.424,0.529,-19.85,-0.56,46.7
2021-12-13,12,0.395,0.531,-25.61,-10.61,65.32
2021-12-14,12,0.441,0.475,-7.16,-18.38,50.57
2021-12-15,12,0.488,0.464,5.17,-18.6,38.11
2021-12-16,12,0.506,0.464,9.05,0.65,27.37
2021-12-17,12,0.52,0.461,12.8,-6.3,37.31
2021-12-20,12,0.545,0.435,25.29,-9.19,25.87
2021-12-21,12,0.622,0.424,46.7,-19.85,9.16
2021-12-22,12,0.653,0.395,65.32,-25.61,2.3
2021-12-23,12,0.664,0.441,50.57,-7.16,3.01
2021-12-24,12,0.674,0.488,38.11,5.17,13.65
2021-12-27,12,0.6445,0.506,27.37,9.05,17.46
2021-12-29,12,0.714,0.52,37.31,12.8,14.29
2021-12-30,12,0.686,0.545,25.87,25.29,21.72
2021-12-31,12,0.679,0.622,9.16,46.7,24.01
2022-01-01,1,0.668,0.653,2.3,65.32,25.75
2022-01-03,1,0.684,0.664,3.01,50.57,17.84
2022-01-04,1,0.766,0.674,13.65,38.11,-0.39
2022-01-05,1,0.757,0.6445,17.46,27.37,5.28
2022-01-06,1,0.816,0.714,14.29,37.31,3.55
2022-01-07,1,0.835,0.686,21.72,25.87,3.95
2022-01-10,1,0.842,0.679,24.01,9.16,8.67
2022-01-11,1,0.84,0.668,25.75,2.3,7.62
2022-01-12,1,0.806,0.684,17.84,3.01,8.81
2022-01-13,1,0.763,0.766,-0.39,13.65,15.47
2022-01-14,1,0.797,0.757,5.28,17.46,13.3
2022-01-17,1,0.845,0.816,3.55,14.29,8.99
2022-01-18,1,0.868,0.835,3.95,21.72,10.37
2022-01-19,1,0.915,0.842,8.67,24.01,5.79
2022-01-20,1,0.904,0.84,7.62,25.75,15.49
2022-01-21,1,0.877,0.806,8.81,17.84,21.21
2022-01-24,1,0.881,0.763,15.47,-0.39,18.16
2022-01-25,1,0.903,0.797,13.3,5.28,28.02
2022-01-26,1,0.921,0.845,8.99,3.55,37.46
2022-01-27,1,0.958,0.868,10.37,3.95,33.4
2022-01-28,1,0.968,0.915,5.79,8.67,37.6
2022-01-31,1,1.044,0.904,15.49,7.62,23.56
2022-02-01,2,1.063,0.877,21.21,8.81,27.19
2022-02-02,2,1.041,0.881,18.16,15.47,36.5
2022-02-03,2,1.156,0.903,28.02,13.3,31.31
2022-02-04,2,1.266,0.921,37.46,8.99,21.88
2022-02-07,2,1.278,0.958,33.4,10.37,10.64
2022-02-08,2,1.332,0.968,37.6,5.79,-0.08
2022-02-09,2,1.29,1.044,23.56,15.49,-1.55
2022-02-10,2,1.352,1.063,27.19,21.21,-5.84
2022-02-11,2,1.421,1.041,36.5,18.16,-9.43
2022-02-14,2,1.518,1.156,31.31,28.02,-11.53
2022-02-15,2,1.543,1.266,21.88,37.46,-15.29
2022-02-16,2,1.414,1.278,10.64,33.4,-11.67
2022-02-17,2,1.331,1.332,-0.08,37.6,-9.47
2022-02-18,2,1.27,1.29,-1.55,23.56,-5.83
2022-02-20,2,1.273,1.352,-5.84,27.19,-17.28
2022-02-21,2,1.287,1.421,-9.43,36.5,-37.61
2022-02-22,2,1.343,1.518,-11.53,31.31,-20.77
2022-02-23,2,1.307,1.543,-15.29,21.88,-13.08
2022-02-24,2,1.249,1.414,-11.67,10.64,-15.13
2022-02-25,2,1.205,1.331,-9.47,-0.08,-12.78
2022-02-26,2,1.196,1.27,-5.83,-1.55,-2.09
2022-02-28,2,1.053,1.273,-17.28,-5.84,26.97
2022-03-01,3,0.803,1.287,-37.61,-9.43,76.09
2022-03-02,3,1.064,1.343,-20.77,-11.53,27.44
2022-03-03,3,1.136,1.307,-13.08,-15.29,16.81
2022-03-04,3,1.06,1.249,-15.13,-11.67,31.32
2022-03-06,3,1.051,1.205,-12.78,-9.47,30.16
2022-03-07,3,1.171,1.196,-2.09,-5.83,19.39
2022-03-08,3,1.337,1.053,26.97,-17.28,-2.32
2022-03-09,3,1.414,0.803,76.09,-37.61,-14.57
2022-03-10,3,1.356,1.064,27.44,-20.77,-2.29
2022-03-11,3,1.327,1.136,16.81,-13.08,6.63
2022-03-14,3,1.392,1.06,31.32,-15.13,-2.51
2022-03-15,3,1.368,1.051,30.16,-12.78,-0.58
2022-03-16,3,1.398,1.171,19.39,-2.09,0.93
2022-03-17,3,1.306,1.337,-2.32,26.97,8.23
2022-03-18,3,1.208,1.414,-14.57,76.09,12.67
2022-03-21,3,1.325,1.356,-2.29,27.44,3.62
2022-03-22,3,1.415,1.327,6.63,16.81,-2.4
2022-03-23,3,1.357,1.392,-2.51,31.32,0.15
2022-03-24,3,1.36,1.368,-0.58,30.16,1.62
2022-03-25,3,1.411,1.398,0.93,19.39,-3.12
2022-03-26,3,1.4135,1.306,8.23,-2.32,3.08
2022-03-28,3,1.361,1.208,12.67,-14.57,7.64
2022-03-29,3,1.373,1.325,3.62,-2.29,6.63
2022-03-30,3,1.381,1.415,-2.4,6.63,8.25
2022-03-31,3,1.359,1.357,0.15,-2.51,9.6
2022-04-01,4,1.382,1.36,1.62,-0.58,12.66
2022-04-04,4,1.367,1.411,-3.12,0.93,10.68
2022-04-05,4,1.457,1.4135,3.08,8.23,3.02
2022-04-06,4,1.465,1.361,7.64,12.67,7.1
2022-04-07,4,1.464,1.373,6.63,3.62,8.61
2022-04-08,4,1.495,1.381,8.25,-2.4,5.02
2022-04-09,4,1.4895,1.359,9.6,0.15,19.84
2022-04-11,4,1.557,1.382,12.66,1.62,10.4
2022-04-12,4,1.513,1.367,10.68,-3.12,3.5
2022-04-13,4,1.501,1.457,3.02,3.08,0.0
2022-04-14,4,1.569,1.465,7.1,7.64,-4.78
2022-04-19,4,1.59,1.464,8.61,6.63,-2.96
2022-04-20,4,1.57,1.495,5.02,8.25,2.42
2022-04-21,4,1.785,1.4895,19.84,9.6,-11.48
2022-04-22,4,1.719,1.557,10.4,12.66,-4.19
2022-04-25,4,1.566,1.513,3.5,10.68,5.17
2022-04-26,4,1.501,1.501,0.0,3.02,4.0
2022-04-27,4,1.494,1.569,-4.78,7.1,1.27
2022-04-28,4,1.543,1.59,-2.96,8.61,-3.05
2022-04-29,4,1.608,1.57,2.42,5.02,-14.18
2022-05-02,5,1.58,1.785,-11.48,19.84,-15.38
2022-05-03,5,1.647,1.719,-4.19,10.4,-21.31
2022-05-04,5,1.647,1.566,5.17,3.5,-27.99
2022-05-05,5,1.561,1.501,4.0,0.0,-20.31
2022-05-06,5,1.513,1.494,1.27,-4.78,-18.51
2022-05-07,5,1.496,1.543,-3.05,-2.96,-3.81
2022-05-09,5,1.38,1.608,-14.18,2.42,5.94
2022-05-10,5,1.337,1.58,-15.38,-11.48,13.01
2022-05-11,5,1.296,1.647,-21.31,-4.19,16.2
2022-05-12,5,1.186,1.647,-27.99,5.17,26.31
2022-05-13,5,1.244,1.561,-20.31,4.0,26.13
2022-05-16,5,1.233,1.513,-18.51,1.27,17.84
2022-05-17,5,1.439,1.496,-3.81,-3.05,-0.14
2022-05-18,5,1.462,1.38,5.94,-14.18,-0.68
2022-05-19,5,1.511,1.337,13.01,-15.38,-5.43
2022-05-20,5,1.506,1.296,16.2,-21.31,-4.98
2022-05-21,5,1.498,1.186,26.31,-27.99,-0.73
2022-05-23,5,1.569,1.244,26.13,-20.31,0.57
2022-05-24,5,1.453,1.233,17.84,-18.51,14.8
2022-05-25,5,1.437,1.439,-0.14,-3.81,15.24
2022-05-26,5,1.452,1.462,-0.68,5.94,14.08
2022-05-27,5,1.429,1.511,-5.43,13.01,23.51
2022-05-28,5,1.431,1.506,-4.98,16.2,21.8
2022-05-30,5,1.487,1.498,-0.73,26.31,19.37
2022-05-31,5,1.578,1.569,0.57,26.13,16.92
2022-06-01,6,1.668,1.453,14.8,17.84,23.62
2022-06-02,6,1.656,1.437,15.24,-0.14,23.67
2022-06-03,6,1.6565,1.452,14.08,-0.68,28.64
2022-06-06,6,1.765,1.429,23.51,-5.43,21.53
2022-06-07,6,1.743,1.431,21.8,-4.98,12.39
2022-06-08,6,1.775,1.487,19.37,-0.73,20.62
2022-06-09,6,1.845,1.578,16.92,0.57,19.19
2022-06-10,6,2.062,1.668,23.62,14.8,11.78
2022-06-11,6,2.048,1.656,23.67,15.24,12.89
2022-06-13,6,2.131,1.6565,28.64,14.08,-0.19
2022-06-14,6,2.145,1.765,21.53,23.51,-9.88
2022-06-15,6,1.959,1.743,12.39,21.8,-1.33
2022-06-16,6,2.141,1.775,20.62,19.37,-5.6
2022-06-17,6,2.199,1.845,19.19,16.92,-3.55
2022-06-20,6,2.305,2.062,11.78,23.62,-10.8
2022-06-21,6,2.312,2.048,12.89,23.67,-18.77
2022-06-22,6,2.127,2.131,-0.19,28.64,-20.59
2022-06-23,6,1.933,2.145,-9.88,21.53,-6.67
2022-06-24,6,1.933,1.959,-1.33,12.39,-12.73
2022-06-27,6,2.021,2.141,-5.6,20.62,-13.11
2022-06-28,6,2.121,2.199,-3.55,19.19,-13.91
2022-06-29,6,2.056,2.305,-10.8,11.78,-6.61
2022-06-30,6,1.878,2.312,-18.77,12.89,0.11
2022-07-01,7,1.689,2.127,-20.59,-0.19,6.99
2022-07-04,7,1.804,1.933,-6.67,-9.88,0.78
2022-07-05,7,1.687,1.933,-12.73,-1.33,15.35
2022-07-06,7,1.756,2.021,-13.11,-5.6,9.11
2022-07-07,7,1.826,2.121,-13.91,-3.55,4.3
2022-07-08,7,1.92,2.056,-6.61,-10.8,2.92
2022-07-11,7,1.88,1.878,0.11,-18.77,10.16
2022-07-12,7,1.807,1.689,6.99,-20.59,16.21
2022-07-13,7,1.818,1.804,0.78,-6.67,9.79
2022-07-14,7,1.946,1.687,15.35,-12.73,-5.4
2022-07-15,7,1.916,1.756,9.11,-13.11,-4.28
2022-07-16,7,1.9045,1.826,4.3,-13.91,-4.33
2022-07-18,7,1.976,1.92,2.92,-6.61,-5.47
2022-07-19,7,2.071,1.88,10.16,0.11,-17.58
2022-07-20,7,2.1,1.807,16.21,6.99,-18.38
2022-07-21,7,1.996,1.818,9.79,0.78,-14.4
2022-07-22,7,1.841,1.946,-5.4,15.35,-8.53
2022-07-25,7,1.834,1.916,-4.28,9.11,-3.87
2022-07-26,7,1.822,1.9045,-4.33,4.3,1.37
2022-07-27,7,1.868,1.976,-5.47,2.92,-0.05
2022-07-28,7,1.707,2.071,-17.58,10.16,15.11
2022-07-29,7,1.714,2.1,-18.38,16.21,10.79
2022-07-31,7,1.7085,1.996,-14.4,9.79,12.61
2022-08-01,8,1.684,1.841,-8.53,-5.4,14.31
2022-08-02,8,1.763,1.834,-3.87,-4.28,14.24
2022-08-03,8,1.847,1.822,1.37,-4.33,12.07
2022-08-04,8,1.867,1.868,-0.05,-5.47,9.0
2022-08-05,8,1.965,1.707,15.11,-17.58,9.92
2022-08-08,8,1.899,1.714,10.79,-18.38,26.49
2022-08-09,8,1.924,1.7085,12.61,-14.4,27.91
2022-08-10,8,1.925,1.684,14.31,-8.53,31.69
2022-08-11,8,2.014,1.763,14.24,-3.87,29.25
2022-08-12,8,2.07,1.847,12.07,1.37,31.01
2022-08-15,8,2.035,1.867,9.0,-0.05,44.82
2022-08-16,8,2.16,1.965,9.92,15.11,28.84
2022-08-17,8,2.402,1.899,26.49,10.79,15.95
2022-08-18,8,2.461,1.924,27.91,12.61,14.59
2022-08-19,8,2.535,1.925,31.69,14.31,11.24
2022-08-22,8,2.603,2.014,29.25,14.24,8.14
2022-08-23,8,2.712,2.07,31.01,12.07,6.75
2022-08-24,8,2.947,2.035,44.82,9.0,2.07
2022-08-25,8,2.783,2.16,28.84,9.92,10.96
2022-08-26,8,2.785,2.402,15.95,26.49,11.78
2022-08-27,8,2.82,2.461,14.59,27.91,13.58
2022-08-28,8,2.82,2.535,11.24,31.69,12.62
2022-08-29,8,2.815,2.603,8.14,29.25,6.61
2022-08-30,8,2.895,2.712,6.75,31.01,6.29
2022-08-31,8,3.008,2.947,2.07,44.82,0.66
2022-09-01,9,3.088,2.783,10.96,28.84,-1.78
2022-09-02,9,3.113,2.785,11.78,15.95,0.06
2022-09-05,9,3.203,2.82,13.58,14.59,-2.65
2022-09-06,9,3.176,2.82,12.62,11.24,-2.2
2022-09-07,9,3.001,2.815,6.61,8.14,3.17
2022-09-08,9,3.077,2.895,6.29,6.75,1.72
2022-09-09,9,3.028,3.008,0.66,2.07,8.72
2022-09-12,9,3.033,3.088,-1.78,10.96,12.89
2022-09-13,9,3.115,3.113,0.06,11.78,12.33
2022-09-14,9,3.118,3.203,-2.65,13.58,25.47
2022-09-15,9,3.106,3.176,-2.2,12.62,44.62
2022-09-16,9,3.096,3.001,3.17,6.61,52.36
2022-09-19,9,3.13,3.077,1.72,6.29,35.59
2022-09-20,9,3.292,3.028,8.72,0.66,32.11
2022-09-21,9,3.424,3.033,12.89,-1.78,25.61
2022-09-22,9,3.499,3.115,12.33,0.06,14.38
2022-09-23,9,3.912,3.118,25.47,-2.65,-0.66
2022-09-26,9,4.492,3.106,44.62,-2.2,-11.13
2022-09-27,9,4.717,3.096,52.36,3.17,-12.97
2022-09-28,9,4.244,3.13,35.59,1.72,-4.24
2022-09-29,9,4.349,3.292,32.11,8.72,0.09
2022-09-30,9,4.301,3.424,25.61,12.89,-2.79
2022-10-03,10,4.002,3.499,14.38,12.33,0.2
2022-10-04,10,3.886,3.912,-0.66,25.47,-2.5
2022-10-05,10,3.992,4.492,-11.13,44.62,-2.88
2022-10-06,10,4.105,4.717,-12.97,52.36,-13.3
2022-10-07,10,4.064,4.244,-4.24,35.59,-12.72
2022-10-10,10,4.353,4.349,0.09,32.11,-20.4
2022-10-11,10,4.181,4.301,-2.79,25.61,-14.85
2022-10-12,10,4.01,4.002,0.2,14.38,-7.98
2022-10-13,10,3.789,3.886,-2.5,-0.66,-10.03
2022-10-14,10,3.877,3.992,-2.88,-11.13,-14.26
2022-10-17,10,3.559,4.105,-13.3,-12.97,-7.98
2022-10-18,10,3.547,4.064,-12.72,-4.24,-13.05
2022-10-19,10,3.465,4.353,-20.4,0.09,-6.87
2022-10-20,10,3.56,4.181,-14.85,-2.79,-8.03
2022-10-21,10,3.69,4.01,-7.98,0.2,-14.36
2022-10-24,10,3.409,3.789,-10.03,-2.5,-11.41
2022-10-25,10,3.324,3.877,-14.26,-2.88,-7.46
2022-10-26,10,3.275,3.559,-7.98,-13.3,-6.66
2022-10-27,10,3.084,3.547,-13.05,-12.72,3.96
2022-10-28,10,3.227,3.465,-6.87,-20.4,0.12
2022-10-31,10,3.274,3.56,-8.03,-14.85,-1.71
2022-11-01,11,3.16,3.69,-14.36,-7.98,-2.37
2022-11-02,11,3.02,3.409,-11.41,-10.03,3.54
2022-11-03,11,3.076,3.324,-7.46,-14.26,1.2
2022-11-04,11,3.057,3.275,-6.66,-7.98,2.72
2022-11-07,11,3.206,3.084,3.96,-13.05,-6.74
2022-11-08,11,3.231,3.227,0.12,-6.87,-4.12
2022-11-09,11,3.218,3.274,-1.71,-8.03,-1.09
2022-11-10,11,3.085,3.16,-2.37,-14.36,4.18
2022-11-11,11,3.127,3.02,3.54,-11.41,-0.06
2022-11-14,11,3.113,3.076,1.2,-7.46,0.03
2022-11-15,11,3.14,3.057,2.72,-6.66,1.75
2022-11-16,11,2.99,3.206,-6.74,3.96,9.16
2022-11-17,11,3.098,3.231,-4.12,0.12,5.71
2022-11-18,11,3.183,3.218,-1.09,-1.71,3.03
2022-11-21,11,3.214,3.085,4.18,-2.37,2.12
2022-11-22,11,3.125,3.127,-0.06,3.54,3.39
2022-11-23,11,3.114,3.113,0.03,1.2,5.33
2022-11-24,11,3.195,3.14,1.75,2.72,1.35
2022-11-25,11,3.264,2.99,9.16,-6.74,1.47
2022-11-26,11,3.275,3.098,5.71,-4.12,1.04
2022-11-27,11,3.2795,3.183,3.03,-1.09,-0.72
2022-11-28,11,3.282,3.214,2.12,4.18,-1.19
2022-11-29,11,3.231,3.125,3.39,-0.06,2.72
2022-11-30,11,3.28,3.114,5.33,0.03,3.87
2022-12-01,12,3.238,3.195,1.35,1.75,7.13
2022-12-02,12,3.312,3.264,1.47,9.16,5.95
2022-12-05,12,3.309,3.275,1.04,5.71,3.9
2022-12-06,12,3.256,3.2795,-0.72,3.03,3.96
2022-12-07,12,3.243,3.282,-1.19,2.12,7.0
2022-12-08,12,3.319,3.231,2.72,3.39,4.37
2022-12-09,12,3.407,3.28,3.87,5.33,2.79
2022-12-12,12,3.469,3.238,7.13,1.35,5.56
2022-12-13,12,3.509,3.312,5.95,1.47,4.79
2022-12-14,12,3.438,3.309,3.9,1.04,6.72
2022-12-15,12,3.385,3.256,3.96,-0.72,6.85
2022-12-16,12,3.47,3.243,7.0,-1.19,4.81
2022-12-17,12,3.464,3.319,4.37,2.72,5.82
2022-12-18,12,3.502,3.407,2.79,3.87,4.67
2022-12-19,12,3.662,3.469,5.56,7.13,0.1
2022-12-20,12,3.677,3.509,4.79,5.95,-2.5
2022-12-21,12,3.669,3.438,6.72,3.9,-1.61
2022-12-22,12,3.617,3.385,6.85,3.96,2.49
2022-12-23,12,3.637,3.47,4.81,7.0,-1.87
2022-12-24,12,3.6655,3.464,5.82,4.37,-6.37
2022-12-25,12,3.6655,3.502,4.67,2.79,-4.52
2022-12-26,12,3.6655,3.662,0.1,5.56,-7.08
2022-12-28,12,3.585,3.677,-2.5,4.79,-4.02
2022-12-29,12,3.61,3.669,-1.61,6.72,-4.04
2022-12-30,12,3.707,3.617,2.49,6.85,-5.04
2023-01-03,1,3.569,3.637,-1.87,4.81,-4.03
2023-01-04,1,3.432,3.6655,-6.37,5.82,1.17
2023-01-05,1,3.5,3.6655,-4.52,4.67,-0.34
2023-01-06,1,3.406,3.6655,-7.08,0.1,1.7
2023-01-09,1,3.441,3.585,-4.02,-2.5,1.51
2023-01-10,1,3.464,3.61,-4.04,-1.61,-0.2
2023-01-11,1,3.52,3.707,-5.04,2.49,-1.36
2023-01-12,1,3.425,3.569,-4.03,-1.87,0.82
2023-01-13,1,3.472,3.432,1.17,-6.37,0.23
2023-01-14,1,3.488,3.5,-0.34,-4.52,-0.17
2023-01-15,1,3.464,3.406,1.7,-7.08,0.01
2023-01-16,1,3.493,3.441,1.51,-4.02,-1.23
2023-01-17,1,3.457,3.464,-0.2,-4.04,-2.78
2023-01-18,1,3.472,3.52,-1.36,-5.04,-2.1
2023-01-19,1,3.453,3.425,0.82,-4.03,-0.14
2023-01-20,1,3.48,3.472,0.23,1.17,-0.23
2023-01-21,1,3.482,3.488,-0.17,-0.34,-0.1
2023-01-22,1,3.4645,3.464,0.01,1.7,0.43
2023-01-23,1,3.45,3.493,-1.23,1.51,0.41
2023-01-24,1,3.361,3.457,-2.78,-0.2,2.74
2023-01-25,1,3.399,3.472,-2.1,-1.36,0.59
2023-01-26,1,3.448,3.453,-0.14,0.82,-8.47
2023-01-27,1,3.472,3.48,-0.23,0.23,-7.14
2023-01-28,1,3.4785,3.482,-0.1,-0.17,-7.1
2023-01-29,1,3.4795,3.4645,0.43,0.01,-6.45
2023-01-30,1,3.464,3.45,0.41,-1.23,-0.75
2023-01-31,1,3.453,3.361,2.74,-2.78,1.53
2023-02-01,2,3.419,3.399,0.59,-2.1,1.2
2023-02-02,2,3.156,3.448,-8.47,-0.14,10.93
2023-02-03,2,3.224,3.472,-7.14,-0.23,12.41
2023-02-04,2,3.2315,3.4785,-7.1,-0.1,12.12
2023-02-05,2,3.255,3.4795,-6.45,0.43,11.63
2023-02-06,2,3.438,3.464,-0.75,0.41,5.73
2023-02-07,2,3.506,3.453,1.53,2.74,8.53
2023-02-08,2,3.46,3.419,1.2,0.59,8.7
2023-02-09,2,3.501,3.156,10.93,-8.47,8.23
2023-02-10,2,3.624,3.224,12.41,-7.14,4.53
2023-02-11,2,3.623,3.2315,12.12,-7.1,4.72
2023-02-12,2,3.6335,3.255,11.63,-6.45,5.09
2023-02-13,2,3.635,3.438,5.73,-0.75,3.0
2023-02-14,2,3.805,3.506,8.53,1.53,3.02
2023-02-15,2,3.761,3.46,8.7,1.2,4.04
2023-02-16,2,3.789,3.501,8.23,10.93,3.11
2023-02-17,2,3.788,3.624,4.53,12.41,6.2
2023-02-18,2,3.794,3.623,4.72,12.12,-4.05
2023-02-19,2,3.8185,3.6335,5.09,11.63,-4.87
2023-02-20,2,3.744,3.635,3.0,5.73,-1.95
2023-02-21,2,3.92,3.805,3.02,8.53,-6.07
2023-02-22,2,3.913,3.761,4.04,8.7,-6.36
2023-02-23,2,3.907,3.789,3.11,8.23,-5.48
2023-02-24,2,4.023,3.788,6.2,4.53,-8.25
2023-02-25,2,3.6405,3.794,-4.05,4.72,1.88
2023-02-26,2,3.6325,3.8185,-4.87,5.09,2.74
2023-02-27,2,3.671,3.744,-1.95,3.0,2.64
2023-02-28,2,3.682,3.92,-6.07,3.02,3.1
2023-03-01,3,3.664,3.913,-6.36,4.04,3.36
2023-03-02,3,3.693,3.907,-5.48,3.11,3.22
2023-03-03,3,3.691,4.023,-8.25,6.2,-1.63
2023-03-04,3,3.709,3.6405,1.88,-4.05,-2.0
2023-03-05,3,3.732,3.6325,2.74,-4.87,-2.89
2023-03-06,3,3.768,3.671,2.64,-1.95,-10.96
2023-03-07,3,3.796,3.682,3.1,-6.07,-8.85
2023-03-08,3,3.787,3.664,3.36,-6.36,-13.15
2023-03-09,3,3.812,3.693,3.22,-5.48,-10.15
2023-03-10,3,3.631,3.691,-1.63,-8.25,-10.96
2023-03-11,3,3.635,3.709,-2.0,1.88,-10.41
2023-03-12,3,3.624,3.732,-2.89,2.74,-10.9
2023-03-13,3,3.355,3.768,-10.96,2.64,-4.02
2023-03-14,3,3.46,3.796,-8.85,3.1,-5.2
2023-03-15,3,3.289,3.787,-13.15,3.36,6.32
2023-03-16,3,3.425,3.812,-10.15,3.22,-4.15
2023-03-17,3,3.233,3.631,-10.96,-1.63,-0.49
2023-03-18,3,3.2565,3.635,-10.41,-2.0,-1.21
2023-03-19,3,3.229,3.624,-10.9,-2.89,-0.71
2023-03-20,3,3.22,3.355,-4.02,-10.96,3.07
2023-03-21,3,3.28,3.46,-5.2,-8.85,2.68
2023-03-22,3,3.497,3.289,6.32,-13.15,-2.63
2023-03-23,3,3.283,3.425,-4.15,-10.15,5.18
2023-03-24,3,3.217,3.233,-0.49,-10.96,6.96
2023-03-25,3,3.217,3.2565,-1.21,-10.41,6.81
2023-03-26,3,3.206,3.229,-0.71,-10.9,8.89
2023-03-27,3,3.319,3.22,3.07,-4.02,2.11
2023-03-28,3,3.368,3.28,2.68,-5.2,-0.45
2023-03-29,3,3.405,3.497,-2.63,6.32,-2.29
2023-03-30,3,3.453,3.283,5.18,-4.15,-2.78
2023-03-31,3,3.441,3.217,6.96,-0.49,-3.14
2023-04-01,4,3.436,3.217,6.81,-1.21,-2.46
2023-04-02,4,3.491,3.206,8.89,-0.71,-3.27
2023-04-03,4,3.389,3.319,2.11,3.07,-0.91
2023-04-04,4,3.353,3.368,-0.45,2.68,3.7
2023-04-05,4,3.327,3.405,-2.29,-2.63,5.47
2023-04-06,4,3.357,3.453,-2.78,5.18,4.59
2023-04-07,4,3.333,3.441,-3.14,6.96,8.22
2023-04-08,4,3.3515,3.436,-2.46,6.81,8.16
2023-04-09,4,3.377,3.491,-3.27,8.89,7.09
2023-04-10,4,3.358,3.389,-0.91,2.11,7.56
2023-04-11,4,3.477,3.353,3.7,-0.45,6.01
2023-04-12,4,3.509,3.327,5.47,-2.29,8.98
2023-04-13,4,3.511,3.357,4.59,-2.78,6.07
2023-04-14,4,3.607,3.333,8.22,-3.14,3.66
2023-04-15,4,3.625,3.3515,8.16,-2.46,3.77
2023-04-16,4,3.6165,3.377,7.09,-3.27,4.37
2023-04-17,4,3.612,3.358,7.56,-0.91,5.37
2023-04-18,4,3.686,3.477,6.01,3.7,1.3
2023-04-19,4,3.824,3.509,8.98,5.47,-1.91
2023-04-20,4,3.724,3.511,6.07,4.59,2.31
2023-04-21,4,3.739,3.607,3.66,8.22,1.1
2023-04-22,4,3.7615,3.625,3.77,8.16,1.3
2023-04-23,4,3.7745,3.6165,4.37,7.09,0.87
2023-04-24,4,3.806,3.612,5.37,7.56,-0.63
2023-04-25,4,3.734,3.686,1.3,6.01,0.13
2023-04-26,4,3.751,3.824,-1.91,8.98,0.53
2023-04-27,4,3.81,3.724,2.31,6.07,-3.54
2023-04-28,4,3.78,3.739,1.1,3.66,-0.05
2023-04-29,4,3.8105,3.7615,1.3,3.77,-0.39
2023-04-30,4,3.8075,3.7745,0.87,4.37,-0.13
2023-05-01,5,3.782,3.806,-0.63,5.37,0.65
2023-05-02,5,3.739,3.734,0.13,1.3,3.26
2023-05-03,5,3.771,3.751,0.53,-1.91,1.41
2023-05-04,5,3.675,3.81,-3.54,2.31,1.39
2023-05-05,5,3.778,3.78,-0.05,1.1,0.56
2023-05-06,5,3.7955,3.8105,-0.39,1.3,0.71
2023-05-07,5,3.8025,3.8075,-0.13,0.87,0.34
2023-05-08,5,3.8065,3.782,0.65,-0.63,0.54
2023-05-09,5,3.861,3.739,3.26,0.13,-1.22
2023-05-10,5,3.824,3.771,1.41,0.53,1.15
2023-05-11,5,3.726,3.675,1.39,-3.54,6.28
2023-05-12,5,3.799,3.778,0.56,-0.05,3.87
2023-05-13,5,3.8225,3.7955,0.71,-0.39,4.41
2023-05-14,5,3.8155,3.8025,0.34,-0.13,4.86
2023-05-15,5,3.827,3.8065,0.54,0.65,5.98
2023-05-16,5,3.814,3.861,-1.22,3.26,8.44
2023-05-17,5,3.868,3.824,1.15,1.41,12.95
2023-05-18,5,3.96,3.726,6.28,1.39,14.75
2023-05-19,5,3.946,3.799,3.87,0.56,13.86
2023-05-20,5,3.991,3.8225,4.41,0.71,13.24
2023-05-21,5,4.001,3.8155,4.86,0.34,13.71
2023-05-22,5,4.056,3.827,5.98,0.54,11.19
2023-05-23,5,4.136,3.814,8.44,-1.22,7.08
2023-05-24,5,4.369,3.868,12.95,1.15,-0.89
2023-05-25,5,4.544,3.96,14.75,6.28,-5.17
2023-05-26,5,4.493,3.946,13.86,3.87,-2.96
2023-05-27,5,4.5195,3.991,13.24,4.41,-2.75
2023-05-28,5,4.5495,4.001,13.71,4.86,-3.46
2023-05-29,5,4.51,4.056,11.19,5.98,-1.66
2023-05-30,5,4.429,4.136,7.08,8.44,1.08
2023-05-31,5,4.33,4.369,-0.89,12.95,5.57
2023-06-01,6,4.309,4.544,-5.17,14.75,4.43
2023-06-02,6,4.36,4.493,-2.96,13.86,4.01
2023-06-03,6,4.395,4.5195,-2.75,13.24,4.71
2023-06-04,6,4.392,4.5495,-3.46,13.71,3.95
2023-06-05,6,4.435,4.51,-1.66,11.19,4.53
2023-06-06,6,4.477,4.429,1.08,7.08,9.11
2023-06-07,6,4.571,4.33,5.57,-0.89,5.47
2023-06-08,6,4.5,4.309,4.43,-5.17,8.76
2023-06-09,6,4.535,4.36,4.01,-2.96,8.75
2023-06-10,6,4.602,4.395,4.71,-2.75,8.26
2023-06-11,6,4.5655,4.392,3.95,-3.46,9.22
2023-06-12,6,4.636,4.435,4.53,-1.66,9.64
2023-06-13,6,4.885,4.477,9.11,1.08,1.21
2023-06-14,6,4.821,4.571,5.47,5.57,4.6
2023-06-15,6,4.894,4.5,8.76,4.43,3.62
2023-06-16,6,4.932,4.535,8.75,4.01,4.95
2023-06-17,6,4.982,4.602,8.26,4.71,5.11
2023-06-18,6,4.9865,4.5655,9.22,3.95,4.5
2023-06-19,6,5.083,4.636,9.64,4.53,1.18
2023-06-20,6,4.944,4.885,1.21,9.11,6.25
2023-06-21,6,5.043,4.821,4.6,5.47,1.8
2023-06-22,6,5.071,4.894,3.62,8.76,2.9
2023-06-23,6,5.176,4.932,4.95,8.75,1.68
2023-06-24,6,5.2365,4.982,5.11,8.26,1.76
2023-06-25,6,5.211,4.9865,4.5,9.22,2.37
2023-06-26,6,5.143,5.083,1.18,9.64,3.91
2023-06-27,6,5.253,4.944,6.25,1.21,1.2
2023-06-28,6,5.134,5.043,1.8,4.6,4.89
2023-06-29,6,5.218,5.071,2.9,3.62,5.54
2023-06-30,6,5.263,5.176,1.68,4.95,2.2
2023-07-01,7,5.3285,5.2365,1.76,5.11,2.1
2023-07-02,7,5.3345,5.211,2.37,4.5,2.07
2023-07-03,7,5.344,5.143,3.91,1.18,0.41
2023-07-04,7,5.316,5.253,1.2,6.25,1.94
2023-07-05,7,5.385,5.134,4.89,1.8,-3.08
2023-07-06,7,5.507,5.218,5.54,2.9,-6.77
2023-07-07,7,5.379,5.263,2.2,1.68,-3.38
2023-07-08,7,5.4405,5.3285,2.1,1.76,-3.48
2023-07-09,7,5.445,5.3345,2.07,2.37,-3.9
2023-07-10,7,5.366,5.344,0.41,3.91,-3.93
2023-07-11,7,5.419,5.316,1.94,1.2,-6.15
2023-07-12,7,5.219,5.385,-3.08,4.89,-6.13
2023-07-13,7,5.134,5.507,-6.77,5.54,-3.1
2023-07-14,7,5.197,5.379,-3.38,2.2,-5.14
2023-07-15,7,5.251,5.4405,-3.48,2.1,-4.91
2023-07-16,7,5.2325,5.445,-3.9,2.07,-4.71
2023-07-17,7,5.155,5.366,-3.93,0.41,-4.35
2023-07-18,7,5.086,5.419,-6.15,1.94,-2.46
2023-07-19,7,4.899,5.219,-6.13,-3.08,2.55
2023-07-20,7,4.975,5.134,-3.1,-6.77,0.9
2023-07-21,7,4.93,5.197,-5.14,-3.38,0.93
2023-07-22,7,4.993,5.251,-4.91,-3.48,0.82
2023-07-23,7,4.986,5.2325,-4.71,-3.9,0.73
2023-07-24,7,4.931,5.155,-4.35,-3.93,0.97
2023-07-25,7,4.961,5.086,-2.46,-6.15,1.87
2023-07-26,7,5.024,4.899,2.55,-6.13,-0.62
2023-07-27,7,5.02,4.975,0.9,-3.1,-1.2
2023-07-28,7,4.976,4.93,0.93,-5.14,-2.23
2023-07-29,7,5.034,4.993,0.82,-4.91,-2.92
2023-07-30,7,5.0225,4.986,0.73,-4.71,-1.45
2023-07-31,7,4.979,4.931,0.97,-4.35,-0.82
2023-08-01,8,5.054,4.961,1.87,-2.46,-3.52
2023-08-02,8,4.993,5.024,-0.62,2.55,-1.54
2023-08-03,8,4.96,5.02,-1.2,0.9,-1.47
2023-08-04,8,4.865,4.976,-2.23,0.93,3.0
2023-08-05,8,4.887,5.034,-2.92,0.82,3.88
2023-08-06,8,4.9495,5.0225,-1.45,0.73,2.38
2023-08-07,8,4.938,4.979,-0.82,0.97,2.51
2023-08-08,8,4.876,5.054,-3.52,1.87,5.02
2023-08-09,8,4.916,4.993,-1.54,-0.62,5.53
2023-08-10,8,4.887,4.96,-1.47,-1.2,7.82
2023-08-11,8,5.011,4.865,3.0,-2.23,3.59
2023-08-12,8,5.0765,4.887,3.88,-2.92,3.34
2023-08-13,8,5.0675,4.9495,2.38,-1.45,3.73
2023-08-14,8,5.062,4.938,2.51,-0.82,3.38
2023-08-15,8,5.121,4.876,5.02,-3.52,0.35
2023-08-16,8,5.188,4.916,5.53,-1.54,-4.39
2023-08-17,8,5.269,4.887,7.82,-1.47,-5.92
2023-08-18,8,5.191,5.011,3.59,3.0,-3.7
2023-08-19,8,5.246,5.0765,3.34,3.88,1.72
2023-08-20,8,5.2565,5.0675,3.73,2.38,1.51
2023-08-21,8,5.233,5.062,3.38,2.51,0.78
2023-08-22,8,5.139,5.121,0.35,5.02,1.81
2023-08-23,8,4.96,5.188,-4.39,5.53,5.4
2023-08-24,8,4.957,5.269,-5.92,7.82,3.79
2023-08-25,8,4.999,5.191,-3.7,3.59,3.46
2023-08-26,8,5.336,5.246,1.72,3.34,-2.5
2023-08-27,8,5.336,5.2565,1.51,3.73,-2.5
2023-08-28,8,5.274,5.233,0.78,3.38,-0.97
2023-08-29,8,5.232,5.139,1.81,0.35,0.61
2023-08-30,8,5.228,4.96,5.4,-4.39,0.02
2023-08-31,8,5.145,4.957,3.79,-5.92,-0.29
2023-09-01,9,5.172,4.999,3.46,-3.7,-1.88
2023-09-02,9,5.2025,5.336,-2.5,1.72,-1.34
2023-09-03,9,5.2025,5.336,-2.5,1.51,-1.34
2023-09-04,9,5.223,5.274,-0.97,0.78,-2.81
2023-09-05,9,5.264,5.232,0.61,1.81,-4.56
2023-09-06,9,5.229,5.228,0.02,5.4,-4.76
2023-09-07,9,5.13,5.145,-0.29,3.79,-3.57
2023-09-08,9,5.075,5.172,-1.88,3.46,-0.89
2023-09-09,9,5.133,5.2025,-1.34,-2.5,-0.96
2023-09-10,9,5.133,5.2025,-1.34,-2.5,-0.96
2023-09-11,9,5.076,5.223,-2.81,-0.97,-0.93
2023-09-12,9,5.024,5.264,-4.56,0.61,-0.5
2023-09-13,9,4.98,5.229,-4.76,0.02,-2.75
2023-09-14,9,4.947,5.13,-3.57,-0.29,-1.84
2023-09-15,9,5.03,5.075,-0.89,-1.88,-4.75
2023-09-16,9,5.0835,5.133,-0.96,-1.34,-4.87
2023-09-17,9,5.0835,5.133,-0.96,-1.34,-4.87
2023-09-18,9,5.029,5.076,-0.93,-2.81,-4.33
2023-09-19,9,4.999,5.024,-0.5,-4.56,-3.9
2023-09-20,9,4.843,4.98,-2.75,-4.76,0.5
2023-09-21,9,4.856,4.947,-1.84,-3.57,1.65
2023-09-22,9,4.791,5.03,-4.75,-0.89,2.44
2023-09-23,9,4.836,5.0835,-4.87,-0.96,2.7
2023-09-24,9,4.836,5.0835,-4.87,-0.96,2.7
2023-09-25,9,4.811,5.029,-4.33,-0.93,3.58
2023-09-26,9,4.804,4.999,-3.9,-0.5,3.75
2023-09-27,9,4.867,4.843,0.5,-2.75,0.97
2023-09-28,9,4.936,4.856,1.65,-1.84,-1.22
2023-09-29,9,4.908,4.791,2.44,-4.75,-0.55
2023-09-30,9,4.9665,4.836,2.7,-4.87,-0.38
2023-10-01,10,4.9665,4.836,2.7,-4.87,-0.37
2023-10-02,10,4.983,4.811,3.58,-4.33,-2.99
2023-10-03,10,4.984,4.804,3.75,-3.9,-3.79
2023-10-04,10,4.914,4.867,0.97,0.5,-2.44
2023-10-05,10,4.876,4.936,-1.22,1.65,-0.66
2023-10-06,10,4.881,4.908,-0.55,2.44,-0.7
2023-10-07,10,4.9475,4.9665,-0.38,2.7,-1.15
2023-10-08,10,4.948,4.9665,-0.37,2.7,-1.16
2023-10-09,10,4.834,4.983,-2.99,3.58,1.53
2023-10-10,10,4.795,4.984,-3.79,3.75,1.63
2023-10-11,10,4.794,4.914,-2.44,0.97,4.42
2023-10-12,10,4.844,4.876,-0.66,-1.22,2.25
2023-10-13,10,4.847,4.881,-0.7,-0.55,0.68
2023-10-14,10,4.8905,4.9475,-1.15,-0.38,0.71
2023-10-15,10,4.8905,4.948,-1.16,-0.37,0.71
2023-10-16,10,4.908,4.834,1.53,-2.99,-1.73
2023-10-17,10,4.873,4.795,1.63,-3.79,-1.76
2023-10-18,10,5.006,4.794,4.42,-2.44,-3.36
2023-10-19,10,4.953,4.844,2.25,-0.66,-2.64
2023-10-20,10,4.88,4.847,0.68,-0.7,-2.66
2023-10-21,10,4.925,4.8905,0.71,-1.15,-2.67
2023-10-22,10,4.925,4.8905,0.71,-1.16,-2.11
2023-10-23,10,4.823,4.908,-1.73,1.53,-0.95
2023-10-24,10,4.787,4.873,-1.76,1.63,-0.04
2023-10-25,10,4.838,5.006,-3.36,4.42,-0.91
2023-10-26,10,4.822,4.953,-2.64,2.25,-1.78
2023-10-27,10,4.75,4.88,-2.66,0.68,-1.73
2023-10-28,10,4.7935,4.925,-2.67,0.71,-1.53
2023-10-29,10,4.821,4.925,-2.11,0.71,-2.01
2023-10-30,10,4.777,4.823,-0.95,-1.73,-2.99
2023-10-31,10,4.785,4.787,-0.04,-1.76,-3.24
2023-11-01,11,4.794,4.838,-0.91,-3.36,-3.71
2023-11-02,11,4.736,4.822,-1.78,-2.64,-1.39
2023-11-03,11,4.668,4.75,-1.73,-2.66,0.87
2023-11-04,11,4.72,4.7935,-1.53,-2.67,-1.19
2023-11-06,11,4.724,4.821,-2.01,-2.11,-3.24
2023-11-07,11,4.634,4.777,-2.99,-0.95,-0.37
2023-11-08,11,4.63,4.785,-3.24,-0.04,-1.94
2023-11-09,11,4.616,4.794,-3.71,-0.91,-1.6
2023-11-10,11,4.67,4.736,-1.39,-1.78,-2.23
2023-11-12,11,4.7085,4.668,0.87,-1.73,-3.02
2023-11-13,11,4.664,4.72,-1.19,-1.53,-2.85
2023-11-14,11,4.571,4.724,-3.24,-2.01,-0.46
2023-11-15,11,4.617,4.634,-0.37,-2.99,-0.5
2023-11-16,11,4.54,4.63,-1.94,-3.24,3.5
2023-11-17,11,4.542,4.616,-1.6,-3.71,3.54
2023-11-18,11,4.566,4.67,-2.23,-1.39,3.99
2023-11-19,11,4.5665,4.7085,-3.02,0.87,3.97
2023-11-20,11,4.531,4.664,-2.85,-1.19,2.34
2023-11-21,11,4.55,4.571,-0.46,-3.24,1.41
2023-11-22,11,4.594,4.617,-0.5,-0.37,-0.98
2023-11-23,11,4.699,4.54,3.5,-1.94,-2.3
2023-11-24,11,4.703,4.542,3.54,-1.6,-3.95
2023-11-25,11,4.748,4.566,3.99,-2.23,-4.15
2023-11-26,11,4.748,4.5665,3.97,-3.02,-4.14
2023-11-27,11,4.637,4.531,2.34,-2.85,-0.73
2023-11-28,11,4.614,4.55,1.41,-0.46,-2.69
2023-11-29,11,4.549,4.594,-0.98,-0.5,-1.65
2023-11-30,11,4.591,4.699,-2.3,3.5,-1.9
2023-12-01,12,4.517,4.703,-3.95,3.54,1.33
2023-12-02,12,4.551,4.748,-4.15,3.99,1.12
2023-12-03,12,4.5515,4.748,-4.14,3.97,1.11
2023-12-04,12,4.603,4.637,-0.73,2.34,-0.09
2023-12-05,12,4.49,4.614,-2.69,1.41,0.16
2023-12-06,12,4.474,4.549,-1.65,-0.98,-2.35
2023-12-07,12,4.504,4.591,-1.9,-2.3,-3.75
2023-12-08,12,4.577,4.517,1.33,-3.95,-6.31
2023-12-09,12,4.602,4.551,1.12,-4.15,-6.04
2023-12-10,12,4.602,4.5515,1.11,-4.14,-6.26
2023-12-11,12,4.599,4.603,-0.09,-0.73,-6.72
2023-12-12,12,4.497,4.49,0.16,-2.69,-8.81
2023-12-13,12,4.369,4.474,-2.35,-1.65,-6.84
2023-12-14,12,4.335,4.504,-3.75,-1.9,-7.08
2023-12-15,12,4.288,4.577,-6.31,1.33,-7.49
2023-12-16,12,4.324,4.602,-6.04,1.12,-7.26
2023-12-18,12,4.314,4.602,-6.26,1.11,-7.81
