Date,% Glen Change,Previous % Glen Change,Next % Glen Change
2017-02-28,-1.35,14.38,-3.24
2017-03-01,3.4,15.49,-7.33
2017-03-02,3.35,11.74,-5.48
2017-03-03,9.29,7.3,-7.42
2017-03-06,5.05,4.05,-3.95
2017-03-07,0.68,3.47,0.06
2017-03-08,2.1,0.68,1.04
2017-03-09,-1.67,-0.1,4.02
2017-03-10,-3.18,1.28,3.39
2017-03-13,-4.27,2.19,1.19
2017-03-14,-3.17,3.55,1.37
2017-03-15,-0.44,2.75,-4.65
2017-03-16,5.21,2.66,-9.47
2017-03-17,7.15,0.35,-14.75
2017-03-20,5.41,2.06,-14.04
2017-03-21,0.6,0.38,-8.98
2017-03-22,1.17,-0.38,-9.37
2017-03-23,-2.93,3.4,-5.02
2017-03-24,-2.37,0.04,-2.36
2017-03-27,-6.13,1.29,1.2
2017-03-28,-3.24,-1.35,-3.84
2017-03-29,-7.33,3.4,-2.99
2017-03-30,-5.48,3.35,-6.19
2017-03-31,-7.42,9.29,-8.41
2017-04-03,-3.95,5.05,-11.61
2017-04-04,0.06,0.68,-9.73
2017-04-05,1.04,2.1,-11.65
2017-04-06,4.02,-1.67,-8.91
2017-04-07,3.39,-3.18,-10.11
2017-04-10,1.19,-4.27,-8.98
2017-04-11,1.37,-3.17,-11.05
2017-04-12,-4.65,-0.44,-5.16
2017-04-13,-9.47,5.21,-4.01
2017-04-18,-14.75,7.15,-0.61
2017-04-19,-14.04,5.41,-1.79
2017-04-20,-8.98,0.6,-1.76
2017-04-21,-9.37,1.17,-0.72
2017-04-24,-5.02,-2.93,-4.43
2017-04-25,-2.36,-2.37,-6.55
2017-04-26,1.2,-6.13,-5.82
2017-04-27,-3.84,-3.24,-2.39
2017-04-28,-2.99,-7.33,-3.83
2017-05-02,-6.19,-5.48,-4.28
2017-05-03,-8.41,-7.42,-0.26
2017-05-04,-11.61,-3.95,3.45
2017-05-05,-9.73,0.06,-1.96
2017-05-08,-11.65,1.04,-0.62
2017-05-09,-8.91,4.02,-2.71
2017-05-10,-10.11,3.39,0.09
2017-05-11,-8.98,1.19,1.71
2017-05-12,-11.05,1.37,3.21
2017-05-15,-5.16,-4.65,0.1
2017-05-16,-4.01,-9.47,-3.37
2017-05-17,-0.61,-14.75,-2.4
2017-05-18,-1.79,-14.04,-3.87
2017-05-19,-1.76,-8.98,-2.44
2017-05-22,-0.72,-9.37,-6.71
2017-05-23,-4.43,-5.02,-3.6
2017-05-24,-6.55,-2.36,-3.39
2017-05-25,-5.82,1.2,-4.08
2017-05-26,-2.39,-3.84,-5.23
2017-05-30,-3.83,-2.99,-1.49
2017-05-31,-4.28,-6.19,-0.37
2017-06-01,-0.26,-8.41,1.52
2017-06-02,3.45,-11.61,0.16
2017-06-05,-1.96,-9.73,6.42
2017-06-06,-0.62,-11.65,7.4
2017-06-07,-2.71,-8.91,8.62
2017-06-08,0.09,-10.11,3.72
2017-06-09,1.71,-8.98,0.76
2017-06-12,3.21,-11.05,2.34
2017-06-13,0.1,-5.16,4.48
2017-06-14,-3.37,-4.01,9.89
2017-06-15,-2.4,-0.61,11.13
2017-06-16,-3.87,-1.79,12.99
2017-06-19,-2.44,-1.76,11.41
2017-06-20,-6.71,-0.72,16.14
2017-06-21,-3.6,-4.43,14.41
2017-06-22,-3.39,-6.55,13.07
2017-06-23,-4.08,-5.82,12.18
2017-06-26,-5.23,-2.39,12.79
2017-06-27,-1.49,-3.83,14.95
2017-06-28,-0.37,-4.28,16.05
2017-06-29,1.52,-0.26,13.88
2017-06-30,0.16,3.45,15.33
2017-07-03,6.42,-1.96,10.79
2017-07-04,7.4,-0.62,10.8
2017-07-05,8.62,-2.71,8.13
2017-07-06,3.72,0.09,11.85
2017-07-07,0.76,1.71,13.64
2017-07-10,2.34,3.21,15.11
2017-07-11,4.48,0.1,12.91
2017-07-12,9.89,-3.37,7.87
2017-07-13,11.13,-2.4,5.37
2017-07-14,12.99,-3.87,1.87
2017-07-17,11.41,-2.44,3.46
2017-07-18,16.14,-6.71,3.11
2017-07-19,14.41,-3.6,7.22
2017-07-20,13.07,-3.39,8.25
2017-07-21,12.18,-4.08,9.53
2017-07-24,12.79,-5.23,9.16
2017-07-25,14.95,-1.49,5.43
2017-07-26,16.05,-0.37,7.11
2017-07-27,13.88,1.52,7.02
2017-07-28,15.33,0.16,6.51
2017-07-31,10.79,6.42,5.63
2017-08-01,10.8,7.4,6.03
2017-08-02,8.13,8.62,8.15
2017-08-03,11.85,3.72,9.5
2017-08-04,13.64,0.76,8.67
2017-08-07,15.11,2.34,4.74
2017-08-08,12.91,4.48,5.35
2017-08-09,7.87,9.89,8.45
2017-08-10,5.37,11.13,9.53
2017-08-11,1.87,12.99,14.69
2017-08-14,3.46,11.41,12.23
2017-08-15,3.11,16.14,9.77
2017-08-16,7.22,14.41,1.84
2017-08-17,8.25,13.07,-0.15
2017-08-18,9.53,12.18,0.92
2017-08-21,9.16,12.79,1.41
2017-08-22,5.43,14.95,0.04
2017-08-23,7.11,16.05,-1.85
2017-08-24,7.02,13.88,-1.91
2017-08-25,6.51,15.33,-2.47
2017-08-29,5.63,10.79,-3.13
2017-08-30,6.03,10.8,-4.23
2017-08-31,8.15,8.13,-5.73
2017-09-01,9.5,11.85,-6.81
2017-09-04,8.67,13.64,-4.44
2017-09-05,4.74,15.11,-2.59
2017-09-06,5.35,12.91,-1.75
2017-09-07,8.45,7.87,0.49
2017-09-08,9.53,5.37,1.06
2017-09-11,14.69,1.87,-1.93
2017-09-12,12.23,3.46,-1.69
2017-09-13,9.77,3.11,0.39
2017-09-14,1.84,7.22,4.65
2017-09-15,-0.15,8.25,9.32
2017-09-18,0.92,9.53,10.33
2017-09-19,1.41,9.16,8.6
2017-09-20,0.04,5.43,7.43
2017-09-21,-1.85,7.11,8.96
2017-09-22,-1.91,7.02,8.94
2017-09-25,-2.47,6.51,10.36
2017-09-26,-3.13,5.63,12.66
2017-09-27,-4.23,6.03,10.16
2017-09-28,-5.73,8.15,11.76
2017-09-29,-6.81,9.5,7.37
2017-10-02,-4.44,8.67,5.47
2017-10-03,-2.59,4.74,2.66
2017-10-04,-1.75,5.35,4.49
2017-10-05,0.49,8.45,2.9
2017-10-06,1.06,9.53,3.26
2017-10-09,-1.93,14.69,3.81
2017-10-10,-1.69,12.23,0.62
2017-10-11,0.39,9.77,1.7
2017-10-12,4.65,1.84,-1.35
2017-10-13,9.32,-0.15,-3.72
2017-10-16,10.33,0.92,-4.82
2017-10-17,8.6,1.41,-5.62
2017-10-18,7.43,0.04,-6.61
2017-10-19,8.96,-1.85,-6.44
2017-10-20,8.94,-1.91,-6.54
2017-10-23,10.36,-2.47,-5.24
2017-10-24,12.66,-3.13,-6.0
2017-10-25,10.16,-4.23,-3.4
2017-10-26,11.76,-5.73,-3.88
2017-10-27,7.37,-6.81,-1.32
2017-10-30,5.47,-4.44,-3.24
2017-10-31,2.66,-2.59,-3.03
2017-11-01,4.49,-1.75,-8.8
2017-11-02,2.9,0.49,-10.88
2017-11-03,3.26,1.06,-10.58
2017-11-06,3.81,-1.93,-9.1
2017-11-07,0.62,-1.69,-9.35
2017-11-08,1.7,0.39,-9.21
2017-11-09,-1.35,4.65,-6.89
2017-11-10,-3.72,9.32,-4.72
2017-11-13,-4.82,10.33,-3.48
2017-11-14,-5.62,8.6,-2.06
2017-11-15,-6.61,7.43,1.17
2017-11-16,-6.44,8.96,1.15
2017-11-17,-6.54,8.94,2.63
2017-11-20,-5.24,10.36,2.71
2017-11-21,-6.0,12.66,1.53
2017-11-22,-3.4,10.16,1.93
2017-11-23,-3.88,11.76,3.31
2017-11-24,-1.32,7.37,3.6
2017-11-27,-3.24,5.47,7.03
2017-11-28,-3.03,2.66,9.5
2017-11-29,-8.8,4.49,13.87
2017-11-30,-10.88,2.9,16.08
2017-12-01,-10.58,3.26,15.11
2017-12-04,-9.1,3.81,14.41
2017-12-05,-9.35,0.62,16.35
2017-12-06,-9.21,1.7,17.23
2017-12-07,-6.89,-1.35,17.81
2017-12-08,-4.72,-3.72,17.32
2017-12-11,-3.48,-4.82,15.78
2017-12-12,-2.06,-5.62,17.3
2017-12-13,1.17,-6.61,15.69
2017-12-14,1.15,-6.44,13.53
2017-12-15,2.63,-6.54,12.2
2017-12-18,2.71,-5.24,10.19
2017-12-19,1.53,-6.0,10.74
2017-12-20,1.93,-3.4,8.61
2017-12-21,3.31,-3.88,3.9
2017-12-22,3.6,-1.32,5.75
2017-12-27,7.03,-3.24,4.4
2017-12-28,9.5,-3.03,4.27
2017-12-29,13.87,-8.8,6.41
2018-01-02,16.08,-10.88,3.48
2018-01-03,15.11,-10.58,3.53
2018-01-04,14.41,-9.1,2.25
2018-01-05,16.35,-9.35,-1.5
2018-01-08,17.23,-9.21,-2.08
2018-01-09,17.81,-6.89,-5.06
2018-01-10,17.32,-4.72,-6.72
2018-01-11,15.78,-3.48,-10.12
2018-01-12,17.3,-2.06,-11.42
2018-01-15,15.69,1.17,-10.46
2018-01-16,13.53,1.15,-7.37
2018-01-17,12.2,2.63,-6.04
2018-01-18,10.19,2.71,-4.73
2018-01-19,10.74,1.53,-4.7
2018-01-22,8.61,1.93,-4.62
2018-01-23,3.9,3.31,-1.63
2018-01-24,5.75,3.6,1.9
2018-01-25,4.4,7.03,0.57
2018-01-26,4.27,9.5,-1.41
2018-01-29,6.41,13.87,-3.28
2018-01-30,3.48,16.08,-2.79
2018-01-31,3.53,15.11,-4.3
2018-02-01,2.25,14.41,-5.99
2018-02-02,-1.5,16.35,-4.77
2018-02-05,-2.08,17.23,-5.7
2018-02-06,-5.06,17.81,-2.55
2018-02-07,-6.72,17.32,-2.84
2018-02-08,-10.12,15.78,-0.63
2018-02-09,-11.42,17.3,2.44
2018-02-12,-10.46,15.69,0.64
2018-02-13,-7.37,13.53,0.24
2018-02-14,-6.04,12.2,0.3
2018-02-15,-4.73,10.19,-2.28
2018-02-16,-4.7,10.74,-0.64
2018-02-19,-4.62,8.61,-3.79
2018-02-20,-1.63,3.9,-4.2
2018-02-21,1.9,5.75,-8.26
2018-02-22,0.57,4.4,-10.71
2018-02-23,-1.41,4.27,-9.53
2018-02-26,-3.28,6.41,-12.23
2018-02-27,-2.79,3.48,-8.32
2018-02-28,-4.3,3.53,-8.59
2018-03-01,-5.99,2.25,-5.87
2018-03-02,-4.77,-1.5,-2.26
2018-03-05,-5.7,-2.08,-5.43
2018-03-06,-2.55,-5.06,-2.62
2018-03-07,-2.84,-6.72,-4.41
2018-03-08,-0.63,-10.12,-6.65
2018-03-09,2.44,-11.42,-6.3
2018-03-12,0.64,-10.46,-7.22
2018-03-13,0.24,-7.37,-9.09
2018-03-14,0.3,-6.04,-9.84
2018-03-15,-2.28,-4.73,-9.63
2018-03-16,-0.64,-4.7,-9.86
2018-03-19,-3.79,-4.62,1.31
2018-03-20,-4.2,-1.63,2.65
2018-03-21,-8.26,1.9,2.56
2018-03-22,-10.71,0.57,5.88
2018-03-23,-9.53,-1.41,7.64
2018-03-26,-12.23,-3.28,7.07
2018-03-27,-8.32,-2.79,1.8
2018-03-28,-8.59,-4.3,4.49
2018-03-29,-5.87,-5.99,-0.88
2018-04-03,-2.26,-4.77,-2.61
2018-04-04,-5.43,-5.7,3.74
2018-04-05,-2.62,-2.55,0.15
2018-04-06,-4.41,-2.84,2.52
2018-04-09,-6.65,-0.63,5.94
2018-04-10,-6.3,2.44,5.87
2018-04-11,-7.22,0.64,9.87
2018-04-12,-9.09,0.24,12.75
2018-04-13,-9.84,0.3,11.39
2018-04-16,-9.63,-2.28,10.7
2018-04-17,-9.86,-0.64,13.11
2018-04-18,1.31,-3.79,6.35
2018-04-19,2.65,-4.2,0.62
2018-04-20,2.56,-8.26,1.85
2018-04-23,5.88,-10.71,2.5
2018-04-24,7.64,-9.53,-0.75
2018-04-25,7.07,-12.23,-0.16
2018-04-26,1.8,-8.32,2.01
2018-04-27,4.49,-8.59,0.5
2018-04-30,-0.88,-5.87,6.13
2018-05-01,-2.61,-2.26,7.24
2018-05-02,3.74,-5.43,6.54
2018-05-03,0.15,-2.62,6.56
2018-05-04,2.52,-4.41,8.25
2018-05-08,5.94,-6.65,11.44
2018-05-09,5.87,-6.3,7.42
2018-05-10,9.87,-7.22,2.03
2018-05-11,12.75,-9.09,0.75
2018-05-14,11.39,-9.84,-0.42
2018-05-15,10.7,-9.63,4.93
2018-05-16,13.11,-9.86,1.39
2018-05-17,6.35,1.31,-4.16
2018-05-18,0.62,2.65,0.05
2018-05-21,1.85,2.56,-4.13
2018-05-22,2.5,5.88,-3.95
2018-05-23,-0.75,7.64,-2.98
2018-05-24,-0.16,7.07,2.8
2018-05-25,2.01,1.8,-2.25
2018-05-29,0.5,4.49,-0.97
2018-05-30,6.13,-0.88,-0.82
2018-05-31,7.24,-2.61,-3.56
2018-06-01,6.54,3.74,-5.06
2018-06-04,6.56,0.15,-8.76
2018-06-05,8.25,2.52,-17.63
2018-06-06,11.44,5.94,-20.22
2018-06-07,7.42,5.87,-17.25
2018-06-08,2.03,9.87,-14.3
2018-06-11,0.75,12.75,-13.82
2018-06-12,-0.42,11.39,-14.77
2018-06-13,4.93,10.7,-21.82
2018-06-14,1.39,13.11,-21.2
2018-06-15,-4.16,6.35,-17.91
2018-06-18,0.05,0.62,-18.77
2018-06-19,-4.13,1.85,-15.77
2018-06-20,-3.95,2.5,-14.93
2018-06-21,-2.98,-0.75,-14.76
2018-06-22,2.8,-0.16,-19.5
2018-06-25,-2.25,2.01,-15.99
2018-06-26,-0.97,0.5,-10.85
2018-06-27,-0.82,6.13,-12.23
2018-06-28,-3.56,7.24,-9.91
2018-06-29,-5.06,6.54,-9.95
2018-07-02,-8.76,6.56,-6.97
2018-07-03,-17.63,8.25,4.2
2018-07-04,-20.22,11.44,0.75
2018-07-05,-17.25,7.42,-4.03
2018-07-06,-14.3,2.03,-3.3
2018-07-09,-13.82,0.75,-6.34
2018-07-10,-14.77,-0.42,-0.2
2018-07-11,-21.82,4.93,4.95
2018-07-12,-21.2,1.39,5.16
2018-07-13,-17.91,-4.16,2.6
2018-07-16,-18.77,0.05,3.17
2018-07-17,-15.77,-4.13,1.06
2018-07-18,-14.93,-3.95,-6.28
2018-07-19,-14.76,-2.98,-3.76
2018-07-20,-19.5,2.8,-2.13
2018-07-23,-15.99,-2.25,-1.27
2018-07-24,-10.85,-0.97,-6.29
2018-07-25,-12.23,-0.82,-4.94
2018-07-26,-9.91,-3.56,-3.94
2018-07-27,-9.95,-5.06,-1.61
2018-07-30,-6.97,-8.76,0.75
2018-07-31,4.2,-17.63,-2.88
2018-08-01,0.75,-20.22,0.33
2018-08-02,-4.03,-17.25,0.19
2018-08-03,-3.3,-14.3,-0.42
2018-08-06,-6.34,-13.82,-0.96
2018-08-07,-0.2,-14.77,-4.35
2018-08-08,4.95,-21.82,-6.88
2018-08-09,5.16,-21.2,-10.37
2018-08-10,2.6,-17.91,-9.47
2018-08-13,3.17,-18.77,-10.04
2018-08-14,1.06,-15.77,-6.73
2018-08-15,-6.28,-14.93,0.33
2018-08-16,-3.76,-14.76,-1.08
2018-08-17,-2.13,-19.5,-1.53
2018-08-20,-1.27,-15.99,0.86
2018-08-21,-6.29,-10.85,4.17
2018-08-22,-4.94,-12.23,4.45
2018-08-23,-3.94,-9.91,8.47
2018-08-24,-1.61,-9.95,2.89
2018-08-28,0.75,-6.97,4.31
2018-08-29,-2.88,4.2,4.05
2018-08-30,0.33,0.75,2.4
2018-08-31,0.19,-4.03,5.79
2018-09-03,-0.42,-3.3,4.8
2018-09-04,-0.96,-6.34,8.12
2018-09-05,-4.35,-0.2,6.87
2018-09-06,-6.88,4.95,9.5
2018-09-07,-10.37,5.16,9.82
2018-09-10,-9.47,2.6,10.65
2018-09-11,-10.04,3.17,13.68
2018-09-12,-6.73,1.06,5.68
2018-09-13,0.33,-6.28,3.93
2018-09-14,-1.08,-3.76,4.0
2018-09-17,-1.53,-2.13,6.09
2018-09-18,0.86,-1.27,1.98
2018-09-19,4.17,-6.29,-1.42
2018-09-20,4.45,-4.94,-3.65
2018-09-21,8.47,-3.94,-8.45
2018-09-24,2.89,-1.61,-5.86
2018-09-25,4.31,0.75,-12.22
2018-09-26,4.05,-2.88,-11.86
2018-09-27,2.4,0.33,-8.41
2018-09-28,5.79,0.19,-8.8
2018-10-01,4.8,-0.42,-7.15
2018-10-02,8.12,-0.96,-9.46
2018-10-03,6.87,-4.35,-4.41
2018-10-04,9.5,-6.88,-1.41
2018-10-05,9.82,-10.37,-1.54
2018-10-08,10.65,-9.47,-0.17
2018-10-09,13.68,-10.04,-4.37
2018-10-10,5.68,-6.73,1.4
2018-10-11,3.93,0.33,2.17
2018-10-12,4.0,-1.08,-3.09
2018-10-15,6.09,-1.53,-6.79
2018-10-16,1.98,0.86,-6.37
2018-10-17,-1.42,4.17,-7.44
2018-10-18,-3.65,4.45,-3.9
2018-10-19,-8.45,8.47,-3.52
2018-10-22,-5.86,2.89,-3.22
2018-10-23,-12.22,4.31,-1.28
2018-10-24,-11.86,4.05,-0.62
2018-10-25,-8.41,2.4,-4.03
2018-10-26,-8.8,5.79,-7.26
2018-10-29,-7.15,4.8,-6.96
2018-10-30,-9.46,8.12,-7.18
2018-10-31,-4.41,6.87,-10.19
2018-11-01,-1.41,9.5,-10.66
2018-11-02,-1.54,9.82,-9.33
2018-11-05,-0.17,10.65,-6.33
2018-11-06,-4.37,13.68,-4.78
2018-11-07,1.4,5.68,-9.71
2018-11-08,2.17,3.93,-14.81
2018-11-09,-3.09,4.0,-8.06
2018-11-12,-6.79,6.09,-7.57
2018-11-13,-6.37,1.98,-3.75
2018-11-14,-7.44,-1.42,-0.02
2018-11-15,-3.9,-3.65,-0.91
2018-11-16,-3.52,-8.45,-2.64
2018-11-19,-3.22,-5.86,-2.56
2018-11-20,-1.28,-12.22,-2.6
2018-11-21,-0.62,-11.86,-0.56
2018-11-22,-4.03,-8.41,-2.05
2018-11-23,-7.26,-8.8,2.37
2018-11-26,-6.96,-7.15,0.33
2018-11-27,-7.18,-9.46,-0.16
2018-11-28,-10.19,-4.41,1.28
2018-11-29,-10.66,-1.41,-0.66
2018-11-30,-9.33,-1.54,-2.64
2018-12-03,-6.33,-0.17,-10.55
2018-12-04,-4.78,-4.37,-4.31
2018-12-05,-9.71,1.4,0.65
2018-12-06,-14.81,2.17,6.65
2018-12-07,-8.06,-3.09,4.92
2018-12-10,-7.57,-6.79,7.52
2018-12-11,-3.75,-6.37,4.21
2018-12-12,-0.02,-7.44,-0.08
2018-12-13,-0.91,-3.9,-1.15
2018-12-14,-2.64,-3.52,-0.6
2018-12-17,-2.56,-3.22,-0.92
2018-12-18,-2.6,-1.28,3.31
2018-12-19,-0.56,-0.62,0.56
2018-12-20,-2.05,-4.03,1.84
2018-12-21,2.37,-7.26,-0.19
2018-12-24,0.33,-6.96,0.16
2018-12-27,-0.16,-7.18,5.44
2018-12-28,1.28,-10.19,0.5
2018-12-31,-0.66,-10.66,1.95
2019-01-02,-2.64,-9.33,8.05
2019-01-03,-10.55,-6.33,15.01
2019-01-04,-4.31,-4.78,7.74
2019-01-07,0.65,-9.71,5.01
2019-01-08,6.65,-14.81,5.12
2019-01-09,4.92,-8.06,4.14
2019-01-10,7.52,-7.57,0.73
2019-01-11,4.21,-3.75,-1.22
2019-01-14,-0.08,-0.02,-0.5
2019-01-15,-1.15,-0.91,-0.02
2019-01-16,-0.6,-2.64,3.64
2019-01-17,-0.92,-2.56,2.36
2019-01-18,3.31,-2.6,1.98
2019-01-21,0.56,-0.56,2.4
2019-01-22,1.84,-2.05,4.41
2019-01-23,-0.19,2.37,8.3
2019-01-24,0.16,0.33,4.28
2019-01-25,5.44,-0.16,3.82
2019-01-28,0.5,1.28,4.75
2019-01-29,1.95,-0.66,3.35
2019-01-30,8.05,-2.64,1.11
2019-01-31,15.01,-10.55,-1.78
2019-02-01,7.74,-4.31,-0.59
2019-02-04,5.01,0.65,1.14
2019-02-05,5.12,6.65,0.74
2019-02-06,4.14,4.92,1.36
2019-02-07,0.73,7.52,1.9
2019-02-08,-1.22,4.21,1.68
2019-02-11,-0.5,-0.08,4.24
2019-02-12,-0.02,-1.15,4.21
2019-02-13,3.64,-0.6,2.98
2019-02-14,2.36,-0.92,3.08
2019-02-15,1.98,3.31,0.59
2019-02-18,2.4,0.56,2.52
2019-02-19,4.41,1.84,5.75
2019-02-20,8.3,-0.19,2.09
2019-02-21,4.28,0.16,6.11
2019-02-22,3.82,5.44,0.81
2019-02-25,4.75,0.5,1.57
2019-02-26,3.35,1.95,0.52
2019-02-27,1.11,8.05,0.02
2019-02-28,-1.78,15.01,2.52
2019-03-01,-0.59,7.74,4.45
2019-03-04,1.14,5.01,6.88
2019-03-05,0.74,5.12,7.21
2019-03-06,1.36,4.14,7.63
2019-03-07,1.9,0.73,8.5
2019-03-08,1.68,-1.22,11.89
2019-03-11,4.24,-0.5,9.55
2019-03-12,4.21,-0.02,8.67
2019-03-13,2.98,3.64,7.89
2019-03-14,3.08,2.36,5.37
2019-03-15,0.59,1.98,8.84
2019-03-18,2.52,2.4,6.18
2019-03-19,5.75,4.41,4.33
2019-03-20,2.09,8.3,7.37
2019-03-21,6.11,4.28,6.07
2019-03-22,0.81,3.82,8.29
2019-03-25,1.57,4.75,7.72
2019-03-26,0.52,3.35,4.16
2019-03-27,0.02,1.11,0.7
2019-03-28,2.52,-1.78,0.3
2019-03-29,4.45,-0.59,-4.28
2019-04-01,6.88,1.14,-7.48
2019-04-02,7.21,0.74,-9.64
2019-04-03,7.63,1.36,-10.4
2019-04-04,8.5,1.9,-11.93
2019-04-05,11.89,1.68,-13.64
2019-04-08,9.55,4.24,-15.2
2019-04-09,8.67,4.21,-14.98
2019-04-10,7.89,2.98,-18.05
2019-04-11,5.37,3.08,-14.16
2019-04-12,8.84,0.59,-16.27
2019-04-15,6.18,2.52,-15.11
2019-04-16,4.33,5.75,-17.16
2019-04-17,7.37,2.09,-19.78
2019-04-18,6.07,6.11,-19.2
2019-04-23,8.29,0.81,-20.97
2019-04-24,7.72,1.57,-22.27
2019-04-25,4.16,0.52,-18.8
2019-04-26,0.7,0.02,-16.34
2019-04-29,0.3,2.52,-17.29
2019-04-30,-4.28,4.45,-14.57
2019-05-01,-7.48,6.88,-15.62
2019-05-02,-9.64,7.21,-13.38
2019-05-03,-10.4,7.63,-12.26
2019-05-07,-11.93,8.5,-10.36
2019-05-08,-13.64,11.89,-8.95
2019-05-09,-15.2,9.55,-7.05
2019-05-10,-14.98,8.67,-5.66
2019-05-13,-18.05,7.89,-0.3
2019-05-14,-14.16,5.37,-2.69
2019-05-15,-16.27,8.84,-1.92
2019-05-16,-15.11,6.18,-2.89
2019-05-17,-17.16,4.33,-2.42
2019-05-20,-19.78,7.37,1.83
2019-05-21,-19.2,6.07,0.8
2019-05-22,-20.97,8.29,4.65
2019-05-23,-22.27,7.72,7.93
2019-05-24,-18.8,4.16,6.61
2019-05-28,-16.34,0.7,6.79
2019-05-29,-17.29,0.3,7.31
2019-05-30,-14.57,-4.28,1.5
2019-05-31,-15.62,-7.48,7.34
2019-06-03,-13.38,-9.64,8.16
2019-06-04,-12.26,-10.4,6.76
2019-06-05,-10.36,-11.93,6.68
2019-06-06,-8.95,-13.64,4.38
2019-06-07,-7.05,-15.2,3.31
2019-06-10,-5.66,-14.98,3.45
2019-06-11,-0.3,-18.05,-1.73
2019-06-12,-2.69,-14.16,0.22
2019-06-13,-1.92,-16.27,-2.93
2019-06-14,-2.89,-15.11,-2.12
2019-06-17,-2.42,-17.16,-0.43
2019-06-18,1.83,-19.78,-1.91
2019-06-19,0.8,-19.2,-1.65
2019-06-20,4.65,-20.97,-3.3
2019-06-21,7.93,-22.27,-2.85
2019-06-24,6.61,-18.8,-2.14
2019-06-25,6.79,-16.34,-0.77
2019-06-26,7.31,-17.29,-0.04
2019-06-27,1.5,-14.57,4.51
2019-06-28,7.34,-15.62,-0.46
2019-07-01,8.16,-13.38,-0.9
2019-07-02,6.76,-12.26,-2.33
2019-07-03,6.68,-10.36,-3.76
2019-07-04,4.38,-8.95,-6.69
2019-07-05,3.31,-7.05,-10.13
2019-07-08,3.45,-5.66,-14.26
2019-07-09,-1.73,-0.3,-13.09
2019-07-10,0.22,-2.69,-15.12
2019-07-11,-2.93,-1.92,-11.02
2019-07-12,-2.12,-2.89,-13.2
2019-07-15,-0.43,-2.42,-14.13
2019-07-16,-1.91,1.83,-13.4
2019-07-17,-1.65,0.8,-14.91
2019-07-18,-3.3,4.65,-17.62
2019-07-19,-2.85,7.93,-17.58
2019-07-22,-2.14,6.61,-14.45
2019-07-23,-0.77,6.79,-16.6
2019-07-24,-0.04,7.31,-16.18
2019-07-25,4.51,1.5,-16.99
2019-07-26,-0.46,7.34,-17.13
2019-07-29,-0.9,8.16,-18.68
2019-07-30,-2.33,6.76,-17.51
2019-07-31,-3.76,6.68,-13.08
2019-08-01,-6.69,4.38,-6.88
2019-08-02,-10.13,3.31,-2.21
2019-08-05,-14.26,3.45,0.4
2019-08-06,-13.09,-1.73,4.98
2019-08-07,-15.12,0.22,4.45
2019-08-08,-11.02,-2.93,2.46
2019-08-09,-13.2,-2.12,5.02
2019-08-12,-14.13,-0.43,7.8
2019-08-13,-13.4,-1.91,6.69
2019-08-14,-14.91,-1.65,9.57
2019-08-15,-17.62,-3.3,17.65
2019-08-16,-17.58,-2.85,14.19
2019-08-19,-14.45,-2.14,8.8
2019-08-20,-16.6,-0.77,10.09
2019-08-21,-16.18,-0.04,9.4
2019-08-22,-16.99,4.51,12.06
2019-08-23,-17.13,-0.46,10.45
2019-08-27,-18.68,-0.9,9.12
2019-08-28,-17.51,-2.33,7.9
2019-08-29,-13.08,-3.76,5.05
2019-08-30,-6.88,-6.69,4.24
2019-09-02,-2.21,-10.13,3.31
2019-09-03,0.4,-14.26,0.87
2019-09-04,4.98,-13.09,-4.16
2019-09-05,4.45,-15.12,-4.82
2019-09-06,2.46,-11.02,-6.19
2019-09-09,5.02,-13.2,-7.31
2019-09-10,7.8,-14.13,-10.02
2019-09-11,6.69,-13.4,-10.75
2019-09-12,9.57,-14.91,-8.14
2019-09-13,17.65,-17.62,-9.13
2019-09-16,14.19,-17.58,-9.91
2019-09-17,8.8,-14.45,-7.81
2019-09-18,10.09,-16.6,-8.91
2019-09-19,9.4,-16.18,-10.12
2019-09-20,12.06,-16.99,-11.3
2019-09-23,10.45,-17.13,-6.56
2019-09-24,9.12,-18.68,-5.28
2019-09-25,7.9,-17.51,-3.7
2019-09-26,5.05,-13.08,-4.5
2019-09-27,4.24,-6.88,-5.16
2019-09-30,3.31,-2.21,-2.15
2019-10-01,0.87,0.4,1.22
2019-10-02,-4.16,4.98,2.0
2019-10-03,-4.82,4.45,2.06
2019-10-04,-6.19,2.46,6.31
2019-10-07,-7.31,5.02,12.09
2019-10-08,-10.02,7.8,15.74
2019-10-09,-10.75,6.69,14.28
2019-10-10,-8.14,9.57,11.51
2019-10-11,-9.13,17.65,7.11
2019-10-14,-9.91,14.19,6.35
2019-10-15,-7.81,8.8,5.01
2019-10-16,-8.91,10.09,4.86
2019-10-17,-10.12,9.4,4.59
2019-10-18,-11.3,12.06,7.05
2019-10-21,-6.56,10.45,2.92
2019-10-22,-5.28,9.12,4.17
2019-10-23,-3.7,7.9,3.42
2019-10-24,-4.5,5.05,3.12
2019-10-25,-5.16,4.24,5.4
2019-10-28,-2.15,3.31,3.7
2019-10-29,1.22,0.87,3.57
2019-10-30,2.0,-4.16,4.25
2019-10-31,2.06,-4.82,6.55
2019-11-01,6.31,-6.19,1.23
2019-11-04,12.09,-7.31,-2.93
2019-11-05,15.74,-10.02,-9.07
2019-11-06,14.28,-10.75,-7.24
2019-11-07,11.51,-8.14,-16.16
2019-11-08,7.11,-9.13,-13.46
2019-11-11,6.35,-9.91,-10.74
2019-11-12,5.01,-7.81,-11.53
2019-11-13,4.86,-8.91,-9.5
2019-11-14,4.59,-10.12,-5.31
2019-11-15,7.05,-11.3,-7.31
2019-11-18,2.92,-6.56,-2.57
2019-11-19,4.17,-5.28,-3.63
2019-11-20,3.42,-3.7,-3.22
2019-11-21,3.12,-4.5,0.02
2019-11-22,5.4,-5.16,-4.15
2019-11-25,3.7,-2.15,-5.16
2019-11-26,3.57,1.22,-5.91
2019-11-27,4.25,2.0,-3.54
2019-11-28,6.55,2.06,-4.26
2019-11-29,1.23,6.31,-3.51
2019-12-02,-2.93,12.09,-1.53
2019-12-03,-9.07,15.74,2.55
2019-12-04,-7.24,14.28,-0.86
2019-12-05,-16.16,11.51,9.26
2019-12-06,-13.46,7.11,8.92
2019-12-09,-10.74,6.35,8.81
2019-12-10,-11.53,5.01,10.67
2019-12-11,-9.5,4.86,10.79
2019-12-12,-5.31,4.59,7.2
2019-12-13,-7.31,7.05,6.89
2019-12-16,-2.57,2.92,3.73
2019-12-17,-3.63,4.17,4.74
2019-12-18,-3.22,3.42,3.25
2019-12-19,0.02,3.12,-0.69
2019-12-20,-4.15,5.4,-0.65
2019-12-23,-5.16,3.7,-3.14
2019-12-24,-5.91,3.57,-1.79
2019-12-27,-3.54,4.25,-7.27
2019-12-30,-4.26,6.55,-4.11
2019-12-31,-3.51,1.23,-2.76
2020-01-02,-1.53,-2.93,-6.08
2020-01-03,2.55,-9.07,-7.92
2020-01-06,-0.86,-7.24,-6.22
2020-01-07,9.26,-16.16,-1.65
2020-01-08,8.92,-13.46,-1.29
2020-01-09,8.81,-10.74,0.23
2020-01-10,10.67,-11.53,-2.91
2020-01-13,10.79,-9.5,-5.24
2020-01-14,7.2,-5.31,-3.83
2020-01-15,6.89,-7.31,-1.04
2020-01-16,3.73,-2.57,-1.76
2020-01-17,4.74,-3.63,-3.81
2020-01-20,3.25,-3.22,-2.13
2020-01-21,-0.69,0.02,-5.0
2020-01-22,-0.65,-4.15,-1.32
2020-01-23,-3.14,-5.16,0.35
2020-01-24,-1.79,-5.91,-2.69
2020-01-27,-7.27,-3.54,-4.45
2020-01-28,-4.11,-4.26,-8.41
2020-01-29,-2.76,-3.51,-8.96
2020-01-30,-6.08,-1.53,-12.04
2020-01-31,-7.92,2.55,-13.14
2020-02-03,-6.22,-0.86,-12.76
2020-02-04,-1.65,9.26,-17.95
2020-02-05,-1.29,8.92,-18.28
2020-02-06,0.23,8.81,-21.87
2020-02-07,-2.91,10.67,-25.36
2020-02-10,-5.24,10.79,-33.54
2020-02-11,-3.83,7.2,-33.41
2020-02-12,-1.04,6.89,-35.73
2020-02-13,-1.76,3.73,-46.54
2020-02-14,-3.81,4.74,-42.01
2020-02-17,-2.13,3.25,-44.76
2020-02-18,-5.0,-0.69,-38.98
2020-02-19,-1.32,-0.65,-44.44
2020-02-20,0.35,-3.14,-48.77
2020-02-21,-2.69,-1.79,-46.7
2020-02-24,-4.45,-7.27,-46.82
2020-02-25,-8.41,-4.11,-38.6
2020-02-26,-8.96,-2.76,-35.75
2020-02-27,-12.04,-6.08,-33.64
2020-02-28,-13.14,-7.92,-35.84
2020-03-02,-12.76,-6.22,-38.44
2020-03-03,-17.95,-1.65,-35.27
2020-03-04,-18.28,-1.29,-38.39
2020-03-05,-21.87,0.23,-32.05
2020-03-06,-25.36,-2.91,-31.06
2020-03-09,-33.54,-5.24,-14.69
2020-03-10,-33.41,-3.83,-8.96
2020-03-11,-35.73,-1.04,-10.56
2020-03-12,-46.54,-1.76,13.87
2020-03-13,-42.01,-3.81,5.5
2020-03-16,-44.76,-2.13,2.84
2020-03-17,-38.98,-5.0,-4.58
2020-03-18,-44.44,-1.32,9.6
2020-03-19,-48.77,0.35,21.96
2020-03-20,-46.7,-2.69,11.7
2020-03-23,-46.82,-4.45,23.93
2020-03-24,-38.6,-8.41,12.06
2020-03-25,-35.75,-8.96,4.05
2020-03-26,-33.64,-12.04,5.93
2020-03-27,-35.84,-13.14,17.38
2020-03-30,-38.44,-12.76,30.02
2020-03-31,-35.27,-17.95,18.83
2020-04-01,-38.39,-18.28,17.3
2020-04-02,-32.05,-21.87,8.41
2020-04-03,-31.06,-25.36,19.78
2020-04-06,-14.69,-33.54,11.28
2020-04-07,-8.96,-33.41,4.74
2020-04-08,-10.56,-35.73,7.94
2020-04-09,13.87,-46.54,1.86
2020-04-14,5.5,-42.01,-3.27
2020-04-15,2.84,-44.76,1.53
2020-04-16,-4.58,-38.98,7.32
2020-04-17,9.6,-44.44,7.64
2020-04-20,21.96,-48.77,7.65
2020-04-21,11.7,-46.7,15.13
2020-04-22,23.93,-46.82,7.97
2020-04-23,12.06,-38.6,3.27
2020-04-24,4.05,-35.75,9.93
2020-04-27,5.93,-33.64,11.85
2020-04-28,17.38,-35.84,8.03
2020-04-29,30.02,-38.44,-3.17
2020-04-30,18.83,-35.27,6.7
2020-05-01,17.3,-38.39,15.75
2020-05-04,8.41,-32.05,22.49
2020-05-05,19.78,-31.06,17.69
2020-05-06,11.28,-14.69,24.94
2020-05-07,4.74,-8.96,22.65
2020-05-11,7.94,-10.56,19.62
2020-05-12,1.86,13.87,21.23
2020-05-13,-3.27,5.5,21.85
2020-05-14,1.53,2.84,26.25
2020-05-15,7.32,-4.58,18.9
2020-05-18,7.64,9.6,13.36
2020-05-19,7.65,21.96,11.75
2020-05-20,15.13,11.7,11.43
2020-05-21,7.97,23.93,14.24
2020-05-22,3.27,12.06,12.2
2020-05-26,9.93,4.05,12.5
2020-05-27,11.85,5.93,6.46
2020-05-28,8.03,17.38,6.57
2020-05-29,-3.17,30.02,11.3
2020-06-01,6.7,18.83,8.07
2020-06-02,15.75,17.3,5.82
2020-06-03,22.49,8.41,-0.59
2020-06-04,17.69,19.78,2.01
2020-06-05,24.94,11.28,-6.25
2020-06-08,22.65,4.74,-3.64
2020-06-09,19.62,7.94,-1.52
2020-06-10,21.23,1.86,-3.29
2020-06-11,21.85,-3.27,2.86
2020-06-12,26.25,1.53,1.77
2020-06-15,18.9,7.32,6.2
2020-06-16,13.36,7.64,4.18
2020-06-17,11.75,7.65,6.17
2020-06-18,11.43,15.13,6.09
2020-06-19,14.24,7.97,6.88
2020-06-22,12.2,3.27,10.31
2020-06-23,12.5,9.93,6.21
2020-06-24,6.46,11.85,7.28
2020-06-25,6.57,8.03,9.53
2020-06-26,11.3,-3.17,9.63
2020-06-29,8.07,6.7,9.05
2020-06-30,5.82,15.75,6.94
2020-07-01,-0.59,22.49,8.75
2020-07-02,2.01,17.69,2.61
2020-07-03,-6.25,24.94,2.92
2020-07-06,-3.64,22.65,3.3
2020-07-07,-1.52,19.62,4.56
2020-07-08,-3.29,21.23,13.5
2020-07-09,2.86,21.85,3.93
2020-07-10,1.77,26.25,-0.47
2020-07-13,6.2,18.9,-3.69
2020-07-14,4.18,13.36,-0.95
2020-07-15,6.17,11.75,-1.79
2020-07-16,6.09,11.43,-3.11
2020-07-17,6.88,14.24,-7.24
2020-07-20,10.31,12.2,-5.09
2020-07-21,6.21,12.5,-5.97
2020-07-22,7.28,6.46,-1.51
2020-07-23,9.53,6.57,-8.05
2020-07-24,9.63,11.3,-7.91
2020-07-27,9.05,8.07,-7.08
2020-07-28,6.94,5.82,-8.23
2020-07-29,8.75,-0.59,-6.89
2020-07-30,2.61,2.01,-5.25
2020-07-31,2.92,-6.25,-3.12
2020-08-03,3.3,-3.64,-4.47
2020-08-04,4.56,-1.52,-4.47
2020-08-05,13.5,-3.29,-15.01
2020-08-06,3.93,2.86,-4.94
2020-08-07,-0.47,1.77,0.44
2020-08-10,-3.69,6.2,1.44
2020-08-11,-0.95,4.18,-1.63
2020-08-12,-1.79,6.17,-2.61
2020-08-13,-3.11,6.09,3.33
2020-08-14,-7.24,6.88,6.52
2020-08-17,-5.09,10.31,6.92
2020-08-18,-5.97,6.21,8.01
2020-08-19,-1.51,7.28,5.04
2020-08-20,-8.05,9.53,7.0
2020-08-21,-7.91,9.63,2.85
2020-08-24,-7.08,9.05,0.11
2020-08-25,-8.23,6.94,1.68
2020-08-26,-6.89,8.75,-0.38
2020-08-27,-5.25,2.61,-0.23
2020-08-28,-3.12,2.92,-2.72
2020-09-01,-4.47,3.3,-6.18
2020-09-02,-4.47,4.56,-7.7
2020-09-03,-15.01,13.5,-4.41
2020-09-04,-4.94,3.93,-5.64
2020-09-07,0.44,-0.47,-6.62
2020-09-08,1.44,-3.69,-5.42
2020-09-09,-1.63,-0.95,-3.19
2020-09-10,-2.61,-1.79,-2.86
2020-09-11,3.33,-3.11,-4.94
2020-09-14,6.52,-7.24,-5.7
2020-09-15,6.92,-5.09,-9.51
2020-09-16,8.01,-5.97,-9.16
2020-09-17,5.04,-1.51,-12.04
2020-09-18,7.0,-8.05,-9.43
2020-09-21,2.85,-7.91,-4.46
2020-09-22,0.11,-7.08,-2.11
2020-09-23,1.68,-8.23,-2.17
2020-09-24,-0.38,-6.89,-2.31
2020-09-25,-0.23,-5.25,0.06
2020-09-28,-2.72,-3.12,1.01
2020-09-29,-6.18,-4.47,-1.0
2020-09-30,-7.7,-4.47,-2.91
2020-10-01,-4.41,-15.01,-2.44
2020-10-02,-5.64,-4.94,-3.62
2020-10-05,-6.62,0.44,-4.2
2020-10-06,-5.42,1.44,-2.51
2020-10-07,-3.19,-1.63,-4.17
2020-10-08,-2.86,-2.61,-3.32
2020-10-09,-4.94,3.33,-1.74
2020-10-12,-5.7,6.52,5.19
2020-10-13,-9.51,6.92,11.39
2020-10-14,-9.16,8.01,11.62
2020-10-15,-12.04,5.04,15.89
2020-10-16,-9.43,7.0,15.88
2020-10-19,-4.46,2.85,17.93
2020-10-20,-2.11,0.11,14.39
2020-10-21,-2.17,1.68,15.98
2020-10-22,-2.31,-0.38,15.38
2020-10-23,0.06,-0.23,16.47
2020-10-26,1.01,-2.72,20.11
2020-10-27,-1.0,-6.18,31.81
2020-10-28,-2.91,-7.7,37.58
2020-10-29,-2.44,-4.41,36.46
2020-10-30,-3.62,-5.64,36.97
2020-11-02,-4.2,-6.62,35.07
2020-11-03,-2.51,-5.42,36.85
2020-11-04,-4.17,-3.19,37.24
2020-11-05,-3.32,-2.86,40.43
2020-11-06,-1.74,-4.94,39.79
2020-11-09,5.19,-5.7,32.81
2020-11-10,11.39,-9.51,26.65
2020-11-11,11.62,-9.16,26.17
2020-11-12,15.89,-12.04,26.76
2020-11-13,15.88,-9.43,25.18
2020-11-16,17.93,-4.46,20.95
2020-11-17,14.39,-2.11,24.76
2020-11-18,15.98,-2.17,25.25
2020-11-19,15.38,-2.31,26.97
2020-11-20,16.47,0.06,24.09
2020-11-23,20.11,1.01,18.04
2020-11-24,31.81,-1.0,9.95
2020-11-25,37.58,-2.91,10.03
2020-11-26,36.46,-2.44,10.75
2020-11-27,36.97,-3.62,10.33
2020-11-30,35.07,-4.2,11.68
2020-12-01,36.85,-2.51,5.93
2020-12-02,37.24,-4.17,10.14
2020-12-03,40.43,-3.32,10.24
2020-12-04,39.79,-1.74,15.27
2020-12-07,32.81,5.19,16.4
2020-12-08,26.65,11.39,16.4
2020-12-09,26.17,11.62,13.82
2020-12-10,26.76,15.89,15.62
2020-12-11,25.18,15.88,16.86
2020-12-14,20.95,17.93,20.79
2020-12-15,24.76,14.39,16.43
2020-12-16,25.25,15.98,14.02
2020-12-17,26.97,15.38,13.21
2020-12-18,24.09,16.47,15.8
2020-12-21,18.04,20.11,17.31
2020-12-22,9.95,31.81,16.4
2020-12-23,10.03,37.58,9.81
2020-12-24,10.75,36.46,8.51
2020-12-29,10.33,36.97,0.94
2020-12-30,11.68,35.07,5.12
2020-12-31,5.93,36.85,5.75
2021-01-04,10.14,37.24,1.83
2021-01-05,10.24,40.43,-2.87
2021-01-06,15.27,39.79,-9.12
2021-01-07,16.4,32.81,-11.18
2021-01-08,16.4,26.65,-6.24
2021-01-11,13.82,26.17,-2.18
2021-01-12,15.62,26.76,-4.7
2021-01-13,16.86,25.18,-2.44
2021-01-14,20.79,20.95,-5.44
2021-01-15,16.43,24.76,-3.96
2021-01-18,14.02,25.25,1.97
2021-01-19,13.21,26.97,5.2
2021-01-20,15.8,24.09,2.82
2021-01-21,17.31,18.04,4.29
2021-01-22,16.4,9.95,10.83
2021-01-25,9.81,10.03,17.25
2021-01-26,8.51,10.75,19.04
2021-01-27,0.94,10.33,27.21
2021-01-28,5.12,11.68,22.64
2021-01-29,5.75,5.93,17.98
2021-02-01,1.83,10.14,18.59
2021-02-02,-2.87,10.24,20.81
2021-02-03,-9.12,15.27,20.39
2021-02-04,-11.18,16.4,15.72
2021-02-05,-6.24,16.4,9.18
2021-02-08,-2.18,13.82,10.39
2021-02-09,-4.7,15.62,8.16
2021-02-10,-2.44,16.86,4.75
2021-02-11,-5.44,20.79,7.33
2021-02-12,-3.96,16.43,7.98
2021-02-15,1.97,14.02,0.99
2021-02-16,5.2,13.21,-0.52
2021-02-17,2.82,15.8,-2.05
2021-02-18,4.29,17.31,-0.29
2021-02-19,10.83,16.4,-6.05
2021-02-22,17.25,9.81,-8.24
2021-02-23,19.04,8.51,-10.39
2021-02-24,27.21,0.94,-8.05
2021-02-25,22.64,5.12,-11.85
2021-02-26,17.98,5.75,-1.48
2021-03-01,18.59,1.83,-3.93
2021-03-02,20.81,-2.87,-4.06
2021-03-03,20.39,-9.12,-5.16
2021-03-04,15.72,-11.18,-0.23
2021-03-05,9.18,-6.24,3.06
2021-03-08,10.39,-2.18,0.33
2021-03-09,8.16,-4.7,3.3
2021-03-10,4.75,-2.44,1.89
2021-03-11,7.33,-5.44,-1.06
2021-03-12,7.98,-3.96,-1.16
2021-03-15,0.99,1.97,6.1
2021-03-16,-0.52,5.2,5.83
2021-03-17,-2.05,2.82,6.98
2021-03-18,-0.29,4.29,5.67
2021-03-19,-6.05,10.83,3.1
2021-03-22,-8.24,17.25,4.81
2021-03-23,-10.39,19.04,7.54
2021-03-24,-8.05,27.21,6.51
2021-03-25,-11.85,22.64,13.89
2021-03-26,-1.48,17.98,5.48
2021-03-29,-3.93,18.59,6.37
2021-03-30,-4.06,20.81,4.88
2021-03-31,-5.16,20.39,3.85
2021-04-01,-0.23,15.72,3.69
2021-04-06,3.06,9.18,6.26
2021-04-07,0.33,10.39,6.55
2021-04-08,3.3,8.16,9.67
2021-04-09,1.89,4.75,14.74
2021-04-12,-1.06,7.33,14.57
2021-04-13,-1.16,7.98,16.1
2021-04-14,6.1,0.99,7.24
2021-04-15,5.83,-0.52,7.06
2021-04-16,6.98,-2.05,7.67
2021-04-19,5.67,-0.29,6.85
2021-04-20,3.1,-6.05,7.93
2021-04-21,4.81,-8.24,6.42
2021-04-22,7.54,-10.39,6.1
2021-04-23,6.51,-8.05,5.21
2021-04-26,13.89,-11.85,-0.29
2021-04-27,5.48,-1.48,1.79
2021-04-28,6.37,-3.93,6.24
2021-04-29,4.88,-4.06,7.15
2021-04-30,3.85,-5.16,12.13
2021-05-04,3.69,-0.23,12.61
2021-05-05,6.26,3.06,4.89
2021-05-06,6.55,0.33,5.59
2021-05-07,9.67,3.3,0.29
2021-05-10,14.74,1.89,-2.26
2021-05-11,14.57,-1.06,-2.82
2021-05-12,16.1,-1.16,-3.96
2021-05-13,7.24,6.1,1.45
2021-05-14,7.06,5.83,0.94
2021-05-17,7.67,6.98,-1.28
2021-05-18,6.85,5.67,-2.32
2021-05-19,7.93,3.1,-2.61
2021-05-20,6.42,4.81,-4.54
2021-05-21,6.1,7.54,-2.93
2021-05-24,5.21,6.51,-1.31
2021-05-25,-0.29,13.89,1.57
2021-05-26,1.79,5.48,2.16
2021-05-27,6.24,6.37,-2.04
2021-05-28,7.15,4.88,-3.7
2021-06-01,12.13,3.85,-5.23
2021-06-02,12.61,3.69,-7.23
2021-06-03,4.89,6.26,-4.48
2021-06-04,5.59,6.55,-4.43
2021-06-07,0.29,9.67,-1.1
2021-06-08,-2.26,14.74,-4.25
2021-06-09,-2.82,14.57,-0.16
2021-06-10,-3.96,16.1,-3.83
2021-06-11,1.45,7.24,-2.95
2021-06-14,0.94,7.06,-3.24
2021-06-15,-1.28,7.67,-2.26
2021-06-16,-2.32,6.85,0.69
2021-06-17,-2.61,7.93,4.73
2021-06-18,-4.54,6.42,3.85
2021-06-21,-2.93,6.1,-1.67
2021-06-22,-1.31,5.21,-1.77
2021-06-23,1.57,-0.29,1.29
2021-06-24,2.16,1.79,-0.79
2021-06-25,-2.04,6.24,0.18
2021-06-28,-3.7,7.15,5.38
2021-06-29,-5.23,12.13,3.15
2021-06-30,-7.23,12.61,5.66
2021-07-01,-4.48,4.89,6.1
2021-07-02,-4.43,5.59,2.67
2021-07-05,-1.1,0.29,2.08
2021-07-06,-4.25,-2.26,6.49
2021-07-07,-0.16,-2.82,3.5
2021-07-08,-3.83,-3.96,5.31
2021-07-09,-2.95,1.45,1.88
2021-07-12,-3.24,0.94,2.68
2021-07-13,-2.26,-1.28,5.32
2021-07-14,0.69,-2.32,6.92
2021-07-15,4.73,-2.61,6.03
2021-07-16,3.85,-4.54,9.01
2021-07-19,-1.67,-2.93,11.31
2021-07-20,-1.77,-1.31,7.41
2021-07-21,1.29,1.57,1.32
2021-07-22,-0.79,2.16,-1.46
2021-07-23,0.18,-2.04,-1.95
2021-07-26,5.38,-3.7,-2.67
2021-07-27,3.15,-5.23,0.65
2021-07-28,5.66,-7.23,0.61
2021-07-29,6.1,-4.48,-1.32
2021-07-30,2.67,-4.43,2.78
2021-08-02,2.08,-1.1,0.18
2021-08-03,6.49,-4.25,-0.24
2021-08-04,3.5,-0.16,0.84
2021-08-05,5.31,-3.83,3.71
2021-08-06,1.88,-2.95,4.86
2021-08-09,2.68,-3.24,4.62
2021-08-10,5.32,-2.26,2.03
2021-08-11,6.92,0.69,-1.83
2021-08-12,6.03,4.73,-0.11
2021-08-13,9.01,3.85,1.81
2021-08-16,11.31,-1.67,2.79
2021-08-17,7.41,-1.77,5.82
2021-08-18,1.32,1.29,5.56
2021-08-19,-1.46,-0.79,7.49
2021-08-20,-1.95,0.18,2.59
2021-08-23,-2.67,5.38,-0.86
2021-08-24,0.65,3.15,0.43
2021-08-25,0.61,5.66,1.0
2021-08-26,-1.32,6.1,2.56
2021-08-27,2.78,2.67,2.1
2021-08-31,0.18,2.08,6.08
2021-09-01,-0.24,6.49,6.56
2021-09-02,0.84,3.5,6.9
2021-09-03,3.71,5.31,5.3
2021-09-06,4.86,1.88,4.97
2021-09-07,4.62,2.68,8.89
2021-09-08,2.03,5.32,7.78
2021-09-09,-1.83,6.92,7.9
2021-09-10,-0.11,6.03,5.75
2021-09-13,1.81,9.01,7.97
2021-09-14,2.79,11.31,10.45
2021-09-15,5.82,7.41,9.36
2021-09-16,5.56,1.32,15.56
2021-09-17,7.49,-1.46,19.36
2021-09-20,2.59,-1.95,24.66
2021-09-21,-0.86,-2.67,22.02
2021-09-22,0.43,0.65,16.58
2021-09-23,1.0,0.61,11.92
2021-09-24,2.56,-1.32,11.04
2021-09-27,2.1,2.78,10.5
2021-09-28,6.08,0.18,7.45
2021-09-29,6.56,-0.24,3.54
2021-09-30,6.9,0.84,2.14
2021-10-01,5.3,3.71,4.15
2021-10-04,4.97,4.86,3.07
2021-10-05,8.89,4.62,-3.63
2021-10-06,7.78,2.03,-1.31
2021-10-07,7.9,-1.83,-1.23
2021-10-08,5.75,-0.11,-0.54
2021-10-11,7.97,1.81,-1.79
2021-10-12,10.45,2.79,-4.19
2021-10-13,9.36,5.82,-4.54
2021-10-14,15.56,5.56,-3.85
2021-10-15,19.36,7.49,-5.8
2021-10-18,24.66,2.59,-7.72
2021-10-19,22.02,-0.86,-4.47
2021-10-20,16.58,0.43,-1.59
2021-10-21,11.92,1.0,0.07
2021-10-22,11.04,2.56,0.67
2021-10-25,10.5,2.1,0.16
2021-10-26,7.45,6.08,1.55
2021-10-27,3.54,6.56,4.28
2021-10-28,2.14,6.9,3.65
2021-10-29,4.15,5.3,-3.63
2021-11-01,3.07,4.97,-2.39
2021-11-02,-3.63,8.89,0.8
2021-11-03,-1.31,7.78,4.02
2021-11-04,-1.23,7.9,0.18
2021-11-05,-0.54,5.75,-0.42
2021-11-08,-1.79,7.97,-0.9
2021-11-09,-4.19,10.45,3.63
2021-11-10,-4.54,9.36,4.21
2021-11-11,-3.85,15.56,-0.3
2021-11-12,-5.8,19.36,0.0
2021-11-15,-7.72,24.66,0.19
2021-11-16,-4.47,22.02,0.91
2021-11-17,-1.59,16.58,-3.64
2021-11-18,0.07,11.92,-0.41
2021-11-19,0.67,11.04,-0.3
2021-11-22,0.16,10.5,-3.13
2021-11-23,1.55,7.45,-2.28
2021-11-24,4.28,3.54,-0.57
2021-11-25,3.65,2.14,0.94
2021-11-26,-3.63,4.15,5.97
2021-11-29,-2.39,3.07,6.44
2021-11-30,0.8,-3.63,5.75
2021-12-01,4.02,-1.31,1.39
2021-12-02,0.18,-1.23,9.3
2021-12-03,-0.42,-0.54,11.68
2021-12-06,-0.9,-1.79,8.72
2021-12-07,3.63,-4.19,7.33
2021-12-08,4.21,-4.54,5.03
2021-12-09,-0.3,-3.85,5.13
2021-12-10,0.0,-5.8,9.06
2021-12-13,0.19,-7.72,11.92
2021-12-14,0.91,-4.47,9.89
2021-12-15,-3.64,-1.59,14.76
2021-12-16,-0.41,0.07,12.66
2021-12-17,-0.3,0.67,13.78
2021-12-20,-3.13,0.16,14.31
2021-12-21,-2.28,1.55,11.7
2021-12-22,-0.57,4.28,3.99
2021-12-23,0.94,3.65,3.44
2021-12-24,5.97,-3.63,7.0
2021-12-29,6.44,-2.39,6.06
2021-12-30,5.75,0.8,4.13
2021-12-31,1.39,4.02,2.15
2022-01-04,9.3,0.18,2.13
2022-01-05,11.68,-0.42,1.6
2022-01-06,8.72,-0.9,3.08
2022-01-07,7.33,3.63,1.74
2022-01-10,5.03,4.21,4.85
2022-01-11,5.13,-0.3,6.72
2022-01-12,9.06,0.0,4.67
2022-01-13,11.92,0.19,3.68
2022-01-14,9.89,0.91,3.58
2022-01-17,14.76,-3.64,2.62
2022-01-18,12.66,-0.41,3.19
2022-01-19,13.78,-0.3,1.48
2022-01-20,14.31,-3.13,1.99
2022-01-21,11.7,-2.28,2.91
2022-01-24,3.99,-0.57,7.62
2022-01-25,3.44,0.94,8.55
2022-01-26,7.0,5.97,7.08
2022-01-27,6.06,6.44,4.72
2022-01-28,4.13,5.75,11.67
2022-01-31,2.15,1.39,15.44
2022-02-01,2.13,9.3,12.39
2022-02-02,1.6,11.68,13.35
2022-02-03,3.08,8.72,19.03
2022-02-04,1.74,7.33,14.52
2022-02-07,4.85,5.03,16.44
2022-02-08,6.72,5.13,15.06
2022-02-09,4.67,9.06,11.93
2022-02-10,3.68,11.92,18.28
2022-02-11,3.58,9.89,22.39
2022-02-14,2.62,14.76,14.08
2022-02-15,3.19,12.66,7.8
2022-02-16,1.48,13.78,11.25
2022-02-17,1.99,14.31,12.93
2022-02-18,2.91,11.7,13.57
2022-02-21,7.62,3.99,19.07
2022-02-22,8.55,3.44,18.95
2022-02-23,7.08,7.0,19.62
2022-02-24,4.72,6.06,18.48
2022-02-25,11.67,4.13,15.22
2022-02-28,15.44,2.15,12.99
2022-03-01,12.39,2.13,8.02
2022-03-02,13.35,1.6,10.63
2022-03-03,19.03,3.08,4.93
2022-03-04,14.52,1.74,10.19
2022-03-07,16.44,4.85,6.35
2022-03-08,15.06,6.72,8.53
2022-03-09,11.93,4.67,10.32
2022-03-10,18.28,3.68,3.35
2022-03-11,22.39,3.58,3.26
2022-03-14,14.08,2.62,8.07
2022-03-15,7.8,3.19,14.01
2022-03-16,11.25,1.48,12.04
2022-03-17,12.93,1.99,10.88
2022-03-18,13.57,2.91,11.76
2022-03-21,19.07,7.62,2.8
2022-03-22,18.95,8.55,-3.89
2022-03-23,19.62,7.08,-8.18
2022-03-24,18.48,4.72,-11.47
2022-03-25,15.22,11.67,-9.46
2022-03-28,12.99,15.44,-5.37
2022-03-29,8.02,12.39,-0.87
2022-03-30,10.63,13.35,-2.1
2022-03-31,4.93,19.03,-4.69
2022-04-01,10.19,14.52,-6.35
2022-04-04,6.35,16.44,-5.51
2022-04-05,8.53,15.06,-7.0
2022-04-06,10.32,11.93,-12.85
2022-04-07,3.35,18.28,-12.77
2022-04-08,3.26,22.39,-11.14
2022-04-11,8.07,14.08,-13.82
2022-04-12,14.01,7.8,-13.35
2022-04-13,12.04,11.25,-11.31
2022-04-14,10.88,12.93,-6.78
2022-04-19,11.76,13.57,-8.32
2022-04-20,2.8,19.07,-4.04
2022-04-21,-3.89,18.95,1.56
2022-04-22,-8.18,19.62,7.73
2022-04-25,-11.47,18.48,15.59
2022-04-26,-9.46,15.22,12.05
2022-04-27,-5.37,12.99,8.25
2022-04-28,-0.87,8.02,8.85
2022-04-29,-2.1,10.63,5.87
2022-05-03,-4.69,4.93,7.98
2022-05-04,-6.35,10.19,8.58
2022-05-05,-5.51,6.35,11.86
2022-05-06,-7.0,8.53,10.66
2022-05-09,-12.85,10.32,17.33
2022-05-10,-12.77,3.35,17.06
2022-05-11,-11.14,3.26,6.2
2022-05-12,-13.82,8.07,5.78
2022-05-13,-13.35,14.01,4.76
2022-05-16,-11.31,12.04,3.27
2022-05-17,-6.78,10.88,-6.88
2022-05-18,-8.32,11.76,-7.43
2022-05-19,-4.04,2.8,-5.06
2022-05-20,1.56,-3.89,-2.97
2022-05-23,7.73,-8.18,-12.41
2022-05-24,15.59,-11.47,-14.75
2022-05-25,12.05,-9.46,-14.31
2022-05-26,8.25,-5.37,-12.8
2022-05-27,8.85,-0.87,-12.53
2022-05-30,5.87,-2.1,-12.58
2022-05-31,7.98,-4.69,-14.75
2022-06-01,8.58,-6.35,-18.59
2022-06-06,11.86,-5.51,-19.71
2022-06-07,10.66,-7.0,-25.87
2022-06-08,17.33,-12.85,-24.08
2022-06-09,17.06,-12.77,-18.75
2022-06-10,6.2,-11.14,-14.67
2022-06-13,5.78,-13.82,-11.45
2022-06-14,4.76,-13.35,-12.67
2022-06-15,3.27,-11.31,-15.05
2022-06-16,-6.88,-6.78,-13.51
2022-06-17,-7.43,-8.32,-11.78
2022-06-20,-5.06,-4.04,-11.2
2022-06-21,-2.97,1.56,-13.09
2022-06-22,-12.41,7.73,-5.18
2022-06-23,-14.75,15.59,-5.19
2022-06-24,-14.31,12.05,-5.39
2022-06-27,-12.8,8.25,-4.41
2022-06-28,-12.53,8.85,-4.66
2022-06-29,-12.58,5.87,-2.88
2022-06-30,-14.75,7.98,0.95
2022-07-01,-18.59,8.58,8.33
2022-07-04,-19.71,11.86,5.97
2022-07-05,-25.87,10.66,12.1
2022-07-06,-24.08,17.33,9.21
2022-07-07,-18.75,17.06,6.12
2022-07-08,-14.67,6.2,8.22
2022-07-11,-11.45,5.78,9.19
2022-07-12,-12.67,4.76,10.01
2022-07-13,-15.05,3.27,12.31
2022-07-14,-13.51,-6.88,18.26
2022-07-15,-11.78,-7.43,16.11
2022-07-18,-11.2,-5.06,10.65
2022-07-19,-13.09,-2.97,15.13
2022-07-20,-5.18,-12.41,14.23
2022-07-21,-5.19,-14.75,18.69
2022-07-22,-5.39,-14.31,15.38
2022-07-25,-4.41,-12.8,13.72
2022-07-26,-4.66,-12.53,15.32
2022-07-27,-2.88,-12.58,11.34
2022-07-28,0.95,-14.75,12.39
2022-07-29,8.33,-18.59,8.02
2022-08-01,5.97,-19.71,5.05
2022-08-02,12.1,-25.87,5.55
2022-08-03,9.21,-24.08,1.11
2022-08-04,6.12,-18.75,0.6
2022-08-05,8.22,-14.67,3.07
2022-08-08,9.19,-11.45,6.75
2022-08-09,10.01,-12.67,2.91
2022-08-10,12.31,-15.05,2.3
2022-08-11,18.26,-13.51,5.01
2022-08-12,16.11,-11.78,7.86
2022-08-15,10.65,-11.2,9.33
2022-08-16,15.13,-13.09,4.35
2022-08-17,14.23,-5.18,5.25
2022-08-18,18.69,-5.19,0.21
2022-08-19,15.38,-5.39,0.73
2022-08-22,13.72,-4.41,0.75
2022-08-23,15.32,-4.66,-1.19
2022-08-24,11.34,-2.88,-5.37
2022-08-25,12.39,0.95,-7.77
2022-08-26,8.02,8.33,-3.59
2022-08-30,5.05,5.97,1.36
2022-08-31,5.55,12.1,4.94
2022-09-01,1.11,9.21,8.18
2022-09-02,0.6,6.12,7.35
2022-09-05,3.07,8.22,6.21
2022-09-06,6.75,9.19,2.76
2022-09-07,2.91,10.01,5.52
2022-09-08,2.3,12.31,4.82
2022-09-09,5.01,18.26,1.02
2022-09-12,7.86,16.11,-3.03
2022-09-13,9.33,10.65,-2.33
2022-09-14,4.35,15.13,-1.12
2022-09-15,5.25,14.23,-3.51
2022-09-16,0.21,18.69,-0.41
2022-09-20,0.73,15.38,0.45
2022-09-21,0.75,13.72,-2.67
2022-09-22,-1.19,15.32,-1.08
2022-09-23,-5.37,11.34,8.79
2022-09-26,-7.77,12.39,9.96
2022-09-27,-3.59,8.02,6.64
2022-09-28,1.36,5.05,7.31
2022-09-29,4.94,5.55,2.93
2022-09-30,8.18,1.11,3.89
2022-10-03,7.35,0.6,2.66
2022-10-04,6.21,3.07,4.59
2022-10-05,2.76,6.75,2.76
2022-10-06,5.52,2.91,5.04
2022-10-07,4.82,2.3,7.72
2022-10-10,1.02,5.01,7.82
2022-10-11,-3.03,7.86,8.36
2022-10-12,-2.33,9.33,5.0
2022-10-13,-1.12,4.35,2.64
2022-10-14,-3.51,5.25,3.64
2022-10-17,-0.41,0.21,5.07
2022-10-18,0.45,0.73,7.54
2022-10-19,-2.67,0.75,9.37
2022-10-20,-1.08,-1.19,5.61
2022-10-21,8.79,-5.37,0.74
2022-10-24,9.96,-7.77,-1.0
2022-10-25,6.64,-3.59,2.43
2022-10-26,7.31,1.36,2.79
2022-10-27,2.93,4.94,6.99
2022-10-28,3.89,8.18,7.46
2022-10-31,2.66,7.35,7.77
2022-11-01,4.59,6.21,5.15
2022-11-02,2.76,2.76,9.61
2022-11-03,5.04,5.52,7.26
2022-11-04,7.72,4.82,4.94
2022-11-07,7.82,1.02,5.56
2022-11-08,8.36,-3.03,5.98
2022-11-09,5.0,-2.33,5.86
2022-11-10,2.64,-1.12,9.46
2022-11-11,3.64,-3.51,8.07
2022-11-14,5.07,-0.41,4.96
2022-11-15,7.54,0.45,5.01
2022-11-16,9.37,-2.67,4.58
2022-11-17,5.61,-1.08,4.05
2022-11-18,0.74,8.79,5.0
2022-11-21,-1.0,9.96,8.04
2022-11-22,2.43,6.64,6.43
2022-11-23,2.79,7.31,5.75
2022-11-24,6.99,2.93,3.92
2022-11-25,7.46,3.89,4.53
2022-11-28,7.77,2.66,3.98
2022-11-29,5.15,4.59,1.36
2022-11-30,9.61,2.76,-1.97
2022-12-01,7.26,5.04,-2.21
2022-12-02,4.94,7.72,-9.26
2022-12-05,5.56,7.82,-8.48
2022-12-06,5.98,8.36,-5.43
2022-12-07,5.86,5.0,0.43
2022-12-08,9.46,2.64,-2.64
2022-12-09,8.07,3.64,-1.31
2022-12-12,4.96,5.07,1.17
2022-12-13,5.01,7.54,2.37
2022-12-14,4.58,9.37,2.13
2022-12-15,4.05,5.61,3.81
2022-12-16,5.0,0.74,8.57
2022-12-19,8.04,-1.0,5.09
2022-12-20,6.43,2.43,5.09
2022-12-21,5.75,2.79,3.08
2022-12-22,3.92,6.99,1.54
2022-12-23,4.53,7.46,0.09
2022-12-28,3.98,7.77,-1.82
2022-12-29,1.36,5.15,-1.81
2022-12-30,-1.97,9.61,-0.58
2023-01-03,-2.21,7.26,-0.59
2023-01-04,-9.26,4.94,7.09
2023-01-05,-8.48,5.56,6.15
2023-01-06,-5.43,5.98,5.44
2023-01-09,0.43,5.86,0.61
2023-01-10,-2.64,9.46,3.13
2023-01-11,-1.31,8.07,2.15
2023-01-12,1.17,4.96,-3.15
2023-01-13,2.37,5.01,-8.26
2023-01-16,2.13,4.58,-6.64
2023-01-17,3.81,4.05,-6.69
2023-01-18,8.57,5.0,-11.93
2023-01-19,5.09,8.04,-10.05
2023-01-20,5.09,6.43,-11.49
2023-01-23,3.08,5.75,-10.1
2023-01-24,1.54,3.92,-11.02
2023-01-25,0.09,4.53,-11.53
2023-01-26,-1.82,3.98,-10.05
2023-01-27,-1.81,1.36,-10.92
2023-01-30,-0.58,-1.97,-9.98
2023-01-31,-0.59,-2.21,-8.47
2023-02-01,7.09,-9.26,-5.46
2023-02-02,6.15,-8.48,-6.34
2023-02-03,5.44,-5.43,-5.68
2023-02-06,0.61,0.43,-7.95
2023-02-07,3.13,-2.64,-12.94
2023-02-08,2.15,-1.31,-10.98
2023-02-09,-3.15,1.17,-10.1
2023-02-10,-8.26,2.37,-7.67
2023-02-13,-6.64,2.13,-11.07
2023-02-14,-6.69,3.81,-10.56
2023-02-15,-11.93,8.57,-18.87
2023-02-16,-10.05,5.09,-16.6
2023-02-17,-11.49,5.09,-15.12
2023-02-20,-10.1,3.08,-13.54
2023-02-21,-11.02,1.54,-10.88
2023-02-22,-11.53,0.09,-8.89
2023-02-23,-10.05,-1.82,-8.64
2023-02-24,-10.92,-1.81,-9.35
2023-02-27,-9.98,-0.58,-9.06
2023-02-28,-8.47,-0.59,-7.36
2023-03-01,-5.46,7.09,-9.23
2023-03-02,-6.34,6.15,-8.69
2023-03-03,-5.68,5.44,-11.17
2023-03-06,-7.95,0.61,-9.95
2023-03-07,-12.94,3.13,-4.06
2023-03-08,-10.98,2.15,-6.18
2023-03-09,-10.1,-3.15,-3.39
2023-03-10,-7.67,-8.26,-0.16
2023-03-13,-11.07,-6.64,5.43
2023-03-14,-10.56,-6.69,5.68
2023-03-15,-18.87,-11.93,19.35
2023-03-16,-16.6,-10.05,15.55
2023-03-17,-15.12,-11.49,15.1
2023-03-20,-13.54,-10.1,10.01
2023-03-21,-10.88,-11.02,11.89
2023-03-22,-8.89,-11.53,9.05
2023-03-23,-8.64,-10.05,7.69
2023-03-24,-9.35,-10.92,5.94
2023-03-27,-9.06,-9.98,7.07
2023-03-28,-7.36,-8.47,3.12
2023-03-29,-9.23,-5.46,0.74
2023-03-30,-8.69,-6.34,-1.31
2023-03-31,-11.17,-5.68,-0.5
2023-04-03,-9.95,-7.95,-4.09
2023-04-04,-4.06,-12.94,-3.47
2023-04-05,-6.18,-10.98,-2.31
2023-04-06,-3.39,-10.1,-2.67
2023-04-11,-0.16,-7.67,-9.45
2023-04-12,5.43,-11.07,-10.61
2023-04-13,5.68,-10.56,-10.35
2023-04-14,19.35,-18.87,-12.12
2023-04-17,15.55,-16.6,-10.76
2023-04-18,15.1,-15.12,-12.59
2023-04-19,10.01,-13.54,-12.02
2023-04-20,11.89,-10.88,-13.41
2023-04-21,9.05,-8.89,-12.85
2023-04-24,7.69,-8.64,-13.81
2023-04-25,5.94,-9.35,-11.22
2023-04-26,7.07,-9.06,-12.21
2023-04-27,3.12,-7.36,-11.92
2023-04-28,0.74,-9.23,-12.27
2023-05-02,-1.31,-8.69,-9.47
2023-05-03,-0.5,-11.17,-6.14
2023-05-04,-4.09,-9.95,-0.9
2023-05-05,-3.47,-4.06,-2.89
2023-05-09,-2.31,-6.18,-2.05
2023-05-10,-2.67,-3.39,-1.96
2023-05-11,-9.45,-0.16,1.73
2023-05-12,-10.61,5.43,1.08
2023-05-15,-10.35,5.68,5.22
2023-05-16,-12.12,19.35,8.85
2023-05-17,-10.76,15.55,8.85
2023-05-18,-12.59,15.1,7.28
2023-05-19,-12.02,10.01,5.54
2023-05-22,-13.41,11.89,3.73
2023-05-23,-12.85,9.05,5.66
2023-05-24,-13.81,7.69,6.39
2023-05-25,-11.22,5.94,3.9
2023-05-26,-12.21,7.07,3.5
2023-05-30,-11.92,3.12,5.64
2023-05-31,-12.27,0.74,5.48
2023-06-01,-9.47,-1.31,5.16
2023-06-02,-6.14,-0.5,2.44
2023-06-05,-0.9,-4.09,6.71
2023-06-06,-2.89,-3.47,6.64
2023-06-07,-2.05,-2.31,4.78
2023-06-08,-1.96,-2.67,-0.85
2023-06-09,1.73,-9.45,0.31
2023-06-12,1.08,-10.61,-0.88
2023-06-13,5.22,-10.35,-4.99
2023-06-14,8.85,-12.12,-2.55
2023-06-15,8.85,-10.76,-1.13
2023-06-16,7.28,-12.59,-0.04
2023-06-19,5.54,-12.02,-1.16
2023-06-20,3.73,-13.41,0.71
2023-06-21,5.66,-12.85,0.32
2023-06-22,6.39,-13.81,5.94
2023-06-23,3.9,-11.22,9.22
2023-06-26,3.5,-12.21,9.43
2023-06-27,5.64,-11.92,9.48
2023-06-28,5.48,-12.27,8.17
2023-06-29,5.16,-9.47,7.01
2023-06-30,2.44,-6.14,4.95
2023-07-03,6.71,-0.9,3.18
2023-07-04,6.64,-2.89,2.4
2023-07-05,4.78,-2.05,0.88
2023-07-06,-0.85,-1.96,6.8
2023-07-07,0.31,1.73,6.15
2023-07-10,-0.88,1.08,5.45
2023-07-11,-4.99,5.22,1.73
2023-07-12,-2.55,8.85,-0.71
2023-07-13,-1.13,8.85,-3.15
2023-07-14,-0.04,7.28,-4.73
2023-07-17,-1.16,5.54,-4.38
2023-07-18,0.71,3.73,-7.7
2023-07-19,0.32,5.66,-7.49
2023-07-20,5.94,6.39,-10.36
2023-07-21,9.22,3.9,-11.96
2023-07-24,9.43,3.5,-12.25
2023-07-25,9.48,5.64,-10.84
2023-07-26,8.17,5.48,-7.73
2023-07-27,7.01,5.16,-8.71
2023-07-28,4.95,2.44,-8.65
2023-07-31,3.18,6.71,-7.44
2023-08-01,2.4,6.64,-6.86
2023-08-02,0.88,4.78,-7.45
2023-08-03,6.8,-0.85,-6.24
2023-08-04,6.15,0.31,-4.5
2023-08-07,5.45,-0.88,-3.99
2023-08-08,1.73,-4.99,-2.0
2023-08-09,-0.71,-2.55,-5.59
2023-08-10,-3.15,-1.13,-4.98
2023-08-11,-4.73,-0.04,-0.68
2023-08-14,-4.38,-1.16,1.65
2023-08-15,-7.7,0.71,4.57
2023-08-16,-7.49,0.32,9.01
2023-08-17,-10.36,5.94,9.32
2023-08-18,-11.96,9.22,12.09
2023-08-21,-12.25,9.43,12.0
2023-08-22,-10.84,9.48,9.5
2023-08-23,-7.73,8.17,5.88
2023-08-24,-8.71,7.01,7.79
2023-08-25,-8.65,4.95,7.85
2023-08-29,-7.44,3.18,4.57
2023-08-30,-6.86,2.4,4.9
2023-08-31,-7.45,0.88,9.38
2023-09-01,-6.24,6.8,10.01
2023-09-04,-4.5,6.15,6.4
2023-09-05,-3.99,5.45,4.87
2023-09-06,-2.0,1.73,3.23
2023-09-07,-5.59,-0.71,3.86
2023-09-08,-4.98,-3.15,4.46
2023-09-11,-0.68,-4.73,3.54
2023-09-12,1.65,-4.38,7.27
2023-09-13,4.57,-7.7,6.81
2023-09-14,9.01,-7.49,2.54
2023-09-15,9.32,-10.36,-0.02
2023-09-18,12.09,-11.96,0.67
2023-09-19,12.0,-12.25,-0.17
2023-09-20,9.5,-10.84,-1.64
2023-09-21,5.88,-7.73,-0.42
2023-09-22,7.79,-8.71,-4.32
2023-09-25,7.85,-8.65,-5.35
2023-09-26,4.57,-7.44,-3.81
2023-09-27,4.9,-6.86,-3.03
2023-09-28,9.38,-7.45,-4.45
2023-09-29,10.01,-6.24,-5.25
2023-10-02,6.4,-4.5,-2.78
2023-10-03,4.87,-3.99,-3.99
2023-10-04,3.23,-2.0,-2.63
2023-10-05,3.86,-5.59,0.09
2023-10-06,4.46,-4.98,-1.21
2023-10-09,3.54,-0.68,-1.94
2023-10-10,7.27,1.65,-7.43
2023-10-11,6.81,4.57,-7.52
2023-10-12,2.54,9.01,-7.03
2023-10-13,-0.02,9.32,-6.4
2023-10-16,0.67,12.09,-6.98
2023-10-17,-0.17,12.0,-2.78
2023-10-18,-1.64,9.5,1.84
2023-10-19,-0.42,5.88,1.67
2023-10-20,-4.32,7.79,7.41
2023-10-23,-5.35,7.85,8.57
2023-10-24,-3.81,4.57,5.17
2023-10-25,-3.03,4.9,2.08
2023-10-26,-4.45,9.38,2.11
2023-10-27,-5.25,10.01,0.65
2023-10-30,-2.78,6.4,-1.22
2023-10-31,-3.99,4.87,2.73
2023-11-01,-2.63,3.23,2.85
2023-11-02,0.09,3.86,0.35
2023-11-03,-1.21,4.46,4.12
2023-11-06,-1.94,3.54,0.37
2023-11-07,-7.43,7.27,1.58
2023-11-08,-7.52,6.81,4.66
2023-11-09,-7.03,2.54,5.55
2023-11-10,-6.4,-0.02,7.09
2023-11-13,-6.98,0.67,2.06
2023-11-14,-2.78,-0.17,-3.04
2023-11-15,1.84,-1.64,-6.68
2023-11-16,1.67,-0.42,-0.85
2023-11-17,7.41,-4.32,-1.45
2023-11-20,8.57,-5.35,-0.61
2023-11-21,5.17,-3.81,2.36
2023-11-22,2.08,-3.03,4.5
2023-11-23,2.11,-4.45,4.54
2023-11-24,0.65,-5.25,4.06
2023-11-27,-1.22,-2.78,5.89
2023-11-28,2.73,-3.99,5.14
2023-11-29,2.85,-2.63,6.34
