Date,% LLoyds Change,Previous % LLoyds Change,Next % LLoyds Change
2017-02-28,5.77,0.47,-2.74
2017-03-01,5.22,1.0,-3.34
2017-03-02,6.2,0.36,-3.28
2017-03-03,3.9,-0.08,-3.08
2017-03-06,2.18,1.3,-2.18
2017-03-07,2.06,-0.67,-2.94
2017-03-08,4.16,-1.14,-4.13
2017-03-09,3.64,0.17,-6.53
2017-03-10,4.76,-0.61,-7.65
2017-03-13,4.09,1.79,-7.31
2017-03-14,2.05,1.59,-6.49
2017-03-15,1.14,3.49,-7.64
2017-03-16,3.46,3.88,-9.18
2017-03-17,3.71,2.76,-9.61
2017-03-20,2.89,4.58,-7.43
2017-03-21,2.96,4.0,-6.1
2017-03-22,-2.98,6.35,-4.08
2017-03-23,-1.61,5.12,-2.46
2017-03-24,-1.77,5.17,-0.86
2017-03-27,-3.25,6.61,1.46
2017-03-28,-2.74,5.77,4.06
2017-03-29,-3.34,5.22,4.8
2017-03-30,-3.28,6.2,4.63
2017-03-31,-3.08,3.9,4.94
2017-04-03,-2.18,2.18,6.82
2017-04-04,-2.94,2.06,7.68
2017-04-05,-4.13,4.16,6.86
2017-04-06,-6.53,3.64,8.54
2017-04-07,-7.65,4.76,10.89
2017-04-10,-7.31,4.09,10.48
2017-04-11,-6.49,2.05,9.12
2017-04-12,-7.64,1.14,10.95
2017-04-13,-9.18,3.46,11.86
2017-04-18,-9.61,3.71,14.98
2017-04-19,-7.43,2.89,11.97
2017-04-20,-6.1,2.96,12.05
2017-04-21,-4.08,-2.98,11.53
2017-04-24,-2.46,-1.61,8.94
2017-04-25,-0.86,-1.77,8.39
2017-04-26,1.46,-3.25,8.44
2017-04-27,4.06,-2.74,4.02
2017-04-28,4.8,-3.34,2.77
2017-05-02,4.63,-3.28,2.01
2017-05-03,4.94,-3.08,1.59
2017-05-04,6.82,-2.18,-0.93
2017-05-05,7.68,-2.94,-0.87
2017-05-08,6.86,-4.13,-0.73
2017-05-09,8.54,-6.53,1.54
2017-05-10,10.89,-7.65,1.2
2017-05-11,10.48,-7.31,0.5
2017-05-12,9.12,-6.49,0.58
2017-05-15,10.95,-7.64,-1.15
2017-05-16,11.86,-9.18,-3.21
2017-05-17,14.98,-9.61,-4.94
2017-05-18,11.97,-7.43,-3.84
2017-05-19,12.05,-6.1,-4.29
2017-05-22,11.53,-4.08,-6.66
2017-05-23,8.94,-2.46,-6.92
2017-05-24,8.39,-0.86,-7.68
2017-05-25,8.44,1.46,-8.78
2017-05-26,4.02,4.06,-7.3
2017-05-30,2.77,4.8,-6.19
2017-05-31,2.01,4.63,-5.65
2017-06-01,1.59,4.94,-4.29
2017-06-02,-0.93,6.82,-4.61
2017-06-05,-0.87,7.68,-3.86
2017-06-06,-0.73,6.86,-3.8
2017-06-07,1.54,8.54,-6.26
2017-06-08,1.2,10.89,-5.71
2017-06-09,0.5,10.48,-4.97
2017-06-12,0.58,9.12,-3.68
2017-06-13,-1.15,10.95,-4.43
2017-06-14,-3.21,11.86,-2.74
2017-06-15,-4.94,14.98,-0.87
2017-06-16,-3.84,11.97,-2.33
2017-06-19,-4.29,12.05,-2.29
2017-06-20,-6.66,11.53,-0.16
2017-06-21,-6.92,8.94,1.35
2017-06-22,-7.68,8.39,2.52
2017-06-23,-8.78,8.44,2.14
2017-06-26,-7.3,4.02,2.09
2017-06-27,-6.19,2.77,3.42
2017-06-28,-5.65,2.01,3.72
2017-06-29,-4.29,1.59,0.52
2017-06-30,-4.61,-0.93,0.53
2017-07-03,-3.86,-0.87,-1.69
2017-07-04,-3.8,-0.73,-1.13
2017-07-05,-6.26,1.54,-0.2
2017-07-06,-5.71,1.2,-0.25
2017-07-07,-4.97,0.5,0.42
2017-07-10,-3.68,0.58,-0.09
2017-07-11,-4.43,-1.15,2.61
2017-07-12,-2.74,-3.21,1.32
2017-07-13,-0.87,-4.94,-3.81
2017-07-14,-2.33,-3.84,-3.44
2017-07-17,-2.29,-4.29,-3.38
2017-07-18,-0.16,-6.66,-1.96
2017-07-19,1.35,-6.92,-4.01
2017-07-20,2.52,-7.68,-6.25
2017-07-21,2.14,-8.78,-6.17
2017-07-24,2.09,-7.3,-4.89
2017-07-25,3.42,-6.19,-5.74
2017-07-26,3.72,-5.65,-5.33
2017-07-27,0.52,-4.29,-4.1
2017-07-28,0.53,-4.61,-2.39
2017-07-31,-1.69,-3.86,-2.64
2017-08-01,-1.13,-3.8,-3.0
2017-08-02,-0.2,-6.26,-2.65
2017-08-03,-0.25,-5.71,-4.24
2017-08-04,0.42,-4.97,-5.1
2017-08-07,-0.09,-3.68,-5.11
2017-08-08,2.61,-4.43,-6.26
2017-08-09,1.32,-2.74,-5.72
2017-08-10,-3.81,-0.87,-1.64
2017-08-11,-3.44,-2.33,-1.56
2017-08-14,-3.38,-2.29,-0.03
2017-08-15,-1.96,-0.16,-0.93
2017-08-16,-4.01,1.35,1.61
2017-08-17,-6.25,2.52,1.43
2017-08-18,-6.17,2.14,2.17
2017-08-21,-4.89,2.09,2.21
2017-08-22,-5.74,3.42,1.03
2017-08-23,-5.33,3.72,3.13
2017-08-24,-4.1,0.52,3.37
2017-08-25,-2.39,0.53,1.48
2017-08-29,-2.64,-1.69,1.79
2017-08-30,-3.0,-1.13,5.66
2017-08-31,-2.65,-0.2,5.33
2017-09-01,-4.24,-0.25,6.34
2017-09-04,-5.1,0.42,6.47
2017-09-05,-5.11,-0.09,7.13
2017-09-06,-6.26,2.61,7.22
2017-09-07,-5.72,1.32,6.69
2017-09-08,-1.64,-3.81,4.44
2017-09-11,-1.56,-3.44,4.59
2017-09-12,-0.03,-3.38,3.49
2017-09-13,-0.93,-1.96,2.34
2017-09-14,1.61,-4.01,-0.15
2017-09-15,1.43,-6.25,0.89
2017-09-18,2.17,-6.17,0.44
2017-09-19,2.21,-4.89,0.5
2017-09-20,1.03,-5.74,1.7
2017-09-21,3.13,-5.33,-0.68
2017-09-22,3.37,-4.1,0.13
2017-09-25,1.48,-2.39,1.72
2017-09-26,1.79,-2.64,3.71
2017-09-27,5.66,-3.0,1.1
2017-09-28,5.33,-2.65,2.54
2017-09-29,6.34,-4.24,1.74
2017-10-02,6.47,-5.1,0.84
2017-10-03,7.13,-5.11,1.02
2017-10-04,7.22,-6.26,1.52
2017-10-05,6.69,-5.72,0.95
2017-10-06,4.44,-1.64,1.19
2017-10-09,4.59,-1.56,1.88
2017-10-10,3.49,-0.03,0.3
2017-10-11,2.34,-0.93,0.48
2017-10-12,-0.15,1.61,0.57
2017-10-13,0.89,1.43,0.88
2017-10-16,0.44,2.17,1.28
2017-10-17,0.5,2.21,0.48
2017-10-18,1.7,1.03,-0.87
2017-10-19,-0.68,3.13,-1.39
2017-10-20,0.13,3.37,-1.51
2017-10-23,1.72,1.48,-1.31
2017-10-24,3.71,1.79,-2.49
2017-10-25,1.1,5.66,-3.0
2017-10-26,2.54,5.33,-4.66
2017-10-27,1.74,6.34,-4.09
2017-10-30,0.84,6.47,-3.79
2017-10-31,1.02,7.13,-5.07
2017-11-01,1.52,7.22,-2.23
2017-11-02,0.95,6.69,-2.86
2017-11-03,1.19,4.44,-3.92
2017-11-06,1.88,4.59,-3.57
2017-11-07,0.3,3.49,-3.19
2017-11-08,0.48,2.34,-3.01
2017-11-09,0.57,-0.15,-3.25
2017-11-10,0.88,0.89,0.48
2017-11-13,1.28,0.44,0.32
2017-11-14,0.48,0.5,1.13
2017-11-15,-0.87,1.7,1.68
2017-11-16,-1.39,-0.68,0.38
2017-11-17,-1.51,0.13,0.64
2017-11-20,-1.31,1.72,0.95
2017-11-21,-2.49,3.71,2.18
2017-11-22,-3.0,1.1,1.02
2017-11-23,-4.66,2.54,2.42
2017-11-24,-4.09,1.74,1.69
2017-11-27,-3.79,0.84,3.5
2017-11-28,-5.07,1.02,4.23
2017-11-29,-2.23,1.52,1.43
2017-11-30,-2.86,0.95,2.58
2017-12-01,-3.92,1.19,4.2
2017-12-04,-3.57,1.88,4.1
2017-12-05,-3.19,0.3,4.48
2017-12-06,-3.01,0.48,5.01
2017-12-07,-3.25,0.57,6.03
2017-12-08,0.48,0.88,3.26
2017-12-11,0.32,1.28,4.79
2017-12-12,1.13,0.48,4.6
2017-12-13,1.68,-0.87,4.81
2017-12-14,0.38,-1.39,6.3
2017-12-15,0.64,-1.51,6.05
2017-12-18,0.95,-1.31,6.26
2017-12-19,2.18,-2.49,6.45
2017-12-20,1.02,-3.0,8.1
2017-12-21,2.42,-4.66,7.15
2017-12-22,1.69,-4.09,7.13
2017-12-27,3.5,-3.79,5.12
2017-12-28,4.23,-5.07,5.46
2017-12-29,1.43,-2.23,5.13
2018-01-02,2.58,-2.86,4.17
2018-01-03,4.2,-3.92,3.02
2018-01-04,4.1,-3.57,1.85
2018-01-05,4.48,-3.19,1.0
2018-01-08,5.01,-3.01,0.07
2018-01-09,6.03,-3.25,-3.26
2018-01-10,3.26,0.48,-2.35
2018-01-11,4.79,0.32,-3.19
2018-01-12,4.6,1.13,-5.6
2018-01-15,4.81,1.68,-5.85
2018-01-16,6.3,0.38,-5.69
2018-01-17,6.05,0.64,-5.37
2018-01-18,6.26,0.95,-5.43
2018-01-19,6.45,2.18,-5.25
2018-01-22,8.1,1.02,-5.57
2018-01-23,7.15,2.42,-5.92
2018-01-24,7.13,1.69,-3.17
2018-01-25,5.12,3.5,-2.91
2018-01-26,5.46,4.23,-3.66
2018-01-29,5.13,1.43,-4.19
2018-01-30,4.17,2.58,-2.11
2018-01-31,3.02,4.2,-1.02
2018-02-01,1.85,4.1,-1.44
2018-02-02,1.0,4.48,-2.55
2018-02-05,0.07,5.01,-1.63
2018-02-06,-3.26,6.03,0.59
2018-02-07,-2.35,3.26,-0.16
2018-02-08,-3.19,4.79,-0.15
2018-02-09,-5.6,4.6,1.11
2018-02-12,-5.85,4.81,1.55
2018-02-13,-5.69,6.3,0.69
2018-02-14,-5.37,6.05,0.06
2018-02-15,-5.43,6.26,-0.42
2018-02-16,-5.25,6.45,-0.34
2018-02-19,-5.57,8.1,-1.21
2018-02-20,-5.92,7.15,0.03
2018-02-21,-3.17,7.13,-3.67
2018-02-22,-2.91,5.12,-4.51
2018-02-23,-3.66,5.46,-5.67
2018-02-26,-4.19,5.13,-5.7
2018-02-27,-2.11,4.17,-5.79
2018-02-28,-1.02,3.02,-5.65
2018-03-01,-1.44,1.85,-5.36
2018-03-02,-2.55,1.0,-2.79
2018-03-05,-1.63,0.07,-2.75
2018-03-06,0.59,-3.26,-0.57
2018-03-07,-0.16,-2.35,-1.38
2018-03-08,-0.15,-3.19,-1.26
2018-03-09,1.11,-5.6,-0.34
2018-03-12,1.55,-5.85,-0.73
2018-03-13,0.69,-5.69,1.81
2018-03-14,0.06,-5.37,2.23
2018-03-15,-0.42,-5.43,1.32
2018-03-16,-0.34,-5.25,0.24
2018-03-19,-1.21,-5.57,0.73
2018-03-20,0.03,-5.92,-2.62
2018-03-21,-3.67,-3.17,-2.17
2018-03-22,-4.51,-2.91,0.58
2018-03-23,-5.67,-3.66,2.1
2018-03-26,-5.7,-4.19,0.56
2018-03-27,-5.79,-2.11,-0.2
2018-03-28,-5.65,-1.02,-0.18
2018-03-29,-5.36,-1.44,0.0
2018-04-03,-2.79,-2.55,-1.21
2018-04-04,-2.75,-1.63,-1.27
2018-04-05,-0.57,0.59,-2.27
2018-04-06,-1.38,-0.16,-1.42
2018-04-09,-1.26,-0.15,-1.16
2018-04-10,-0.34,1.11,-0.78
2018-04-11,-0.73,1.55,-0.22
2018-04-12,1.81,0.69,-1.57
2018-04-13,2.23,0.06,-2.21
2018-04-16,1.32,-0.42,-1.33
2018-04-17,0.24,-0.34,-2.91
2018-04-18,0.73,-1.21,-2.06
2018-04-19,-2.62,0.03,-0.09
2018-04-20,-2.17,-3.67,1.17
2018-04-23,0.58,-4.51,0.87
2018-04-24,2.1,-5.67,0.77
2018-04-25,0.56,-5.7,1.54
2018-04-26,-0.2,-5.79,1.19
2018-04-27,-0.18,-5.65,-0.77
2018-04-30,0.0,-5.36,-0.71
2018-05-01,-1.21,-2.79,-1.76
2018-05-02,-1.27,-2.75,-1.52
2018-05-03,-2.27,-0.57,-1.69
2018-05-04,-1.42,-1.38,-4.42
2018-05-08,-1.16,-1.26,-3.34
2018-05-09,-0.78,-0.34,-4.36
2018-05-10,-0.22,-0.73,-5.92
2018-05-11,-1.57,1.81,-6.08
2018-05-14,-2.21,2.23,-5.25
2018-05-15,-1.33,1.32,-5.88
2018-05-16,-2.91,0.24,-3.9
2018-05-17,-2.06,0.73,-6.27
2018-05-18,-0.09,-2.62,-6.75
2018-05-21,1.17,-2.17,-7.43
2018-05-22,0.87,0.58,-7.98
2018-05-23,0.77,2.1,-7.91
2018-05-24,1.54,0.56,-5.88
2018-05-25,1.19,-0.2,-6.75
2018-05-29,-0.77,-0.18,-4.46
2018-05-30,-0.71,0.0,-3.68
2018-05-31,-1.76,-1.21,-1.04
2018-06-01,-1.52,-1.27,-0.47
2018-06-04,-1.69,-2.27,-2.01
2018-06-05,-4.42,-1.42,-0.77
2018-06-06,-3.34,-1.16,-2.17
2018-06-07,-4.36,-0.78,-2.0
2018-06-08,-5.92,-0.22,-0.65
2018-06-11,-6.08,-1.57,-0.1
2018-06-12,-5.25,-2.21,-1.06
2018-06-13,-5.88,-1.33,-0.83
2018-06-14,-3.9,-2.91,-0.9
2018-06-15,-6.27,-2.06,0.53
2018-06-18,-6.75,-0.09,1.49
2018-06-19,-7.43,1.17,1.5
2018-06-20,-7.98,0.87,1.38
2018-06-21,-7.91,0.77,1.79
2018-06-22,-5.88,1.54,0.82
2018-06-25,-6.75,1.19,1.71
2018-06-26,-4.46,-0.77,2.54
2018-06-27,-3.68,-0.71,0.97
2018-06-28,-1.04,-1.76,0.02
2018-06-29,-0.47,-1.52,-0.71
2018-07-02,-2.01,-1.69,0.13
2018-07-03,-0.77,-4.42,0.6
2018-07-04,-2.17,-3.34,1.78
2018-07-05,-2.0,-4.36,0.55
2018-07-06,-0.65,-5.92,0.1
2018-07-09,-0.1,-6.08,-0.59
2018-07-10,-1.06,-5.25,-0.24
2018-07-11,-0.83,-5.88,-0.24
2018-07-12,-0.9,-3.9,-0.72
2018-07-13,0.53,-6.27,-0.88
2018-07-16,1.49,-6.75,-1.78
2018-07-17,1.5,-7.43,-2.35
2018-07-18,1.38,-7.98,-3.28
2018-07-19,1.79,-7.91,-3.78
2018-07-20,0.82,-5.88,-3.94
2018-07-23,1.71,-6.75,-3.08
2018-07-24,2.54,-4.46,-3.48
2018-07-25,0.97,-3.68,-2.31
2018-07-26,0.02,-1.04,-2.88
2018-07-27,-0.71,-0.47,-2.81
2018-07-30,0.13,-2.01,-2.56
2018-07-31,0.6,-0.77,-3.08
2018-08-01,1.78,-2.17,-5.54
2018-08-02,0.55,-2.0,-5.44
2018-08-03,0.1,-0.65,-4.68
2018-08-06,-0.59,-0.1,-3.55
2018-08-07,-0.24,-1.06,-2.79
2018-08-08,-0.24,-0.83,-3.65
2018-08-09,-0.72,-0.9,-5.43
2018-08-10,-0.88,0.53,-4.03
2018-08-13,-1.78,1.49,-3.5
2018-08-14,-2.35,1.5,-3.44
2018-08-15,-3.28,1.38,-2.03
2018-08-16,-3.78,1.79,-2.03
2018-08-17,-3.94,0.82,-1.45
2018-08-20,-3.08,1.71,-1.44
2018-08-21,-3.48,2.54,-0.43
2018-08-22,-2.31,0.97,0.97
2018-08-23,-2.88,0.02,1.81
2018-08-24,-2.81,-0.71,1.35
2018-08-28,-2.56,0.13,0.18
2018-08-29,-3.08,0.6,0.46
2018-08-30,-5.54,1.78,1.84
2018-08-31,-5.44,0.55,-0.05
2018-09-03,-4.68,0.1,-1.81
2018-09-04,-3.55,-0.59,-4.77
2018-09-05,-2.79,-0.24,-3.66
2018-09-06,-3.65,-0.24,-1.64
2018-09-07,-5.43,-0.72,0.32
2018-09-10,-4.03,-0.88,-2.04
2018-09-11,-3.5,-1.78,-3.26
2018-09-12,-3.44,-2.35,0.39
2018-09-13,-2.03,-3.28,-2.26
2018-09-14,-2.03,-3.78,-1.24
2018-09-17,-1.45,-3.94,-2.63
2018-09-18,-1.44,-3.08,-3.6
2018-09-19,-0.43,-3.48,-5.3
2018-09-20,0.97,-2.31,-7.47
2018-09-21,1.81,-2.88,-9.26
2018-09-24,1.35,-2.81,-8.48
2018-09-25,0.18,-2.56,-7.41
2018-09-26,0.46,-3.08,-6.72
2018-09-27,1.84,-5.54,-5.38
2018-09-28,-0.05,-5.44,-4.12
2018-10-01,-1.81,-4.68,-2.32
2018-10-02,-4.77,-3.55,-1.13
2018-10-03,-3.66,-2.79,-2.0
2018-10-04,-1.64,-3.65,-0.14
2018-10-05,0.32,-5.43,0.95
2018-10-08,-2.04,-4.03,0.7
2018-10-09,-3.26,-3.5,0.72
2018-10-10,0.39,-3.44,-1.45
2018-10-11,-2.26,-2.03,3.02
2018-10-12,-1.24,-2.03,3.1
2018-10-15,-2.63,-1.45,0.33
2018-10-16,-3.6,-1.44,2.48
2018-10-17,-5.3,-0.43,1.87
2018-10-18,-7.47,0.97,-2.7
2018-10-19,-9.26,1.81,-2.9
2018-10-22,-8.48,1.35,-1.06
2018-10-23,-7.41,0.18,-1.83
2018-10-24,-6.72,0.46,-0.76
2018-10-25,-5.38,1.84,-2.98
2018-10-26,-4.12,-0.05,0.65
2018-10-29,-2.32,-1.81,0.21
2018-10-30,-1.13,-4.77,-0.76
2018-10-31,-2.0,-3.66,-1.54
2018-11-01,-0.14,-1.64,-4.6
2018-11-02,0.95,0.32,-6.94
2018-11-05,0.7,-2.04,-4.47
2018-11-06,0.72,-3.26,-3.99
2018-11-07,-1.45,0.39,-3.52
2018-11-08,3.02,-2.26,-8.32
2018-11-09,3.1,-1.24,-9.84
2018-11-12,0.33,-2.63,-8.68
2018-11-13,2.48,-3.6,-10.97
2018-11-14,1.87,-5.3,-8.63
2018-11-15,-2.7,-7.47,-4.22
2018-11-16,-2.9,-9.26,-3.3
2018-11-19,-1.06,-8.48,-7.04
2018-11-20,-1.83,-7.41,-6.14
2018-11-21,-0.76,-6.72,-7.08
2018-11-22,-2.98,-5.38,-8.95
2018-11-23,0.65,-4.12,-9.95
2018-11-26,0.21,-2.32,-11.1
2018-11-27,-0.76,-1.13,-11.28
2018-11-28,-1.54,-2.0,-9.11
2018-11-29,-4.6,-0.14,-7.64
2018-11-30,-6.94,0.95,-7.88
2018-12-03,-4.47,0.7,-8.49
2018-12-04,-3.99,0.72,-4.71
2018-12-05,-3.52,-1.45,-5.07
2018-12-06,-8.32,3.02,-1.81
2018-12-07,-9.84,3.1,-0.44
2018-12-10,-8.68,0.33,3.57
2018-12-11,-10.97,2.48,4.55
2018-12-12,-8.63,1.87,4.1
2018-12-13,-4.22,-2.7,4.58
2018-12-14,-3.3,-2.9,6.51
2018-12-17,-7.04,-1.06,8.15
2018-12-18,-6.14,-1.83,11.62
2018-12-19,-7.08,-0.76,11.0
2018-12-20,-8.95,-2.98,12.63
2018-12-21,-9.95,0.65,11.24
2018-12-24,-11.1,0.21,13.23
2018-12-27,-11.28,-0.76,17.07
2018-12-28,-9.11,-1.54,11.31
2018-12-31,-7.64,-4.6,9.62
2019-01-02,-7.88,-6.94,14.37
2019-01-03,-8.49,-4.47,13.09
2019-01-04,-4.71,-3.99,10.19
2019-01-07,-5.07,-3.52,8.36
2019-01-08,-1.81,-8.32,8.08
2019-01-09,-0.44,-9.84,8.27
2019-01-10,3.57,-8.68,4.42
2019-01-11,4.55,-10.97,3.97
2019-01-14,4.1,-8.63,3.93
2019-01-15,4.58,-4.22,4.36
2019-01-16,6.51,-3.3,3.08
2019-01-17,8.15,-7.04,2.26
2019-01-18,11.62,-6.14,0.76
2019-01-21,11.0,-7.08,0.55
2019-01-22,12.63,-8.95,1.64
2019-01-23,11.24,-9.95,6.68
2019-01-24,13.23,-11.1,4.59
2019-01-25,17.07,-11.28,2.44
2019-01-28,11.31,-9.11,6.19
2019-01-29,9.62,-7.64,8.9
2019-01-30,14.37,-7.88,7.8
2019-01-31,13.09,-8.49,9.74
2019-02-01,10.19,-4.71,8.03
2019-02-04,8.36,-5.07,9.1
2019-02-05,8.08,-1.81,8.41
2019-02-06,8.27,-0.44,7.98
2019-02-07,4.42,3.57,8.65
2019-02-08,3.97,4.55,8.77
2019-02-11,3.93,4.1,7.05
2019-02-12,4.36,4.58,7.56
2019-02-13,3.08,6.51,8.14
2019-02-14,2.26,8.15,11.15
2019-02-15,0.76,11.62,10.95
2019-02-18,0.55,11.0,12.09
2019-02-19,1.64,12.63,12.1
2019-02-20,6.68,11.24,6.41
2019-02-21,4.59,13.23,4.79
2019-02-22,2.44,17.07,3.85
2019-02-25,6.19,11.31,2.48
2019-02-26,8.9,9.62,-0.71
2019-02-27,7.8,14.37,-0.76
2019-02-28,9.74,13.09,-2.52
2019-03-01,8.03,10.19,-1.13
2019-03-04,9.1,8.36,-0.27
2019-03-05,8.41,8.08,0.76
2019-03-06,7.98,8.27,3.13
2019-03-07,8.65,4.42,0.76
2019-03-08,8.77,3.97,0.55
2019-03-11,7.05,3.93,1.34
2019-03-12,7.56,4.36,0.93
2019-03-13,8.14,3.08,0.37
2019-03-14,11.15,2.26,0.53
2019-03-15,10.95,0.76,-0.06
2019-03-18,12.09,0.55,-0.31
2019-03-19,12.1,1.64,0.63
2019-03-20,6.41,6.68,2.34
2019-03-21,4.79,4.59,4.24
2019-03-22,3.85,2.44,5.23
2019-03-25,2.48,6.19,4.4
2019-03-26,-0.71,8.9,3.5
2019-03-27,-0.76,7.8,0.96
2019-03-28,-2.52,9.74,2.68
2019-03-29,-1.13,8.03,0.69
2019-04-01,-0.27,9.1,1.11
2019-04-02,0.76,8.41,-0.95
2019-04-03,3.13,7.98,-3.45
2019-04-04,0.76,8.65,-1.29
2019-04-05,0.55,8.77,-0.63
2019-04-08,1.34,7.05,-2.76
2019-04-09,0.93,7.56,-2.97
2019-04-10,0.37,8.14,-4.79
2019-04-11,0.53,11.15,-5.46
2019-04-12,-0.06,10.95,-5.9
2019-04-15,-0.31,12.09,-5.62
2019-04-16,0.63,12.1,-8.35
2019-04-17,2.34,6.41,-10.62
2019-04-18,4.24,4.79,-8.16
2019-04-23,5.23,3.85,-9.79
2019-04-24,4.4,2.48,-10.67
2019-04-25,3.5,-0.71,-8.0
2019-04-26,0.96,-0.76,-8.52
2019-04-29,2.68,-2.52,-9.61
2019-04-30,0.69,-1.13,-7.88
2019-05-01,1.11,-0.27,-9.97
2019-05-02,-0.95,0.76,-9.16
2019-05-03,-3.45,3.13,-7.58
2019-05-07,-1.29,0.76,-6.47
2019-05-08,-0.63,0.55,-7.42
2019-05-09,-2.76,1.34,-5.39
2019-05-10,-2.97,0.93,-4.36
2019-05-13,-4.79,0.37,-2.91
2019-05-14,-5.46,0.53,-4.39
2019-05-15,-5.9,-0.06,-4.8
2019-05-16,-5.62,-0.31,-6.19
2019-05-17,-8.35,0.63,-3.98
2019-05-20,-10.62,2.34,-2.4
2019-05-21,-8.16,4.24,-2.18
2019-05-22,-9.79,5.23,-1.28
2019-05-23,-10.67,4.4,0.43
2019-05-24,-8.0,3.5,-2.6
2019-05-28,-8.52,0.96,-1.61
2019-05-29,-9.61,2.68,-1.01
2019-05-30,-7.88,0.69,-1.35
2019-05-31,-9.97,1.11,-1.17
2019-06-03,-9.16,-0.95,0.32
2019-06-04,-7.58,-3.45,-0.43
2019-06-05,-6.47,-1.29,0.78
2019-06-06,-7.42,-0.63,1.8
2019-06-07,-5.39,-2.76,0.38
2019-06-10,-4.36,-2.97,-1.16
2019-06-11,-2.91,-4.79,-0.45
2019-06-12,-4.39,-5.46,-0.02
2019-06-13,-4.8,-5.9,-0.5
2019-06-14,-6.19,-5.62,-0.03
2019-06-17,-3.98,-8.35,-0.16
2019-06-18,-2.4,-10.62,-0.15
2019-06-19,-2.18,-8.16,-2.55
2019-06-20,-1.28,-9.79,-1.71
2019-06-21,0.43,-10.67,-2.25
2019-06-24,-2.6,-8.0,-0.49
2019-06-25,-1.61,-8.52,0.53
2019-06-26,-1.01,-9.61,0.11
2019-06-27,-1.35,-7.88,-0.16
2019-06-28,-1.17,-9.97,-1.06
2019-07-01,0.32,-9.16,-1.83
2019-07-02,-0.43,-7.58,-4.44
2019-07-03,0.78,-6.47,-8.46
2019-07-04,1.8,-7.42,-9.3
2019-07-05,0.38,-5.39,-11.36
2019-07-08,-1.16,-4.36,-13.05
2019-07-09,-0.45,-2.91,-13.06
2019-07-10,-0.02,-4.39,-13.33
2019-07-11,-0.5,-4.8,-13.85
2019-07-12,-0.03,-6.19,-14.18
2019-07-15,-0.16,-3.98,-15.75
2019-07-16,-0.15,-2.4,-15.54
2019-07-17,-2.55,-2.18,-15.62
2019-07-18,-1.71,-1.28,-15.35
2019-07-19,-2.25,0.43,-12.57
2019-07-22,-0.49,-2.6,-11.95
2019-07-23,0.53,-1.61,-12.77
2019-07-24,0.11,-1.01,-13.08
2019-07-25,-0.16,-1.35,-12.45
2019-07-26,-1.06,-1.17,-10.72
2019-07-29,-1.83,0.32,-11.43
2019-07-30,-4.44,-0.43,-10.09
2019-07-31,-8.46,0.78,-6.62
2019-08-01,-9.3,1.8,-5.7
2019-08-02,-11.36,0.38,-1.83
2019-08-05,-13.05,-1.16,-1.18
2019-08-06,-13.06,-0.45,-1.29
2019-08-07,-13.33,-0.02,-0.42
2019-08-08,-13.85,-0.5,0.56
2019-08-09,-14.18,-0.03,1.37
2019-08-12,-15.75,-0.16,7.35
2019-08-13,-15.54,-0.15,7.41
2019-08-14,-15.62,-2.55,6.7
2019-08-15,-15.35,-1.71,12.45
2019-08-16,-12.57,-2.25,9.0
2019-08-19,-11.95,-0.49,6.45
2019-08-20,-12.77,0.53,6.58
2019-08-21,-13.08,0.11,9.17
2019-08-22,-12.45,-0.16,11.69
2019-08-23,-10.72,-1.06,8.62
2019-08-27,-11.43,-1.83,7.52
2019-08-28,-10.09,-4.44,7.77
2019-08-29,-6.62,-8.46,7.61
2019-08-30,-5.7,-9.3,10.25
2019-09-02,-1.83,-11.36,7.55
2019-09-03,-1.18,-13.05,7.64
2019-09-04,-1.29,-13.06,4.05
2019-09-05,-0.42,-13.33,3.18
2019-09-06,0.56,-13.85,3.98
2019-09-09,1.37,-14.18,3.03
2019-09-10,7.35,-15.75,-2.56
2019-09-11,7.41,-15.54,-3.61
2019-09-12,6.7,-15.62,1.41
2019-09-13,12.45,-15.35,8.24
2019-09-16,9.0,-12.57,6.78
2019-09-17,6.45,-11.95,14.41
2019-09-18,6.58,-12.77,15.17
2019-09-19,9.17,-13.08,12.76
2019-09-20,11.69,-12.45,8.43
2019-09-23,8.62,-10.72,13.15
2019-09-24,7.52,-11.43,12.92
2019-09-25,7.77,-10.09,12.95
2019-09-26,7.61,-6.62,11.68
2019-09-27,10.25,-5.7,9.21
2019-09-30,7.55,-1.83,8.89
2019-10-01,7.64,-1.18,9.14
2019-10-02,4.05,-1.29,11.63
2019-10-03,3.18,-0.42,10.03
2019-10-04,3.98,0.56,10.15
2019-10-07,3.03,1.37,11.78
2019-10-08,-2.56,7.35,13.95
2019-10-09,-3.61,7.41,13.23
2019-10-10,1.41,6.7,8.6
2019-10-11,8.24,12.45,-4.82
2019-10-14,6.78,9.0,1.3
2019-10-15,14.41,6.45,-2.02
2019-10-16,15.17,6.58,-2.36
2019-10-17,12.76,9.17,-3.72
2019-10-18,8.43,11.69,-1.69
2019-10-21,13.15,8.62,-2.77
2019-10-22,12.92,7.52,-1.54
2019-10-23,12.95,7.77,-1.94
2019-10-24,11.68,7.61,-1.92
2019-10-25,9.21,10.25,-0.35
2019-10-28,8.89,7.55,3.29
2019-10-29,9.14,7.64,5.08
2019-10-30,11.63,4.05,7.12
2019-10-31,10.03,3.18,10.37
2019-11-01,10.15,3.98,6.7
2019-11-04,11.78,3.03,3.72
2019-11-05,13.95,-2.56,1.86
2019-11-06,13.23,-3.61,5.5
2019-11-07,8.6,1.41,5.79
2019-11-08,-4.82,8.24,9.22
2019-11-11,1.3,6.78,6.13
2019-11-12,-2.02,14.41,3.17
2019-11-13,-2.36,15.17,1.36
2019-11-14,-3.72,12.76,4.14
2019-11-15,-1.69,8.43,8.72
2019-11-18,-2.77,13.15,12.57
2019-11-19,-1.54,12.92,6.42
2019-11-20,-1.94,12.95,7.19
2019-11-21,-1.92,11.68,8.89
2019-11-22,-0.35,9.21,4.25
2019-11-25,3.29,8.89,2.18
2019-11-26,5.08,9.14,3.59
2019-11-27,7.12,11.63,2.4
2019-11-28,10.37,10.03,0.69
2019-11-29,6.7,10.15,2.21
2019-12-02,3.72,11.78,6.29
2019-12-03,1.86,13.95,6.56
2019-12-04,5.5,13.23,4.42
2019-12-05,5.79,8.6,4.3
2019-12-06,9.22,-4.82,2.15
2019-12-09,6.13,1.3,-0.45
2019-12-10,3.17,-2.02,-1.87
2019-12-11,1.36,-2.36,-2.75
2019-12-12,4.14,-3.72,-3.88
2019-12-13,8.72,-1.69,-10.14
2019-12-16,12.57,-2.77,-13.9
2019-12-17,6.42,-1.54,-7.66
2019-12-18,7.19,-1.94,-8.62
2019-12-19,8.89,-1.92,-8.48
2019-12-20,4.25,-0.35,-6.8
2019-12-23,2.18,3.29,-7.72
2019-12-24,3.59,5.08,-8.4
2019-12-27,2.4,7.12,-9.61
2019-12-30,0.69,10.37,-8.68
2019-12-31,2.21,6.7,-8.0
2020-01-02,6.29,3.72,-9.07
2020-01-03,6.56,1.86,-9.93
2020-01-06,4.42,5.5,-10.59
2020-01-07,4.3,5.79,-8.89
2020-01-08,2.15,9.22,-9.0
2020-01-09,-0.45,6.13,-7.92
2020-01-10,-1.87,3.17,-5.65
2020-01-13,-2.75,1.36,-3.17
2020-01-14,-3.88,4.14,-3.44
2020-01-15,-10.14,8.72,-0.64
2020-01-16,-13.9,12.57,0.22
2020-01-17,-7.66,6.42,-3.15
2020-01-20,-8.62,7.19,-1.78
2020-01-21,-8.48,8.89,-4.48
2020-01-22,-6.8,4.25,-3.98
2020-01-23,-7.72,2.18,-1.48
2020-01-24,-8.4,3.59,-4.72
2020-01-27,-9.61,2.4,-7.0
2020-01-28,-8.68,0.69,-9.77
2020-01-29,-8.0,2.21,-9.72
2020-01-30,-9.07,6.29,-13.08
2020-01-31,-9.93,6.56,-11.6
2020-02-03,-10.59,4.42,-12.4
2020-02-04,-8.89,4.3,-15.36
2020-02-05,-9.0,2.15,-15.35
2020-02-06,-7.92,-0.45,-17.47
2020-02-07,-5.65,-1.87,-19.75
2020-02-10,-3.17,-2.75,-27.51
2020-02-11,-3.44,-3.88,-25.03
2020-02-12,-0.64,-10.14,-26.67
2020-02-13,0.22,-13.9,-36.26
2020-02-14,-3.15,-7.66,-33.07
2020-02-17,-1.78,-8.62,-38.26
2020-02-18,-4.48,-8.48,-36.79
2020-02-19,-3.98,-6.8,-39.71
2020-02-20,-1.48,-7.72,-42.74
2020-02-21,-4.72,-8.4,-42.01
2020-02-24,-7.0,-9.61,-42.44
2020-02-25,-9.77,-8.68,-35.3
2020-02-26,-9.72,-8.0,-29.24
2020-02-27,-13.08,-9.07,-25.4
2020-02-28,-11.6,-9.93,-31.47
2020-03-02,-12.4,-10.59,-32.38
2020-03-03,-15.36,-8.89,-34.25
2020-03-04,-15.35,-9.0,-41.55
2020-03-05,-17.47,-7.92,-38.49
2020-03-06,-19.75,-5.65,-39.3
2020-03-09,-27.51,-3.17,-27.38
2020-03-10,-25.03,-3.44,-26.59
2020-03-11,-26.67,-0.64,-24.36
2020-03-12,-36.26,0.22,-9.73
2020-03-13,-33.07,-3.15,-16.1
2020-03-16,-38.26,-1.78,-15.27
2020-03-17,-36.79,-4.48,-16.68
2020-03-18,-39.71,-3.98,-9.46
2020-03-19,-42.74,-1.48,-6.98
2020-03-20,-42.01,-4.72,-8.97
2020-03-23,-42.44,-7.0,-2.16
2020-03-24,-35.3,-9.77,-9.57
2020-03-25,-29.24,-9.72,-19.06
2020-03-26,-25.4,-13.08,-18.69
2020-03-27,-31.47,-11.6,-3.37
2020-03-30,-32.38,-12.4,3.76
2020-03-31,-34.25,-15.36,0.75
2020-04-01,-41.55,-15.35,12.06
2020-04-02,-38.49,-17.47,5.85
2020-04-03,-39.3,-19.75,10.28
2020-04-06,-27.38,-27.51,0.77
2020-04-07,-26.59,-25.03,0.22
2020-04-08,-24.36,-26.67,-4.55
2020-04-09,-9.73,-36.26,-10.48
2020-04-14,-16.1,-33.07,-8.74
2020-04-15,-15.27,-38.26,-3.83
2020-04-16,-16.68,-36.79,-3.16
2020-04-17,-9.46,-39.71,-2.53
2020-04-20,-6.98,-42.74,-1.76
2020-04-21,-8.97,-42.01,2.19
2020-04-22,-2.16,-42.44,-5.08
2020-04-23,-9.57,-35.3,-7.59
2020-04-24,-19.06,-29.24,1.14
2020-04-27,-18.69,-25.4,4.19
2020-04-28,-3.37,-31.47,-5.6
2020-04-29,3.76,-32.38,-14.07
2020-04-30,0.75,-34.25,-4.28
2020-05-01,12.06,-41.55,0.79
2020-05-04,5.85,-38.49,10.33
2020-05-05,10.28,-39.3,10.79
2020-05-06,0.77,-27.38,17.83
2020-05-07,0.22,-26.59,17.87
2020-05-11,-4.55,-24.36,15.85
2020-05-12,-10.48,-9.73,17.16
2020-05-13,-8.74,-16.1,10.48
2020-05-14,-3.83,-15.27,11.6
2020-05-15,-3.16,-16.68,10.63
2020-05-18,-2.53,-9.46,11.69
2020-05-19,-1.76,-6.98,10.1
2020-05-20,2.19,-8.97,8.61
2020-05-21,-5.08,-2.16,13.53
2020-05-22,-7.59,-9.57,12.55
2020-05-26,1.14,-19.06,8.88
2020-05-27,4.19,-18.69,-0.66
2020-05-28,-5.6,-3.37,0.76
2020-05-29,-14.07,3.76,4.05
2020-06-01,-4.28,0.75,1.26
2020-06-02,0.79,12.06,-2.38
2020-06-03,10.33,5.85,-9.06
2020-06-04,10.79,10.28,-5.99
2020-06-05,17.83,0.77,-12.74
2020-06-08,17.87,0.22,-15.4
2020-06-09,15.85,-4.55,-12.74
2020-06-10,17.16,-10.48,-12.28
2020-06-11,10.48,-8.74,-7.21
2020-06-12,11.6,-3.83,-4.64
2020-06-15,10.63,-3.16,-2.82
2020-06-16,11.69,-2.53,-9.2
2020-06-17,10.1,-1.76,-6.72
2020-06-18,8.61,2.19,-5.86
2020-06-19,13.53,-5.08,-5.15
2020-06-22,12.55,-7.59,-3.92
2020-06-23,8.88,1.14,-6.84
2020-06-24,-0.66,4.19,-4.08
2020-06-25,0.76,-5.6,-4.59
2020-06-26,4.05,-14.07,-4.47
2020-06-29,1.26,-4.28,-7.52
2020-06-30,-2.38,0.79,-6.26
2020-07-01,-9.06,10.33,-7.62
2020-07-02,-5.99,10.79,-17.74
2020-07-03,-12.74,17.83,-15.28
2020-07-06,-15.4,17.87,-10.67
2020-07-07,-12.74,15.85,-8.39
2020-07-08,-12.28,17.16,-8.3
2020-07-09,-7.21,10.48,-5.31
2020-07-10,-4.64,11.6,-8.77
2020-07-13,-2.82,10.63,-7.25
2020-07-14,-9.2,11.69,-2.16
2020-07-15,-6.72,10.1,-2.3
2020-07-16,-5.86,8.61,-4.42
2020-07-17,-5.15,13.53,-5.3
2020-07-20,-3.92,12.55,-5.85
2020-07-21,-6.84,8.88,-7.61
2020-07-22,-4.08,-0.66,-5.47
2020-07-23,-4.59,0.76,-6.73
2020-07-24,-4.47,4.05,-5.36
2020-07-27,-7.52,1.26,-1.04
2020-07-28,-6.26,-2.38,-3.49
2020-07-29,-7.62,-9.06,0.42
2020-07-30,-17.74,-5.99,7.63
2020-07-31,-15.28,-12.74,7.88
2020-08-03,-10.67,-15.4,-3.34
2020-08-04,-8.39,-12.74,-4.08
2020-08-05,-8.3,-12.28,-4.58
2020-08-06,-5.31,-7.21,-4.33
2020-08-07,-8.77,-4.64,-2.92
2020-08-10,-7.25,-2.82,-6.9
2020-08-11,-2.16,-9.2,-10.08
2020-08-12,-2.3,-6.72,-11.01
2020-08-13,-4.42,-5.86,-11.31
2020-08-14,-5.3,-5.15,-8.95
2020-08-17,-5.85,-3.92,-8.63
2020-08-18,-7.61,-6.84,-5.68
2020-08-19,-5.47,-4.08,-8.41
2020-08-20,-6.73,-4.59,-10.31
2020-08-21,-5.36,-4.47,-14.66
2020-08-24,-1.04,-7.52,-15.07
2020-08-25,-3.49,-6.26,-12.84
2020-08-26,0.42,-7.62,-13.69
2020-08-27,7.63,-17.74,-12.34
2020-08-28,7.88,-15.28,-6.21
2020-09-01,-3.34,-10.67,-3.01
2020-09-02,-4.08,-8.39,-2.44
2020-09-03,-4.58,-8.3,-1.3
2020-09-04,-4.33,-5.31,0.93
2020-09-07,-2.92,-8.77,0.07
2020-09-08,-6.9,-7.25,5.63
2020-09-09,-10.08,-2.16,5.36
2020-09-10,-11.01,-2.3,7.42
2020-09-11,-11.31,-4.42,9.08
2020-09-14,-8.95,-5.3,6.49
2020-09-15,-8.63,-5.85,2.71
2020-09-16,-5.68,-7.61,1.43
2020-09-17,-8.41,-5.47,1.3
2020-09-18,-10.31,-6.73,7.01
2020-09-21,-14.66,-5.36,13.09
2020-09-22,-15.07,-1.04,11.86
2020-09-23,-12.84,-3.49,10.54
2020-09-24,-13.69,0.42,13.59
2020-09-25,-12.34,7.63,18.45
2020-09-28,-6.21,7.88,9.25
2020-09-29,-3.01,-3.34,8.42
2020-09-30,-2.44,-4.08,4.93
2020-10-01,-1.3,-4.58,6.6
2020-10-02,0.93,-4.33,3.05
2020-10-05,0.07,-2.92,3.11
2020-10-06,5.63,-6.9,4.65
2020-10-07,5.36,-10.08,2.22
2020-10-08,7.42,-11.01,-2.36
2020-10-09,9.08,-11.31,-3.08
2020-10-12,6.49,-8.95,9.65
2020-10-13,2.71,-8.63,19.58
2020-10-14,1.43,-5.68,23.81
2020-10-15,1.3,-8.41,25.87
2020-10-16,7.01,-10.31,28.54
2020-10-19,13.09,-14.66,31.23
2020-10-20,11.86,-15.07,31.03
2020-10-21,10.54,-12.84,31.28
2020-10-22,13.59,-13.69,27.69
2020-10-23,18.45,-12.34,22.3
2020-10-26,9.25,-6.21,28.06
2020-10-27,8.42,-3.01,39.43
2020-10-28,4.93,-2.44,37.9
2020-10-29,6.6,-1.3,31.97
2020-10-30,3.05,0.93,33.08
2020-11-02,3.11,0.07,27.99
2020-11-03,4.65,5.63,30.87
2020-11-04,2.22,5.36,35.83
2020-11-05,-2.36,7.42,41.47
2020-11-06,-3.08,9.08,42.65
2020-11-09,9.65,6.49,21.28
2020-11-10,19.58,2.71,15.75
2020-11-11,23.81,1.43,11.59
2020-11-12,25.87,1.3,6.57
2020-11-13,28.54,7.01,-1.87
2020-11-16,31.23,13.09,0.39
2020-11-17,31.03,11.86,2.95
2020-11-18,31.28,10.54,1.71
2020-11-19,27.69,13.59,1.6
2020-11-20,22.3,18.45,-2.54
2020-11-23,28.06,9.25,-9.73
2020-11-24,39.43,8.42,-12.18
2020-11-25,37.9,4.93,-2.62
2020-11-26,31.97,6.6,3.43
2020-11-27,33.08,3.05,-1.42
2020-11-30,27.99,3.11,3.34
2020-12-01,30.87,4.65,-4.81
2020-12-02,35.83,2.22,-10.09
2020-12-03,41.47,-2.36,-10.18
2020-12-04,42.65,-3.08,-4.79
2020-12-07,21.28,9.65,-1.18
2020-12-08,15.75,19.58,-0.97
2020-12-09,11.59,23.81,-2.9
2020-12-10,6.57,25.87,3.0
2020-12-11,-1.87,28.54,6.37
2020-12-14,0.39,31.23,2.04
2020-12-15,2.95,31.03,-1.94
2020-12-16,1.71,31.28,-0.3
2020-12-17,1.6,27.69,-0.61
2020-12-18,-2.54,22.3,2.52
2020-12-21,-9.73,28.06,5.15
2020-12-22,-12.18,39.43,0.23
2020-12-23,-2.62,37.9,-8.89
2020-12-24,3.43,31.97,-10.85
2020-12-29,-1.42,33.08,-9.55
2020-12-30,3.34,27.99,-9.07
2020-12-31,-4.81,30.87,-9.44
2021-01-04,-10.09,35.83,-3.73
2021-01-05,-10.18,41.47,-3.46
2021-01-06,-4.79,42.65,-8.02
2021-01-07,-1.18,21.28,-2.11
2021-01-08,-0.97,15.75,0.46
2021-01-11,-2.9,11.59,4.23
2021-01-12,3.0,6.57,2.18
2021-01-13,6.37,-1.87,3.48
2021-01-14,2.04,0.39,1.67
2021-01-15,-1.94,2.95,3.23
2021-01-18,-0.3,1.71,8.07
2021-01-19,-0.61,1.6,9.67
2021-01-20,2.52,-2.54,8.78
2021-01-21,5.15,-9.73,6.17
2021-01-22,0.23,-12.18,9.84
2021-01-25,-8.89,-2.62,13.57
2021-01-26,-10.85,3.43,13.98
2021-01-27,-9.55,-1.42,18.29
2021-01-28,-9.07,3.34,17.15
2021-01-29,-9.44,-4.81,18.18
2021-02-01,-3.73,-10.09,16.34
2021-02-02,-3.46,-10.18,14.39
2021-02-03,-8.02,-4.79,18.26
2021-02-04,-2.11,-1.18,11.74
2021-02-05,0.46,-0.97,8.32
2021-02-08,4.23,-2.9,10.82
2021-02-09,2.18,3.0,9.56
2021-02-10,3.48,6.37,8.75
2021-02-11,1.67,2.04,9.25
2021-02-12,3.23,-1.94,11.08
2021-02-15,8.07,-0.3,5.14
2021-02-16,9.67,-0.61,5.04
2021-02-17,8.78,2.52,6.53
2021-02-18,6.17,5.15,10.96
2021-02-19,9.84,0.23,7.44
2021-02-22,13.57,-8.89,6.72
2021-02-23,13.98,-10.85,5.41
2021-02-24,18.29,-9.55,7.4
2021-02-25,17.15,-9.07,6.5
2021-02-26,18.18,-9.44,8.36
2021-03-01,16.34,-3.73,7.82
2021-03-02,14.39,-3.46,10.85
2021-03-03,18.26,-8.02,5.22
2021-03-04,11.74,-2.11,6.0
2021-03-05,8.32,0.46,6.86
2021-03-08,10.82,4.23,3.76
2021-03-09,9.56,2.18,5.57
2021-03-10,8.75,3.48,6.08
2021-03-11,9.25,1.67,9.6
2021-03-12,11.08,3.23,6.16
2021-03-15,5.14,8.07,6.64
2021-03-16,5.04,9.67,3.23
2021-03-17,6.53,8.78,4.82
2021-03-18,10.96,6.17,5.19
2021-03-19,7.44,9.84,2.46
2021-03-22,6.72,13.57,1.51
2021-03-23,5.41,13.98,1.52
2021-03-24,7.4,18.29,0.92
2021-03-25,6.5,17.15,2.71
2021-03-26,8.36,18.18,3.12
2021-03-29,7.82,16.34,7.23
2021-03-30,10.85,14.39,5.48
2021-03-31,5.22,18.26,6.84
2021-04-01,6.0,11.74,5.31
2021-04-06,6.86,8.32,7.94
2021-04-07,3.76,10.82,6.6
2021-04-08,5.57,9.56,7.23
2021-04-09,6.08,8.75,10.61
2021-04-12,9.6,9.25,5.14
2021-04-13,6.16,11.08,8.09
2021-04-14,6.64,5.14,7.26
2021-04-15,3.23,5.04,12.71
2021-04-16,4.82,6.53,10.61
2021-04-19,5.19,10.96,11.06
2021-04-20,2.46,7.44,14.08
2021-04-21,1.51,6.72,15.86
2021-04-22,1.52,5.41,15.49
2021-04-23,0.92,7.4,14.29
2021-04-26,2.71,6.5,14.41
2021-04-27,3.12,8.36,11.11
2021-04-28,7.23,7.82,10.64
2021-04-29,5.48,10.85,9.74
2021-04-30,6.84,5.22,9.55
2021-05-04,5.31,6.0,11.01
2021-05-05,7.94,6.86,7.18
2021-05-06,6.6,3.76,5.91
2021-05-07,7.23,5.57,6.59
2021-05-10,10.61,6.08,2.19
2021-05-11,5.14,9.6,3.36
2021-05-12,8.09,6.16,2.09
2021-05-13,7.26,6.64,2.96
2021-05-14,12.71,3.23,-0.85
2021-05-17,10.61,4.82,-0.31
2021-05-18,11.06,5.19,-1.87
2021-05-19,14.08,2.46,-0.02
2021-05-20,15.86,1.51,-3.71
2021-05-21,15.49,1.52,-3.05
2021-05-24,14.29,0.92,-4.02
2021-05-25,14.41,2.71,-4.22
2021-05-26,11.11,3.12,-2.54
2021-05-27,10.64,7.23,-5.37
2021-05-28,9.74,5.48,-6.77
2021-06-01,9.55,6.84,-6.01
2021-06-02,11.01,5.31,-6.62
2021-06-03,7.18,7.94,-3.9
2021-06-04,5.91,6.6,-4.31
2021-06-07,6.59,7.23,-3.87
2021-06-08,2.19,10.61,-5.03
2021-06-09,3.36,5.14,-3.01
2021-06-10,2.09,8.09,-5.51
2021-06-11,2.96,7.26,-3.49
2021-06-14,-0.85,12.71,-1.4
2021-06-15,-0.31,10.61,-2.44
2021-06-16,-1.87,11.06,-1.57
2021-06-17,-0.02,14.08,-2.9
2021-06-18,-3.71,15.86,-1.53
2021-06-21,-3.05,15.49,-7.43
2021-06-22,-4.02,14.29,-5.73
2021-06-23,-4.22,14.41,-2.89
2021-06-24,-2.54,11.11,-4.15
2021-06-25,-5.37,10.64,-2.84
2021-06-28,-6.77,9.74,0.11
2021-06-29,-6.01,9.55,-0.58
2021-06-30,-6.62,11.01,0.19
2021-07-01,-3.9,7.18,-2.98
2021-07-02,-4.31,5.91,-2.56
2021-07-05,-3.87,6.59,-3.08
2021-07-06,-5.03,2.19,0.88
2021-07-07,-3.01,3.36,1.11
2021-07-08,-5.51,2.09,0.61
2021-07-09,-3.49,2.96,-0.28
2021-07-12,-1.4,-0.85,-1.12
2021-07-13,-2.44,-0.31,-0.24
2021-07-14,-1.57,-1.87,-0.96
2021-07-15,-2.9,-0.02,0.0
2021-07-16,-1.53,-3.71,1.12
2021-07-19,-7.43,-3.05,4.9
2021-07-20,-5.73,-4.02,2.06
2021-07-21,-2.89,-4.22,-2.13
2021-07-22,-4.15,-2.54,-3.1
2021-07-23,-2.84,-5.37,-4.12
2021-07-26,0.11,-6.77,-5.58
2021-07-27,-0.58,-6.01,-5.93
2021-07-28,0.19,-6.62,-4.85
2021-07-29,-2.98,-3.9,-4.29
2021-07-30,-2.56,-4.31,-3.37
2021-08-02,-3.08,-3.87,-5.32
2021-08-03,0.88,-5.03,-6.04
2021-08-04,1.11,-3.01,-7.78
2021-08-05,0.61,-5.51,-5.42
2021-08-06,-0.28,-3.49,-6.01
2021-08-09,-1.12,-1.4,-7.27
2021-08-10,-0.24,-2.44,-9.09
2021-08-11,-0.96,-1.57,-8.56
2021-08-12,0.0,-2.9,-8.59
2021-08-13,1.12,-1.53,-5.32
2021-08-16,4.9,-7.43,-4.54
2021-08-17,2.06,-5.73,-1.89
2021-08-18,-2.13,-2.89,0.22
2021-08-19,-3.1,-4.15,2.76
2021-08-20,-4.12,-2.84,-1.91
2021-08-23,-5.58,0.11,-3.39
2021-08-24,-5.93,-0.58,0.5
2021-08-25,-4.85,0.19,1.24
2021-08-26,-4.29,-2.98,2.74
2021-08-27,-3.37,-2.56,3.97
2021-08-31,-5.32,-3.08,3.93
2021-09-01,-6.04,0.88,5.5
2021-09-02,-7.78,1.11,6.74
2021-09-03,-5.42,0.61,4.22
2021-09-06,-6.01,-0.28,2.33
2021-09-07,-7.27,-1.12,7.56
2021-09-08,-9.09,-0.24,8.61
2021-09-09,-8.56,-0.96,9.39
2021-09-10,-8.59,0.0,10.1
2021-09-13,-5.32,1.12,9.5
2021-09-14,-4.54,4.9,11.41
2021-09-15,-1.89,2.06,8.2
2021-09-16,0.22,-2.13,8.2
2021-09-17,2.76,-3.1,9.06
2021-09-20,-1.91,-4.12,14.21
2021-09-21,-3.39,-5.58,16.32
2021-09-22,0.5,-5.93,11.53
2021-09-23,1.24,-4.85,7.23
2021-09-24,2.74,-4.29,7.24
2021-09-27,3.97,-3.37,6.41
2021-09-28,3.93,-5.32,7.69
2021-09-29,5.5,-6.04,5.43
2021-09-30,6.74,-7.78,6.46
2021-10-01,4.22,-5.42,11.01
2021-10-04,2.33,-6.01,14.08
2021-10-05,7.56,-7.27,9.69
2021-10-06,8.61,-9.09,9.66
2021-10-07,9.39,-8.56,3.76
2021-10-08,10.1,-8.59,4.78
2021-10-11,9.5,-5.32,2.57
2021-10-12,11.41,-4.54,-0.31
2021-10-13,8.2,-1.89,3.18
2021-10-14,8.2,0.22,2.97
2021-10-15,9.06,2.76,0.22
2021-10-18,14.21,-1.91,0.71
2021-10-19,16.32,-3.39,1.15
2021-10-20,11.53,0.5,1.92
2021-10-21,7.23,1.24,3.25
2021-10-22,7.24,2.74,0.7
2021-10-25,6.41,3.97,1.95
2021-10-26,7.69,3.93,1.69
2021-10-27,5.43,5.5,1.12
2021-10-28,6.46,6.74,0.22
2021-10-29,11.01,4.22,-8.4
2021-11-01,14.08,2.33,-8.43
2021-11-02,9.69,7.56,-8.29
2021-11-03,9.66,8.61,-5.56
2021-11-04,3.76,9.39,-2.76
2021-11-05,4.78,10.1,-5.34
2021-11-08,2.57,9.5,-5.86
2021-11-09,-0.31,11.41,-1.84
2021-11-10,3.18,8.2,-3.88
2021-11-11,2.97,8.2,-6.4
2021-11-12,0.22,9.06,-5.89
2021-11-15,0.71,14.21,-10.64
2021-11-16,1.15,16.32,-9.57
2021-11-17,1.92,11.53,-11.28
2021-11-18,3.25,7.23,-6.98
2021-11-19,0.7,7.24,-5.91
2021-11-22,1.95,6.41,-8.59
2021-11-23,1.69,7.69,-6.98
2021-11-24,1.12,5.43,-5.15
2021-11-25,0.22,6.46,-4.15
2021-11-26,-8.4,11.01,3.13
2021-11-29,-8.43,14.08,2.56
2021-11-30,-8.29,9.69,3.31
2021-12-01,-5.56,9.66,0.23
2021-12-02,-2.76,3.76,6.37
2021-12-03,-5.34,4.78,9.04
2021-12-06,-5.86,2.57,12.36
2021-12-07,-1.84,-0.31,11.27
2021-12-08,-3.88,3.18,11.48
2021-12-09,-6.4,2.97,13.28
2021-12-10,-5.89,0.22,14.79
2021-12-13,-10.64,0.71,21.69
2021-12-14,-9.57,1.15,21.64
2021-12-15,-11.28,1.92,24.31
2021-12-16,-6.98,3.25,17.15
2021-12-17,-5.91,0.7,16.72
2021-12-20,-8.59,1.95,16.54
2021-12-21,-6.98,1.69,11.65
2021-12-22,-5.15,1.12,4.92
2021-12-23,-4.15,0.22,6.89
2021-12-24,3.13,-8.4,9.68
2021-12-29,2.56,-8.43,8.85
2021-12-30,3.31,-8.29,5.89
2021-12-31,0.23,-5.56,6.8
2022-01-04,6.37,-2.76,4.97
2022-01-05,9.04,-5.34,4.3
2022-01-06,12.36,-5.86,2.5
2022-01-07,11.27,-1.84,-2.76
2022-01-10,11.48,-3.88,-0.42
2022-01-11,13.28,-6.4,-0.74
2022-01-12,14.79,-5.89,-0.17
2022-01-13,21.69,-10.64,-1.06
2022-01-14,21.64,-9.57,-1.84
2022-01-17,24.31,-11.28,-6.2
2022-01-18,17.15,-6.98,-3.2
2022-01-19,16.72,-5.91,-3.62
2022-01-20,16.54,-8.59,-3.19
2022-01-21,11.65,-6.98,-1.02
2022-01-24,4.92,-5.15,3.35
2022-01-25,6.89,-4.15,0.79
2022-01-26,9.68,3.13,0.33
2022-01-27,8.85,2.56,-10.93
2022-01-28,5.89,3.31,-2.97
2022-01-31,6.8,0.23,-5.11
2022-02-01,4.97,6.37,-12.62
2022-02-02,4.3,9.04,-12.83
2022-02-03,2.5,12.36,-15.29
2022-02-04,-2.76,11.27,-16.25
2022-02-07,-0.42,11.48,-21.56
2022-02-08,-0.74,13.28,-20.08
2022-02-09,-0.17,14.79,-14.52
2022-02-10,-1.06,21.69,-16.5
2022-02-11,-1.84,21.64,-15.73
2022-02-14,-6.2,24.31,-7.68
2022-02-15,-3.2,17.15,-9.94
2022-02-16,-3.62,16.72,-6.41
2022-02-17,-3.19,16.54,-6.41
2022-02-18,-1.02,11.65,-4.06
2022-02-21,3.35,4.92,-4.5
2022-02-22,0.79,6.89,-2.09
2022-02-23,0.33,9.68,-5.15
2022-02-24,-10.93,8.85,6.34
2022-02-25,-2.97,5.89,-1.87
2022-02-28,-5.11,6.8,0.7
2022-03-01,-12.62,4.97,9.22
2022-03-02,-12.83,4.3,4.43
2022-03-03,-15.29,2.5,4.23
2022-03-04,-16.25,-2.76,10.13
2022-03-07,-21.56,-0.42,13.67
2022-03-08,-20.08,-0.74,10.37
2022-03-09,-14.52,-0.17,-0.42
2022-03-10,-16.5,-1.06,-0.58
2022-03-11,-15.73,-1.84,-1.96
2022-03-14,-7.68,-6.2,-5.57
2022-03-15,-9.94,-3.2,-6.92
2022-03-16,-6.41,-3.62,-9.18
2022-03-17,-6.41,-3.19,-6.29
2022-03-18,-4.06,-1.02,-7.67
2022-03-21,-4.5,3.35,-4.73
2022-03-22,-2.09,0.79,-6.61
2022-03-23,-5.15,0.33,-6.87
2022-03-24,6.34,-10.93,-8.26
2022-03-25,-1.87,-2.97,-5.89
2022-03-28,0.7,-5.11,-6.17
2022-03-29,9.22,-12.62,-7.38
2022-03-30,4.43,-12.83,-4.66
2022-03-31,4.23,-15.29,-1.87
2022-04-01,10.13,-16.25,-3.67
2022-04-04,13.67,-21.56,-6.1
2022-04-05,10.37,-20.08,-6.35
2022-04-06,-0.42,-14.52,-6.28
2022-04-07,-0.58,-16.5,-3.93
2022-04-08,-1.96,-15.73,-3.28
2022-04-11,-5.57,-7.68,-4.7
2022-04-12,-6.92,-9.94,-0.54
2022-04-13,-9.18,-6.41,-1.06
2022-04-14,-6.29,-6.41,-2.62
2022-04-19,-7.67,-4.06,-3.46
2022-04-20,-4.73,-4.5,-6.26
2022-04-21,-6.61,-2.09,-7.08
2022-04-22,-6.87,-5.15,-3.47
2022-04-25,-8.26,6.34,-3.06
2022-04-26,-5.89,-1.87,-3.47
2022-04-27,-6.17,0.7,-0.96
2022-04-28,-7.38,9.22,-2.31
2022-04-29,-4.66,4.43,-1.61
2022-05-03,-1.87,4.23,-2.79
2022-05-04,-3.67,10.13,-1.14
2022-05-05,-6.1,13.67,3.57
2022-05-06,-6.35,10.37,5.12
2022-05-09,-6.28,-0.42,8.48
2022-05-10,-3.93,-0.58,5.17
2022-05-11,-3.28,-1.96,1.35
2022-05-12,-4.7,-5.57,-0.3
2022-05-13,-0.54,-6.92,-1.16
2022-05-16,-1.06,-9.18,0.89
2022-05-17,-2.62,-6.29,-3.56
2022-05-18,-3.46,-7.67,-3.52
2022-05-19,-6.26,-4.73,0.71
2022-05-20,-7.08,-6.61,-0.37
2022-05-23,-3.47,-6.87,-1.51
2022-05-24,-3.06,-8.26,-3.86
2022-05-25,-3.47,-5.89,-2.01
2022-05-26,-0.96,-6.17,-4.46
2022-05-27,-2.31,-7.38,-3.98
2022-05-30,-1.61,-4.66,-4.72
2022-05-31,-2.79,-1.87,-5.75
2022-06-01,-1.14,-3.67,-6.03
2022-06-06,3.57,-6.1,-6.43
2022-06-07,5.12,-6.35,-9.3
2022-06-08,8.48,-6.28,-10.12
2022-06-09,5.17,-3.93,-5.58
2022-06-10,1.35,-3.28,-3.43
2022-06-13,-0.3,-4.7,-1.91
2022-06-14,-1.16,-0.54,-2.19
2022-06-15,0.89,-1.06,-4.86
2022-06-16,-3.56,-2.62,-2.89
2022-06-17,-3.52,-3.46,-0.85
2022-06-20,0.71,-6.26,-2.19
2022-06-21,-0.37,-7.08,1.45
2022-06-22,-1.51,-3.47,-0.89
2022-06-23,-3.86,-3.06,2.41
2022-06-24,-2.01,-3.47,-0.39
2022-06-27,-4.46,-0.96,1.15
2022-06-28,-3.98,-2.31,0.21
2022-06-29,-4.72,-1.61,5.37
2022-06-30,-5.75,-2.79,4.99
2022-07-01,-6.03,-1.14,6.67
2022-07-04,-6.43,3.57,5.6
2022-07-05,-9.3,5.12,9.79
2022-07-06,-10.12,8.48,11.0
2022-07-07,-5.58,5.17,6.64
2022-07-08,-3.43,1.35,6.42
2022-07-11,-1.91,-0.3,7.69
2022-07-12,-2.19,-1.16,6.06
2022-07-13,-4.86,0.89,8.47
2022-07-14,-2.89,-3.56,11.17
2022-07-15,-0.85,-3.52,8.95
2022-07-18,-2.19,0.71,7.22
2022-07-19,1.45,-0.37,3.77
2022-07-20,-0.89,-1.51,5.36
2022-07-21,2.41,-3.86,5.52
2022-07-22,-0.39,-2.01,3.68
2022-07-25,1.15,-4.46,1.6
2022-07-26,0.21,-3.98,1.93
2022-07-27,5.37,-4.72,-2.65
2022-07-28,4.99,-5.75,-0.23
2022-07-29,6.67,-6.03,-3.47
2022-08-01,5.6,-6.43,-2.91
2022-08-02,9.79,-9.3,-3.35
2022-08-03,11.0,-10.12,-6.83
2022-08-04,6.64,-5.58,-3.06
2022-08-05,6.42,-3.43,-3.25
2022-08-08,7.69,-1.91,-0.02
2022-08-09,6.06,-2.19,-0.71
2022-08-10,8.47,-4.86,-0.53
2022-08-11,11.17,-2.89,0.83
2022-08-12,8.95,-0.85,2.87
2022-08-15,7.22,-2.19,1.31
2022-08-16,3.77,1.45,1.05
2022-08-17,5.36,-0.89,4.02
2022-08-18,5.52,2.41,4.57
2022-08-19,3.68,-0.39,9.33
2022-08-22,1.6,1.15,8.9
2022-08-23,1.93,0.21,8.09
2022-08-24,-2.65,5.37,4.76
2022-08-25,-0.23,4.99,0.88
2022-08-26,-3.47,6.67,-0.87
2022-08-30,-2.91,5.6,-4.34
2022-08-31,-3.35,9.79,-7.2
2022-09-01,-6.83,11.0,-3.07
2022-09-02,-3.06,6.64,-4.44
2022-09-05,-3.25,6.42,-0.76
2022-09-06,-0.02,7.69,-5.26
2022-09-07,-0.71,6.06,-4.79
2022-09-08,-0.53,8.47,-5.64
2022-09-09,0.83,11.17,-8.24
2022-09-12,2.87,8.95,-11.65
2022-09-13,1.31,7.22,-15.88
2022-09-14,1.05,3.77,-9.61
2022-09-15,4.02,5.36,-10.86
2022-09-16,4.57,5.52,-10.75
2022-09-20,9.33,3.68,-13.06
2022-09-21,8.9,1.6,-16.22
2022-09-22,8.09,1.93,-12.34
2022-09-23,4.76,-2.65,-10.47
2022-09-26,0.88,-0.23,-4.85
2022-09-27,-0.87,-3.47,-0.74
2022-09-28,-4.34,-2.91,1.67
2022-09-29,-7.2,-3.35,5.06
2022-09-30,-3.07,-6.83,-0.29
2022-10-03,-4.44,-3.06,0.57
2022-10-04,-0.76,-3.25,-2.11
2022-10-05,-5.26,-0.02,-2.5
2022-10-06,-4.79,-0.71,-0.71
2022-10-07,-5.64,-0.53,0.16
2022-10-10,-8.24,0.83,-0.43
2022-10-11,-11.65,2.87,3.28
2022-10-12,-15.88,1.31,8.88
2022-10-13,-9.61,1.05,3.66
2022-10-14,-10.86,4.02,2.5
2022-10-17,-10.75,4.57,2.18
2022-10-18,-13.06,9.33,2.63
2022-10-19,-16.22,8.9,6.21
2022-10-20,-12.34,8.09,5.66
2022-10-21,-10.47,4.76,9.88
2022-10-24,-4.85,0.88,6.98
2022-10-25,-0.74,-0.87,6.05
2022-10-26,1.67,-4.34,6.91
2022-10-27,5.06,-7.2,7.39
2022-10-28,-0.29,-3.07,12.21
2022-10-31,0.57,-4.44,9.02
2022-11-01,-2.11,-0.76,9.76
2022-11-02,-2.5,-5.26,12.25
2022-11-03,-0.71,-4.79,9.24
2022-11-04,0.16,-5.64,9.12
2022-11-07,-0.43,-8.24,10.4
2022-11-08,3.28,-11.65,8.33
2022-11-09,8.88,-15.88,8.65
2022-11-10,3.66,-9.61,6.0
2022-11-11,2.5,-10.86,6.73
2022-11-14,2.18,-10.75,5.0
2022-11-15,2.63,-13.06,6.06
2022-11-16,6.21,-16.22,7.0
2022-11-17,5.66,-12.34,2.36
2022-11-18,9.88,-10.47,-0.64
2022-11-21,6.98,-4.85,-1.12
2022-11-22,6.05,-0.74,-0.11
2022-11-23,6.91,1.67,1.65
2022-11-24,7.39,5.06,0.35
2022-11-25,12.21,-0.29,-0.6
2022-11-28,9.02,0.57,0.94
2022-11-29,9.76,-2.11,-0.24
2022-11-30,12.25,-2.5,-3.18
2022-12-01,9.24,-0.71,2.17
2022-12-02,9.12,0.16,1.69
2022-12-05,10.4,-0.43,4.16
2022-12-06,8.33,3.28,3.43
2022-12-07,8.65,8.88,4.35
2022-12-08,6.0,3.66,4.64
2022-12-09,6.73,2.5,3.53
2022-12-12,5.0,2.18,6.49
2022-12-13,6.06,2.63,7.01
2022-12-14,7.0,6.21,7.8
2022-12-15,2.36,5.66,8.86
2022-12-16,-0.64,9.88,9.5
2022-12-19,-1.12,6.98,8.47
2022-12-20,-0.11,6.05,8.26
2022-12-21,1.65,6.91,7.72
2022-12-22,0.35,7.39,8.74
2022-12-23,-0.6,12.21,10.69
2022-12-28,0.94,9.02,13.54
2022-12-29,-0.24,9.76,13.78
2022-12-30,-3.18,12.25,16.67
2023-01-03,2.17,9.24,11.56
2023-01-04,1.69,9.12,11.68
2023-01-05,4.16,10.4,10.72
2023-01-06,3.43,8.33,11.08
2023-01-09,4.35,8.65,9.49
2023-01-10,4.64,6.0,11.28
2023-01-11,3.53,6.73,11.58
2023-01-12,6.49,5.0,10.71
2023-01-13,7.01,6.06,7.4
2023-01-16,7.8,7.0,6.67
2023-01-17,8.86,2.36,8.67
2023-01-18,9.5,-0.64,5.88
2023-01-19,8.47,-1.12,8.46
2023-01-20,8.26,-0.11,3.31
2023-01-23,7.72,1.65,3.47
2023-01-24,8.74,0.35,1.68
2023-01-25,10.69,-0.6,0.61
2023-01-26,13.54,0.94,-0.95
2023-01-27,13.78,-0.24,-1.77
2023-01-30,16.67,-3.18,-2.25
2023-01-31,11.56,2.17,0.08
2023-02-01,11.68,1.69,-1.93
2023-02-02,10.72,4.16,-4.02
2023-02-03,11.08,3.43,-2.89
2023-02-06,9.49,4.35,-2.01
2023-02-07,11.28,4.64,-3.93
2023-02-08,11.58,3.53,-3.82
2023-02-09,10.71,6.49,-4.65
2023-02-10,7.4,7.01,-6.59
2023-02-13,6.67,7.8,-11.02
2023-02-14,8.67,8.86,-10.32
2023-02-15,5.88,9.5,-12.16
2023-02-16,8.46,8.47,-10.33
2023-02-17,3.31,8.26,-9.15
2023-02-20,3.47,7.72,-10.55
2023-02-21,1.68,8.74,-5.51
2023-02-22,0.61,10.69,-6.83
2023-02-23,-0.95,13.54,-9.9
2023-02-24,-1.77,13.78,-11.5
2023-02-27,-2.25,16.67,-10.56
2023-02-28,0.08,11.56,-11.82
2023-03-01,-1.93,11.68,-9.3
2023-03-02,-4.02,10.72,-6.95
2023-03-03,-2.89,11.08,-7.96
2023-03-06,-2.01,9.49,-6.82
2023-03-07,-3.93,11.28,-6.33
2023-03-08,-3.82,11.58,-6.14
2023-03-09,-4.65,10.71,-4.74
2023-03-10,-6.59,7.4,-0.7
2023-03-13,-11.02,6.67,5.63
2023-03-14,-10.32,8.67,0.56
2023-03-15,-12.16,5.88,6.37
2023-03-16,-10.33,8.46,2.06
2023-03-17,-9.15,3.31,5.58
2023-03-20,-10.55,3.47,6.85
2023-03-21,-5.51,1.68,1.76
2023-03-22,-6.83,0.61,2.3
2023-03-23,-9.9,-0.95,4.4
2023-03-24,-11.5,-1.77,5.49
2023-03-27,-10.56,-2.25,4.92
2023-03-28,-11.82,0.08,5.22
2023-03-29,-9.3,-1.93,2.27
2023-03-30,-6.95,-4.02,-0.19
2023-03-31,-7.96,-2.89,-3.55
2023-04-03,-6.82,-2.01,-5.99
2023-04-04,-6.33,-3.93,-4.76
2023-04-05,-6.14,-3.82,-4.75
2023-04-06,-4.74,-4.65,-5.81
2023-04-11,-0.7,-6.59,-7.18
2023-04-12,5.63,-11.02,-8.66
2023-04-13,0.56,-10.32,-4.62
2023-04-14,6.37,-12.16,-6.62
2023-04-17,2.06,-10.33,-4.46
2023-04-18,5.58,-9.15,-4.75
2023-04-19,6.85,-10.55,-5.16
2023-04-20,1.76,-5.51,-4.22
2023-04-21,2.3,-6.83,-2.6
2023-04-24,4.4,-9.9,-4.4
2023-04-25,5.49,-11.5,-4.98
2023-04-26,4.92,-10.56,-6.36
2023-04-27,5.22,-11.82,-7.37
2023-04-28,2.27,-9.3,-8.36
2023-05-02,-0.19,-6.95,-6.31
2023-05-03,-3.55,-7.96,-1.17
2023-05-04,-5.99,-6.82,-1.37
2023-05-05,-4.76,-6.33,-1.4
2023-05-09,-4.75,-6.14,-1.34
2023-05-10,-5.81,-4.74,-1.82
2023-05-11,-7.18,-0.7,-1.35
2023-05-12,-8.66,5.63,-1.29
2023-05-15,-4.62,0.56,-2.12
2023-05-16,-6.62,6.37,-0.92
2023-05-17,-4.46,2.06,-2.87
2023-05-18,-4.75,5.58,-3.16
2023-05-19,-5.16,6.85,-3.6
2023-05-22,-4.22,1.76,-4.54
2023-05-23,-2.6,2.3,-8.09
2023-05-24,-4.4,4.4,-8.23
2023-05-25,-4.98,5.49,-7.66
2023-05-26,-6.36,4.92,-7.8
2023-05-30,-7.37,5.22,-6.02
2023-05-31,-8.36,2.27,-3.44
2023-06-01,-6.31,-0.19,-4.25
2023-06-02,-1.17,-3.55,-4.07
2023-06-05,-1.37,-5.99,-1.14
2023-06-06,-1.4,-4.76,-2.86
2023-06-07,-1.34,-4.75,-3.69
2023-06-08,-1.82,-5.81,-4.48
2023-06-09,-1.35,-7.18,-4.77
2023-06-12,-1.29,-8.66,-4.29
2023-06-13,-2.12,-4.62,-4.24
2023-06-14,-0.92,-6.62,-1.66
2023-06-15,-2.87,-4.46,-0.53
2023-06-16,-3.16,-4.75,-1.51
2023-06-19,-3.6,-5.16,-0.44
2023-06-20,-4.54,-4.22,1.96
2023-06-21,-8.09,-2.6,6.74
2023-06-22,-8.23,-4.4,7.97
2023-06-23,-7.66,-4.98,8.34
2023-06-26,-7.8,-6.36,9.72
2023-06-27,-6.02,-7.37,8.47
2023-06-28,-3.44,-8.36,6.28
2023-06-29,-4.25,-6.31,5.33
2023-06-30,-4.07,-1.17,3.53
2023-07-03,-1.14,-1.37,1.63
2023-07-04,-2.86,-1.4,1.05
2023-07-05,-3.69,-1.34,-1.3
2023-07-06,-4.48,-1.82,-0.88
2023-07-07,-4.77,-1.35,0.09
2023-07-10,-4.29,-1.29,0.3
2023-07-11,-4.24,-2.12,-1.57
2023-07-12,-1.66,-0.92,-3.93
2023-07-13,-0.53,-2.87,-3.85
2023-07-14,-1.51,-3.16,-3.18
2023-07-17,-0.44,-3.6,-4.46
2023-07-18,1.96,-4.54,-7.05
2023-07-19,6.74,-8.09,-9.85
2023-07-20,7.97,-8.23,-8.44
2023-07-21,8.34,-7.66,-7.87
2023-07-24,9.72,-7.8,-8.58
2023-07-25,8.47,-6.02,-9.5
2023-07-26,6.28,-3.44,-7.63
2023-07-27,5.33,-4.25,-6.48
2023-07-28,3.53,-4.07,-7.4
2023-07-31,1.63,-1.14,-4.54
2023-08-01,1.05,-2.86,-3.41
2023-08-02,-1.3,-3.69,-2.1
2023-08-03,-0.88,-4.48,-1.86
2023-08-04,0.09,-4.77,-2.71
2023-08-07,0.3,-4.29,-3.27
2023-08-08,-1.57,-4.24,-2.81
2023-08-09,-3.93,-1.66,-4.09
2023-08-10,-3.85,-0.53,-3.86
2023-08-11,-3.18,-1.51,-3.19
2023-08-14,-4.46,-0.44,-0.84
2023-08-15,-7.05,1.96,0.31
2023-08-16,-9.85,6.74,2.71
2023-08-17,-8.44,7.97,1.84
2023-08-18,-7.87,8.34,-0.21
2023-08-21,-8.58,9.72,1.92
2023-08-22,-9.5,8.47,6.81
2023-08-23,-7.63,6.28,6.09
2023-08-24,-6.48,5.33,7.62
2023-08-25,-7.4,3.53,7.08
2023-08-29,-4.54,1.63,4.71
2023-08-30,-3.41,1.05,4.06
2023-08-31,-2.1,-1.3,4.51
2023-09-01,-1.86,-0.88,5.34
2023-09-04,-2.71,0.09,3.1
2023-09-05,-3.27,0.3,2.51
2023-09-06,-2.81,-1.57,2.34
2023-09-07,-4.09,-3.93,2.78
2023-09-08,-3.86,-3.85,3.12
2023-09-11,-3.19,-3.18,1.27
2023-09-12,-0.84,-4.46,2.1
2023-09-13,0.31,-7.05,1.6
2023-09-14,2.71,-9.85,0.44
2023-09-15,1.84,-8.44,0.07
2023-09-18,-0.21,-7.87,3.23
2023-09-19,1.92,-8.58,2.1
2023-09-20,6.81,-9.5,-3.84
2023-09-21,6.09,-7.63,-5.72
2023-09-22,7.62,-6.48,-8.29
2023-09-25,7.08,-7.4,-7.44
2023-09-26,4.71,-4.54,-9.66
2023-09-27,4.06,-3.41,-6.98
2023-09-28,4.51,-2.1,-6.98
2023-09-29,5.34,-1.86,-10.39
2023-10-02,3.1,-2.71,-7.49
2023-10-03,2.51,-3.27,-6.7
2023-10-04,2.34,-2.81,-5.44
2023-10-05,2.78,-4.09,-0.92
2023-10-06,3.12,-3.86,-0.45
2023-10-09,1.27,-3.19,0.05
2023-10-10,2.1,-0.84,-3.04
2023-10-11,1.6,0.31,-2.98
2023-10-12,0.44,2.71,-2.63
2023-10-13,0.07,1.84,-3.42
2023-10-16,3.23,-0.21,-3.42
2023-10-17,2.1,1.92,-3.52
2023-10-18,-3.84,6.81,0.58
2023-10-19,-5.72,6.09,2.15
2023-10-20,-8.29,7.62,4.33
2023-10-23,-7.44,7.08,3.94
2023-10-24,-9.66,4.71,4.85
2023-10-25,-6.98,4.06,2.03
2023-10-26,-6.98,4.51,2.87
2023-10-27,-10.39,5.34,6.82
2023-10-30,-7.49,3.1,5.05
2023-10-31,-6.7,2.51,6.28
2023-11-01,-5.44,2.34,8.22
2023-11-02,-0.92,2.78,4.04
2023-11-03,-0.45,3.12,4.83
2023-11-06,0.05,1.27,7.12
2023-11-07,-3.04,2.1,7.04
2023-11-08,-2.98,1.6,9.1
2023-11-09,-2.63,0.44,8.14
2023-11-10,-3.42,0.07,10.97
2023-11-13,-3.42,3.23,9.76
2023-11-14,-3.52,2.1,8.61
2023-11-15,0.58,-3.84,7.17
2023-11-16,2.15,-5.72,11.13
2023-11-17,4.33,-8.29,8.37
2023-11-20,3.94,-7.44,9.18
2023-11-21,4.85,-9.66,9.8
2023-11-22,2.03,-6.98,12.22
2023-11-23,2.87,-6.98,11.43
2023-11-24,6.82,-10.39,13.12
2023-11-27,5.05,-7.49,14.46
2023-11-28,6.28,-6.7,13.0
2023-11-29,8.22,-5.44,9.8
