Date,% MSCIUK Change,Previous % MSCIUK Change,Next % MSCIUK Change
2017-03-02,1.23,2.56,1.78
2017-03-03,1.78,1.16,1.02
2017-03-06,1.02,0.57,0.73
2017-03-07,0.73,0.8,-0.16
2017-03-08,-0.16,2.04,-0.28
2017-03-09,-0.28,2.0,-0.25
2017-03-10,-0.25,1.73,0.5
2017-03-13,0.5,1.82,-0.91
2017-03-14,-0.91,2.14,0.91
2017-03-15,0.91,1.75,1.63
2017-03-16,1.63,2.47,1.94
2017-03-17,1.94,2.89,1.94
2017-03-20,1.94,2.5,1.53
2017-03-21,1.53,1.84,1.4
2017-03-22,1.4,1.91,0.93
2017-03-23,0.93,1.51,1.53
2017-03-24,1.53,1.11,1.72
2017-03-27,1.72,1.27,1.85
2017-03-28,1.85,2.08,1.5
2017-03-29,1.5,1.94,1.72
2017-03-30,1.72,1.23,1.62
2017-03-31,1.62,1.78,1.67
2017-04-03,1.67,1.02,2.53
2017-04-04,2.53,0.73,2.7
2017-04-05,2.7,-0.16,2.57
2017-04-06,2.57,-0.28,2.02
2017-04-07,2.02,-0.25,1.16
2017-04-10,1.16,0.5,3.25
2017-04-11,3.25,-0.91,1.33
2017-04-12,1.33,0.91,-0.31
2017-04-13,-0.31,1.63,-0.37
2017-04-18,-0.37,1.94,-0.86
2017-04-19,-0.86,1.94,-0.37
2017-04-20,-0.37,1.53,-0.4
2017-04-21,-0.4,1.4,1.38
2017-04-24,1.38,0.93,2.09
2017-04-25,2.09,1.53,1.75
2017-04-26,1.75,1.72,2.18
2017-04-27,2.18,1.85,1.72
2017-04-28,1.72,1.5,2.55
2017-05-02,2.55,1.72,1.81
2017-05-03,1.81,1.62,2.87
2017-05-04,2.87,1.67,4.04
2017-05-05,4.04,2.53,3.93
2017-05-08,3.93,2.7,4.46
2017-05-09,4.46,2.57,5.14
2017-05-10,5.14,2.02,4.79
2017-05-11,4.79,1.16,4.06
2017-05-12,4.06,3.25,4.96
2017-05-15,4.96,1.33,6.69
2017-05-16,6.69,-0.31,5.62
2017-05-17,5.62,-0.37,6.78
2017-05-18,6.78,-0.86,7.5
2017-05-19,7.5,-0.37,7.63
2017-05-22,7.63,-0.4,5.24
2017-05-23,5.24,1.38,4.89
2017-05-24,4.89,2.09,4.95
2017-05-25,4.95,1.75,3.82
2017-05-26,3.82,2.18,4.35
2017-05-30,4.35,1.72,3.72
2017-05-31,3.72,2.55,5.16
2017-06-01,5.16,1.81,4.57
2017-06-02,4.57,2.87,3.06
2017-06-05,3.06,4.04,3.22
2017-06-06,3.22,3.93,2.73
2017-06-07,2.73,4.46,1.71
2017-06-08,1.71,5.14,0.83
2017-06-09,0.83,4.79,-0.12
2017-06-12,-0.12,4.06,-0.09
2017-06-13,-0.09,4.96,-1.3
2017-06-14,-1.3,6.69,-1.48
2017-06-15,-1.48,5.62,-0.73
2017-06-16,-0.73,6.78,-1.55
2017-06-19,-1.55,7.5,-5.28
2017-06-20,-5.28,7.63,-5.07
2017-06-21,-5.07,5.24,-5.26
2017-06-22,-5.26,4.89,-4.89
2017-06-23,-4.89,4.95,-3.86
2017-06-26,-3.86,3.82,-3.97
2017-06-27,-3.97,4.35,-3.29
2017-06-28,-3.29,3.72,-4.42
2017-06-29,-4.42,5.16,-4.22
2017-06-30,-4.22,4.57,-4.06
2017-07-03,-4.06,3.06,-3.78
2017-07-05,-3.78,3.22,-4.27
2017-07-06,-4.27,2.73,-3.91
2017-07-07,-3.91,1.71,-2.98
2017-07-10,-2.98,0.83,-2.91
2017-07-11,-2.91,-0.12,-2.4
2017-07-12,-2.4,-0.09,-1.58
2017-07-13,-1.58,-1.3,0.12
2017-07-14,0.12,-1.48,-1.29
2017-07-17,-1.29,-0.73,-1.46
2017-07-18,-1.46,-1.55,2.7
2017-07-19,2.7,-5.28,3.25
2017-07-20,3.25,-5.07,3.01
2017-07-21,3.01,-5.26,2.12
2017-07-24,2.12,-4.89,2.41
2017-07-25,2.41,-3.86,2.95
2017-07-26,2.95,-3.97,1.58
2017-07-27,1.58,-3.29,1.95
2017-07-28,1.95,-4.42,2.37
2017-07-31,2.37,-4.22,3.06
2017-08-01,3.06,-4.06,3.12
2017-08-02,3.12,-3.78,3.62
2017-08-03,3.62,-4.27,3.59
2017-08-04,3.59,-3.91,3.8
2017-08-07,3.8,-2.98,3.57
2017-08-08,3.57,-2.91,2.51
2017-08-09,2.51,-2.4,0.06
2017-08-10,0.06,-1.58,-1.3
2017-08-11,-1.3,0.12,-0.53
2017-08-14,-0.53,-1.29,-0.86
2017-08-15,-0.86,-1.46,-0.62
2017-08-16,-0.62,2.7,-2.23
2017-08-17,-2.23,3.25,-2.18
2017-08-18,-2.18,3.01,-1.39
2017-08-21,-1.39,2.12,-1.71
2017-08-22,-1.71,2.41,-2.2
2017-08-23,-2.2,2.95,-1.74
2017-08-24,-1.74,1.58,-1.12
2017-08-25,-1.12,1.95,-1.67
2017-08-29,-1.67,2.37,-2.24
2017-08-30,-2.24,3.06,-1.57
2017-08-31,-1.57,3.12,-1.16
2017-09-01,-1.16,3.62,-1.92
2017-09-05,-1.92,3.59,-1.68
2017-09-06,-1.68,3.8,-0.2
2017-09-07,-0.2,3.57,-0.03
2017-09-08,-0.03,2.51,2.5
2017-09-11,2.5,0.06,3.5
2017-09-12,3.5,-1.3,2.23
2017-09-13,2.23,-0.53,3.01
2017-09-14,3.01,-0.86,2.52
2017-09-15,2.52,-0.62,3.79
2017-09-18,3.79,-2.23,4.61
2017-09-19,4.61,-2.18,4.21
2017-09-20,4.21,-1.39,4.02
2017-09-21,4.02,-1.71,4.31
2017-09-22,4.31,-2.2,3.65
2017-09-25,3.65,-1.74,2.83
2017-09-26,2.83,-1.12,3.01
2017-09-27,3.01,-1.67,3.25
2017-09-28,3.25,-2.24,2.98
2017-09-29,2.98,-1.57,2.27
2017-10-02,2.27,-1.16,3.35
2017-10-03,3.35,-1.92,3.04
2017-10-04,3.04,-1.68,1.64
2017-10-05,1.64,-0.2,1.23
2017-10-06,1.23,-0.03,0.78
2017-10-09,0.78,2.5,1.53
2017-10-10,1.53,3.5,2.33
2017-10-11,2.33,2.23,2.12
2017-10-12,2.12,3.01,2.37
2017-10-13,2.37,2.52,2.0
2017-10-16,2.0,3.79,0.98
2017-10-17,0.98,4.61,1.27
2017-10-18,1.27,4.21,0.69
2017-10-19,0.69,4.02,0.4
2017-10-20,0.4,4.31,0.75
2017-10-23,0.75,3.65,0.78
2017-10-24,0.78,2.83,0.75
2017-10-25,0.75,3.01,-0.06
2017-10-26,-0.06,3.25,-0.49
2017-10-27,-0.49,2.98,0.09
2017-10-30,0.09,2.27,0.6
2017-10-31,0.6,3.35,-0.03
2017-11-01,-0.03,3.04,0.37
2017-11-02,0.37,1.64,0.55
2017-11-03,0.55,1.23,0.98
2017-11-06,0.98,0.78,-1.0
2017-11-07,-1.0,1.53,-1.05
2017-11-08,-1.05,2.33,-1.5
2017-11-09,-1.5,2.12,-2.01
2017-11-10,-2.01,2.37,-2.41
2017-11-13,-2.41,2.0,-1.85
2017-11-14,-1.85,0.98,-2.48
2017-11-15,-2.48,1.27,-1.55
2017-11-16,-1.55,0.69,-1.54
2017-11-17,-1.54,0.4,-1.12
2017-11-20,-1.12,0.75,-0.49
2017-11-21,-0.49,0.78,0.2
2017-11-22,0.2,0.75,0.89
2017-11-24,0.89,-0.06,0.23
2017-11-27,0.23,-0.49,0.92
2017-11-28,0.92,0.09,-0.09
2017-11-29,-0.09,0.6,0.43
2017-11-30,0.43,-0.03,0.26
2017-12-01,0.26,0.37,-0.09
2017-12-04,-0.09,0.55,-0.88
2017-12-05,-0.88,0.98,-0.29
2017-12-06,-0.29,-1.0,0.03
2017-12-07,0.03,-1.05,0.98
2017-12-08,0.98,-1.5,1.53
2017-12-11,1.53,-2.01,2.59
2017-12-12,2.59,-2.41,3.08
2017-12-13,3.08,-1.85,3.33
2017-12-14,3.33,-2.48,2.64
2017-12-15,2.64,-1.55,3.69
2017-12-18,3.69,-1.54,1.42
2017-12-19,1.42,-1.12,1.01
2017-12-20,1.01,-0.49,0.92
2017-12-21,0.92,0.2,1.06
2017-12-22,1.06,0.89,2.01
2017-12-27,2.01,0.23,1.42
2017-12-28,1.42,0.92,2.26
2017-12-29,2.26,-0.09,3.23
2018-01-02,3.23,0.43,3.32
2018-01-03,3.32,0.26,4.05
2018-01-04,4.05,-0.09,4.69
2018-01-05,4.69,-0.88,4.72
2018-01-08,4.72,-0.29,4.54
2018-01-09,4.54,0.03,3.68
2018-01-10,3.68,0.98,3.98
2018-01-11,3.98,1.53,5.22
2018-01-12,5.22,2.59,4.48
2018-01-16,4.48,3.08,5.26
2018-01-17,5.26,3.33,5.44
2018-01-18,5.44,2.64,4.42
2018-01-19,4.42,3.69,7.49
2018-01-22,7.49,1.42,7.63
2018-01-23,7.63,1.01,7.41
2018-01-24,7.41,0.92,6.34
2018-01-25,6.34,1.06,6.82
2018-01-26,6.82,2.01,5.25
2018-01-29,5.25,1.42,4.13
2018-01-30,4.13,2.26,2.79
2018-01-31,2.79,3.23,2.96
2018-02-01,2.96,3.32,0.11
2018-02-02,0.11,4.05,-5.08
2018-02-05,-5.08,4.69,-2.89
2018-02-06,-2.89,4.72,-3.96
2018-02-07,-3.96,4.54,-5.64
2018-02-08,-5.64,3.68,-6.26
2018-02-09,-6.26,3.98,-6.58
2018-02-12,-6.58,5.22,-6.29
2018-02-13,-6.29,4.48,-5.16
2018-02-14,-5.16,5.26,-4.27
2018-02-15,-4.27,5.44,-4.48
2018-02-16,-4.48,4.42,-6.3
2018-02-20,-6.3,7.49,-6.67
2018-02-21,-6.67,7.63,-6.9
2018-02-22,-6.9,7.41,-5.48
2018-02-23,-5.48,6.34,-5.68
2018-02-26,-5.68,6.82,-6.11
2018-02-27,-6.11,5.25,-7.05
2018-02-28,-7.05,4.13,-7.72
2018-03-01,-7.72,2.79,-7.51
2018-03-02,-7.51,2.96,-4.6
2018-03-05,-4.6,0.11,0.67
2018-03-06,0.67,-5.08,-1.53
2018-03-07,-1.53,-2.89,-0.34
2018-03-08,-0.34,-3.96,2.27
2018-03-09,2.27,-5.64,2.16
2018-03-12,2.16,-6.26,0.17
2018-03-13,0.17,-6.58,0.23
2018-03-14,0.23,-6.29,-1.53
2018-03-15,-1.53,-5.16,-2.22
2018-03-16,-2.22,-4.27,-2.78
2018-03-19,-2.78,-4.48,-1.87
2018-03-20,-1.87,-6.3,-1.31
2018-03-21,-1.31,-6.67,-3.29
2018-03-22,-3.29,-6.9,-4.48
2018-03-23,-4.48,-5.48,-3.11
2018-03-26,-3.11,-5.68,-2.39
2018-03-27,-2.39,-6.11,-0.2
2018-03-28,-0.2,-7.05,1.34
2018-03-29,1.34,-7.72,0.84
2018-04-03,0.84,-7.51,1.24
2018-04-04,1.24,-4.6,1.73
2018-04-05,1.73,0.67,1.47
2018-04-06,1.47,-1.53,2.01
2018-04-09,2.01,-0.34,2.82
2018-04-10,2.82,2.27,2.8
2018-04-11,2.8,2.16,4.38
2018-04-12,4.38,0.17,4.22
2018-04-13,4.22,0.23,4.05
2018-04-16,4.05,-1.53,4.02
2018-04-17,4.02,-2.22,5.43
2018-04-18,5.43,-2.78,5.18
2018-04-19,5.18,-1.87,4.58
2018-04-20,4.58,-1.31,6.46
2018-04-23,6.46,-3.29,6.66
2018-04-24,6.66,-4.48,4.25
2018-04-25,4.25,-3.11,5.88
2018-04-26,5.88,-2.39,5.03
2018-04-27,5.03,-0.2,4.32
2018-04-30,4.32,1.34,4.07
2018-05-01,4.07,0.84,2.43
2018-05-02,2.43,1.24,1.72
2018-05-03,1.72,1.73,2.27
2018-05-04,2.27,1.47,1.58
2018-05-08,1.58,2.01,1.64
2018-05-09,1.64,2.82,2.0
2018-05-10,2.0,2.8,1.43
2018-05-11,1.43,4.38,1.54
2018-05-14,1.54,4.22,1.52
2018-05-15,1.52,4.05,1.71
2018-05-16,1.71,4.02,1.56
2018-05-17,1.56,5.43,1.57
2018-05-18,1.57,5.18,2.65
2018-05-21,2.65,4.58,2.79
2018-05-22,2.79,6.46,1.6
2018-05-23,1.6,6.66,1.25
2018-05-24,1.25,4.25,-0.44
2018-05-25,-0.44,5.88,-2.04
2018-05-29,-2.04,5.03,-0.25
2018-05-30,-0.25,4.32,-0.11
2018-05-31,-0.11,4.07,1.09
2018-06-01,1.09,2.43,0.75
2018-06-04,0.75,1.72,0.44
2018-06-05,0.44,2.27,1.36
2018-06-06,1.36,1.58,-0.74
2018-06-07,-0.74,1.64,-0.79
2018-06-08,-0.79,2.0,-0.38
2018-06-11,-0.38,1.43,-1.28
2018-06-12,-1.28,1.54,-1.12
2018-06-13,-1.12,1.52,-1.19
2018-06-14,-1.19,1.71,-3.02
2018-06-15,-3.02,1.56,-3.14
2018-06-18,-3.14,1.57,-6.74
2018-06-19,-6.74,2.65,-6.76
2018-06-20,-6.76,2.79,-6.12
2018-06-21,-6.12,1.6,-4.0
2018-06-22,-4.0,1.25,-5.11
2018-06-25,-5.11,-0.44,-3.15
2018-06-26,-3.15,-2.04,-5.25
2018-06-27,-5.25,-0.25,-4.25
2018-06-28,-4.25,-0.11,-4.11
2018-06-29,-4.11,1.09,-5.19
2018-07-02,-5.19,0.75,-4.83
2018-07-03,-4.83,0.44,-4.7
2018-07-05,-4.7,1.36,-3.93
2018-07-06,-3.93,-0.74,-3.24
2018-07-09,-3.24,-0.79,-3.63
2018-07-10,-3.63,-0.38,-4.81
2018-07-11,-4.81,-1.28,-3.63
2018-07-12,-3.63,-1.12,-3.81
2018-07-13,-3.81,-1.19,-3.14
2018-07-16,-3.14,-3.02,-3.13
2018-07-17,-3.13,-3.14,-0.23
2018-07-18,-0.23,-6.74,-0.72
2018-07-19,-0.72,-6.76,0.81
2018-07-20,0.81,-6.12,-1.23
2018-07-23,-1.23,-4.0,1.83
2018-07-24,1.83,-5.11,1.62
2018-07-25,1.62,-3.15,1.31
2018-07-26,1.31,-5.25,0.81
2018-07-27,0.81,-4.25,0.23
2018-07-30,0.23,-4.11,2.15
2018-07-31,2.15,-5.19,0.55
2018-08-01,0.55,-4.83,-1.61
2018-08-02,-1.61,-4.7,-1.32
2018-08-03,-1.32,-3.93,-2.87
2018-08-06,-2.87,-3.24,-2.24
2018-08-07,-2.24,-3.63,-0.12
2018-08-08,-0.12,-4.81,-1.43
2018-08-09,-1.43,-3.63,-3.08
2018-08-10,-3.08,-3.81,-2.78
2018-08-13,-2.78,-3.14,-2.74
2018-08-14,-2.74,-3.13,-4.45
2018-08-15,-4.45,-0.23,-3.28
2018-08-16,-3.28,-0.72,-3.68
2018-08-17,-3.68,0.81,-2.6
2018-08-20,-2.6,-1.23,-3.23
2018-08-21,-3.23,1.83,-2.91
2018-08-22,-2.91,1.62,-3.17
2018-08-23,-3.17,1.31,-2.73
2018-08-24,-2.73,0.81,-2.21
2018-08-28,-2.21,0.23,-2.28
2018-08-29,-2.28,2.15,-2.05
2018-08-30,-2.05,0.55,-2.1
2018-08-31,-2.1,-1.61,-3.33
2018-09-04,-3.33,-1.32,-2.92
2018-09-05,-2.92,-2.87,-4.32
2018-09-06,-4.32,-2.24,-5.18
2018-09-07,-5.18,-0.12,-4.32
2018-09-10,-4.32,-1.43,-2.83
2018-09-11,-2.83,-3.08,-2.04
2018-09-12,-2.04,-2.78,-1.28
2018-09-13,-1.28,-2.74,0.54
2018-09-14,0.54,-4.45,-0.12
2018-09-17,-0.12,-3.28,-0.12
2018-09-18,-0.12,-3.68,-0.33
2018-09-19,-0.33,-2.6,0.95
2018-09-20,0.95,-3.23,0.38
2018-09-21,0.38,-2.91,1.46
2018-09-24,1.46,-3.17,1.74
2018-09-25,1.74,-2.73,0.97
2018-09-26,0.97,-2.21,0.41
2018-09-27,0.41,-2.28,0.47
2018-09-28,0.47,-2.05,1.55
2018-10-01,1.55,-2.1,1.71
2018-10-02,1.71,-3.33,2.44
2018-10-03,2.44,-2.92,2.21
2018-10-04,2.21,-4.32,2.26
2018-10-05,2.26,-5.18,0.67
2018-10-08,0.67,-4.32,0.7
2018-10-09,0.7,-2.83,-1.24
2018-10-10,-1.24,-2.04,-3.09
2018-10-11,-3.09,-1.28,-2.88
2018-10-12,-2.88,0.54,-3.0
2018-10-15,-3.0,-0.12,-2.42
2018-10-16,-2.42,-0.12,-3.57
2018-10-17,-3.57,-0.33,-6.55
2018-10-18,-6.55,0.95,-5.65
2018-10-19,-5.65,0.38,-6.07
2018-10-22,-6.07,1.46,-7.35
2018-10-23,-7.35,1.74,-9.53
2018-10-24,-9.53,0.97,-8.85
2018-10-25,-8.85,0.41,-8.56
2018-10-26,-8.56,0.47,-8.42
2018-10-29,-8.42,1.55,-7.2
2018-10-30,-7.2,1.71,-6.58
2018-10-31,-6.58,2.44,-3.88
2018-11-01,-3.88,2.21,-3.79
2018-11-02,-3.79,2.26,-2.41
2018-11-05,-2.41,0.67,-2.47
2018-11-06,-2.47,0.7,0.43
2018-11-07,0.43,-1.24,1.21
2018-11-08,1.21,-3.09,0.19
2018-11-09,0.19,-2.88,-1.64
2018-11-12,-1.64,-3.0,-2.05
2018-11-13,-2.05,-2.42,-1.17
2018-11-14,-1.17,-3.57,-0.22
2018-11-15,-0.22,-6.55,-1.58
2018-11-16,-1.58,-5.65,-1.34
2018-11-19,-1.34,-6.07,-2.32
2018-11-20,-2.32,-7.35,1.7
2018-11-21,1.7,-9.53,-0.38
2018-11-23,-0.38,-8.85,1.89
2018-11-26,1.89,-8.56,1.02
2018-11-27,1.02,-8.42,1.53
2018-11-28,1.53,-7.2,-0.41
2018-11-29,-0.41,-6.58,-3.11
2018-11-30,-3.11,-3.88,-1.64
2018-12-03,-1.64,-3.79,-4.28
2018-12-04,-4.28,-2.41,-5.77
2018-12-06,-5.77,-2.47,-7.9
2018-12-07,-7.9,0.43,-8.27
2018-12-10,-8.27,1.21,-7.26
2018-12-11,-7.26,0.19,-3.9
2018-12-12,-3.9,-1.64,-4.53
2018-12-13,-4.53,-2.05,-6.02
2018-12-14,-6.02,-1.17,-6.34
2018-12-17,-6.34,-0.22,-8.07
2018-12-18,-8.07,-1.58,-8.1
2018-12-19,-8.1,-1.34,-6.71
2018-12-20,-6.71,-2.32,-9.0
2018-12-21,-9.0,1.7,-8.7
2018-12-24,-8.7,-0.38,-8.78
2018-12-27,-8.78,1.89,-6.85
2018-12-28,-6.85,1.02,-8.14
2018-12-31,-8.14,1.53,-7.42
2019-01-02,-7.42,-0.41,-7.25
2019-01-03,-7.25,-3.11,-5.58
2019-01-04,-5.58,-1.64,-3.51
2019-01-07,-3.51,-4.28,-1.34
2019-01-08,-1.34,-5.77,0.43
2019-01-09,0.43,-7.9,2.07
2019-01-10,2.07,-8.27,1.8
2019-01-11,1.8,-7.26,-0.59
2019-01-14,-0.59,-3.9,-0.07
2019-01-15,-0.07,-4.53,1.0
2019-01-16,1.0,-6.02,2.78
2019-01-17,2.78,-6.34,6.21
2019-01-18,6.21,-8.07,5.37
2019-01-22,5.37,-8.1,6.06
2019-01-23,6.06,-6.71,6.49
2019-01-24,6.49,-9.0,8.19
2019-01-25,8.19,-8.7,5.79
2019-01-28,5.79,-8.78,5.14
2019-01-29,5.14,-6.85,6.64
2019-01-30,6.64,-8.14,7.36
2019-01-31,7.36,-7.42,8.4
2019-02-01,8.4,-7.25,5.77
2019-02-04,5.77,-5.58,6.71
2019-02-05,6.71,-3.51,5.67
2019-02-06,5.67,-1.34,4.21
2019-02-07,4.21,0.43,3.7
2019-02-08,3.7,2.07,3.04
2019-02-11,3.04,1.8,4.48
2019-02-12,4.48,-0.59,4.19
2019-02-13,4.19,-0.07,4.5
2019-02-14,4.5,1.0,5.02
2019-02-15,5.02,2.78,4.62
2019-02-19,4.62,6.21,6.44
2019-02-20,6.44,5.37,5.0
2019-02-21,5.0,6.06,5.77
2019-02-22,5.77,6.49,5.11
2019-02-25,5.11,8.19,6.78
2019-02-26,6.78,5.79,5.92
2019-02-27,5.92,5.14,4.06
2019-02-28,4.06,6.64,3.62
2019-03-01,3.62,7.36,3.01
2019-03-04,3.01,8.4,3.28
2019-03-05,3.28,5.77,2.5
2019-03-06,2.5,6.71,1.79
2019-03-07,1.79,5.67,1.83
2019-03-08,1.83,4.21,2.78
2019-03-11,2.78,3.7,3.21
2019-03-12,3.21,3.04,3.88
2019-03-13,3.88,4.48,3.99
2019-03-14,3.99,4.19,5.09
2019-03-15,5.09,4.5,4.28
2019-03-18,4.28,5.02,3.95
2019-03-19,3.95,4.62,2.98
2019-03-20,2.98,6.44,3.46
2019-03-21,3.46,5.0,1.54
2019-03-22,1.54,5.77,1.32
2019-03-25,1.32,5.11,0.92
2019-03-26,0.92,6.78,1.31
2019-03-27,1.31,5.92,1.14
2019-03-28,1.14,4.06,1.16
2019-03-29,1.16,3.62,2.76
2019-04-01,2.76,3.01,2.78
2019-04-02,2.78,3.28,3.27
2019-04-03,3.27,2.5,4.01
2019-04-04,4.01,1.79,4.68
2019-04-05,4.68,1.83,3.96
2019-04-08,3.96,2.78,3.57
2019-04-09,3.57,3.21,2.49
2019-04-10,2.49,3.88,2.03
2019-04-11,2.03,3.99,1.56
2019-04-12,1.56,5.09,0.95
2019-04-15,0.95,4.28,0.59
2019-04-16,0.59,3.95,1.16
2019-04-17,1.16,2.98,0.99
2019-04-18,0.99,3.46,2.73
2019-04-23,2.73,1.54,2.07
2019-04-24,2.07,1.32,1.24
2019-04-25,1.24,0.92,1.12
2019-04-26,1.12,1.31,1.97
2019-04-29,1.97,1.14,2.27
2019-04-30,2.27,1.16,-0.21
2019-05-01,-0.21,2.76,-0.89
2019-05-02,-0.89,2.78,0.09
2019-05-03,0.09,3.27,-2.34
2019-05-07,-2.34,4.01,-2.51
2019-05-08,-2.51,4.68,-2.89
2019-05-09,-2.89,3.96,-1.99
2019-05-10,-1.99,3.57,-4.2
2019-05-13,-4.2,2.49,-3.23
2019-05-14,-3.23,2.03,-3.59
2019-05-15,-3.59,1.56,-3.01
2019-05-16,-3.01,0.95,-3.51
2019-05-17,-3.51,0.59,-4.13
2019-05-20,-4.13,1.16,-3.25
2019-05-21,-3.25,0.99,-4.16
2019-05-22,-4.16,2.73,-4.61
2019-05-23,-4.61,2.07,-3.2
2019-05-24,-3.2,1.24,-4.3
2019-05-28,-4.3,1.12,-5.27
2019-05-29,-5.27,1.97,-5.42
2019-05-30,-5.42,2.27,-5.06
2019-05-31,-5.06,-0.21,-4.74
2019-06-03,-4.74,-0.89,-5.14
2019-06-04,-5.14,0.09,-2.52
2019-06-05,-2.52,-2.34,-1.79
2019-06-06,-1.79,-2.51,-0.4
2019-06-07,-0.4,-2.89,-0.61
2019-06-10,-0.61,-1.99,1.89
2019-06-11,1.89,-4.2,0.21
2019-06-12,0.21,-3.23,0.12
2019-06-13,0.12,-3.59,-1.28
2019-06-14,-1.28,-3.01,-3.37
2019-06-17,-3.37,-3.51,-1.75
2019-06-18,-1.75,-4.13,-1.99
2019-06-19,-1.99,-3.25,-0.49
2019-06-20,-0.49,-4.16,0.34
2019-06-21,0.34,-4.61,-0.46
2019-06-24,-0.46,-3.2,0.12
2019-06-25,0.12,-4.3,1.04
2019-06-26,1.04,-5.27,0.5
2019-06-27,0.5,-5.42,1.99
2019-06-28,1.99,-5.06,2.27
2019-07-01,2.27,-4.74,1.46
2019-07-02,1.46,-5.14,2.12
2019-07-03,2.12,-2.52,0.19
2019-07-05,0.19,-1.79,-1.28
2019-07-08,-1.28,-0.4,-1.95
2019-07-09,-1.95,-0.61,-2.15
2019-07-10,-2.15,1.89,-1.38
2019-07-11,-1.38,0.21,-1.53
2019-07-12,-1.53,0.12,-0.74
2019-07-15,-0.74,-1.28,1.52
2019-07-16,1.52,-3.37,0.13
2019-07-17,0.13,-1.75,0.31
2019-07-18,0.31,-1.99,-0.56
2019-07-19,-0.56,-0.49,-0.16
2019-07-22,-0.16,0.34,-0.09
2019-07-23,-0.09,-0.46,-0.06
2019-07-24,-0.06,0.12,-1.03
2019-07-25,-1.03,1.04,-0.16
2019-07-26,-0.16,0.5,-0.56
2019-07-29,-0.56,1.99,-2.16
2019-07-30,-2.16,2.27,-3.25
2019-07-31,-3.25,1.46,-4.91
2019-08-01,-4.91,2.12,-5.27
2019-08-02,-5.27,0.19,-7.58
2019-08-05,-7.58,-1.28,-6.84
2019-08-06,-6.84,-1.95,-6.82
2019-08-07,-6.82,-2.15,-5.95
2019-08-08,-5.95,-1.38,-6.73
2019-08-09,-6.73,-1.53,-7.32
2019-08-12,-7.32,-0.74,-6.11
2019-08-13,-6.11,1.52,-8.13
2019-08-14,-8.13,0.13,-8.24
2019-08-15,-8.24,0.31,-7.19
2019-08-16,-7.19,-0.56,-6.51
2019-08-19,-6.51,-0.16,-7.48
2019-08-20,-7.48,-0.09,-6.39
2019-08-21,-6.39,-0.06,-5.31
2019-08-22,-5.31,-1.03,-7.02
2019-08-23,-7.02,-0.16,-6.91
2019-08-27,-6.91,-0.56,-5.73
2019-08-28,-5.73,-2.16,-4.34
2019-08-29,-4.34,-3.25,-2.66
2019-08-30,-2.66,-4.91,-1.27
2019-09-03,-1.27,-5.27,3.18
2019-09-04,3.18,-7.58,3.17
2019-09-05,3.17,-6.84,3.06
2019-09-06,3.06,-6.82,1.81
2019-09-09,1.81,-5.95,3.32
2019-09-10,3.32,-6.73,4.82
2019-09-11,4.82,-7.32,4.12
2019-09-12,4.12,-6.11,7.59
2019-09-13,7.59,-8.13,6.51
2019-09-16,6.51,-8.24,6.04
2019-09-17,6.04,-7.19,5.03
2019-09-18,5.03,-6.51,6.31
2019-09-19,6.31,-7.48,5.02
2019-09-20,5.02,-6.39,4.58
2019-09-23,4.58,-5.31,4.97
2019-09-24,4.97,-7.02,4.11
2019-09-25,4.11,-6.91,4.81
2019-09-26,4.81,-5.73,4.04
2019-09-27,4.04,-4.34,3.59
2019-09-30,3.59,-2.66,2.51
2019-10-01,2.51,-1.27,-2.08
2019-10-02,-2.08,3.18,-1.78
2019-10-03,-1.78,3.17,-1.26
2019-10-04,-1.26,3.06,-1.1
2019-10-07,-1.1,1.81,-2.96
2019-10-08,-2.96,3.32,-3.29
2019-10-09,-3.29,4.82,-1.95
2019-10-10,-1.95,4.12,0.03
2019-10-11,0.03,7.59,-0.16
2019-10-14,-0.16,6.51,0.73
2019-10-15,0.73,6.04,0.86
2019-10-16,0.86,5.03,1.01
2019-10-17,1.01,6.31,1.39
2019-10-18,1.39,5.02,2.0
2019-10-21,2.0,4.58,2.65
2019-10-22,2.65,4.97,4.01
2019-10-23,4.01,4.11,3.57
2019-10-24,3.57,4.81,3.41
2019-10-25,3.41,4.04,3.72
2019-10-28,3.72,3.59,4.54
2019-10-29,4.54,2.51,8.38
2019-10-30,8.38,-2.08,7.15
2019-10-31,7.15,-1.78,6.83
2019-11-01,6.83,-1.26,7.4
2019-11-04,7.4,-1.1,8.98
2019-11-05,8.98,-2.96,8.45
2019-11-06,8.45,-3.29,6.7
2019-11-07,6.7,-1.95,3.03
2019-11-08,3.03,0.03,3.89
2019-11-11,3.89,-0.16,2.61
2019-11-12,2.61,0.73,2.61
2019-11-13,2.61,0.86,1.72
2019-11-14,1.72,1.01,2.0
2019-11-15,2.0,1.39,1.87
2019-11-18,1.87,2.0,2.09
2019-11-19,2.09,2.65,0.12
2019-11-20,0.12,4.01,-0.34
2019-11-21,-0.34,3.57,0.43
2019-11-22,0.43,3.41,1.38
2019-11-25,1.38,3.72,1.48
2019-11-26,1.48,4.54,1.44
2019-11-27,1.44,8.38,1.23
2019-11-29,1.23,7.15,0.06
2019-12-02,0.06,6.83,-1.55
2019-12-03,-1.55,7.4,-0.73
2019-12-04,-0.73,8.98,-1.0
2019-12-05,-1.0,8.45,0.34
2019-12-06,0.34,6.7,0.98
2019-12-09,0.98,3.03,1.01
2019-12-10,1.01,3.89,1.01
2019-12-11,1.01,2.61,1.78
2019-12-12,1.78,2.61,4.73
2019-12-13,4.73,1.72,4.78
2019-12-16,4.78,2.0,2.63
2019-12-17,2.63,1.87,2.65
2019-12-18,2.65,2.09,3.39
2019-12-19,3.39,0.12,3.42
2019-12-20,3.42,-0.34,3.07
2019-12-23,3.07,0.43,1.91
2019-12-24,1.91,1.38,3.06
2019-12-27,3.06,1.48,1.87
2019-12-30,1.87,1.44,3.55
2019-12-31,3.55,1.23,4.43
2020-01-02,4.43,0.06,4.74
2020-01-03,4.74,-1.55,4.32
2020-01-06,4.32,-0.73,4.03
2020-01-07,4.03,-1.0,2.92
2020-01-08,2.92,0.34,2.92
2020-01-09,2.92,0.98,2.13
2020-01-10,2.13,1.01,2.21
2020-01-13,2.21,1.01,1.93
2020-01-14,1.93,1.78,-0.76
2020-01-15,-0.76,4.73,-0.7
2020-01-16,-0.7,4.78,1.46
2020-01-17,1.46,2.63,0.27
2020-01-21,0.27,2.65,0.98
2020-01-22,0.98,3.39,0.63
2020-01-23,0.63,3.42,0.18
2020-01-24,0.18,3.07,-2.17
2020-01-27,-2.17,1.91,-2.35
2020-01-28,-2.35,3.06,-1.92
2020-01-29,-1.92,1.87,-2.82
2020-01-30,-2.82,3.55,-4.42
2020-01-31,-4.42,4.43,-4.28
2020-02-03,-4.28,4.74,-3.38
2020-02-04,-3.38,4.32,-2.16
2020-02-05,-2.16,4.03,-2.51
2020-02-06,-2.51,2.92,-3.69
2020-02-07,-3.69,2.92,-2.62
2020-02-10,-2.62,2.13,-2.08
2020-02-11,-2.08,2.21,-1.68
2020-02-12,-1.68,1.93,-2.28
2020-02-13,-2.28,-0.76,-3.06
2020-02-14,-3.06,-0.7,-3.43
2020-02-17,-3.43,1.46,-2.88
2020-02-18,-2.88,0.27,-2.95
2020-02-19,-2.95,0.98,-2.94
2020-02-20,-2.94,0.63,-2.85
2020-02-21,-2.85,0.18,-4.76
2020-02-24,-4.76,-2.17,-7.44
2020-02-25,-7.44,-2.35,-7.63
2020-02-26,-7.63,-1.92,-11.07
2020-02-27,-11.07,-2.82,-10.23
2020-02-28,-10.23,-4.42,-8.83
2020-03-02,-8.83,-4.28,-11.37
2020-03-03,-11.37,-3.38,-8.37
2020-03-04,-8.37,-2.16,-10.78
2020-03-05,-10.78,-2.51,-11.31
2020-03-06,-11.31,-3.69,-19.97
2020-03-09,-19.97,-2.62,-17.6
2020-03-10,-17.6,-2.08,-23.05
2020-03-11,-23.05,-1.68,-30.33
2020-03-12,-30.33,-2.28,-27.04
2020-03-13,-27.04,-3.06,-35.78
2020-03-16,-35.78,-3.43,-32.69
2020-03-17,-32.69,-2.88,-38.42
2020-03-18,-38.42,-2.95,-37.05
2020-03-19,-37.05,-2.94,-38.65
2020-03-20,-38.65,-2.85,-37.35
2020-03-23,-37.35,-4.76,-28.59
2020-03-24,-28.59,-7.44,-25.43
2020-03-25,-25.43,-7.63,-17.68
2020-03-26,-17.68,-11.07,-20.31
2020-03-27,-20.31,-10.23,-19.51
2020-03-30,-19.51,-8.83,-18.11
2020-03-31,-18.11,-11.37,-25.06
2020-04-01,-25.06,-8.37,-21.05
2020-04-02,-21.05,-10.78,-22.08
2020-04-03,-22.08,-11.31,-10.11
2020-04-06,-10.11,-19.97,-12.83
2020-04-07,-12.83,-17.6,-5.78
2020-04-08,-5.78,-23.05,8.46
2020-04-09,8.46,-30.33,3.79
2020-04-14,3.79,-27.04,12.96
2020-04-15,12.96,-35.78,8.98
2020-04-16,8.98,-32.69,22.78
2020-04-17,22.78,-38.42,18.1
2020-04-20,18.1,-37.05,18.0
2020-04-21,18.0,-38.65,23.3
2020-04-22,23.3,-37.35,10.9
2020-04-23,10.9,-28.59,7.18
2020-04-24,7.18,-25.43,2.56
2020-04-27,2.56,-17.68,7.67
2020-04-28,7.67,-20.31,9.38
2020-04-29,9.38,-19.51,5.74
2020-04-30,5.74,-18.11,8.18
2020-05-01,8.18,-25.06,6.28
2020-05-04,6.28,-21.05,9.71
2020-05-05,9.71,-22.08,4.24
2020-05-06,4.24,-10.11,5.02
2020-05-07,5.02,-12.83,4.19
2020-05-11,4.19,-5.78,-0.52
2020-05-12,-0.52,8.46,-1.76
2020-05-13,-1.76,3.79,1.34
2020-05-14,1.34,12.96,0.58
2020-05-15,0.58,8.98,1.73
2020-05-18,1.73,22.78,2.05
2020-05-19,2.05,18.1,7.1
2020-05-20,7.1,18.0,3.84
2020-05-21,3.84,23.3,2.84
2020-05-22,2.84,10.9,4.21
2020-05-26,4.21,7.18,3.82
2020-05-27,3.82,2.56,3.54
2020-05-28,3.54,7.67,-1.04
2020-05-29,-1.04,9.38,4.71
2020-06-01,4.71,5.74,8.78
2020-06-02,8.78,8.18,11.09
2020-06-03,11.09,6.28,10.23
2020-06-04,10.23,9.71,13.52
2020-06-05,13.52,4.24,13.65
2020-06-08,13.65,5.02,9.47
2020-06-09,9.47,4.19,10.58
2020-06-10,10.58,-0.52,4.9
2020-06-11,4.9,-1.76,8.43
2020-06-12,8.43,1.34,7.74
2020-06-15,7.74,0.58,4.35
2020-06-16,4.35,1.73,5.76
2020-06-17,5.76,2.05,2.45
2020-06-18,2.45,7.1,2.86
2020-06-19,2.86,3.84,4.88
2020-06-22,4.88,2.84,3.57
2020-06-23,3.57,4.21,-1.28
2020-06-24,-1.28,3.82,-0.27
2020-06-25,-0.27,3.54,-0.97
2020-06-26,-0.97,-1.04,-2.57
2020-06-29,-2.57,4.71,-3.7
2020-06-30,-3.7,8.78,-5.5
2020-07-01,-5.5,11.09,-4.14
2020-07-02,-4.14,10.23,-5.27
2020-07-06,-5.27,13.52,-8.41
2020-07-07,-8.41,13.65,-4.54
2020-07-08,-4.54,9.47,-6.33
2020-07-09,-6.33,10.58,1.4
2020-07-10,1.4,4.9,-1.87
2020-07-13,-1.87,8.43,0.54
2020-07-14,0.54,7.74,1.02
2020-07-15,1.02,4.35,0.65
2020-07-16,0.65,5.76,2.43
2020-07-17,2.43,2.45,2.82
2020-07-20,2.82,2.86,1.75
2020-07-21,1.75,4.88,0.61
2020-07-22,0.61,3.57,3.41
2020-07-23,3.41,-1.28,1.19
2020-07-24,1.19,-0.27,4.0
2020-07-27,4.0,-0.97,2.83
2020-07-28,2.83,-2.57,4.23
2020-07-29,4.23,-3.7,2.04
2020-07-30,2.04,-5.5,-0.8
2020-07-31,-0.8,-4.14,-0.04
2020-08-03,-0.04,-5.27,2.24
2020-08-04,2.24,-8.41,1.71
2020-08-05,1.71,-4.54,3.65
2020-08-06,3.65,-6.33,1.77
2020-08-07,1.77,1.4,3.53
2020-08-10,3.53,-1.87,2.48
2020-08-11,2.48,0.54,2.85
2020-08-12,2.85,1.02,2.61
2020-08-13,2.61,0.65,0.79
2020-08-14,0.79,2.43,1.47
2020-08-17,1.47,2.82,1.24
2020-08-18,1.24,1.75,0.94
2020-08-19,0.94,0.61,1.55
2020-08-20,1.55,3.41,0.91
2020-08-21,0.91,1.19,1.62
2020-08-24,1.62,4.0,1.13
2020-08-25,1.13,2.83,0.34
2020-08-26,0.34,4.23,0.91
2020-08-27,0.91,2.04,3.82
2020-08-28,3.82,-0.8,0.11
2020-09-01,0.11,-0.04,1.21
2020-09-02,1.21,2.24,-2.4
2020-09-03,-2.4,1.71,-1.99
2020-09-04,-1.99,3.65,-2.49
2020-09-08,-2.49,1.77,-1.09
2020-09-09,-1.09,3.53,-4.1
2020-09-10,-4.1,2.48,-5.18
2020-09-11,-5.18,2.85,-3.8
2020-09-14,-3.8,2.61,-1.53
2020-09-15,-1.53,0.79,-1.78
2020-09-16,-1.78,1.47,-2.18
2020-09-17,-2.18,1.24,-2.68
2020-09-18,-2.68,0.94,-5.86
2020-09-21,-5.86,1.55,-4.6
2020-09-22,-4.6,0.91,-6.8
2020-09-23,-6.8,1.62,-6.42
2020-09-24,-6.42,1.13,-6.38
2020-09-25,-6.38,0.34,-3.78
2020-09-28,-3.78,0.91,-5.13
2020-09-29,-5.13,3.82,-3.56
2020-09-30,-3.56,0.11,-4.81
2020-10-01,-4.81,1.21,-1.27
2020-10-02,-1.27,-2.4,-0.34
2020-10-05,-0.34,-1.99,-0.66
2020-10-06,-0.66,-2.49,-1.97
2020-10-07,-1.97,-1.09,1.55
2020-10-08,1.55,-4.1,1.46
2020-10-09,1.46,-5.18,1.38
2020-10-12,1.38,-3.8,-1.55
2020-10-13,-1.55,-1.53,-2.49
2020-10-14,-2.49,-1.78,-3.82
2020-10-15,-3.82,-2.18,-1.69
2020-10-16,-1.69,-2.68,0.83
2020-10-19,0.83,-5.86,1.11
2020-10-20,1.11,-4.6,1.39
2020-10-21,1.39,-6.8,1.76
2020-10-22,1.76,-6.42,2.18
2020-10-23,2.18,-6.38,-1.25
2020-10-26,-1.25,-3.78,-1.61
2020-10-27,-1.61,-5.13,-5.22
2020-10-28,-5.22,-3.56,-4.46
2020-10-29,-4.46,-4.81,-5.44
2020-10-30,-5.44,-1.27,-5.56
2020-11-02,-5.56,-0.34,-1.44
2020-11-03,-1.44,-0.66,-1.2
2020-11-04,-1.2,-1.97,-0.38
2020-11-05,-0.38,1.55,-1.02
2020-11-06,-1.02,1.46,3.29
2020-11-09,3.29,1.38,8.23
2020-11-10,8.23,-1.55,10.01
2020-11-11,10.01,-2.49,9.68
2020-11-12,9.68,-3.82,10.28
2020-11-13,10.28,-1.69,12.94
2020-11-16,12.94,0.83,11.58
2020-11-17,11.58,1.11,11.43
2020-11-18,11.43,1.39,12.11
2020-11-19,12.11,1.76,10.9
2020-11-20,10.9,2.18,12.81
2020-11-23,12.81,-1.25,16.12
2020-11-24,16.12,-1.61,19.91
2020-11-25,19.91,-5.22,18.61
2020-11-27,18.61,-4.46,16.11
2020-11-30,16.11,-5.44,18.16
2020-12-01,18.16,-5.56,15.29
2020-12-02,15.29,-1.44,15.66
2020-12-03,15.66,-1.2,14.68
2020-12-04,14.68,-0.38,13.26
2020-12-07,13.26,-1.02,8.64
2020-12-08,8.64,3.29,5.94
2020-12-09,5.94,8.23,4.36
2020-12-10,4.36,10.01,5.34
2020-12-11,5.34,9.68,2.33
2020-12-14,2.33,10.28,2.37
2020-12-15,2.37,12.94,3.89
2020-12-16,3.89,11.58,4.8
2020-12-17,4.8,11.43,2.73
2020-12-18,2.73,12.11,1.05
2020-12-21,1.05,10.9,0.66
2020-12-22,0.66,12.81,0.65
2020-12-23,0.65,16.12,1.59
2020-12-24,1.59,19.91,2.56
2020-12-29,2.56,18.61,4.81
2020-12-30,4.81,16.11,0.69
2020-12-31,0.69,18.16,1.71
2021-01-04,1.71,15.29,2.03
2021-01-05,2.03,15.66,4.02
2021-01-06,4.02,14.68,5.04
2021-01-07,5.04,13.26,5.29
2021-01-08,5.29,8.64,3.02
2021-01-11,3.02,5.94,3.94
2021-01-12,3.94,4.36,4.6
2021-01-13,4.6,5.34,7.35
2021-01-14,7.35,2.33,3.95
2021-01-15,3.95,2.37,3.58
2021-01-19,3.58,3.89,3.97
2021-01-20,3.97,4.8,5.24
2021-01-21,5.24,2.73,6.02
2021-01-22,6.02,1.05,5.93
2021-01-25,5.93,0.66,4.19
2021-01-26,4.19,0.65,1.53
2021-01-27,1.53,1.59,1.01
2021-01-28,1.01,2.56,-1.35
2021-01-29,-1.35,4.81,1.02
2021-02-01,1.02,0.69,0.3
2021-02-02,0.3,1.71,-1.39
2021-02-03,-1.39,2.03,-4.48
2021-02-04,-4.48,4.02,-4.03
2021-02-05,-4.03,5.04,-4.19
2021-02-08,-4.19,5.29,-1.73
2021-02-09,-1.73,3.02,-2.59
2021-02-10,-2.59,3.94,-1.99
2021-02-11,-1.99,4.6,-1.8
2021-02-12,-1.8,7.35,2.45
2021-02-16,2.45,3.95,1.56
2021-02-17,1.56,3.58,0.32
2021-02-18,0.32,3.97,0.16
2021-02-19,0.16,5.24,1.31
2021-02-22,1.31,6.02,2.72
2021-02-23,2.72,5.93,3.37
2021-02-24,3.37,4.19,3.75
2021-02-25,3.75,1.53,1.3
2021-02-26,1.3,1.01,5.65
2021-03-01,5.65,-1.35,4.97
2021-03-02,4.97,1.02,4.47
2021-03-03,4.47,0.3,3.9
2021-03-04,3.9,-1.39,5.46
2021-03-05,5.46,-4.48,4.7
2021-03-08,4.7,-4.03,4.97
2021-03-09,4.97,-4.19,4.71
2021-03-10,4.71,-1.73,5.25
2021-03-11,5.25,-2.59,5.85
2021-03-12,5.85,-1.99,3.83
2021-03-15,3.83,-1.8,1.57
2021-03-16,1.57,2.45,2.18
2021-03-17,2.18,1.56,1.71
2021-03-18,1.71,0.32,1.36
2021-03-19,1.36,0.16,1.03
2021-03-22,1.03,1.31,-1.56
2021-03-23,-1.56,2.72,-2.5
2021-03-24,-2.5,3.37,0.26
2021-03-25,0.26,3.75,3.92
2021-03-26,3.92,1.3,2.01
2021-03-29,2.01,5.65,1.19
2021-03-30,1.19,4.97,0.68
2021-03-31,0.68,4.47,2.56
2021-04-01,2.56,3.9,1.89
2021-04-06,1.89,5.46,2.6
2021-04-07,2.6,4.7,2.45
2021-04-08,2.45,4.97,1.65
2021-04-09,1.65,4.71,1.17
2021-04-12,1.17,5.25,0.47
2021-04-13,0.47,5.85,1.73
2021-04-14,1.73,3.83,2.55
2021-04-15,2.55,1.57,2.98
2021-04-16,2.98,2.18,4.76
2021-04-19,4.76,1.71,3.22
2021-04-20,3.22,1.36,4.18
2021-04-21,4.18,1.03,4.5
2021-04-22,4.5,-1.56,5.25
2021-04-23,5.25,-2.5,5.02
2021-04-26,5.02,0.26,3.39
2021-04-27,3.39,3.92,4.16
2021-04-28,4.16,2.01,4.55
2021-04-29,4.55,1.19,3.9
2021-04-30,3.9,0.68,3.13
2021-05-04,3.13,2.56,4.08
2021-05-05,4.08,1.89,4.44
2021-05-06,4.44,2.6,5.22
2021-05-07,5.22,2.45,5.64
2021-05-10,5.64,1.65,4.34
2021-05-11,4.34,1.17,4.03
2021-05-12,4.03,0.47,3.38
2021-05-13,3.38,1.73,3.8
2021-05-14,3.8,2.55,3.54
2021-05-17,3.54,2.98,2.39
2021-05-18,2.39,4.76,3.43
2021-05-19,3.43,3.22,3.92
2021-05-20,3.92,4.18,4.77
2021-05-21,4.77,4.5,4.56
2021-05-24,4.56,5.25,3.28
2021-05-25,3.28,5.02,3.25
2021-05-26,3.25,3.39,3.29
2021-05-27,3.29,4.16,2.83
2021-05-28,2.83,4.55,4.64
2021-06-01,4.64,3.9,4.72
2021-06-02,4.72,3.13,2.23
2021-06-03,2.23,4.08,2.03
2021-06-04,2.03,4.44,0.68
2021-06-07,0.68,5.22,0.77
2021-06-08,0.77,5.64,1.62
2021-06-09,1.62,4.34,0.63
2021-06-10,0.63,4.03,1.17
2021-06-11,1.17,3.38,-0.21
2021-06-14,-0.21,3.8,-0.41
2021-06-15,-0.41,3.54,-0.62
2021-06-16,-0.62,2.39,-0.57
2021-06-17,-0.57,3.43,-4.54
2021-06-18,-4.54,3.92,-2.4
2021-06-21,-2.4,4.77,-2.74
2021-06-22,-2.74,4.56,-2.08
2021-06-23,-2.08,3.28,-1.57
2021-06-24,-1.57,3.25,-1.89
2021-06-25,-1.89,3.29,-2.78
2021-06-28,-2.78,2.83,-3.64
2021-06-29,-3.64,4.64,-4.39
2021-06-30,-4.39,4.72,-2.95
2021-07-01,-2.95,2.23,-3.14
2021-07-02,-3.14,2.03,-3.17
2021-07-05,-3.17,0.68,-3.95
2021-07-06,-3.95,0.77,-2.65
2021-07-07,-2.65,1.62,-2.98
2021-07-08,-2.98,0.63,-1.69
2021-07-09,-1.69,1.17,-1.69
2021-07-12,-1.69,-0.21,-2.25
2021-07-13,-2.25,-0.41,-1.87
2021-07-14,-1.87,-0.62,-2.16
2021-07-15,-2.16,-0.57,-0.25
2021-07-16,-0.25,-4.54,-4.7
2021-07-19,-4.7,-2.4,-4.24
2021-07-20,-4.24,-2.74,-2.33
2021-07-21,-2.33,-2.08,-3.02
2021-07-22,-3.02,-1.57,-2.41
2021-07-23,-2.41,-1.89,-0.7
2021-07-26,-0.7,-2.78,-0.43
2021-07-27,-0.43,-3.64,-0.06
2021-07-28,-0.06,-4.39,0.49
2021-07-29,0.49,-2.95,-0.76
2021-07-30,-0.76,-3.14,-0.42
2021-08-02,-0.42,-3.17,1.4
2021-08-03,1.4,-3.95,0.45
2021-08-04,0.45,-2.65,2.49
2021-08-05,2.49,-2.98,0.21
2021-08-06,0.21,-1.69,0.03
2021-08-09,0.03,-1.69,0.94
2021-08-10,0.94,-2.25,2.15
2021-08-11,2.15,-1.87,2.88
2021-08-12,2.88,-2.16,4.36
2021-08-13,4.36,-0.25,6.36
2021-08-16,6.36,-4.7,5.16
2021-08-17,5.16,-4.24,2.54
2021-08-18,2.54,-2.33,1.21
2021-08-19,1.21,-3.02,0.8
2021-08-20,0.8,-2.41,0.92
2021-08-23,0.92,-0.7,0.92
2021-08-24,0.92,-0.43,1.32
2021-08-25,1.32,-0.06,-0.48
2021-08-26,-0.48,0.49,1.25
2021-08-27,1.25,-0.76,0.33
2021-08-31,0.33,-0.42,-0.24
2021-09-01,-0.24,1.4,0.72
2021-09-02,0.72,0.45,0.42
2021-09-03,0.42,2.49,-0.27
2021-09-07,-0.27,0.21,-0.75
2021-09-08,-0.75,0.03,-1.98
2021-09-09,-1.98,0.94,-2.82
2021-09-10,-2.82,2.15,-1.55
2021-09-13,-1.55,2.88,-2.91
2021-09-14,-2.91,4.36,-1.38
2021-09-15,-1.38,6.36,-1.02
2021-09-16,-1.02,5.16,-2.12
2021-09-17,-2.12,2.54,-2.15
2021-09-20,-2.15,1.21,-1.8
2021-09-21,-1.8,0.8,-1.34
2021-09-22,-1.34,0.92,-0.3
2021-09-23,-0.3,0.92,-1.63
2021-09-24,-1.63,1.32,-0.52
2021-09-27,-0.52,-0.48,-3.19
2021-09-28,-3.19,1.25,-2.45
2021-09-29,-2.45,0.33,-2.89
2021-09-30,-2.89,-0.24,-3.14
2021-10-01,-3.14,0.72,-3.05
2021-10-04,-3.05,0.42,-1.45
2021-10-05,-1.45,-0.27,-1.52
2021-10-06,-1.52,-0.75,-0.24
2021-10-07,-0.24,-1.98,0.15
2021-10-08,0.15,-2.82,-0.73
2021-10-11,-0.73,-1.55,0.4
2021-10-12,0.4,-2.91,0.76
2021-10-13,0.76,-1.38,1.73
2021-10-14,1.73,-1.02,4.3
2021-10-15,4.3,-2.12,5.31
2021-10-18,5.31,-2.15,5.29
2021-10-19,5.29,-1.8,4.25
2021-10-20,4.25,-1.34,2.62
2021-10-21,2.62,-0.3,3.59
2021-10-22,3.59,-1.63,3.12
2021-10-25,3.12,-0.52,5.69
2021-10-26,5.69,-3.19,4.94
2021-10-27,4.94,-2.45,5.33
2021-10-28,5.33,-2.89,3.98
2021-10-29,3.98,-3.14,4.44
2021-11-01,4.44,-3.05,2.94
2021-11-02,2.94,-1.45,4.1
2021-11-03,4.1,-1.52,2.3
2021-11-04,2.3,-0.24,2.26
2021-11-05,2.26,0.15,2.56
2021-11-08,2.56,-0.73,2.01
2021-11-09,2.01,0.4,0.39
2021-11-10,0.39,0.76,0.21
2021-11-11,0.21,1.73,-0.71
2021-11-12,-0.71,4.3,-0.18
2021-11-15,-0.18,5.31,-1.21
2021-11-16,-1.21,5.29,-1.3
2021-11-17,-1.3,4.25,-1.1
2021-11-18,-1.1,2.62,-2.19
2021-11-19,-2.19,3.59,-2.31
2021-11-22,-2.31,3.12,-2.18
2021-11-23,-2.18,5.69,-1.98
2021-11-24,-1.98,4.94,-5.56
2021-11-26,-5.56,5.33,-4.01
2021-11-29,-4.01,3.98,-5.46
2021-11-30,-5.46,4.44,-5.41
2021-12-01,-5.41,2.94,-3.88
2021-12-02,-3.88,4.1,-3.41
2021-12-03,-3.41,2.3,-2.39
2021-12-06,-2.39,2.26,-1.4
2021-12-07,-1.4,2.56,-1.01
2021-12-08,-1.01,2.01,-1.02
2021-12-09,-1.02,0.39,-1.43
2021-12-10,-1.43,0.21,-5.07
2021-12-13,-5.07,-0.71,-5.08
2021-12-14,-5.08,-0.18,-4.43
2021-12-15,-4.43,-1.21,-3.77
2021-12-16,-3.77,-1.3,-4.5
2021-12-17,-4.5,-1.1,-3.61
2021-12-20,-3.61,-2.19,-2.24
2021-12-21,-2.24,-2.31,-1.59
2021-12-22,-1.59,-2.18,-0.66
2021-12-23,-0.66,-1.98,3.77
2021-12-29,3.77,-5.56,2.51
2021-12-30,2.51,-4.01,3.43
2021-12-31,3.43,-5.46,6.1
2022-01-04,6.1,-5.41,3.48
2022-01-05,3.48,-3.88,4.12
2022-01-06,4.12,-3.41,3.82
2022-01-07,3.82,-2.39,2.2
2022-01-10,2.2,-1.4,3.07
2022-01-11,3.07,-1.01,4.57
2022-01-12,4.57,-1.02,4.33
2022-01-13,4.33,-1.43,8.71
2022-01-14,8.71,-5.07,8.24
2022-01-18,8.24,-5.08,8.33
2022-01-19,8.33,-4.43,6.41
2022-01-20,6.41,-3.77,5.81
2022-01-21,5.81,-4.5,5.03
2022-01-24,5.03,-3.61,4.19
2022-01-25,4.19,-2.24,2.39
2022-01-26,2.39,-1.59,2.71
2022-01-27,2.71,-0.66,1.35
2022-01-28,1.35,3.77,2.26
2022-01-31,2.26,2.51,3.44
2022-02-01,3.44,3.43,2.49
2022-02-02,2.49,6.1,1.87
2022-02-03,1.87,3.48,1.7
2022-02-04,1.7,4.12,1.06
2022-02-07,1.06,3.82,1.8
2022-02-08,1.8,2.2,1.61
2022-02-09,1.61,3.07,0.26
2022-02-10,0.26,4.57,-0.09
2022-02-11,-0.09,4.33,-1.39
2022-02-14,-1.39,8.71,0.23
2022-02-15,0.23,8.24,0.23
2022-02-16,0.23,8.33,0.23
2022-02-17,0.23,6.41,1.69
2022-02-18,1.69,5.81,2.04
2022-02-22,2.04,5.03,1.52
2022-02-23,1.52,4.19,-1.61
2022-02-24,-1.61,2.39,1.27
2022-02-25,1.27,2.71,-0.74
2022-02-28,-0.74,1.35,-2.6
2022-03-01,-2.6,2.26,-1.6
2022-03-02,-1.6,3.44,-5.2
2022-03-03,-5.2,2.49,-8.27
2022-03-04,-8.27,1.87,-9.87
2022-03-07,-9.87,1.7,-9.23
2022-03-08,-9.23,1.06,-6.81
2022-03-09,-6.81,1.8,-8.77
2022-03-10,-8.77,1.61,-9.01
2022-03-11,-9.01,0.26,-8.04
2022-03-14,-8.04,-0.09,-6.36
2022-03-15,-6.36,-1.39,-4.9
2022-03-16,-4.9,0.23,-4.56
2022-03-17,-4.56,0.23,-2.8
2022-03-18,-2.8,0.23,-2.68
2022-03-21,-2.68,1.69,-0.94
2022-03-22,-0.94,2.04,-1.88
2022-03-23,-1.88,1.52,2.28
2022-03-24,2.28,-1.61,-1.05
2022-03-25,-1.05,1.27,0.15
2022-03-28,0.15,-0.74,2.42
2022-03-29,2.42,-2.6,0.65
2022-03-30,0.65,-1.6,2.59
2022-03-31,2.59,-5.2,8.02
2022-04-01,8.02,-8.27,10.14
2022-04-04,10.14,-9.87,8.92
2022-04-05,8.92,-9.23,5.76
2022-04-06,5.76,-6.81,7.66
2022-04-07,7.66,-8.77,8.57
2022-04-08,8.57,-9.01,6.78
2022-04-11,6.78,-8.04,5.45
2022-04-12,5.45,-6.36,3.93
2022-04-13,3.93,-4.9,3.08
2022-04-14,3.08,-4.56,2.04
2022-04-19,2.04,-2.8,2.46
2022-04-20,2.46,-2.68,-0.12
2022-04-21,-0.12,-0.94,-1.43
2022-04-22,-1.43,-1.88,-3.29
2022-04-25,-3.29,2.28,-6.23
2022-04-26,-6.23,-1.05,-4.53
2022-04-27,-4.53,0.15,-3.99
2022-04-28,-3.99,2.42,-4.86
2022-04-29,-4.86,0.65,-3.12
2022-05-03,-3.12,2.59,-2.62
2022-05-04,-2.62,8.02,-5.49
2022-05-05,-5.49,10.14,-6.95
2022-05-06,-6.95,8.92,-9.65
2022-05-09,-9.65,5.76,-9.34
2022-05-10,-9.34,7.66,-10.2
2022-05-11,-10.2,8.57,-9.69
2022-05-12,-9.69,6.78,-6.36
2022-05-13,-6.36,5.45,-6.4
2022-05-16,-6.4,3.93,-4.57
2022-05-17,-4.57,3.08,-7.0
2022-05-18,-7.0,2.04,-7.05
2022-05-19,-7.05,2.46,-4.89
2022-05-20,-4.89,-0.12,-0.82
2022-05-23,-0.82,-1.43,0.58
2022-05-24,0.58,-3.29,3.75
2022-05-25,3.75,-6.23,3.22
2022-05-26,3.22,-4.53,2.31
2022-05-27,2.31,-3.99,2.69
2022-05-31,2.69,-4.86,0.37
2022-06-01,0.37,-3.12,0.09
2022-06-06,0.09,-2.62,4.09
2022-06-07,4.09,-5.49,4.08
2022-06-08,4.08,-6.95,2.93
2022-06-09,2.93,-9.65,-0.23
2022-06-10,-0.23,-9.34,-2.47
2022-06-13,-2.47,-10.2,-3.5
2022-06-14,-3.5,-9.69,-4.0
2022-06-15,-4.0,-6.36,-7.12
2022-06-16,-7.12,-6.4,-10.33
2022-06-17,-10.33,-4.57,-5.34
2022-06-21,-5.34,-7.0,-6.74
2022-06-22,-6.74,-7.05,-8.23
2022-06-23,-8.23,-4.89,-7.12
2022-06-24,-7.12,-0.82,-7.42
2022-06-27,-7.42,0.58,-8.14
2022-06-28,-8.14,3.75,-8.65
2022-06-29,-8.65,3.22,-9.79
2022-06-30,-9.79,2.31,-9.89
2022-07-01,-9.89,2.69,-11.31
2022-07-05,-11.31,0.37,-11.88
2022-07-06,-11.88,0.09,-11.24
2022-07-07,-11.24,4.09,-10.31
2022-07-08,-10.31,4.08,-7.78
2022-07-11,-7.78,2.93,-5.54
2022-07-12,-5.54,-0.23,-2.8
2022-07-13,-2.8,-2.47,-3.32
2022-07-14,-3.32,-3.5,-4.06
2022-07-15,-4.06,-4.0,-1.28
2022-07-18,-1.28,-7.12,2.43
2022-07-19,2.43,-10.33,-1.2
2022-07-20,-1.2,-5.34,0.3
2022-07-21,0.3,-6.74,0.68
2022-07-22,0.68,-8.23,-1.05
2022-07-25,-1.05,-7.12,-1.52
2022-07-26,-1.52,-7.42,1.12
2022-07-27,1.12,-8.14,1.03
2022-07-28,1.03,-8.65,3.17
2022-07-29,3.17,-9.79,3.38
2022-08-01,3.38,-9.89,5.58
2022-08-02,5.58,-11.31,5.73
2022-08-03,5.73,-11.88,4.09
2022-08-04,4.09,-11.24,3.9
2022-08-05,3.9,-10.31,5.42
2022-08-08,5.42,-7.78,5.49
2022-08-09,5.49,-5.54,7.42
2022-08-10,7.42,-2.8,9.08
2022-08-11,9.08,-3.32,7.68
2022-08-12,7.68,-4.06,6.02
2022-08-15,6.02,-1.28,4.35
2022-08-16,4.35,2.43,4.73
2022-08-17,4.73,-1.2,4.07
2022-08-18,4.07,0.3,3.07
2022-08-19,3.07,0.68,0.8
2022-08-22,0.8,-1.05,1.54
2022-08-23,1.54,-1.52,-1.37
2022-08-24,-1.37,1.12,-0.2
2022-08-25,-0.2,1.03,-3.72
2022-08-26,-3.72,3.17,-5.21
2022-08-30,-5.21,3.38,-5.62
2022-08-31,-5.62,5.58,-7.76
2022-09-01,-7.76,5.73,-7.79
2022-09-02,-7.79,4.09,-6.46
2022-09-06,-6.46,3.9,-6.83
2022-09-07,-6.83,5.42,-7.02
2022-09-08,-7.02,5.49,-6.24
2022-09-09,-6.24,7.42,-4.18
2022-09-12,-4.18,9.08,-7.68
2022-09-13,-7.68,7.68,-6.87
2022-09-14,-6.87,6.02,-8.4
2022-09-15,-8.4,4.35,-8.45
2022-09-16,-8.45,4.73,-9.15
2022-09-20,-9.15,4.07,-8.97
2022-09-21,-8.97,3.07,-8.45
2022-09-22,-8.45,0.8,-13.48
2022-09-23,-13.48,1.54,-14.58
2022-09-26,-14.58,-1.37,-15.77
2022-09-27,-15.77,-0.2,-11.79
2022-09-28,-11.79,-3.72,-10.62
2022-09-29,-10.62,-5.21,-9.34
2022-09-30,-9.34,-5.62,-5.45
2022-10-03,-5.45,-7.76,-1.83
2022-10-04,-1.83,-7.79,-4.15
2022-10-05,-4.15,-6.46,-6.43
2022-10-06,-6.43,-6.83,-6.89
2022-10-07,-6.89,-7.02,-9.75
2022-10-10,-9.75,-6.24,-12.92
2022-10-11,-12.92,-4.18,-9.94
2022-10-12,-9.94,-7.68,-6.99
2022-10-13,-6.99,-6.87,-8.05
2022-10-14,-8.05,-8.4,-4.86
2022-10-17,-4.86,-8.45,-3.63
2022-10-18,-3.63,-9.15,-3.7
2022-10-19,-3.7,-8.97,-3.46
2022-10-20,-3.46,-8.45,3.58
2022-10-21,3.58,-13.48,5.74
2022-10-24,5.74,-14.58,7.88
2022-10-25,7.88,-15.77,6.97
2022-10-26,6.97,-11.79,7.1
2022-10-27,7.1,-10.62,8.09
2022-10-28,8.09,-9.34,4.35
2022-10-31,4.35,-5.45,1.69
2022-11-01,1.69,-1.83,1.42
2022-11-02,1.42,-4.15,3.17
2022-11-03,3.17,-6.43,8.15
2022-11-04,8.15,-6.89,8.65
2022-11-07,8.65,-9.75,11.6
2022-11-08,11.6,-12.92,9.12
2022-11-09,9.12,-9.94,10.91
2022-11-10,10.91,-6.99,13.7
2022-11-11,13.7,-8.05,10.08
2022-11-14,10.08,-4.86,10.53
2022-11-15,10.53,-3.63,12.29
2022-11-16,12.29,-3.7,12.47
2022-11-17,12.47,-3.46,11.33
2022-11-18,11.33,3.58,10.53
2022-11-21,10.53,5.74,10.59
2022-11-22,10.59,7.88,10.51
2022-11-23,10.51,6.97,11.06
2022-11-25,11.06,7.1,8.54
2022-11-28,8.54,8.09,10.49
2022-11-29,10.49,4.35,11.18
2022-11-30,11.18,1.69,14.21
2022-12-01,14.21,1.42,15.41
2022-12-02,15.41,3.17,9.86
2022-12-05,9.86,8.15,9.88
2022-12-06,9.88,8.65,8.81
2022-12-07,8.81,11.6,11.21
2022-12-08,11.21,9.12,5.77
2022-12-09,5.77,10.91,5.52
2022-12-12,5.52,13.7,5.82
2022-12-13,5.82,10.08,5.21
2022-12-14,5.21,10.53,2.79
2022-12-15,2.79,12.29,0.96
2022-12-16,0.96,12.47,0.4
2022-12-19,0.4,11.33,1.33
2022-12-20,1.33,10.53,1.01
2022-12-21,1.01,10.59,-1.32
2022-12-22,-1.32,10.51,-1.06
2022-12-23,-1.06,11.06,-0.65
2022-12-28,-0.65,8.54,-0.55
2022-12-29,-0.55,10.49,-2.76
2022-12-30,-2.76,11.18,-3.3
2023-01-03,-3.3,14.21,-2.45
2023-01-04,-2.45,15.41,-2.12
2023-01-05,-2.12,9.86,0.32
2023-01-06,0.32,9.88,0.89
2023-01-09,0.89,8.81,0.98
2023-01-10,0.98,11.21,1.56
2023-01-11,1.56,5.77,2.7
2023-01-12,2.7,5.52,3.75
2023-01-13,3.75,5.82,3.81
2023-01-17,3.81,5.21,5.5
2023-01-18,5.5,2.79,7.5
2023-01-19,7.5,0.96,7.8
2023-01-20,7.8,0.4,7.3
2023-01-23,7.3,1.33,5.05
2023-01-24,5.05,1.01,6.53
2023-01-25,6.53,-1.32,6.26
2023-01-26,6.26,-1.06,6.64
2023-01-27,6.64,-0.65,5.55
2023-01-30,5.55,-0.55,6.23
2023-01-31,6.23,-2.76,6.21
2023-02-01,6.21,-3.3,4.02
2023-02-02,4.02,-2.45,4.0
2023-02-03,4.0,-2.12,0.76
2023-02-06,0.76,0.32,1.42
2023-02-07,1.42,0.89,1.26
2023-02-08,1.26,0.98,1.53
2023-02-09,1.53,1.56,0.0
2023-02-10,0.0,2.7,0.64
2023-02-13,0.64,3.75,1.13
2023-02-14,1.13,3.81,0.58
2023-02-15,0.58,5.5,-0.12
2023-02-16,-0.12,7.5,0.15
2023-02-17,0.15,7.8,0.09
2023-02-21,0.09,7.3,0.0
2023-02-22,0.0,5.05,-0.25
2023-02-23,-0.25,6.53,-1.5
2023-02-24,-1.5,6.26,0.15
2023-02-27,0.15,6.64,-0.74
2023-02-28,-0.74,5.55,-0.28
2023-03-01,-0.28,6.23,-0.55
2023-03-02,-0.55,6.21,1.08
2023-03-03,1.08,4.02,0.9
2023-03-06,0.9,4.0,-0.19
2023-03-07,-0.19,0.76,-0.59
2023-03-08,-0.59,1.42,-1.46
2023-03-09,-1.46,1.26,-2.83
2023-03-10,-2.83,1.53,-3.09
2023-03-13,-3.09,0.0,-3.47
2023-03-14,-3.47,0.64,-7.72
2023-03-15,-7.72,1.13,-5.79
2023-03-16,-5.79,0.58,-6.8
2023-03-17,-6.8,-0.12,-5.27
2023-03-20,-5.27,0.15,-3.84
2023-03-21,-3.84,0.09,-3.05
2023-03-22,-3.05,0.0,-3.96
2023-03-23,-3.96,-0.25,-3.53
2023-03-24,-3.53,-1.5,-3.4
2023-03-27,-3.4,0.15,-2.39
2023-03-28,-2.39,-0.74,-1.85
2023-03-29,-1.85,-0.28,-0.65
2023-03-30,-0.65,-0.55,-1.41
2023-03-31,-1.41,1.08,0.68
2023-04-03,0.68,0.9,2.57
2023-04-04,2.57,-0.19,2.25
2023-04-05,2.25,-0.59,3.99
2023-04-06,3.99,-1.46,5.0
2023-04-11,5.0,-2.83,6.6
2023-04-12,6.6,-3.09,6.6
2023-04-13,6.6,-3.47,10.07
2023-04-14,10.07,-7.72,8.45
2023-04-17,8.45,-5.79,10.78
2023-04-18,10.78,-6.8,8.33
2023-04-19,8.33,-5.27,6.95
2023-04-20,6.95,-3.84,7.37
2023-04-21,7.37,-3.05,8.35
2023-04-24,8.35,-3.96,7.43
2023-04-25,7.43,-3.53,6.09
2023-04-26,6.09,-3.4,7.08
2023-04-27,7.08,-2.39,6.43
2023-04-28,6.43,-1.85,3.41
2023-05-02,3.41,-0.65,3.63
2023-05-03,3.63,-1.41,1.77
2023-05-04,1.77,0.68,3.64
2023-05-05,3.64,2.57,2.65
2023-05-09,2.65,2.25,1.63
2023-05-10,1.63,3.99,0.45
2023-05-11,0.45,5.0,-0.66
2023-05-12,-0.66,6.6,-0.71
2023-05-15,-0.71,6.6,-1.22
2023-05-16,-1.22,10.07,-0.6
2023-05-17,-0.6,8.45,-1.81
2023-05-18,-1.81,10.78,-1.04
2023-05-19,-1.04,8.33,-1.45
2023-05-22,-1.45,6.95,-2.37
2023-05-23,-2.37,7.37,-4.25
2023-05-24,-4.25,8.35,-3.74
2023-05-25,-3.74,7.43,-2.99
2023-05-26,-2.99,6.09,-4.74
2023-05-30,-4.74,7.08,-5.98
2023-05-31,-5.98,6.43,-3.23
2023-06-01,-3.23,3.41,-2.39
2023-06-02,-2.39,3.63,-2.64
2023-06-05,-2.64,1.77,-3.6
2023-06-06,-3.6,3.64,-4.76
2023-06-07,-4.76,2.65,-3.9
2023-06-08,-3.9,1.63,-3.42
2023-06-09,-3.42,0.45,-3.64
2023-06-12,-3.64,-0.66,-3.61
2023-06-13,-3.61,-0.71,-2.14
2023-06-14,-2.14,-1.22,-1.08
2023-06-15,-1.08,-0.6,-0.39
2023-06-16,-0.39,-1.81,-2.34
2023-06-20,-2.34,-1.04,-2.23
2023-06-21,-2.23,-1.45,-2.09
2023-06-22,-2.09,-2.37,-1.33
2023-06-23,-1.33,-4.25,-0.53
2023-06-26,-0.53,-3.74,-0.8
2023-06-27,-0.8,-2.99,-0.53
2023-06-28,-0.53,-4.74,0.0
2023-06-29,0.0,-5.98,0.12
2023-06-30,0.12,-3.23,-1.29
2023-07-03,-1.29,-2.39,-1.79
2023-07-05,-1.79,-2.64,-4.13
2023-07-06,-4.13,-3.6,-1.87
2023-07-07,-1.87,-4.76,-2.51
2023-07-10,-2.51,-3.9,-1.24
2023-07-11,-1.24,-3.42,1.34
2023-07-12,1.34,-3.64,1.89
2023-07-13,1.89,-3.61,0.86
2023-07-14,0.86,-2.14,-0.82
2023-07-17,-0.82,-1.08,-0.52
2023-07-18,-0.52,-0.39,1.72
2023-07-19,1.72,-2.34,2.22
2023-07-20,2.22,-2.23,3.03
2023-07-21,3.03,-2.09,3.88
2023-07-24,3.88,-1.33,4.5
2023-07-25,4.5,-0.53,4.35
2023-07-26,4.35,-0.8,3.35
2023-07-27,3.35,-0.53,4.33
2023-07-28,4.33,0.0,2.94
2023-07-31,2.94,0.12,2.48
2023-08-01,2.48,-1.29,1.66
2023-08-02,1.66,-1.79,3.39
2023-08-03,3.39,-4.13,2.89
2023-08-04,2.89,-1.87,3.75
2023-08-07,3.75,-2.51,2.39
2023-08-08,2.39,-1.24,0.65
2023-08-09,0.65,1.34,-0.88
2023-08-10,-0.88,1.89,-0.7
2023-08-11,-0.7,0.86,-0.92
2023-08-14,-0.92,-0.82,-2.84
2023-08-15,-2.84,-0.52,-4.29
2023-08-16,-4.29,1.72,-4.94
2023-08-17,-4.94,2.22,-5.44
2023-08-18,-5.44,3.03,-5.06
2023-08-21,-5.06,3.88,-6.04
2023-08-22,-6.04,4.5,-5.93
2023-08-23,-5.93,4.35,-5.24
2023-08-24,-5.24,3.35,-5.41
2023-08-25,-5.41,4.33,-3.42
2023-08-29,-3.42,2.94,-2.21
2023-08-30,-2.21,2.48,-1.17
2023-08-31,-1.17,1.66,-0.96
2023-09-01,-0.96,3.39,-1.92
2023-09-05,-1.92,2.89,-3.31
2023-09-06,-3.31,3.75,-2.89
2023-09-07,-2.89,2.39,-2.76
2023-09-08,-2.76,0.65,-1.99
2023-09-11,-1.99,-0.88,-1.51
2023-09-12,-1.51,-0.7,-1.14
2023-09-13,-1.14,-0.92,2.2
2023-09-14,2.2,-2.84,2.56
2023-09-15,2.56,-4.29,2.41
2023-09-18,2.41,-4.94,2.86
2023-09-19,2.86,-5.44,2.73
2023-09-20,2.73,-5.06,2.01
2023-09-21,2.01,-6.04,1.33
2023-09-22,1.33,-5.93,1.72
2023-09-25,1.72,-5.24,0.22
2023-09-26,0.22,-5.41,-2.05
2023-09-27,-2.05,-3.42,-1.7
2023-09-28,-1.7,-2.21,-1.12
2023-09-29,-1.12,-1.17,-3.18
2023-10-02,-3.18,-0.96,-2.71
2023-10-03,-2.71,-1.92,-2.28
2023-10-04,-2.28,-3.31,-1.52
2023-10-05,-1.52,-2.89,-0.85
2023-10-06,-0.85,-2.76,-1.5
2023-10-09,-1.5,-1.99,-0.03
2023-10-10,-0.03,-1.51,0.5
2023-10-11,0.5,-1.14,-2.18
2023-10-12,-2.18,2.2,-2.52
2023-10-13,-2.52,2.56,-1.02
2023-10-16,-1.02,2.41,-0.86
2023-10-17,-0.86,2.86,-2.78
2023-10-18,-2.78,2.73,-2.75
2023-10-19,-2.75,2.01,-3.75
2023-10-20,-3.75,1.33,-3.2
2023-10-23,-3.2,1.72,-2.25
2023-10-24,-2.25,0.22,-2.41
2023-10-25,-2.41,-2.05,-3.78
2023-10-26,-3.78,-1.7,-4.52
2023-10-27,-4.52,-1.12,-1.45
2023-10-30,-1.45,-3.18,-1.2
2023-10-31,-1.2,-2.71,-0.71
2023-11-01,-0.71,-2.28,0.35
2023-11-02,0.35,-1.52,-0.48
2023-11-03,-0.48,-0.85,-0.44
2023-11-06,-0.44,-1.5,-2.69
2023-11-07,-2.69,-0.03,-3.39
2023-11-08,-3.39,0.5,-2.32
2023-11-09,-2.32,-2.18,-1.99
2023-11-10,-1.99,-2.52,-2.28
2023-11-13,-2.28,-1.02,-0.84
2023-11-14,-0.84,-0.86,0.92
2023-11-15,0.92,-2.78,1.44
2023-11-16,1.44,-2.75,4.19
2023-11-17,4.19,-3.75,4.25
2023-11-20,4.25,-3.2,4.41
2023-11-21,4.41,-2.25,4.36
2023-11-22,4.36,-2.41,6.42
2023-11-24,6.42,-3.78,7.12
2023-11-27,7.12,-4.52,6.05
2023-11-28,6.05,-1.45,6.13
2023-11-29,6.13,-1.2,5.71
2023-11-30,5.71,-0.71,5.35
2023-12-01,5.35,0.35,4.09
2023-12-04,4.09,-0.48,3.12
2023-12-05,3.12,-0.44,3.79
2023-12-06,3.79,-2.69,4.57
2023-12-07,4.57,-3.39,4.69
2023-12-08,4.69,-2.32,4.9
2023-12-11,4.9,-1.99,4.25
2023-12-12,4.25,-2.28,3.65
2023-12-13,3.65,-0.84,5.41
2023-12-14,5.41,0.92,3.95
2023-12-15,3.95,1.44,3.05
2023-12-18,3.05,4.19,4.04
2023-12-19,4.04,4.25,0.78
2023-12-20,0.78,4.41,2.28
2023-12-21,2.28,4.36,1.32
2023-12-22,1.32,6.42,2.66
2023-12-27,2.66,7.12,1.88
2023-12-28,1.88,6.05,2.1
