Date,% Voda Change,Previous % Voda Change,Next % Voda Change
2017-02-28,3.88,-3.98,4.14
2017-03-01,4.95,-6.17,4.02
2017-03-02,4.81,-7.76,3.11
2017-03-03,4.17,-8.16,2.92
2017-03-06,4.74,-7.26,2.3
2017-03-07,5.17,-8.47,2.05
2017-03-08,3.91,-8.07,1.47
2017-03-09,2.16,-7.11,0.29
2017-03-10,3.11,-7.92,-0.32
2017-03-13,3.64,-6.79,0.27
2017-03-14,4.31,-5.59,-0.59
2017-03-15,4.03,-4.99,-0.44
2017-03-16,5.65,-3.78,-2.63
2017-03-17,6.77,-3.91,-5.53
2017-03-20,6.05,-2.31,-4.99
2017-03-21,4.46,0.65,-4.91
2017-03-22,2.92,4.59,-4.29
2017-03-23,4.33,5.06,-3.98
2017-03-24,4.31,4.91,-4.3
2017-03-27,4.52,2.83,-3.56
2017-03-28,4.14,3.88,-3.85
2017-03-29,4.02,4.95,-5.53
2017-03-30,3.11,4.81,-3.3
2017-03-31,2.92,4.17,-2.47
2017-04-03,2.3,4.74,-1.43
2017-04-04,2.05,5.17,-0.77
2017-04-05,1.47,3.91,-0.68
2017-04-06,0.29,2.16,0.56
2017-04-07,-0.32,3.11,1.67
2017-04-10,0.27,3.64,1.15
2017-04-11,-0.59,4.31,3.81
2017-04-12,-0.44,4.03,3.33
2017-04-13,-2.63,5.65,7.57
2017-04-18,-5.53,6.77,10.84
2017-04-19,-4.99,6.05,10.08
2017-04-20,-4.91,4.46,10.54
2017-04-21,-4.29,2.92,12.88
2017-04-24,-3.98,4.33,10.69
2017-04-25,-4.3,4.31,11.28
2017-04-26,-3.56,4.52,12.31
2017-04-27,-3.85,4.14,13.88
2017-04-28,-5.53,4.02,15.12
2017-05-02,-3.3,3.11,14.66
2017-05-03,-2.47,2.92,13.03
2017-05-04,-1.43,2.3,12.89
2017-05-05,-0.77,2.05,12.39
2017-05-08,-0.68,1.47,12.41
2017-05-09,0.56,0.29,11.63
2017-05-10,1.67,-0.32,5.52
2017-05-11,1.15,0.27,7.18
2017-05-12,3.81,-0.59,6.25
2017-05-15,3.33,-0.44,6.02
2017-05-16,7.57,-2.63,1.57
2017-05-17,10.84,-5.53,-0.07
2017-05-18,10.08,-4.99,1.09
2017-05-19,10.54,-4.91,1.13
2017-05-22,12.88,-4.29,-0.89
2017-05-23,10.69,-3.98,-0.65
2017-05-24,11.28,-4.3,-0.53
2017-05-25,12.31,-3.56,-1.93
2017-05-26,13.88,-3.85,-3.0
2017-05-30,15.12,-5.53,-3.29
2017-05-31,14.66,-3.3,-5.1
2017-06-01,13.03,-2.47,-4.75
2017-06-02,12.89,-1.43,-5.31
2017-06-05,12.39,-0.77,-5.06
2017-06-06,12.41,-0.68,-5.77
2017-06-07,11.63,0.56,-4.85
2017-06-08,5.52,1.67,-0.16
2017-06-09,7.18,1.15,-1.04
2017-06-12,6.25,3.81,-1.92
2017-06-13,6.02,3.33,-2.82
2017-06-14,1.57,7.57,-1.1
2017-06-15,-0.07,10.84,-0.16
2017-06-16,1.09,10.08,-1.69
2017-06-19,1.13,10.54,-0.85
2017-06-20,-0.89,12.88,-1.26
2017-06-21,-0.65,10.69,-0.38
2017-06-22,-0.53,11.28,0.33
2017-06-23,-1.93,12.31,1.03
2017-06-26,-3.0,13.88,-0.81
2017-06-27,-3.29,15.12,-0.7
2017-06-28,-5.1,14.66,-0.16
2017-06-29,-4.75,13.03,1.95
2017-06-30,-5.31,12.89,1.17
2017-07-03,-5.06,12.39,1.51
2017-07-04,-5.77,12.41,2.0
2017-07-05,-4.85,11.63,1.31
2017-07-06,-0.16,5.52,2.92
2017-07-07,-1.04,7.18,2.86
2017-07-10,-1.92,6.25,3.02
2017-07-11,-2.82,6.02,3.66
2017-07-12,-1.1,1.57,2.49
2017-07-13,-0.16,-0.07,1.0
2017-07-14,-1.69,1.09,0.32
2017-07-17,-0.85,1.13,0.54
2017-07-18,-1.26,-0.89,1.07
2017-07-19,-0.38,-0.65,-0.05
2017-07-20,0.33,-0.53,-2.16
2017-07-21,1.03,-1.93,-3.08
2017-07-24,-0.81,-3.0,-0.97
2017-07-25,-0.7,-3.29,0.5
2017-07-26,-0.16,-5.1,0.41
2017-07-27,1.95,-4.75,-1.28
2017-07-28,1.17,-5.31,-0.32
2017-07-31,1.51,-5.06,-2.41
2017-08-01,2.0,-5.77,-1.4
2017-08-02,1.31,-4.85,0.29
2017-08-03,2.92,-0.16,-2.01
2017-08-04,2.86,-1.04,-3.13
2017-08-07,3.02,-1.92,-4.55
2017-08-08,3.66,-2.82,-4.44
2017-08-09,2.49,-1.1,-4.8
2017-08-10,1.0,-0.16,-4.17
2017-08-11,0.32,-1.69,-1.5
2017-08-14,0.54,-0.85,-3.4
2017-08-15,1.07,-1.26,-3.15
2017-08-16,-0.05,-0.38,-5.34
2017-08-17,-2.16,0.33,-6.18
2017-08-18,-3.08,1.03,-4.57
2017-08-21,-0.97,-0.81,-4.1
2017-08-22,0.5,-0.7,-5.0
2017-08-23,0.41,-0.16,-5.52
2017-08-24,-1.28,1.95,-5.3
2017-08-25,-0.32,1.17,-4.76
2017-08-29,-2.41,1.51,-3.76
2017-08-30,-1.4,2.0,-4.71
2017-08-31,0.29,1.31,-7.29
2017-09-01,-2.01,2.92,-4.87
2017-09-04,-3.13,2.86,-3.42
2017-09-05,-4.55,3.02,-2.64
2017-09-06,-4.44,3.66,-2.95
2017-09-07,-4.8,2.49,-1.46
2017-09-08,-4.17,1.0,-0.91
2017-09-11,-1.5,0.32,-2.31
2017-09-12,-3.4,0.54,-0.68
2017-09-13,-3.15,1.07,0.05
2017-09-14,-5.34,-0.05,3.02
2017-09-15,-6.18,-2.16,4.46
2017-09-18,-4.57,-3.08,3.32
2017-09-19,-4.1,-0.97,2.76
2017-09-20,-5.0,0.5,3.19
2017-09-21,-5.52,0.41,4.3
2017-09-22,-5.3,-1.28,4.13
2017-09-25,-4.76,-0.32,3.37
2017-09-26,-3.76,-2.41,3.69
2017-09-27,-4.71,-1.4,2.57
2017-09-28,-7.29,0.29,4.82
2017-09-29,-4.87,-2.01,3.26
2017-10-02,-3.42,-3.13,2.68
2017-10-03,-2.64,-4.55,2.37
2017-10-04,-2.95,-4.44,4.71
2017-10-05,-1.46,-4.8,4.41
2017-10-06,-0.91,-4.17,3.56
2017-10-09,-2.31,-1.5,3.62
2017-10-10,-0.68,-3.4,1.67
2017-10-11,0.05,-3.15,0.42
2017-10-12,3.02,-5.34,2.52
2017-10-13,4.46,-6.18,0.93
2017-10-16,3.32,-4.57,0.0
2017-10-17,2.76,-4.1,5.04
2017-10-18,3.19,-5.0,5.33
2017-10-19,4.3,-5.52,5.25
2017-10-20,4.13,-5.3,5.46
2017-10-23,3.37,-4.76,6.15
2017-10-24,3.69,-3.76,6.27
2017-10-25,2.57,-4.71,7.09
2017-10-26,4.82,-7.29,4.76
2017-10-27,3.26,-4.87,4.59
2017-10-30,2.68,-3.42,3.91
2017-10-31,2.37,-2.64,5.03
2017-11-01,4.71,-2.95,2.88
2017-11-02,4.41,-1.46,1.36
2017-11-03,3.56,-0.91,2.12
2017-11-06,3.62,-2.31,3.06
2017-11-07,1.67,-0.68,3.97
2017-11-08,0.42,0.05,4.12
2017-11-09,2.52,3.02,2.73
2017-11-10,0.93,4.46,5.4
2017-11-13,0.0,3.32,6.71
2017-11-14,5.04,2.76,2.33
2017-11-15,5.33,3.19,1.12
2017-11-16,5.25,4.3,0.55
2017-11-17,5.46,4.13,0.57
2017-11-20,6.15,3.37,0.81
2017-11-21,6.27,3.69,1.44
2017-11-22,7.09,2.57,1.42
2017-11-23,4.76,4.82,4.46
2017-11-24,4.59,3.26,4.61
2017-11-27,3.91,2.68,4.27
2017-11-28,5.03,2.37,3.47
2017-11-29,2.88,4.71,4.33
2017-11-30,1.36,4.41,4.24
2017-12-01,2.12,3.56,4.22
2017-12-04,3.06,3.62,4.32
2017-12-05,3.97,1.67,5.13
2017-12-06,4.12,0.42,5.72
2017-12-07,2.73,2.52,4.45
2017-12-08,5.4,0.93,1.39
2017-12-11,6.71,0.0,-0.89
2017-12-12,2.33,5.04,-1.29
2017-12-13,1.12,5.33,-1.26
2017-12-14,0.55,5.25,0.59
2017-12-15,0.57,5.46,-1.02
2017-12-18,0.81,6.15,-2.31
2017-12-19,1.44,6.27,-3.11
2017-12-20,1.42,7.09,-2.0
2017-12-21,4.46,4.76,-3.02
2017-12-22,4.61,4.59,-4.49
2017-12-27,4.27,3.91,-4.18
2017-12-28,3.47,5.03,-3.71
2017-12-29,4.33,2.88,-3.68
2018-01-02,4.24,1.36,-4.02
2018-01-03,4.22,2.12,-3.79
2018-01-04,4.32,3.06,-8.88
2018-01-05,5.13,3.97,-7.31
2018-01-08,5.72,4.12,-11.34
2018-01-09,4.45,2.73,-13.74
2018-01-10,1.39,5.4,-9.72
2018-01-11,-0.89,6.71,-10.86
2018-01-12,-1.29,2.33,-12.01
2018-01-15,-1.26,1.12,-11.32
2018-01-16,0.59,0.55,-13.18
2018-01-17,-1.02,0.57,-12.26
2018-01-18,-2.31,0.81,-11.57
2018-01-19,-3.11,1.44,-9.37
2018-01-22,-2.0,1.42,-10.47
2018-01-23,-3.02,4.46,-11.1
2018-01-24,-4.49,4.61,-10.16
2018-01-25,-4.18,4.27,-10.05
2018-01-26,-3.71,3.47,-9.64
2018-01-29,-3.68,4.33,-9.19
2018-01-30,-4.02,4.24,-8.73
2018-01-31,-3.79,4.22,-9.28
2018-02-01,-8.88,4.32,-5.62
2018-02-02,-7.31,5.13,-9.33
2018-02-05,-11.34,5.72,-3.99
2018-02-06,-13.74,4.45,-0.93
2018-02-07,-9.72,1.39,-2.62
2018-02-08,-10.86,-0.89,1.94
2018-02-09,-12.01,-1.29,2.58
2018-02-12,-11.32,-1.26,2.47
2018-02-13,-13.18,0.59,1.15
2018-02-14,-12.26,-1.02,1.33
2018-02-15,-11.57,-2.31,0.77
2018-02-16,-9.37,-3.11,-1.54
2018-02-19,-10.47,-2.0,-2.41
2018-02-20,-11.1,-3.02,-3.08
2018-02-21,-10.16,-4.49,-2.76
2018-02-22,-10.05,-4.18,-4.7
2018-02-23,-9.64,-3.71,-5.02
2018-02-26,-9.19,-3.68,-7.13
2018-02-27,-8.73,-4.02,-5.35
2018-02-28,-9.28,-3.79,-4.84
2018-03-01,-5.62,-8.88,-4.02
2018-03-02,-9.33,-7.31,-2.57
2018-03-05,-3.99,-11.34,-2.51
2018-03-06,-0.93,-13.74,0.12
2018-03-07,-2.62,-9.72,-0.24
2018-03-08,1.94,-10.86,-1.9
2018-03-09,2.58,-12.01,-0.68
2018-03-12,2.47,-11.32,-0.43
2018-03-13,1.15,-13.18,2.19
2018-03-14,1.33,-12.26,2.2
2018-03-15,0.77,-11.57,2.58
2018-03-16,-1.54,-9.37,2.48
2018-03-19,-2.41,-10.47,4.11
2018-03-20,-3.08,-11.1,5.04
2018-03-21,-2.76,-10.16,6.7
2018-03-22,-4.7,-10.05,11.22
2018-03-23,-5.02,-9.64,9.7
2018-03-26,-7.13,-9.19,9.51
2018-03-27,-5.35,-8.73,9.27
2018-03-28,-4.84,-9.28,8.6
2018-03-29,-4.02,-5.62,8.95
2018-04-03,-2.57,-9.33,8.56
2018-04-04,-2.51,-3.99,7.82
2018-04-05,0.12,-0.93,2.6
2018-04-06,-0.24,-2.62,3.19
2018-04-09,-1.9,1.94,1.92
2018-04-10,-0.68,2.58,1.51
2018-04-11,-0.43,2.47,1.84
2018-04-12,2.19,1.15,1.33
2018-04-13,2.2,1.33,0.17
2018-04-16,2.58,0.77,-3.98
2018-04-17,2.48,-1.54,-5.2
2018-04-18,4.11,-2.41,-5.2
2018-04-19,5.04,-3.08,-6.52
2018-04-20,6.7,-2.76,-7.01
2018-04-23,11.22,-4.7,-6.92
2018-04-24,9.7,-5.02,-7.05
2018-04-25,9.51,-7.13,-6.79
2018-04-26,9.27,-5.35,-7.91
2018-04-27,8.6,-4.84,-8.43
2018-04-30,8.95,-4.02,-7.9
2018-05-01,8.56,-2.57,-8.87
2018-05-02,7.82,-2.51,-8.34
2018-05-03,2.6,0.12,-5.24
2018-05-04,3.19,-0.24,-7.3
2018-05-08,1.92,-1.9,-5.27
2018-05-09,1.51,-0.68,-10.15
2018-05-10,1.84,-0.43,-10.77
2018-05-11,1.33,2.19,-9.93
2018-05-14,0.17,2.2,-9.03
2018-05-15,-3.98,2.58,-6.44
2018-05-16,-5.2,2.48,-3.93
2018-05-17,-5.2,4.11,-5.73
2018-05-18,-6.52,5.04,-4.18
2018-05-21,-7.01,6.7,-4.83
2018-05-22,-6.92,11.22,-6.48
2018-05-23,-7.05,9.7,-6.6
2018-05-24,-6.79,9.51,-3.89
2018-05-25,-7.91,9.27,-5.57
2018-05-29,-8.43,8.6,-5.3
2018-05-30,-7.9,8.95,-5.72
2018-05-31,-8.87,8.56,-4.31
2018-06-01,-8.34,7.82,-5.69
2018-06-04,-5.24,2.6,-7.76
2018-06-05,-7.3,3.19,-4.68
2018-06-06,-5.27,1.92,-4.49
2018-06-07,-10.15,1.51,0.06
2018-06-08,-10.77,1.84,1.88
2018-06-11,-9.93,1.33,0.44
2018-06-12,-9.03,0.17,0.27
2018-06-13,-6.44,-3.98,-1.33
2018-06-14,-3.93,-5.2,-2.92
2018-06-15,-5.73,-5.2,-1.79
2018-06-18,-4.18,-6.52,-2.29
2018-06-19,-4.83,-7.01,-3.14
2018-06-20,-6.48,-6.92,-3.4
2018-06-21,-6.6,-7.05,-3.34
2018-06-22,-3.89,-6.79,-5.15
2018-06-25,-5.57,-7.91,-3.36
2018-06-26,-5.3,-8.43,-2.69
2018-06-27,-5.72,-7.9,-4.7
2018-06-28,-4.31,-8.87,-3.52
2018-06-29,-5.69,-8.34,-2.08
2018-07-02,-7.76,-5.24,2.11
2018-07-03,-4.68,-7.3,0.0
2018-07-04,-4.49,-5.27,-1.83
2018-07-05,0.06,-10.15,-3.38
2018-07-06,1.88,-10.77,-3.25
2018-07-09,0.44,-9.93,-2.08
2018-07-10,0.27,-9.03,-1.32
2018-07-11,-1.33,-6.44,1.95
2018-07-12,-2.92,-3.93,1.53
2018-07-13,-1.79,-5.73,0.56
2018-07-16,-2.29,-4.18,0.09
2018-07-17,-3.14,-4.83,-0.68
2018-07-18,-3.4,-6.48,-2.71
2018-07-19,-3.34,-6.6,-0.7
2018-07-20,-5.15,-3.89,-1.05
2018-07-23,-3.36,-5.57,-0.79
2018-07-24,-2.69,-5.3,-0.86
2018-07-25,-4.7,-5.72,0.34
2018-07-26,-3.52,-4.31,-0.65
2018-07-27,-2.08,-5.69,-2.62
2018-07-30,2.11,-7.76,-6.06
2018-07-31,0.0,-4.68,-7.02
2018-08-01,-1.83,-4.49,-9.13
2018-08-02,-3.38,0.06,-9.27
2018-08-03,-3.25,1.88,-9.88
2018-08-06,-2.08,0.44,-11.72
2018-08-07,-1.32,0.27,-12.65
2018-08-08,1.95,-1.33,-12.17
2018-08-09,1.53,-2.92,-10.84
2018-08-10,0.56,-1.79,-9.22
2018-08-13,0.09,-2.29,-8.19
2018-08-14,-0.68,-3.14,-6.82
2018-08-15,-2.71,-3.4,-3.85
2018-08-16,-0.7,-3.34,-5.4
2018-08-17,-1.05,-5.15,-4.38
2018-08-20,-0.79,-3.36,-4.35
2018-08-21,-0.86,-2.69,-4.16
2018-08-22,0.34,-4.7,-4.35
2018-08-23,-0.65,-3.52,-2.84
2018-08-24,-2.62,-2.08,-3.01
2018-08-28,-6.06,2.11,-3.69
2018-08-29,-7.02,0.0,-3.47
2018-08-30,-9.13,-1.83,0.37
2018-08-31,-9.27,-3.38,0.0
2018-09-03,-9.88,-3.25,-2.73
2018-09-04,-11.72,-2.08,-2.69
2018-09-05,-12.65,-1.32,-0.26
2018-09-06,-12.17,1.95,-1.13
2018-09-07,-10.84,1.53,-3.05
2018-09-10,-9.22,0.56,-6.71
2018-09-11,-8.19,0.09,-9.31
2018-09-12,-6.82,-0.68,-8.15
2018-09-13,-3.85,-2.71,-10.28
2018-09-14,-5.4,-0.7,-9.82
2018-09-17,-4.38,-1.05,-8.61
2018-09-18,-4.35,-0.79,-9.19
2018-09-19,-4.16,-0.86,-9.94
2018-09-20,-4.35,0.34,-9.85
2018-09-21,-2.84,-0.65,-10.81
2018-09-24,-3.01,-2.62,-12.02
2018-09-25,-3.69,-6.06,-13.33
2018-09-26,-3.47,-7.02,-12.29
2018-09-27,0.37,-9.13,-12.81
2018-09-28,0.0,-9.27,-12.44
2018-10-01,-2.73,-9.88,-9.09
2018-10-02,-2.69,-11.72,-8.02
2018-10-03,-0.26,-12.65,-9.02
2018-10-04,-1.13,-12.17,-6.56
2018-10-05,-3.05,-10.84,-6.05
2018-10-08,-6.71,-9.22,-2.7
2018-10-09,-9.31,-8.19,-2.95
2018-10-10,-8.15,-6.82,-3.35
2018-10-11,-10.28,-3.85,-2.58
2018-10-12,-9.82,-5.4,-4.69
2018-10-15,-8.61,-4.38,-6.02
2018-10-16,-9.19,-4.35,1.43
2018-10-17,-9.94,-4.16,3.63
2018-10-18,-9.85,-4.35,2.57
2018-10-19,-10.81,-2.84,0.62
2018-10-22,-12.02,-3.01,4.19
2018-10-23,-13.33,-3.69,5.05
2018-10-24,-12.29,-3.47,7.94
2018-10-25,-12.81,0.37,3.68
2018-10-26,-12.44,0.0,7.69
2018-10-29,-9.09,-2.73,11.91
2018-10-30,-8.02,-2.69,14.1
2018-10-31,-9.02,-0.26,14.11
2018-11-01,-6.56,-1.13,10.73
2018-11-02,-6.05,-3.05,12.24
2018-11-05,-2.7,-6.71,11.74
2018-11-06,-2.95,-9.31,12.89
2018-11-07,-3.35,-8.15,10.22
2018-11-08,-2.58,-10.28,9.1
2018-11-09,-4.69,-9.82,13.1
2018-11-12,-6.02,-8.61,10.36
2018-11-13,1.43,-9.19,4.43
2018-11-14,3.63,-9.94,3.52
2018-11-15,2.57,-9.85,3.27
2018-11-16,0.62,-10.81,4.75
2018-11-19,4.19,-12.02,3.13
2018-11-20,5.05,-13.33,2.76
2018-11-21,7.94,-12.29,0.9
2018-11-22,3.68,-12.81,5.24
2018-11-23,7.69,-12.44,1.04
2018-11-26,11.91,-9.09,-6.26
2018-11-27,14.1,-8.02,-9.7
2018-11-28,14.11,-9.02,-8.36
2018-11-29,10.73,-6.56,-8.86
2018-11-30,12.24,-6.05,-8.29
2018-12-03,11.74,-2.7,-7.14
2018-12-04,12.89,-2.95,-4.34
2018-12-05,10.22,-3.35,-3.44
2018-12-06,9.1,-2.58,-3.03
2018-12-07,13.1,-4.69,-6.13
2018-12-10,10.36,-6.02,-3.5
2018-12-11,4.43,1.43,-5.94
2018-12-12,3.52,3.63,-8.52
2018-12-13,3.27,2.57,-7.38
2018-12-14,4.75,0.62,-7.77
2018-12-17,3.13,4.19,-7.7
2018-12-18,2.76,5.05,-5.4
2018-12-19,0.9,7.94,-6.46
2018-12-20,5.24,3.68,-7.38
2018-12-21,1.04,7.69,-4.77
2018-12-24,-6.26,11.91,-6.77
2018-12-27,-9.7,14.1,-9.58
2018-12-28,-8.36,14.11,-12.38
2018-12-31,-8.86,10.73,-11.65
2019-01-02,-8.29,12.24,-11.77
2019-01-03,-7.14,11.74,-11.2
2019-01-04,-4.34,12.89,-12.12
2019-01-07,-3.44,10.22,-12.26
2019-01-08,-3.03,9.1,-9.34
2019-01-09,-6.13,13.1,-6.81
2019-01-10,-3.5,10.36,-9.34
2019-01-11,-5.94,4.43,-9.26
2019-01-14,-8.52,3.52,-5.43
2019-01-15,-7.38,3.27,-6.05
2019-01-16,-7.77,4.75,-5.96
2019-01-17,-7.7,3.13,-5.85
2019-01-18,-5.4,2.76,-5.45
2019-01-21,-6.46,0.9,-4.71
2019-01-22,-7.38,5.24,-4.5
2019-01-23,-4.77,1.04,-4.61
2019-01-24,-6.77,-6.26,-1.97
2019-01-25,-9.58,-9.7,3.5
2019-01-28,-12.38,-8.36,3.07
2019-01-29,-11.65,-8.86,1.13
2019-01-30,-11.77,-8.29,-2.27
2019-01-31,-11.2,-7.14,-3.1
2019-02-01,-12.12,-4.34,-3.31
2019-02-04,-12.26,-3.44,-4.88
2019-02-05,-9.34,-3.03,-5.02
2019-02-06,-6.81,-6.13,-5.93
2019-02-07,-9.34,-3.5,-2.7
2019-02-08,-9.26,-5.94,-1.36
2019-02-11,-5.43,-8.52,-1.52
2019-02-12,-6.05,-7.38,-0.17
2019-02-13,-5.96,-7.77,0.03
2019-02-14,-5.85,-7.7,0.37
2019-02-15,-5.45,-5.4,1.67
2019-02-18,-4.71,-6.46,1.42
2019-02-19,-4.5,-7.38,2.88
2019-02-20,-4.61,-4.77,2.22
2019-02-21,-1.97,-6.77,3.94
2019-02-22,3.5,-9.58,1.73
2019-02-25,3.07,-12.38,1.49
2019-02-26,1.13,-11.65,4.2
2019-02-27,-2.27,-11.77,5.39
2019-02-28,-3.1,-11.2,3.34
2019-03-01,-3.31,-12.12,4.14
2019-03-04,-4.88,-12.26,8.01
2019-03-05,-5.02,-9.34,6.14
2019-03-06,-5.93,-6.81,7.26
2019-03-07,-2.7,-9.34,6.52
2019-03-08,-1.36,-9.26,3.32
2019-03-11,-1.52,-5.43,1.15
2019-03-12,-0.17,-6.05,0.8
2019-03-13,0.03,-5.96,0.32
2019-03-14,0.37,-5.85,-1.47
2019-03-15,1.67,-5.45,-2.1
2019-03-18,1.42,-4.71,-1.15
2019-03-19,2.88,-4.5,-2.05
2019-03-20,2.22,-4.61,-1.25
2019-03-21,3.94,-1.97,-2.86
2019-03-22,1.73,3.5,-1.83
2019-03-25,1.49,3.07,-1.28
2019-03-26,4.2,1.13,-1.91
2019-03-27,5.39,-2.27,0.8
2019-03-28,3.34,-3.1,3.32
2019-03-29,4.14,-3.31,1.57
2019-04-01,8.01,-4.88,-0.52
2019-04-02,6.14,-5.02,-0.82
2019-04-03,7.26,-5.93,-2.52
2019-04-04,6.52,-2.7,-3.09
2019-04-05,3.32,-1.36,-0.88
2019-04-08,1.15,-1.52,-1.47
2019-04-09,0.8,-0.17,-1.08
2019-04-10,0.32,0.03,-5.76
2019-04-11,-1.47,0.37,-8.15
2019-04-12,-2.1,1.67,-10.35
2019-04-15,-1.15,1.42,-12.38
2019-04-16,-2.05,2.88,-12.85
2019-04-17,-1.25,2.22,-12.05
2019-04-18,-2.86,3.94,-11.6
2019-04-23,-1.83,1.73,-11.27
2019-04-24,-1.28,1.49,-11.83
2019-04-25,-1.91,4.2,-9.68
2019-04-26,0.8,5.39,-10.43
2019-04-29,3.32,3.34,-9.81
2019-04-30,1.57,4.14,-8.49
2019-05-01,-0.52,8.01,-8.3
2019-05-02,-0.82,6.14,-7.86
2019-05-03,-2.52,7.26,-4.56
2019-05-07,-3.09,6.52,-4.93
2019-05-08,-0.88,3.32,-8.65
2019-05-09,-1.47,1.15,-6.21
2019-05-10,-1.08,0.8,-6.19
2019-05-13,-5.76,0.32,-1.21
2019-05-14,-8.15,-1.47,1.97
2019-05-15,-10.35,-2.1,2.41
2019-05-16,-12.38,-1.15,2.53
2019-05-17,-12.85,-2.05,2.56
2019-05-20,-12.05,-1.25,2.2
2019-05-21,-11.6,-2.86,0.94
2019-05-22,-11.27,-1.83,2.13
2019-05-23,-11.83,-1.28,2.9
2019-05-24,-9.68,-1.91,0.11
2019-05-28,-10.43,0.8,-2.27
2019-05-29,-9.81,3.32,-2.74
2019-05-30,-8.49,1.57,-0.99
2019-05-31,-8.3,-0.52,-0.08
2019-06-03,-7.86,-0.82,-1.55
2019-06-04,-4.56,-2.52,-3.68
2019-06-05,-4.93,-3.09,-1.26
2019-06-06,-8.65,-0.88,3.86
2019-06-07,-6.21,-1.47,3.65
2019-06-10,-6.19,-1.08,2.59
2019-06-11,-1.21,-5.76,2.8
2019-06-12,1.97,-8.15,2.44
2019-06-13,2.41,-10.35,2.68
2019-06-14,2.53,-12.38,2.91
2019-06-17,2.56,-12.85,2.15
2019-06-18,2.2,-12.05,-0.85
2019-06-19,0.94,-11.6,-0.88
2019-06-20,2.13,-11.27,-1.12
2019-06-21,2.9,-11.83,1.92
2019-06-24,0.11,-9.68,1.66
2019-06-25,-2.27,-10.43,5.28
2019-06-26,-2.74,-9.81,4.77
2019-06-27,-0.99,-8.49,2.6
2019-06-28,-0.08,-8.3,12.9
2019-07-01,-1.55,-7.86,18.99
2019-07-02,-3.68,-4.56,17.46
2019-07-03,-1.26,-4.93,14.2
2019-07-04,3.86,-8.65,14.1
2019-07-05,3.65,-6.21,11.68
2019-07-08,2.59,-6.19,10.41
2019-07-09,2.8,-1.21,9.39
2019-07-10,2.44,1.97,11.09
2019-07-11,2.68,2.41,13.62
2019-07-12,2.91,2.53,13.16
2019-07-15,2.15,2.56,13.92
2019-07-16,-0.85,2.2,16.86
2019-07-17,-0.88,0.94,18.19
2019-07-18,-1.12,2.13,16.82
2019-07-19,1.92,2.9,16.62
2019-07-22,1.66,0.11,17.13
2019-07-23,5.28,-2.27,13.35
2019-07-24,4.77,-2.74,14.56
2019-07-25,2.6,-0.99,14.06
2019-07-26,12.9,-0.08,2.97
2019-07-29,18.99,-1.55,-0.63
2019-07-30,17.46,-3.68,1.02
2019-07-31,14.2,-1.26,3.85
2019-08-01,14.1,3.86,2.36
2019-08-02,11.68,3.65,4.19
2019-08-05,10.41,2.59,6.91
2019-08-06,9.39,2.8,7.23
2019-08-07,11.09,2.44,4.43
2019-08-08,13.62,2.68,3.47
2019-08-09,13.16,2.91,4.32
2019-08-12,13.92,2.15,6.34
2019-08-13,16.86,-0.85,6.23
2019-08-14,18.19,-0.88,8.03
2019-08-15,16.82,-1.12,8.89
2019-08-16,16.62,1.92,5.45
2019-08-19,17.13,1.66,4.51
2019-08-20,13.35,5.28,5.36
2019-08-21,14.56,4.77,6.27
2019-08-22,14.06,2.6,5.95
2019-08-23,2.97,12.9,6.4
2019-08-27,-0.63,18.99,5.8
2019-08-28,1.02,17.46,5.08
2019-08-29,3.85,14.2,4.49
2019-08-30,2.36,14.1,4.48
2019-09-02,4.19,11.68,3.41
2019-09-03,6.91,10.41,0.95
2019-09-04,7.23,9.39,-0.79
2019-09-05,4.43,11.09,0.99
2019-09-06,3.47,13.62,1.35
2019-09-09,4.32,13.16,3.36
2019-09-10,6.34,13.92,2.0
2019-09-11,6.23,16.86,1.22
2019-09-12,8.03,18.19,1.14
2019-09-13,8.89,16.82,-0.07
2019-09-16,5.45,16.62,1.22
2019-09-17,4.51,17.13,3.0
2019-09-18,5.36,13.35,2.84
2019-09-19,6.27,14.56,0.02
2019-09-20,5.95,14.06,0.6
2019-09-23,6.4,2.97,-0.1
2019-09-24,5.8,-0.63,-0.02
2019-09-25,5.08,1.02,1.37
2019-09-26,4.49,3.85,-1.02
2019-09-27,4.48,2.36,-0.99
2019-09-30,3.41,4.19,-1.14
2019-10-01,0.95,6.91,-0.75
2019-10-02,-0.79,7.23,1.17
2019-10-03,0.99,4.43,1.39
2019-10-04,1.35,3.47,0.41
2019-10-07,3.36,4.32,-0.29
2019-10-08,2.0,6.34,0.68
2019-10-09,1.22,6.23,0.93
2019-10-10,1.14,8.03,0.37
2019-10-11,-0.07,8.89,0.58
2019-10-14,1.22,5.45,-0.45
2019-10-15,3.0,4.51,2.11
2019-10-16,2.84,5.36,2.74
2019-10-17,0.02,6.27,-0.54
2019-10-18,0.6,5.95,-3.66
2019-10-21,-0.1,6.4,-4.81
2019-10-22,-0.02,5.8,-4.24
2019-10-23,1.37,5.08,-6.34
2019-10-24,-1.02,4.49,-5.68
2019-10-25,-0.99,4.48,-2.5
2019-10-28,-1.14,3.41,-2.04
2019-10-29,-0.75,0.95,-0.51
2019-10-30,1.17,-0.79,1.84
2019-10-31,1.39,0.99,-2.06
2019-11-01,0.41,1.35,-3.24
2019-11-04,-0.29,3.36,-7.42
2019-11-05,0.68,2.0,-9.99
2019-11-06,0.93,1.22,-10.07
2019-11-07,0.37,1.14,-11.72
2019-11-08,0.58,-0.07,-11.01
2019-11-11,-0.45,1.22,-10.24
2019-11-12,2.11,3.0,-13.62
2019-11-13,2.74,2.84,-13.0
2019-11-14,-0.54,0.02,-9.55
2019-11-15,-3.66,0.6,-5.41
2019-11-18,-4.81,-0.1,-2.5
2019-11-19,-4.24,-0.02,-2.58
2019-11-20,-6.34,1.37,-1.26
2019-11-21,-5.68,-1.02,-0.55
2019-11-22,-2.5,-0.99,-3.77
2019-11-25,-2.04,-1.14,-4.13
2019-11-26,-0.51,-0.75,-4.45
2019-11-27,1.84,1.17,-5.88
2019-11-28,-2.06,1.39,-3.59
2019-11-29,-3.24,0.41,-4.3
2019-12-02,-7.42,-0.29,-0.39
2019-12-03,-9.99,0.68,1.47
2019-12-04,-10.07,0.93,0.68
2019-12-05,-11.72,0.37,1.66
2019-12-06,-11.01,0.58,2.16
2019-12-09,-10.24,-0.45,5.63
2019-12-10,-13.62,2.11,6.24
2019-12-11,-13.0,2.74,5.6
2019-12-12,-9.55,-0.54,8.45
2019-12-13,-5.41,-3.66,8.01
2019-12-16,-2.5,-4.81,4.96
2019-12-17,-2.58,-4.24,3.42
2019-12-18,-1.26,-6.34,2.99
2019-12-19,-0.55,-5.68,2.45
2019-12-20,-3.77,-2.5,1.34
2019-12-23,-4.13,-2.04,2.51
2019-12-24,-4.45,-0.51,4.06
2019-12-27,-5.88,1.84,2.19
2019-12-30,-3.59,-2.06,5.41
2019-12-31,-4.3,-3.24,6.04
2020-01-02,-0.39,-7.42,1.76
2020-01-03,1.47,-9.99,0.92
2020-01-06,0.68,-10.07,2.54
2020-01-07,1.66,-11.72,3.12
2020-01-08,2.16,-11.01,-0.35
2020-01-09,5.63,-10.24,-0.62
2020-01-10,6.24,-13.62,0.92
2020-01-13,5.6,-13.0,-1.07
2020-01-14,8.45,-9.55,-3.97
2020-01-15,8.01,-5.41,-3.37
2020-01-16,4.96,-2.5,-2.52
2020-01-17,3.42,-2.58,-2.81
2020-01-20,2.99,-1.26,-2.5
2020-01-21,2.45,-0.55,0.26
2020-01-22,1.34,-3.77,2.03
2020-01-23,2.51,-4.13,0.52
2020-01-24,4.06,-4.45,-1.04
2020-01-27,2.19,-5.88,-2.35
2020-01-28,5.41,-3.59,-6.14
2020-01-29,6.04,-4.3,-5.99
2020-01-30,1.76,-0.39,-6.21
2020-01-31,0.92,1.47,-10.01
2020-02-03,2.54,0.68,-11.44
2020-02-04,3.12,1.66,-11.72
2020-02-05,-0.35,2.16,-5.03
2020-02-06,-0.62,5.63,-6.73
2020-02-07,0.92,6.24,-10.73
2020-02-10,-1.07,5.6,-17.17
2020-02-11,-3.97,8.45,-18.96
2020-02-12,-3.37,8.01,-23.03
2020-02-13,-2.52,4.96,-31.51
2020-02-14,-2.81,3.42,-29.98
2020-02-17,-2.5,2.99,-35.14
2020-02-18,0.26,2.45,-30.64
2020-02-19,2.03,1.34,-31.08
2020-02-20,0.52,2.51,-25.16
2020-02-21,-1.04,4.06,-27.35
2020-02-24,-2.35,2.19,-26.86
2020-02-25,-6.14,5.41,-24.35
2020-02-26,-5.99,6.04,-19.96
2020-02-27,-6.21,1.76,-12.38
2020-02-28,-10.01,0.92,-13.61
2020-03-02,-11.44,2.54,-14.39
2020-03-03,-11.72,3.12,-15.37
2020-03-04,-5.03,-0.35,-21.48
2020-03-05,-6.73,-0.62,-21.7
2020-03-06,-10.73,0.92,-18.74
2020-03-09,-17.17,-1.07,-6.18
2020-03-10,-18.96,-3.97,-5.04
2020-03-11,-23.03,-3.37,-5.65
2020-03-12,-31.51,-2.52,8.74
2020-03-13,-29.98,-2.81,6.59
2020-03-16,-35.14,-2.5,10.18
2020-03-17,-30.64,0.26,-0.52
2020-03-18,-31.08,2.03,1.4
2020-03-19,-25.16,0.52,-4.31
2020-03-20,-27.35,-1.04,-5.92
2020-03-23,-26.86,-2.35,-2.7
2020-03-24,-24.35,-6.14,-3.16
2020-03-25,-19.96,-5.99,-6.64
2020-03-26,-12.38,-6.21,-10.36
2020-03-27,-13.61,-10.01,-2.62
2020-03-30,-14.39,-11.44,3.99
2020-03-31,-15.37,-11.72,-0.76
2020-04-01,-21.48,-5.03,0.71
2020-04-02,-21.7,-6.73,-0.58
2020-04-03,-18.74,-10.73,1.32
2020-04-06,-6.18,-17.17,-3.41
2020-04-07,-5.04,-18.96,-2.39
2020-04-08,-5.65,-23.03,1.95
2020-04-09,8.74,-31.51,8.72
2020-04-14,6.59,-29.98,8.48
2020-04-15,10.18,-35.14,10.67
2020-04-16,-0.52,-30.64,12.9
2020-04-17,1.4,-31.08,15.72
2020-04-20,-4.31,-25.16,14.47
2020-04-21,-5.92,-27.35,19.67
2020-04-22,-2.7,-26.86,20.13
2020-04-23,-3.16,-24.35,20.68
2020-04-24,-6.64,-19.96,17.89
2020-04-27,-10.36,-12.38,18.57
2020-04-28,-2.62,-13.61,18.67
2020-04-29,3.99,-14.39,11.88
2020-04-30,-0.76,-15.37,20.67
2020-05-01,0.71,-21.48,22.29
2020-05-04,-0.58,-21.7,24.55
2020-05-05,1.32,-18.74,21.94
2020-05-06,-3.41,-6.18,23.43
2020-05-07,-2.39,-5.04,24.97
2020-05-11,1.95,-5.65,22.96
2020-05-12,8.72,8.74,10.89
2020-05-13,8.48,6.59,3.67
2020-05-14,10.67,10.18,5.51
2020-05-15,12.9,-0.52,2.88
2020-05-18,15.72,1.4,2.48
2020-05-19,14.47,-4.31,1.61
2020-05-20,19.67,-5.92,0.27
2020-05-21,20.13,-2.7,-0.81
2020-05-22,20.68,-3.16,-2.48
2020-05-26,17.89,-6.64,0.2
2020-05-27,18.57,-10.36,-4.83
2020-05-28,18.67,-2.62,-5.28
2020-05-29,11.88,3.99,-5.85
2020-06-01,20.67,-0.76,-5.56
2020-06-02,22.29,0.71,-4.53
2020-06-03,24.55,-0.58,-6.4
2020-06-04,21.94,1.32,-5.6
2020-06-05,23.43,-3.41,-6.71
2020-06-08,24.97,-2.39,-7.71
2020-06-09,22.96,1.95,-8.58
2020-06-10,10.89,8.72,-8.06
2020-06-11,3.67,8.48,-2.62
2020-06-12,5.51,10.67,-2.13
2020-06-15,2.88,12.9,0.21
2020-06-16,2.48,15.72,-1.72
2020-06-17,1.61,14.47,-1.24
2020-06-18,0.27,19.67,0.35
2020-06-19,-0.81,20.13,1.6
2020-06-22,-2.48,20.68,1.97
2020-06-23,0.2,17.89,0.93
2020-06-24,-4.83,18.57,3.95
2020-06-25,-5.28,18.67,1.37
2020-06-26,-5.85,11.88,-2.46
2020-06-29,-5.56,20.67,-5.34
2020-06-30,-4.53,22.29,-6.36
2020-07-01,-6.4,24.55,-3.71
2020-07-02,-5.6,21.94,-8.42
2020-07-03,-6.71,23.43,-10.86
2020-07-06,-7.71,24.97,-10.15
2020-07-07,-8.58,22.96,-7.27
2020-07-08,-8.06,10.89,-6.45
2020-07-09,-2.62,3.67,-5.41
2020-07-10,-2.13,5.51,-5.41
2020-07-13,0.21,2.88,-6.49
2020-07-14,-1.72,2.48,-6.4
2020-07-15,-1.24,1.61,-6.04
2020-07-16,0.35,0.27,-5.66
2020-07-17,1.6,-0.81,-8.57
2020-07-20,1.97,-2.48,-8.94
2020-07-21,0.93,0.2,-10.08
2020-07-22,3.95,-4.83,-8.92
2020-07-23,1.37,-5.28,-10.43
2020-07-24,-2.46,-5.85,-6.47
2020-07-27,-5.34,-5.56,-3.32
2020-07-28,-6.36,-4.53,-4.34
2020-07-29,-3.71,-6.4,-7.2
2020-07-30,-8.42,-5.6,-4.13
2020-07-31,-10.86,-6.71,-3.57
2020-08-03,-10.15,-7.71,-8.43
2020-08-04,-7.27,-8.58,-7.85
2020-08-05,-6.45,-8.06,-8.11
2020-08-06,-5.41,-2.62,-9.26
2020-08-07,-5.41,-2.13,-7.95
2020-08-10,-6.49,0.21,-8.08
2020-08-11,-6.4,-1.72,-7.81
2020-08-12,-6.04,-1.24,-8.66
2020-08-13,-5.66,0.35,-8.33
2020-08-14,-8.57,1.6,-7.63
2020-08-17,-8.94,1.97,-7.27
2020-08-18,-10.08,0.93,-6.69
2020-08-19,-8.92,3.95,-9.33
2020-08-20,-10.43,1.37,-6.67
2020-08-21,-6.47,-2.46,-9.63
2020-08-24,-3.32,-5.34,-11.1
2020-08-25,-4.34,-6.36,-9.53
2020-08-26,-7.2,-3.71,-9.1
2020-08-27,-4.13,-8.42,-8.69
2020-08-28,-3.57,-10.86,-6.69
2020-09-01,-8.43,-10.15,-3.83
2020-09-02,-7.85,-7.27,-5.4
2020-09-03,-8.11,-6.45,-5.57
2020-09-04,-9.26,-5.41,-2.32
2020-09-07,-7.95,-5.41,0.2
2020-09-08,-8.08,-6.49,2.95
2020-09-09,-7.81,-6.4,-0.31
2020-09-10,-8.66,-6.04,1.65
2020-09-11,-8.33,-5.66,0.85
2020-09-14,-7.63,-8.57,2.03
2020-09-15,-7.27,-8.94,2.6
2020-09-16,-6.69,-10.08,0.37
2020-09-17,-9.33,-8.92,1.45
2020-09-18,-6.67,-10.43,1.58
2020-09-21,-9.63,-6.47,5.71
2020-09-22,-11.1,-3.32,6.16
2020-09-23,-9.53,-4.34,2.05
2020-09-24,-9.1,-7.2,4.74
2020-09-25,-8.69,-4.13,8.48
2020-09-28,-6.69,-3.57,5.54
2020-09-29,-3.83,-8.43,2.87
2020-09-30,-5.4,-7.85,0.37
2020-10-01,-5.57,-8.11,1.77
2020-10-02,-2.32,-9.26,0.18
2020-10-05,0.2,-7.95,-1.56
2020-10-06,2.95,-8.08,-3.81
2020-10-07,-0.31,-7.81,-2.55
2020-10-08,1.65,-8.66,-4.6
2020-10-09,0.85,-8.33,-5.51
2020-10-12,2.03,-7.63,0.23
2020-10-13,2.6,-7.27,4.18
2020-10-14,0.37,-6.69,6.69
2020-10-15,1.45,-9.33,8.6
2020-10-16,1.58,-6.67,9.29
2020-10-19,5.71,-9.63,17.06
2020-10-20,6.16,-11.1,11.02
2020-10-21,2.05,-9.53,15.43
2020-10-22,4.74,-9.1,11.86
2020-10-23,8.48,-8.69,9.4
2020-10-26,5.54,-6.69,11.15
2020-10-27,2.87,-3.83,18.2
2020-10-28,0.37,-5.4,20.67
2020-10-29,1.77,-5.57,21.43
2020-10-30,0.18,-2.32,21.26
2020-11-02,-1.56,0.2,16.68
2020-11-03,-3.81,2.95,18.16
2020-11-04,-2.55,-0.31,19.44
2020-11-05,-4.6,1.65,19.85
2020-11-06,-5.51,0.85,23.91
2020-11-09,0.23,2.03,17.95
2020-11-10,4.18,2.6,12.07
2020-11-11,6.69,0.37,13.27
2020-11-12,8.6,1.45,13.09
2020-11-13,9.29,1.58,9.59
2020-11-16,17.06,5.71,2.65
2020-11-17,11.02,6.16,6.09
2020-11-18,15.43,2.05,6.33
2020-11-19,11.86,4.74,3.14
2020-11-20,9.4,8.48,2.27
2020-11-23,11.15,5.54,-0.02
2020-11-24,18.2,2.87,-2.82
2020-11-25,20.67,0.37,-1.09
2020-11-26,21.43,1.77,-1.94
2020-11-27,21.26,0.18,-1.2
2020-11-30,16.68,-1.56,-1.0
2020-12-01,18.16,-3.81,-3.59
2020-12-02,19.44,-2.55,-2.69
2020-12-03,19.85,-4.6,-2.15
2020-12-04,23.91,-5.51,-0.48
2020-12-07,17.95,0.23,-0.8
2020-12-08,12.07,4.18,-1.77
2020-12-09,13.27,6.69,-3.27
2020-12-10,13.09,8.6,-6.01
2020-12-11,9.59,9.29,-2.64
2020-12-14,2.65,17.06,-1.69
2020-12-15,6.09,11.02,-2.14
2020-12-16,6.33,15.43,-3.36
2020-12-17,3.14,11.86,1.21
2020-12-18,2.27,9.4,0.92
2020-12-21,-0.02,11.15,4.89
2020-12-22,-2.82,18.2,4.57
2020-12-23,-1.09,20.67,4.39
2020-12-24,-1.94,21.43,4.8
2020-12-29,-1.2,21.26,3.87
2020-12-30,-1.0,16.68,3.38
2020-12-31,-3.59,18.16,3.22
2021-01-04,-2.69,19.44,2.23
2021-01-05,-2.15,19.85,2.38
2021-01-06,-0.48,23.91,4.11
2021-01-07,-0.8,17.95,3.55
2021-01-08,-1.77,12.07,4.39
2021-01-11,-3.27,13.27,3.2
2021-01-12,-6.01,13.09,5.17
2021-01-13,-2.64,9.59,4.27
2021-01-14,-1.69,2.65,3.55
2021-01-15,-2.14,6.09,5.27
2021-01-18,-3.36,6.33,7.3
2021-01-19,1.21,3.14,5.23
2021-01-20,0.92,2.27,4.37
2021-01-21,4.89,-0.02,1.84
2021-01-22,4.57,-2.82,3.0
2021-01-25,4.39,-1.09,1.57
2021-01-26,4.8,-1.94,0.6
2021-01-27,3.87,-1.2,-2.09
2021-01-28,3.38,-1.0,-1.49
2021-01-29,3.22,-3.59,-2.26
2021-02-01,2.23,-2.69,-2.18
2021-02-02,2.38,-2.15,-2.53
2021-02-03,4.11,-0.48,-7.13
2021-02-04,3.55,-0.8,-7.44
2021-02-05,4.39,-1.77,-7.1
2021-02-08,3.2,-3.27,-4.79
2021-02-09,5.17,-6.01,-3.42
2021-02-10,4.27,-2.64,-2.74
2021-02-11,3.55,-1.69,-1.3
2021-02-12,5.27,-2.14,-0.82
2021-02-15,7.3,-3.36,-1.87
2021-02-16,5.23,1.21,0.66
2021-02-17,4.37,0.92,3.18
2021-02-18,1.84,4.89,4.48
2021-02-19,3.0,4.57,2.12
2021-02-22,1.57,4.39,1.72
2021-02-23,0.6,4.8,3.2
2021-02-24,-2.09,3.87,6.71
2021-02-25,-1.49,3.38,8.02
2021-02-26,-2.26,3.22,10.95
2021-03-01,-2.18,2.23,7.15
2021-03-02,-2.53,2.38,7.99
2021-03-03,-7.13,4.11,5.3
2021-03-04,-7.44,3.55,6.32
2021-03-05,-7.1,4.39,8.08
2021-03-08,-4.79,3.2,8.39
2021-03-09,-3.42,5.17,6.88
2021-03-10,-2.74,4.27,4.11
2021-03-11,-1.3,3.55,2.31
2021-03-12,-0.82,5.27,0.95
2021-03-15,-1.87,7.3,0.8
2021-03-16,0.66,5.23,-0.88
2021-03-17,3.18,4.37,-1.27
2021-03-18,4.48,1.84,-0.62
2021-03-19,2.12,3.0,-1.84
2021-03-22,1.72,1.57,0.14
2021-03-23,3.2,0.6,0.0
2021-03-24,6.71,-2.09,-0.25
2021-03-25,8.02,-1.49,-0.27
2021-03-26,10.95,-2.26,-0.25
2021-03-29,7.15,-2.18,2.01
2021-03-30,7.99,-2.53,1.04
2021-03-31,5.3,-7.13,3.73
2021-04-01,6.32,-7.44,3.11
2021-04-06,8.08,-7.1,4.4
2021-04-07,8.39,-4.79,3.94
2021-04-08,6.88,-3.42,3.93
2021-04-09,4.11,-2.74,5.78
2021-04-12,2.31,-1.3,3.03
2021-04-13,0.95,-0.82,4.52
2021-04-14,0.8,-1.87,3.98
2021-04-15,-0.88,0.66,5.53
2021-04-16,-1.27,3.18,4.82
2021-04-19,-0.62,4.48,-4.58
2021-04-20,-1.84,2.12,-3.86
2021-04-21,0.14,1.72,-3.73
2021-04-22,0.0,3.2,-4.94
2021-04-23,-0.25,6.71,-3.14
2021-04-26,-0.27,8.02,-4.79
2021-04-27,-0.25,10.95,-5.97
2021-04-28,2.01,7.15,-5.0
2021-04-29,1.04,7.99,-5.3
2021-04-30,3.73,5.3,-6.24
2021-05-04,3.11,6.32,-7.33
2021-05-05,4.4,8.08,-9.22
2021-05-06,3.94,8.39,-9.91
2021-05-07,3.93,6.88,-8.94
2021-05-10,5.78,4.11,-9.72
2021-05-11,3.03,2.31,-7.67
2021-05-12,4.52,0.95,-7.38
2021-05-13,3.98,0.8,-6.9
2021-05-14,5.53,-0.88,-7.62
2021-05-17,4.82,-1.27,-6.85
2021-05-18,-4.58,-0.62,0.84
2021-05-19,-3.86,-1.84,3.09
2021-05-20,-3.73,0.14,-0.16
2021-05-21,-4.94,0.0,1.55
2021-05-24,-3.14,-0.25,0.66
2021-05-25,-4.79,-0.27,2.16
2021-05-26,-5.97,-0.25,-1.32
2021-05-27,-5.0,2.01,-4.19
2021-05-28,-5.3,1.04,-6.03
2021-06-01,-6.24,3.73,-5.58
2021-06-02,-7.33,3.11,-5.0
2021-06-03,-9.22,4.4,-4.61
2021-06-04,-9.91,3.94,-4.75
2021-06-07,-8.94,3.93,-5.4
2021-06-08,-9.72,5.78,-7.23
2021-06-09,-7.67,3.03,-7.14
2021-06-10,-7.38,4.52,-9.2
2021-06-11,-6.9,3.98,-8.63
2021-06-14,-7.62,5.53,-7.95
2021-06-15,-6.85,4.82,-9.61
2021-06-16,0.84,-4.58,-9.74
2021-06-17,3.09,-3.86,-11.51
2021-06-18,-0.16,-3.73,-8.68
2021-06-21,1.55,-4.94,-12.71
2021-06-22,0.66,-3.14,-12.98
2021-06-23,2.16,-4.79,-11.91
2021-06-24,-1.32,-5.97,-7.39
2021-06-25,-4.19,-5.0,-3.38
2021-06-28,-6.03,-5.3,-2.46
2021-06-29,-5.58,-6.24,-3.6
2021-06-30,-5.0,-7.33,-4.94
2021-07-01,-4.61,-9.22,-4.35
2021-07-02,-4.75,-9.91,-4.66
2021-07-05,-5.4,-8.94,-4.39
2021-07-06,-7.23,-9.72,-1.32
2021-07-07,-7.14,-7.67,-1.81
2021-07-08,-9.2,-7.38,-0.34
2021-07-09,-8.63,-6.9,0.02
2021-07-12,-7.95,-7.62,-0.23
2021-07-13,-9.61,-6.85,-0.03
2021-07-14,-9.74,0.84,2.13
2021-07-15,-11.51,3.09,4.6
2021-07-16,-8.68,-0.16,3.17
2021-07-19,-12.71,1.55,5.75
2021-07-20,-12.98,0.66,6.23
2021-07-21,-11.91,2.16,5.72
2021-07-22,-7.39,-1.32,4.46
2021-07-23,-3.38,-4.19,3.23
2021-07-26,-2.46,-6.03,4.01
2021-07-27,-3.6,-5.58,4.85
2021-07-28,-4.94,-5.0,6.62
2021-07-29,-4.35,-4.61,5.24
2021-07-30,-4.66,-4.75,5.65
2021-08-02,-4.39,-5.4,4.42
2021-08-03,-1.32,-7.23,3.87
2021-08-04,-1.81,-7.14,3.71
2021-08-05,-0.34,-9.2,2.86
2021-08-06,0.02,-8.63,2.48
2021-08-09,-0.23,-7.95,2.43
2021-08-10,-0.03,-9.61,2.15
2021-08-11,2.13,-9.74,-0.92
2021-08-12,4.6,-11.51,-3.18
2021-08-13,3.17,-8.68,-2.21
2021-08-16,5.75,-12.71,-2.88
2021-08-17,6.23,-12.98,-4.77
2021-08-18,5.72,-11.91,-5.49
2021-08-19,4.46,-7.39,-5.69
2021-08-20,3.23,-3.38,-6.96
2021-08-23,4.01,-2.46,-6.77
2021-08-24,4.85,-3.6,-5.72
2021-08-25,6.62,-4.94,-7.03
2021-08-26,5.24,-4.35,-7.1
2021-08-27,5.65,-4.66,-5.59
2021-08-31,4.42,-4.39,-5.72
2021-09-01,3.87,-1.32,-5.53
2021-09-02,3.71,-1.81,-6.56
2021-09-03,2.86,-0.34,-7.13
2021-09-06,2.48,0.02,-6.43
2021-09-07,2.43,-0.23,-6.23
2021-09-08,2.15,-0.03,-8.39
2021-09-09,-0.92,2.13,-5.42
2021-09-10,-3.18,4.6,-3.99
2021-09-13,-2.21,3.17,-5.0
2021-09-14,-2.88,5.75,-4.34
2021-09-15,-4.77,6.23,-3.94
2021-09-16,-5.49,5.72,-3.37
2021-09-17,-5.69,4.46,-3.39
2021-09-20,-6.96,3.23,-4.12
2021-09-21,-6.77,4.01,-4.07
2021-09-22,-5.72,4.85,-2.95
2021-09-23,-7.03,6.62,-3.03
2021-09-24,-7.1,5.24,-2.62
2021-09-27,-5.59,5.65,-4.45
2021-09-28,-5.72,4.42,-2.1
2021-09-29,-5.53,3.87,-3.01
2021-09-30,-6.56,3.71,-3.81
2021-10-01,-7.13,2.86,-3.71
2021-10-04,-6.43,2.48,-3.88
2021-10-05,-6.23,2.43,-5.41
2021-10-06,-8.39,2.15,-4.19
2021-10-07,-5.42,-0.92,-2.03
2021-10-08,-3.99,-3.18,-0.66
2021-10-11,-5.0,-2.21,-0.72
2021-10-12,-4.34,-2.88,0.68
2021-10-13,-3.94,-4.77,1.92
2021-10-14,-3.37,-5.49,2.61
2021-10-15,-3.39,-5.69,2.83
2021-10-18,-4.12,-6.96,2.8
2021-10-19,-4.07,-6.77,7.79
2021-10-20,-2.95,-5.72,1.95
2021-10-21,-3.03,-7.03,3.75
2021-10-22,-2.62,-7.1,2.53
2021-10-25,-4.45,-5.59,5.89
2021-10-26,-2.1,-5.72,3.04
2021-10-27,-3.01,-5.53,5.14
2021-10-28,-3.81,-6.56,4.7
2021-10-29,-3.71,-7.13,1.46
2021-11-01,-3.88,-6.43,0.69
2021-11-02,-5.41,-6.23,0.81
2021-11-03,-4.19,-8.39,3.85
2021-11-04,-2.03,-5.42,-0.09
2021-11-05,-0.66,-3.99,-0.88
2021-11-08,-0.72,-5.0,1.73
2021-11-09,0.68,-4.34,0.09
2021-11-10,1.92,-3.94,0.75
2021-11-11,2.61,-3.37,-0.72
2021-11-12,2.83,-3.39,-0.32
2021-11-15,2.8,-4.12,-0.04
2021-11-16,7.79,-4.07,-3.14
2021-11-17,1.95,-2.95,-2.54
2021-11-18,3.75,-3.03,-2.92
2021-11-19,2.53,-2.62,0.56
2021-11-22,5.89,-4.45,-4.9
2021-11-23,3.04,-2.1,-2.35
2021-11-24,5.14,-3.01,-4.45
2021-11-25,4.7,-3.81,-1.1
2021-11-26,1.46,-3.71,2.66
2021-11-29,0.69,-3.88,2.29
2021-11-30,0.81,-5.41,2.78
2021-12-01,3.85,-4.19,1.08
2021-12-02,-0.09,-2.03,4.78
2021-12-03,-0.88,-0.66,3.55
2021-12-06,1.73,-0.72,0.97
2021-12-07,0.09,0.68,2.43
2021-12-08,0.75,1.92,3.85
2021-12-09,-0.72,2.61,2.56
2021-12-10,-0.32,2.83,3.45
2021-12-13,-0.04,2.8,4.73
2021-12-14,-3.14,7.79,3.55
2021-12-15,-2.54,1.95,6.83
2021-12-16,-2.92,3.75,8.79
2021-12-17,0.56,2.53,5.78
2021-12-20,-4.9,5.89,7.55
2021-12-21,-2.35,3.04,3.78
2021-12-22,-4.45,5.14,9.17
2021-12-23,-1.1,4.7,11.24
2021-12-24,2.66,1.46,10.38
2021-12-29,2.29,0.69,11.93
2021-12-30,2.78,0.81,13.56
2021-12-31,1.08,3.85,15.82
2022-01-04,4.78,-0.09,10.96
2022-01-05,3.55,-0.88,15.77
2022-01-06,0.97,1.73,17.2
2022-01-07,2.43,0.09,17.12
2022-01-10,3.85,0.75,16.98
2022-01-11,2.56,-0.72,18.19
2022-01-12,3.45,-0.32,19.16
2022-01-13,4.73,-0.04,17.54
2022-01-14,3.55,-3.14,17.43
2022-01-17,6.83,-2.54,14.86
2022-01-18,8.79,-2.92,14.32
2022-01-19,5.78,0.56,15.42
2022-01-20,7.55,-4.9,15.04
2022-01-21,3.78,-2.35,17.05
2022-01-24,9.17,-4.45,10.66
2022-01-25,11.24,-1.1,8.7
2022-01-26,10.38,2.66,9.15
2022-01-27,11.93,2.29,3.19
2022-01-28,13.56,2.78,4.67
2022-01-31,15.82,1.08,1.09
2022-02-01,10.96,4.78,0.75
2022-02-02,15.77,3.55,-1.87
2022-02-03,17.2,0.97,-4.18
2022-02-04,17.12,2.43,-8.02
2022-02-07,16.98,3.85,-11.99
2022-02-08,18.19,2.56,-15.13
2022-02-09,19.16,3.45,-14.05
2022-02-10,17.54,4.73,-14.42
2022-02-11,17.43,3.55,-13.97
2022-02-14,14.86,6.83,-10.81
2022-02-15,14.32,8.79,-12.11
2022-02-16,15.42,5.78,-10.87
2022-02-17,15.04,7.55,-8.7
2022-02-18,17.05,3.78,-7.22
2022-02-21,10.66,9.17,-5.87
2022-02-22,8.7,11.24,-6.92
2022-02-23,9.15,10.38,-8.35
2022-02-24,3.19,11.93,-4.04
2022-02-25,4.67,13.56,-6.18
2022-02-28,1.09,15.82,-4.46
2022-03-01,0.75,10.96,-1.83
2022-03-02,-1.87,15.77,-0.32
2022-03-03,-4.18,17.2,-2.47
2022-03-04,-8.02,17.12,2.38
2022-03-07,-11.99,16.98,4.2
2022-03-08,-15.13,18.19,7.75
2022-03-09,-14.05,19.16,6.7
2022-03-10,-14.42,17.54,7.06
2022-03-11,-13.97,17.43,8.18
2022-03-14,-10.81,14.86,7.42
2022-03-15,-12.11,14.32,7.03
2022-03-16,-10.87,15.42,5.9
2022-03-17,-8.7,15.04,4.91
2022-03-18,-7.22,17.05,2.15
2022-03-21,-5.87,10.66,0.38
2022-03-22,-6.92,8.7,1.18
2022-03-23,-8.35,9.15,2.72
2022-03-24,-4.04,3.19,1.51
2022-03-25,-6.18,4.67,1.9
2022-03-28,-4.46,1.09,0.25
2022-03-29,-1.83,0.75,0.38
2022-03-30,-0.32,-1.87,-6.09
2022-03-31,-2.47,-4.18,-0.95
2022-04-01,2.38,-8.02,-2.77
2022-04-04,4.2,-11.99,-2.02
2022-04-05,7.75,-15.13,-4.03
2022-04-06,6.7,-14.05,-7.24
2022-04-07,7.06,-14.42,-6.39
2022-04-08,8.18,-13.97,-8.06
2022-04-11,7.42,-10.81,-9.25
2022-04-12,7.03,-12.11,-9.83
2022-04-13,5.9,-10.87,-8.82
2022-04-14,4.91,-8.7,-8.96
2022-04-19,2.15,-7.22,-9.45
2022-04-20,0.38,-5.87,-7.78
2022-04-21,1.18,-6.92,-5.76
2022-04-22,2.72,-8.35,-1.21
2022-04-25,1.51,-4.04,1.67
2022-04-26,1.9,-6.18,1.97
2022-04-27,0.25,-4.46,4.38
2022-04-28,0.38,-1.83,2.44
2022-04-29,-6.09,-0.32,6.4
2022-05-03,-0.95,-2.47,5.6
2022-05-04,-2.77,2.38,3.09
2022-05-05,-2.02,4.2,2.06
2022-05-06,-4.03,7.75,4.63
2022-05-09,-7.24,6.7,4.85
2022-05-10,-6.39,7.06,6.11
2022-05-11,-8.06,8.18,5.55
2022-05-12,-9.25,7.42,6.13
2022-05-13,-9.83,7.03,6.57
2022-05-16,-8.82,5.9,5.05
2022-05-17,-8.96,4.91,4.41
2022-05-18,-9.45,2.15,7.57
2022-05-19,-7.78,0.38,7.85
2022-05-20,-5.76,1.18,5.5
2022-05-23,-1.21,2.72,0.52
2022-05-24,1.67,1.51,-1.82
2022-05-25,1.97,1.9,-2.86
2022-05-26,4.38,0.25,-3.2
2022-05-27,2.44,0.38,-1.2
2022-05-30,6.4,-6.09,-2.18
2022-05-31,5.6,-0.95,-3.0
2022-06-01,3.09,-2.77,0.52
2022-06-06,2.06,-2.02,2.11
2022-06-07,4.63,-4.03,0.79
2022-06-08,4.85,-7.24,1.78
2022-06-09,6.11,-6.39,1.14
2022-06-10,5.55,-8.06,2.39
2022-06-13,6.13,-9.25,2.14
2022-06-14,6.57,-9.83,2.96
2022-06-15,5.05,-8.82,2.36
2022-06-16,4.41,-8.96,1.74
2022-06-17,7.57,-9.45,1.61
2022-06-20,7.85,-7.78,1.85
2022-06-21,5.5,-5.76,2.54
2022-06-22,0.52,-1.21,1.97
2022-06-23,-1.82,1.67,2.45
2022-06-24,-2.86,1.97,1.99
2022-06-27,-3.2,4.38,1.41
2022-06-28,-1.2,2.44,-4.84
2022-06-29,-2.18,6.4,-4.33
2022-06-30,-3.0,5.6,-6.21
2022-07-01,0.52,3.09,-5.15
2022-07-04,2.11,2.06,-6.34
2022-07-05,0.79,4.63,-4.94
2022-07-06,1.78,4.85,-6.19
2022-07-07,1.14,6.11,-6.91
2022-07-08,2.39,5.55,-5.46
2022-07-11,2.14,6.13,-5.97
2022-07-12,2.96,6.57,-5.41
2022-07-13,2.36,5.05,-6.1
2022-07-14,1.74,4.41,-5.13
2022-07-15,1.61,7.57,-5.78
2022-07-18,1.85,7.85,-6.9
2022-07-19,2.54,5.5,-5.94
2022-07-20,1.97,0.52,-5.79
2022-07-21,2.45,-1.82,-6.2
2022-07-22,1.99,-2.86,-5.64
2022-07-25,1.41,-3.2,-7.08
2022-07-26,-4.84,-1.2,-4.07
2022-07-27,-4.33,-2.18,-3.92
2022-07-28,-6.21,-3.0,-1.89
2022-07-29,-5.15,0.52,-4.74
2022-08-01,-6.34,2.11,-3.97
2022-08-02,-4.94,0.79,-4.17
2022-08-03,-6.19,1.78,-5.62
2022-08-04,-6.91,1.14,-4.05
2022-08-05,-5.46,2.39,-7.49
2022-08-08,-5.97,2.14,-6.48
2022-08-09,-5.41,2.96,-9.9
2022-08-10,-6.1,2.36,-10.99
2022-08-11,-5.13,1.74,-10.51
2022-08-12,-5.78,1.61,-9.06
2022-08-15,-6.9,1.85,-9.94
2022-08-16,-5.94,2.54,-13.07
2022-08-17,-5.79,1.97,-10.3
2022-08-18,-6.2,2.45,-10.86
2022-08-19,-5.64,1.99,-12.62
2022-08-22,-7.08,1.41,-9.26
2022-08-23,-4.07,-4.84,-7.26
2022-08-24,-3.92,-4.33,-7.02
2022-08-25,-1.89,-6.21,-8.49
2022-08-26,-4.74,-5.15,-8.27
2022-08-30,-3.97,-6.34,-9.16
2022-08-31,-4.17,-4.94,-11.96
2022-09-01,-5.62,-6.19,-9.86
2022-09-02,-4.05,-6.91,-8.89
2022-09-05,-7.49,-5.46,-6.55
2022-09-06,-6.48,-5.97,-9.37
2022-09-07,-9.9,-5.41,-7.79
2022-09-08,-10.99,-6.1,-6.84
2022-09-09,-10.51,-5.13,-6.45
2022-09-12,-9.06,-5.78,-8.38
2022-09-13,-9.94,-6.9,-9.3
2022-09-14,-13.07,-5.94,-7.22
2022-09-15,-10.3,-5.79,-8.83
2022-09-16,-10.86,-6.2,-7.7
2022-09-20,-12.62,-5.64,-6.36
2022-09-21,-9.26,-7.08,-7.0
2022-09-22,-7.26,-4.07,-9.31
2022-09-23,-7.02,-3.92,-8.81
2022-09-26,-8.49,-1.89,-6.64
2022-09-27,-8.27,-4.74,-6.53
2022-09-28,-9.16,-3.97,-6.04
2022-09-29,-11.96,-4.17,-3.11
2022-09-30,-9.86,-5.62,-1.3
2022-10-03,-8.89,-4.05,-2.01
2022-10-04,-6.55,-7.49,-2.31
2022-10-05,-9.37,-6.48,0.72
2022-10-06,-7.79,-9.9,0.83
2022-10-07,-6.84,-10.99,4.22
2022-10-10,-6.45,-10.51,3.19
2022-10-11,-8.38,-9.06,4.88
2022-10-12,-9.3,-9.94,5.2
2022-10-13,-7.22,-13.07,6.41
2022-10-14,-8.83,-10.3,4.15
2022-10-17,-7.7,-10.86,4.14
2022-10-18,-6.36,-12.62,-3.73
2022-10-19,-7.0,-9.26,-3.95
2022-10-20,-9.31,-7.26,-2.33
2022-10-21,-8.81,-7.02,-1.19
2022-10-24,-6.64,-8.49,-1.48
2022-10-25,-6.53,-8.27,-3.72
2022-10-26,-6.04,-9.16,-4.16
2022-10-27,-3.11,-11.96,-6.08
2022-10-28,-1.3,-9.86,-6.76
2022-10-31,-2.01,-8.89,-8.69
2022-11-01,-2.31,-6.55,-10.45
2022-11-02,0.72,-9.37,-11.11
2022-11-03,0.83,-7.79,-10.66
2022-11-04,4.22,-6.84,-13.0
2022-11-07,3.19,-6.45,-13.08
2022-11-08,4.88,-8.38,-15.97
2022-11-09,5.2,-9.3,-15.79
2022-11-10,6.41,-7.22,-18.75
2022-11-11,4.15,-8.83,-16.36
2022-11-14,4.14,-7.7,-16.42
2022-11-15,-3.73,-6.36,-9.8
2022-11-16,-3.95,-7.0,-11.14
2022-11-17,-2.33,-9.31,-10.83
2022-11-18,-1.19,-8.81,-14.02
2022-11-21,-1.48,-6.64,-14.09
2022-11-22,-3.72,-6.53,-11.79
2022-11-23,-4.16,-6.04,-10.73
2022-11-24,-6.08,-3.11,-9.65
2022-11-25,-6.76,-1.3,-9.84
2022-11-28,-8.69,-2.01,-8.99
2022-11-29,-10.45,-2.31,-7.32
2022-11-30,-11.11,0.72,-8.28
2022-12-01,-10.66,0.83,-6.13
2022-12-02,-13.0,4.22,-3.65
2022-12-05,-13.08,3.19,-2.47
2022-12-06,-15.97,4.88,-0.63
2022-12-07,-15.79,5.2,1.17
2022-12-08,-18.75,6.41,2.08
2022-12-09,-16.36,4.15,1.23
2022-12-12,-16.42,4.14,5.73
2022-12-13,-9.8,-3.73,5.92
2022-12-14,-11.14,-3.95,8.06
2022-12-15,-10.83,-2.33,7.21
2022-12-16,-14.02,-1.19,8.27
2022-12-19,-14.09,-1.48,7.08
2022-12-20,-11.79,-3.72,9.64
2022-12-21,-10.73,-4.16,8.32
2022-12-22,-9.65,-6.08,10.04
2022-12-23,-9.84,-6.76,10.05
2022-12-28,-8.99,-8.69,9.32
2022-12-29,-7.32,-10.45,9.75
2022-12-30,-8.28,-11.11,11.05
2023-01-03,-6.13,-10.66,8.39
2023-01-04,-3.65,-13.0,3.84
2023-01-05,-2.47,-13.08,6.84
2023-01-06,-0.63,-15.97,2.74
2023-01-09,1.17,-15.79,2.22
2023-01-10,2.08,-18.75,4.3
2023-01-11,1.23,-16.36,5.12
2023-01-12,5.73,-16.42,-0.85
2023-01-13,5.92,-9.8,0.51
2023-01-16,8.06,-11.14,0.75
2023-01-17,7.21,-10.83,5.47
2023-01-18,8.27,-14.02,9.41
2023-01-19,7.08,-14.09,12.48
2023-01-20,9.64,-11.79,11.43
2023-01-23,8.32,-10.73,12.27
2023-01-24,10.04,-9.65,10.33
2023-01-25,10.05,-9.84,8.85
2023-01-26,9.32,-8.99,7.21
2023-01-27,9.75,-7.32,6.17
2023-01-30,11.05,-8.28,7.66
2023-01-31,8.39,-6.13,7.15
2023-02-01,3.84,-3.65,9.74
2023-02-02,6.84,-2.47,5.02
2023-02-03,2.74,-0.63,10.25
2023-02-06,2.22,1.17,11.65
2023-02-07,4.3,2.08,7.88
2023-02-08,5.12,1.23,6.93
2023-02-09,-0.85,5.73,8.14
2023-02-10,0.51,5.92,7.04
2023-02-13,0.75,8.06,1.79
2023-02-14,5.47,7.21,-1.07
2023-02-15,9.41,8.27,-5.24
2023-02-16,12.48,7.08,-8.72
2023-02-17,11.43,9.64,-11.73
2023-02-20,12.27,8.32,-10.01
2023-02-21,10.33,10.04,-8.84
2023-02-22,8.85,10.05,-9.07
2023-02-23,7.21,9.32,-8.28
2023-02-24,6.17,9.75,-10.69
2023-02-27,7.66,11.05,-11.54
2023-02-28,7.15,8.39,-10.85
2023-03-01,9.74,3.84,-10.22
2023-03-02,5.02,6.84,-10.1
2023-03-03,10.25,2.74,-11.13
2023-03-06,11.65,2.22,-11.62
2023-03-07,7.88,4.3,-11.37
2023-03-08,6.93,5.12,-9.39
2023-03-09,8.14,-0.85,-7.33
2023-03-10,7.04,0.51,-6.56
2023-03-13,1.79,0.75,-3.85
2023-03-14,-1.07,5.47,-4.54
2023-03-15,-5.24,9.41,-2.18
2023-03-16,-8.72,12.48,0.04
2023-03-17,-11.73,11.43,1.81
2023-03-20,-10.01,12.27,-1.82
2023-03-21,-8.84,10.33,-3.09
2023-03-22,-9.07,8.85,-0.79
2023-03-23,-8.28,7.21,-1.23
2023-03-24,-10.69,6.17,3.05
2023-03-27,-11.54,7.66,5.81
2023-03-28,-10.85,7.15,7.81
2023-03-29,-10.22,9.74,6.76
2023-03-30,-10.1,5.02,4.63
2023-03-31,-11.13,10.25,7.68
2023-04-03,-11.62,11.65,5.66
2023-04-04,-11.37,7.88,8.62
2023-04-05,-9.39,6.93,5.4
2023-04-06,-7.33,8.14,1.4
2023-04-11,-6.56,7.04,-1.19
2023-04-12,-3.85,1.79,-2.33
2023-04-13,-4.54,-1.07,-1.94
2023-04-14,-2.18,-5.24,-9.39
2023-04-17,0.04,-8.72,-11.19
2023-04-18,1.81,-11.73,-9.86
2023-04-19,-1.82,-10.01,-8.48
2023-04-20,-3.09,-8.84,-9.09
2023-04-21,-0.79,-9.07,-7.26
2023-04-24,-1.23,-8.28,-7.01
2023-04-25,3.05,-10.69,-11.2
2023-04-26,5.81,-11.54,-15.71
2023-04-27,7.81,-10.85,-18.93
2023-04-28,6.76,-10.22,-20.36
2023-05-02,4.63,-10.1,-18.74
2023-05-03,7.68,-11.13,-21.35
2023-05-04,5.66,-11.62,-17.56
2023-05-05,8.62,-11.37,-19.05
2023-05-09,5.4,-9.39,-16.76
2023-05-10,1.4,-7.33,-20.05
2023-05-11,-1.19,-6.56,-17.71
2023-05-12,-2.33,-3.85,-18.93
2023-05-15,-1.94,-4.54,-19.55
2023-05-16,-9.39,-2.18,-12.59
2023-05-17,-11.19,0.04,-10.3
2023-05-18,-9.86,1.81,-11.13
2023-05-19,-8.48,-1.82,-10.77
2023-05-22,-9.09,-3.09,-10.59
2023-05-23,-7.26,-0.79,-13.5
2023-05-24,-7.01,-1.23,-13.78
2023-05-25,-11.2,3.05,-10.33
2023-05-26,-15.71,5.81,-11.84
2023-05-30,-18.93,7.81,-6.56
2023-05-31,-20.36,6.76,-3.55
2023-06-01,-18.74,4.63,-2.35
2023-06-02,-21.35,7.68,-2.19
2023-06-05,-17.56,5.66,-4.62
2023-06-06,-19.05,8.62,-4.24
2023-06-07,-16.76,5.4,-7.4
2023-06-08,-20.05,1.4,-4.6
2023-06-09,-17.71,-1.19,-5.57
2023-06-12,-18.93,-2.33,-3.03
2023-06-13,-19.55,-1.94,-1.92
2023-06-14,-12.59,-9.39,-0.26
2023-06-15,-10.3,-11.19,-2.61
2023-06-16,-11.13,-9.86,-2.05
2023-06-19,-10.77,-8.48,-3.03
2023-06-20,-10.59,-9.09,-2.16
2023-06-21,-13.5,-7.26,0.99
2023-06-22,-13.78,-7.01,2.74
2023-06-23,-10.33,-11.2,1.13
2023-06-26,-11.84,-15.71,9.21
2023-06-27,-6.56,-18.93,4.51
2023-06-28,-3.55,-20.36,5.25
2023-06-29,-2.35,-18.74,2.45
2023-06-30,-2.19,-21.35,2.41
2023-07-03,-4.62,-17.56,0.15
2023-07-04,-4.24,-19.05,0.3
2023-07-05,-7.4,-16.76,1.69
2023-07-06,-4.6,-20.05,2.3
2023-07-07,-5.57,-17.71,4.12
2023-07-10,-3.03,-18.93,2.89
2023-07-11,-1.92,-19.55,1.3
2023-07-12,-0.26,-12.59,-0.1
2023-07-13,-2.61,-10.3,1.74
2023-07-14,-2.05,-11.13,0.69
2023-07-17,-3.03,-10.77,0.42
2023-07-18,-2.16,-10.59,-0.69
2023-07-19,0.99,-13.5,-3.69
2023-07-20,2.74,-13.78,-4.12
2023-07-21,1.13,-10.33,-3.55
2023-07-24,9.21,-11.84,-8.04
2023-07-25,4.51,-6.56,-6.98
2023-07-26,5.25,-3.55,-7.73
2023-07-27,2.45,-2.35,-5.82
2023-07-28,2.41,-2.19,-5.9
2023-07-31,0.15,-4.62,-2.34
2023-08-01,0.3,-4.24,-0.81
2023-08-02,1.69,-7.4,-0.93
2023-08-03,2.3,-4.6,1.7
2023-08-04,4.12,-5.57,-1.59
2023-08-07,2.89,-3.03,1.06
2023-08-08,1.3,-1.92,1.95
2023-08-09,-0.1,-0.26,1.85
2023-08-10,1.74,-2.61,0.05
2023-08-11,0.69,-2.05,3.34
2023-08-14,0.42,-3.03,7.19
2023-08-15,-0.69,-2.16,11.14
2023-08-16,-3.69,0.99,13.01
2023-08-17,-4.12,2.74,12.68
2023-08-18,-3.55,1.13,12.03
2023-08-21,-8.04,9.21,13.8
2023-08-22,-6.98,4.51,14.71
2023-08-23,-7.73,5.25,13.31
2023-08-24,-5.82,2.45,12.97
2023-08-25,-5.9,2.41,12.23
2023-08-29,-2.34,0.15,11.03
2023-08-30,-0.81,0.3,8.24
2023-08-31,-0.93,1.69,6.2
2023-09-01,1.7,2.3,4.37
2023-09-04,-1.59,4.12,6.03
2023-09-05,1.06,2.89,3.42
2023-09-06,1.95,1.3,2.47
2023-09-07,1.85,-0.1,2.95
2023-09-08,0.05,1.74,2.16
2023-09-11,3.34,0.69,1.29
2023-09-12,7.19,0.42,0.01
2023-09-13,11.14,-0.69,-1.67
2023-09-14,13.01,-3.69,-2.9
2023-09-15,12.68,-4.12,-3.2
2023-09-18,12.03,-3.55,-2.48
2023-09-19,13.8,-8.04,-3.13
2023-09-20,14.71,-6.98,-4.12
2023-09-21,13.31,-7.73,-5.39
2023-09-22,12.97,-5.82,-6.58
2023-09-25,12.23,-5.9,-6.48
2023-09-26,11.03,-2.34,-6.53
2023-09-27,8.24,-0.81,-6.83
2023-09-28,6.2,-0.93,-3.78
2023-09-29,4.37,1.7,-0.94
2023-10-02,6.03,-1.59,-0.12
2023-10-03,3.42,1.06,-0.34
2023-10-04,2.47,1.95,-0.05
2023-10-05,2.95,1.85,1.47
2023-10-06,2.16,0.05,5.23
2023-10-09,1.29,3.34,3.63
2023-10-10,0.01,7.19,1.01
2023-10-11,-1.67,11.14,-0.63
2023-10-12,-2.9,13.01,-0.05
2023-10-13,-3.2,12.68,-1.14
2023-10-16,-2.48,12.03,-0.08
2023-10-17,-3.13,13.8,-5.74
2023-10-18,-4.12,14.71,-6.42
2023-10-19,-5.39,13.31,-4.52
2023-10-20,-6.58,12.97,-0.86
2023-10-23,-6.48,12.23,-0.08
2023-10-24,-6.53,11.03,-1.23
2023-10-25,-6.83,8.24,1.38
2023-10-26,-3.78,6.2,-5.27
2023-10-27,-0.94,4.37,-5.73
2023-10-30,-0.12,6.03,-7.42
2023-10-31,-0.34,3.42,-6.39
2023-11-01,-0.05,2.47,-5.75
2023-11-02,1.47,2.95,-7.63
2023-11-03,5.23,2.16,-8.94
2023-11-06,3.63,1.29,-9.59
2023-11-07,1.01,0.01,-8.46
2023-11-08,-0.63,-1.67,-6.27
2023-11-09,-0.05,-2.9,-10.03
2023-11-10,-1.14,-3.2,-9.33
2023-11-13,-0.08,-2.48,-11.43
2023-11-14,-5.74,-3.13,-8.21
2023-11-15,-6.42,-4.12,-10.39
2023-11-16,-4.52,-5.39,-9.25
2023-11-17,-0.86,-6.58,-13.76
2023-11-20,-0.08,-6.48,-10.07
2023-11-21,-1.23,-6.53,-10.28
2023-11-22,1.38,-6.83,-9.93
2023-11-23,-5.27,-3.78,-2.64
2023-11-24,-5.73,-0.94,-3.6
2023-11-27,-7.42,-0.12,-3.49
2023-11-28,-6.39,-0.34,-3.6
2023-11-29,-5.75,-0.05,-3.18
