Date,Price,Open,High,Low,Vol.,Change %
29/12/2023,3169.18,3174.16,3179.73,3161.89,,-0.28%
28/12/2023,3178.05,3176.91,3184.32,3173.39,,0.08%
27/12/2023,3175.65,3165.64,3178.20,3164.99,,0.41%
26/12/2023,3162.65,3152.94,3168.39,3151.72,,0.32%
25/12/2023,3152.49,3153.32,3153.39,3151.67,,0.01%
22/12/2023,3152.26,3146.89,3163.05,3142.82,,0.23%
21/12/2023,3145.09,3120.02,3147.09,3115.31,,0.75%
20/12/2023,3121.79,3152.95,3160.07,3118.76,,-1.00%
19/12/2023,3153.34,3132.53,3153.34,3131.10,,0.70%
18/12/2023,3131.35,3124.00,3135.36,3120.26,,0.17%
15/12/2023,3126.14,3128.24,3133.11,3117.34,,-0.09%
14/12/2023,3128.89,3109.89,3137.53,3108.95,,0.90%
13/12/2023,3101.08,3069.30,3110.66,3066.78,,1.10%
12/12/2023,3067.44,3058.48,3068.47,3048.70,,0.36%
11/12/2023,3056.42,3047.63,3057.92,3042.58,,0.30%
08/12/2023,3047.21,3037.93,3050.38,3030.00,,0.32%
07/12/2023,3037.45,3019.16,3041.87,3015.78,,0.55%
06/12/2023,3020.98,3022.36,3041.38,3017.65,,-0.07%
05/12/2023,3023.22,3027.38,3029.41,3014.36,,-0.11%
04/12/2023,3026.59,3045.26,3047.23,3015.29,,-0.46%
01/12/2023,3040.70,3021.44,3045.95,3016.77,,0.56%
30/11/2023,3023.63,3014.20,3023.63,3006.88,,0.32%
29/11/2023,3013.93,3014.04,3030.67,3011.72,,0.05%
28/11/2023,3012.57,3009.58,3020.47,3002.73,,0.15%
27/11/2023,3007.99,3014.95,3015.73,3007.03,,-0.24%
24/11/2023,3015.19,3008.62,3015.49,3008.46,,0.21%
23/11/2023,3008.74,3006.47,3009.80,3006.25,,0.13%
22/11/2023,3004.76,2998.26,3012.07,2996.93,,0.16%
21/11/2023,2999.87,3005.59,3008.23,2994.80,,-0.17%
20/11/2023,3004.88,2986.30,3010.12,2985.37,,0.66%
17/11/2023,2985.19,2970.69,2988.56,2970.51,,0.41%
16/11/2023,2973.00,2973.45,2976.69,2962.04,,-0.07%
15/11/2023,2975.19,2967.89,2985.06,2967.86,,0.40%
14/11/2023,2963.36,2905.20,2972.76,2905.18,,2.02%
13/11/2023,2904.64,2901.96,2910.17,2892.24,,0.13%
10/11/2023,2900.76,2874.13,2902.94,2868.63,,0.76%
09/11/2023,2878.98,2888.22,2900.93,2873.49,,-0.33%
08/11/2023,2888.41,2887.95,2894.90,2878.13,,0.04%
07/11/2023,2887.39,2887.56,2891.97,2874.87,,-0.07%
06/11/2023,2889.44,2883.80,2894.00,2879.33,,0.20%
03/11/2023,2883.80,2853.30,2891.42,2853.30,,1.10%
02/11/2023,2852.55,2802.95,2854.31,2802.88,,1.97%
01/11/2023,2797.49,2769.29,2801.83,2769.15,,1.04%
31/10/2023,2768.62,2757.48,2770.30,2749.97,,0.40%
30/10/2023,2757.59,2730.99,2762.78,2727.94,,0.94%
27/10/2023,2731.99,2741.56,2755.01,2724.91,,-0.33%
26/10/2023,2740.96,2770.08,2770.08,2735.90,,-1.12%
25/10/2023,2772.11,2801.70,2805.14,2768.28,,-1.07%
24/10/2023,2801.96,2788.73,2808.99,2785.50,,0.55%
23/10/2023,2786.75,2790.96,2806.94,2768.36,,-0.16%
20/10/2023,2791.24,2823.80,2824.79,2790.79,,-1.18%
19/10/2023,2824.45,2849.26,2856.29,2821.73,,-0.96%
18/10/2023,2851.89,2888.64,2890.31,2846.40,,-1.27%
17/10/2023,2888.62,2888.34,2899.52,2867.57,,0.11%
16/10/2023,2885.35,2863.06,2890.54,2858.38,,0.81%
13/10/2023,2862.14,2882.31,2890.93,2855.39,,-0.76%
12/10/2023,2884.06,2900.80,2907.20,2870.73,,-0.53%
11/10/2023,2899.50,2889.59,2901.44,2882.07,,0.40%
10/10/2023,2887.89,2860.46,2902.42,2860.42,,1.02%
09/10/2023,2858.71,2846.91,2863.09,2834.11,,0.47%
06/10/2023,2845.23,2817.86,2856.21,2796.92,,1.02%
05/10/2023,2816.43,2812.94,2821.95,2800.42,,0.20%
04/10/2023,2810.86,2797.55,2814.53,2788.34,,0.40%
03/10/2023,2799.64,2837.54,2837.57,2792.84,,-1.38%
02/10/2023,2838.78,2851.03,2854.07,2826.03,,-0.51%
29/09/2023,2853.24,2856.63,2878.14,2845.86,,-0.09%
28/09/2023,2855.88,2840.19,2865.13,2835.06,,0.53%
27/09/2023,2840.82,2843.54,2851.63,2822.18,,-0.14%
26/09/2023,2844.83,2881.06,2881.12,2840.23,,-1.21%
25/09/2023,2879.79,2878.59,2881.29,2861.90,,0.00%
22/09/2023,2879.85,2884.03,2897.40,2876.79,,-0.22%
21/09/2023,2886.07,2930.95,2930.95,2885.71,,-1.71%
20/09/2023,2936.36,2950.60,2964.67,2931.35,,-0.50%
19/09/2023,2951.17,2956.48,2959.16,2937.60,,-0.17%
18/09/2023,2956.14,2961.04,2963.06,2950.62,,-0.16%
15/09/2023,2960.98,2982.06,2990.12,2958.65,,-0.73%
14/09/2023,2982.68,2957.59,2984.41,2957.37,,0.87%
13/09/2023,2956.84,2957.41,2963.35,2949.01,,0.03%
12/09/2023,2955.87,2969.95,2971.68,2954.94,,-0.46%
11/09/2023,2969.45,2950.38,2970.48,2949.16,,0.70%
08/09/2023,2948.81,2945.76,2957.40,2941.20,,0.06%
07/09/2023,2947.11,2956.03,2956.61,2935.11,,-0.29%
06/09/2023,2955.82,2975.01,2976.84,2945.85,,-0.59%
05/09/2023,2973.45,2990.41,2990.87,2973.45,,-0.56%
04/09/2023,2990.17,2988.86,2995.78,2988.45,,0.02%
01/09/2023,2989.51,2985.63,3008.40,2981.44,,0.12%
31/08/2023,2986.02,2990.78,2999.51,2985.46,,-0.18%
30/08/2023,2991.52,2979.49,2996.89,2977.66,,0.54%
29/08/2023,2975.50,2937.56,2980.41,2936.86,,1.36%
28/08/2023,2935.71,2915.46,2939.34,2915.46,,0.81%
25/08/2023,2911.99,2901.53,2924.13,2887.45,,0.20%
24/08/2023,2906.25,2939.41,2947.75,2903.75,,-1.07%
23/08/2023,2937.70,2908.39,2942.58,2908.27,,0.98%
22/08/2023,2909.19,2912.42,2925.30,2906.69,,-0.05%
21/08/2023,2910.52,2897.94,2915.08,2892.18,,0.45%
18/08/2023,2897.50,2899.73,2903.16,2877.12,,-0.15%
17/08/2023,2901.84,2922.44,2929.74,2898.23,,-0.81%
16/08/2023,2925.63,2943.86,2948.10,2923.03,,-0.77%
15/08/2023,2948.22,2978.53,2979.62,2942.70,,-0.96%
14/08/2023,2976.86,2971.20,2977.44,2955.71,,0.14%
11/08/2023,2972.73,2981.16,2982.56,2961.30,,-0.40%
10/08/2023,2984.81,2975.75,3015.34,2975.07,,0.29%
09/08/2023,2976.31,2988.85,2995.29,2972.73,,-0.39%
08/08/2023,2988.10,3004.77,3005.04,2969.94,,-0.52%
07/08/2023,3003.77,2984.44,3004.64,2980.33,,0.58%
04/08/2023,2986.54,2990.47,3017.15,2983.83,,-0.12%
03/08/2023,2990.13,3000.00,3000.18,2980.34,,-0.35%
02/08/2023,3000.53,3048.98,3048.98,2997.65,,-1.58%
01/08/2023,3048.60,3062.21,3062.68,3042.98,,-0.51%
31/07/2023,3064.30,3057.89,3067.27,3054.64,,0.21%
28/07/2023,3057.84,3034.54,3060.80,3030.06,,0.77%
27/07/2023,3034.41,3045.20,3071.01,3031.57,,-0.34%
26/07/2023,3044.70,3046.69,3053.98,3035.38,,-0.02%
25/07/2023,3045.39,3036.13,3052.25,3035.58,,0.26%
24/07/2023,3037.44,3030.32,3040.77,3027.03,,0.29%
21/07/2023,3028.71,3029.97,3038.47,3025.57,,-0.03%
20/07/2023,3029.70,3048.93,3051.60,3025.92,,-0.60%
19/07/2023,3047.99,3043.01,3055.40,3040.35,,0.18%
18/07/2023,3042.53,3022.32,3044.33,3020.04,,0.68%
17/07/2023,3021.96,3016.02,3027.52,3010.31,,0.13%
14/07/2023,3017.94,3022.19,3028.48,3013.63,,-0.06%
13/07/2023,3019.71,2988.46,3024.42,2988.03,,1.09%
12/07/2023,2987.19,2956.11,2994.07,2955.41,,1.15%
11/07/2023,2953.12,2934.43,2956.43,2933.91,,0.75%
10/07/2023,2931.05,2925.03,2933.78,2920.32,,0.23%
07/07/2023,2924.19,2924.76,2945.01,2920.06,,-0.01%
06/07/2023,2924.55,2958.75,2958.89,2910.39,,-1.22%
05/07/2023,2960.76,2969.89,2970.88,2955.47,,-0.37%
04/07/2023,2971.70,2971.08,2972.55,2969.62,,-0.01%
03/07/2023,2972.03,2967.65,2972.43,2966.44,,0.18%
30/06/2023,2966.72,2932.20,2970.73,2930.49,,1.12%
29/06/2023,2933.86,2926.62,2933.86,2920.30,,0.31%
28/06/2023,2924.92,2922.74,2932.59,2917.22,,0.13%
27/06/2023,2921.19,2895.03,2924.76,2893.50,,0.91%
26/06/2023,2894.93,2903.42,2911.51,2894.60,,-0.26%
23/06/2023,2902.34,2931.19,2931.25,2899.76,,-0.96%
22/06/2023,2930.37,2930.34,2931.14,2916.31,,0.09%
21/06/2023,2927.72,2939.92,2941.31,2923.78,,-0.40%
20/06/2023,2939.54,2954.18,2955.51,2929.15,,-0.53%
19/06/2023,2955.12,2962.95,2962.95,2954.33,,-0.24%
16/06/2023,2962.34,2968.55,2982.52,2961.45,,-0.14%
15/06/2023,2966.43,2937.44,2974.72,2931.81,,0.91%
14/06/2023,2939.59,2929.87,2948.76,2918.44,,0.34%
13/06/2023,2929.68,2907.67,2932.77,2907.37,,0.81%
12/06/2023,2906.01,2885.79,2907.01,2884.81,,0.71%
09/06/2023,2885.63,2883.82,2898.14,2881.27,,0.12%
08/06/2023,2882.13,2866.14,2884.53,2864.00,,0.54%
07/06/2023,2866.59,2879.84,2886.99,2863.17,,-0.40%
06/06/2023,2877.97,2869.46,2880.50,2865.13,,0.27%
05/06/2023,2870.27,2872.83,2882.83,2867.59,,-0.11%
02/06/2023,2873.37,2834.80,2875.71,2834.80,,1.47%
01/06/2023,2831.66,2803.68,2839.30,2803.40,,1.11%
31/05/2023,2800.56,2824.18,2824.22,2793.42,,-0.89%
30/05/2023,2825.60,2829.57,2842.84,2818.41,,-0.17%
29/05/2023,2830.43,2830.09,2833.62,2829.88,,0.09%
26/05/2023,2827.93,2796.43,2832.61,2796.31,,1.11%
25/05/2023,2796.86,2787.07,2803.03,2782.91,,0.29%
24/05/2023,2788.82,2815.57,2816.45,2782.60,,-1.00%
23/05/2023,2816.85,2847.06,2848.23,2815.43,,-1.01%
22/05/2023,2845.71,2845.31,2853.50,2840.39,,0.10%
19/05/2023,2842.76,2841.31,2854.79,2840.04,,0.09%
18/05/2023,2840.12,2822.98,2842.18,2819.61,,0.68%
17/05/2023,2820.92,2802.26,2824.96,2797.32,,0.66%
16/05/2023,2802.39,2821.28,2822.73,2801.91,,-0.61%
15/05/2023,2819.47,2808.66,2822.64,2805.69,,0.36%
12/05/2023,2809.35,2814.49,2821.17,2796.21,,-0.20%
11/05/2023,2814.86,2823.20,2824.03,2801.56,,-0.27%
10/05/2023,2822.60,2815.51,2832.37,2803.83,,0.26%
09/05/2023,2815.29,2826.61,2828.77,2811.14,,-0.43%
08/05/2023,2827.38,2822.39,2828.72,2820.32,,0.19%
05/05/2023,2821.99,2780.42,2828.62,2779.52,,1.54%
04/05/2023,2779.26,2797.96,2799.78,2774.09,,-0.61%
03/05/2023,2796.31,2804.50,2823.60,2796.26,,-0.24%
02/05/2023,2803.07,2832.61,2835.32,2789.08,,-1.08%
01/05/2023,2833.60,2835.57,2841.63,2830.65,,-0.08%
28/04/2023,2835.93,2819.00,2835.93,2810.58,,0.72%
27/04/2023,2815.77,2779.16,2818.82,2777.96,,1.30%
26/04/2023,2779.71,2788.83,2795.84,2775.58,,-0.35%
25/04/2023,2789.54,2829.40,2830.34,2789.48,,-1.32%
24/04/2023,2826.85,2825.07,2829.78,2814.45,,0.13%
21/04/2023,2823.07,2820.97,2826.60,2811.92,,0.02%
20/04/2023,2822.54,2831.51,2833.98,2813.85,,-0.38%
19/04/2023,2833.39,2836.42,2837.00,2823.75,,-0.09%
18/04/2023,2835.89,2828.44,2843.57,2828.02,,0.31%
17/04/2023,2827.24,2824.21,2828.40,2814.25,,0.05%
14/04/2023,2825.75,2830.23,2841.22,2811.93,,-0.12%
13/04/2023,2829.20,2796.24,2831.41,2795.43,,1.21%
12/04/2023,2795.48,2798.17,2818.44,2793.95,,-0.06%
11/04/2023,2797.07,2789.92,2804.15,2789.92,,0.39%
10/04/2023,2786.20,2790.44,2790.59,2768.98,,-0.15%
07/04/2023,2790.38,2790.34,2791.08,2790.01,,0.01%
06/04/2023,2790.10,2782.53,2791.48,2770.58,,0.22%
05/04/2023,2784.05,2795.67,2796.01,2774.54,,-0.46%
04/04/2023,2796.78,2804.70,2813.35,2789.50,,-0.24%
03/04/2023,2803.63,2788.92,2806.73,2788.32,,0.44%
31/03/2023,2791.44,2759.50,2791.51,2759.07,,1.15%
30/03/2023,2759.70,2740.21,2763.10,2737.75,,0.74%
29/03/2023,2739.42,2705.26,2740.85,2704.72,,1.28%
28/03/2023,2704.76,2703.79,2710.89,2696.49,,0.09%
27/03/2023,2702.42,2693.13,2715.84,2691.80,,0.37%
24/03/2023,2692.55,2693.85,2695.03,2661.22,,-0.16%
23/03/2023,2696.85,2690.37,2726.01,2680.74,,0.40%
22/03/2023,2686.13,2712.55,2743.37,2686.13,,-0.95%
21/03/2023,2711.84,2679.06,2714.96,2677.62,,1.25%
20/03/2023,2678.29,2657.71,2682.17,2644.21,,0.83%
17/03/2023,2656.19,2678.83,2689.12,2646.87,,-0.81%
16/03/2023,2677.99,2637.27,2679.55,2625.13,,1.50%
15/03/2023,2638.46,2675.07,2678.67,2612.57,,-1.34%
14/03/2023,2674.36,2643.01,2684.03,2633.40,,1.16%
13/03/2023,2643.64,2657.25,2669.25,2617.34,,-0.52%
10/03/2023,2657.41,2691.23,2691.26,2646.50,,-1.25%
09/03/2023,2691.17,2724.00,2741.18,2686.95,,-1.25%
08/03/2023,2725.23,2722.23,2731.78,2713.63,,0.02%
07/03/2023,2724.80,2764.52,2766.88,2719.33,,-1.44%
06/03/2023,2764.64,2761.77,2780.22,2760.75,,0.24%
03/03/2023,2757.97,2719.33,2762.79,2719.33,,1.41%
02/03/2023,2719.68,2707.46,2724.01,2690.32,,0.48%
01/03/2023,2706.79,2712.39,2722.51,2699.90,,-0.29%
28/02/2023,2714.57,2722.42,2727.11,2711.84,,-0.26%
27/02/2023,2721.63,2707.03,2740.41,2705.60,,0.54%
24/02/2023,2706.91,2737.48,2740.32,2693.98,,-1.11%
23/02/2023,2737.41,2729.43,2748.70,2715.26,,0.24%
22/02/2023,2730.88,2736.61,2743.28,2722.61,,-0.35%
21/02/2023,2740.38,2782.14,2782.76,2736.77,,-1.54%
20/02/2023,2783.26,2781.45,2785.34,2780.41,,0.12%
17/02/2023,2779.88,2790.54,2790.54,2763.85,,-0.39%
16/02/2023,2790.63,2818.43,2824.78,2787.29,,-0.88%
15/02/2023,2815.45,2813.23,2817.12,2792.25,,0.10%
14/02/2023,2812.53,2811.12,2829.73,2791.90,,0.09%
13/02/2023,2810.04,2782.82,2812.11,2779.14,,0.94%
10/02/2023,2783.91,2787.09,2789.25,2769.13,,-0.24%
09/02/2023,2790.53,2800.84,2830.10,2781.71,,-0.41%
08/02/2023,2801.96,2823.42,2830.54,2798.57,,-0.66%
07/02/2023,2820.49,2794.89,2829.03,2784.04,,0.96%
06/02/2023,2793.59,2815.68,2817.65,2783.82,,-0.96%
03/02/2023,2820.73,2844.84,2848.36,2811.35,,-0.95%
02/02/2023,2847.82,2814.38,2854.08,2814.08,,1.35%
01/02/2023,2809.94,2785.75,2828.89,2767.39,,0.90%
31/01/2023,2785.00,2757.73,2786.13,2748.50,,0.93%
30/01/2023,2759.32,2787.68,2788.19,2756.21,,-0.95%
27/01/2023,2785.84,2780.60,2798.64,2773.46,,0.30%
26/01/2023,2777.62,2759.45,2780.52,2754.62,,0.76%
25/01/2023,2756.73,2756.37,2760.02,2721.36,,0.03%
24/01/2023,2755.96,2755.33,2762.15,2738.86,,0.04%
23/01/2023,2754.96,2727.79,2763.79,2727.42,,1.08%
20/01/2023,2725.40,2687.44,2727.70,2685.67,,1.49%
19/01/2023,2685.32,2709.80,2710.29,2679.20,,-1.04%
18/01/2023,2713.54,2735.76,2757.52,2708.56,,-0.84%
17/01/2023,2736.45,2735.65,2748.78,2731.61,,0.02%
16/01/2023,2735.88,2735.81,2739.12,2731.81,,0.01%
13/01/2023,2735.72,2723.22,2737.94,2707.39,,0.57%
12/01/2023,2720.09,2701.65,2730.89,2690.58,,0.72%
11/01/2023,2700.75,2671.80,2701.46,2671.71,,1.11%
10/01/2023,2671.20,2662.12,2671.75,2650.08,,0.30%
09/01/2023,2663.17,2654.48,2691.64,2653.58,,0.51%
06/01/2023,2649.76,2595.89,2657.64,2593.28,,2.12%
05/01/2023,2594.69,2624.28,2626.87,2592.70,,-1.13%
04/01/2023,2624.35,2599.92,2634.61,2598.29,,0.90%
03/01/2023,2600.91,2608.74,2633.18,2586.24,,-0.24%
02/01/2023,2607.25,2604.53,2609.03,2604.53,,0.18%
30/12/2022,2602.69,2613.36,2614.05,2587.44,,-0.36%
29/12/2022,2611.98,2574.51,2617.17,2570.90,,1.43%
28/12/2022,2575.16,2600.38,2612.36,2573.54,,-0.99%
27/12/2022,2600.94,2608.20,2611.30,2592.37,,-0.17%
26/12/2022,2605.48,2605.68,2606.62,2605.21,,0.01%
23/12/2022,2605.19,2593.48,2605.51,2580.24,,0.38%
22/12/2022,2595.25,2625.97,2633.79,2566.48,,-1.21%
21/12/2022,2626.92,2592.82,2632.03,2590.33,,1.31%
20/12/2022,2592.86,2587.70,2601.81,2577.42,,0.27%
19/12/2022,2585.89,2606.21,2610.83,2579.17,,-0.77%
16/12/2022,2606.01,2635.29,2636.70,2594.89,,-1.17%
15/12/2022,2636.91,2705.69,2705.91,2626.06,,-2.53%
14/12/2022,2705.31,2714.26,2733.72,2688.62,,-0.37%
13/12/2022,2715.49,2684.42,2761.16,2684.39,,1.19%
12/12/2022,2683.56,2662.15,2684.31,2656.99,,0.78%
09/12/2022,2662.86,2670.71,2685.10,2661.43,,-0.28%
08/12/2022,2670.27,2654.37,2677.00,2650.75,,0.60%
07/12/2022,2654.34,2659.53,2668.34,2649.53,,-0.29%
06/12/2022,2662.07,2692.95,2695.06,2648.60,,-1.27%
05/12/2022,2696.30,2737.77,2741.26,2685.68,,-1.34%
02/12/2022,2733.03,2742.79,2743.74,2710.94,,-0.29%
01/12/2022,2741.08,2730.07,2754.80,2727.06,,0.74%
30/11/2022,2720.89,2661.08,2729.73,2654.45,,2.16%
29/11/2022,2663.25,2664.37,2675.56,2652.80,,-0.19%
28/11/2022,2668.44,2701.95,2703.05,2660.62,,-1.30%
25/11/2022,2703.67,2705.29,2707.72,2697.59,,-0.09%
24/11/2022,2706.01,2698.66,2706.92,2698.65,,0.32%
23/11/2022,2697.39,2677.58,2701.98,2676.33,,0.82%
22/11/2022,2675.46,2641.19,2677.33,2641.19,,1.33%
21/11/2022,2640.44,2657.55,2657.68,2632.17,,-0.69%
18/11/2022,2658.90,2645.26,2666.00,2642.83,,0.63%
17/11/2022,2642.34,2656.81,2660.61,2622.46,,-0.57%
16/11/2022,2657.58,2678.36,2680.39,2654.64,,-0.77%
15/11/2022,2678.23,2654.01,2697.18,2653.13,,0.92%
14/11/2022,2653.94,2673.82,2680.96,2653.94,,-0.75%
11/11/2022,2674.08,2639.57,2681.11,2639.57,,1.42%
10/11/2022,2636.55,2507.96,2640.26,2502.00,,5.05%
09/11/2022,2509.77,2554.33,2555.69,2506.12,,-1.77%
08/11/2022,2554.87,2535.68,2571.35,2533.10,,0.84%
07/11/2022,2533.63,2508.80,2538.64,2507.97,,1.05%
04/11/2022,2507.22,2466.38,2525.74,2464.94,,1.59%
03/11/2022,2467.89,2495.23,2496.11,2453.20,,-1.28%
02/11/2022,2499.78,2546.78,2570.58,2495.72,,-1.83%
01/11/2022,2546.40,2547.51,2580.86,2539.97,,-0.05%
31/10/2022,2547.72,2562.65,2564.65,2543.04,,-0.52%
28/10/2022,2561.04,2520.82,2563.56,2512.52,,1.48%
27/10/2022,2523.59,2537.90,2552.25,2519.99,,-0.48%
26/10/2022,2535.67,2537.18,2563.87,2524.94,,-0.07%
25/10/2022,2537.54,2494.53,2539.72,2493.22,,1.78%
24/10/2022,2493.06,2467.89,2499.12,2462.52,,1.24%
21/10/2022,2462.42,2423.94,2471.84,2406.12,,1.37%
20/10/2022,2429.26,2436.66,2463.11,2419.52,,-0.41%
19/10/2022,2439.30,2458.69,2460.00,2423.98,,-0.76%
18/10/2022,2457.86,2431.93,2482.64,2431.89,,1.07%
17/10/2022,2431.84,2373.92,2438.00,2372.44,,2.32%
14/10/2022,2376.64,2416.19,2447.71,2373.15,,-1.45%
13/10/2022,2411.69,2367.96,2423.94,2314.97,,1.86%
12/10/2022,2367.69,2375.56,2381.45,2364.09,,-0.36%
11/10/2022,2376.29,2396.24,2405.61,2362.60,,-0.81%
10/10/2022,2395.61,2414.35,2417.75,2383.41,,-0.91%
07/10/2022,2417.72,2476.19,2476.40,2405.54,,-2.45%
06/10/2022,2478.42,2503.10,2507.94,2473.46,,-0.87%
05/10/2022,2500.08,2514.25,2517.39,2468.80,,-0.46%
04/10/2022,2511.72,2430.94,2514.68,2430.94,,3.37%
03/10/2022,2429.91,2378.17,2439.60,2372.85,,2.16%
30/09/2022,2378.65,2404.69,2421.22,2377.39,,-0.94%
29/09/2022,2401.32,2443.38,2443.84,2386.48,,-1.54%
28/09/2022,2438.78,2401.95,2452.18,2388.95,,1.45%
27/09/2022,2403.88,2405.50,2442.04,2390.16,,-0.19%
26/09/2022,2408.44,2436.42,2443.16,2400.46,,-1.23%
23/09/2022,2438.50,2490.44,2490.69,2414.84,,-2.04%
22/09/2022,2489.36,2512.16,2519.18,2485.37,,-1.08%
21/09/2022,2516.59,2551.82,2574.63,2514.39,,-1.47%
20/09/2022,2554.02,2583.20,2587.88,2539.36,,-1.03%
19/09/2022,2580.55,2569.69,2581.97,2546.55,,0.44%
16/09/2022,2569.29,2589.79,2591.15,2550.36,,-0.88%
15/09/2022,2592.00,2616.49,2623.26,2584.95,,-0.99%
14/09/2022,2617.84,2615.96,2625.52,2599.45,,-0.06%
13/09/2022,2619.50,2718.62,2725.55,2611.30,,-3.66%
12/09/2022,2719.01,2685.50,2723.38,2684.75,,1.35%
09/09/2022,2682.90,2639.09,2687.55,2638.97,,1.77%
08/09/2022,2636.17,2618.54,2638.78,2599.15,,0.84%
07/09/2022,2614.10,2583.21,2621.66,2574.03,,1.13%
06/09/2022,2584.97,2598.48,2603.49,2570.71,,-0.45%
05/09/2022,2596.70,2599.08,2600.46,2590.35,,-0.33%
02/09/2022,2605.21,2611.50,2648.69,2592.61,,-0.19%
01/09/2022,2610.25,2622.89,2622.89,2579.01,,-0.65%
31/08/2022,2627.32,2645.31,2658.86,2625.66,,-0.68%
30/08/2022,2645.37,2671.37,2682.04,2636.22,,-0.88%
29/08/2022,2668.79,2687.26,2687.54,2662.68,,-0.96%
26/08/2022,2694.62,2768.99,2773.60,2691.26,,-2.67%
25/08/2022,2768.48,2734.80,2769.16,2734.34,,1.19%
24/08/2022,2736.01,2728.50,2742.98,2720.83,,0.21%
23/08/2022,2730.35,2733.60,2748.27,2726.72,,-0.21%
22/08/2022,2736.10,2786.69,2787.90,2730.75,,-1.85%
19/08/2022,2787.71,2823.97,2824.11,2783.43,,-1.37%
18/08/2022,2826.41,2822.92,2828.07,2815.17,,0.13%
17/08/2022,2822.87,2845.44,2848.48,2812.70,,-0.76%
16/08/2022,2844.42,2840.80,2854.34,2829.63,,0.07%
15/08/2022,2842.48,2836.08,2842.60,2823.92,,0.28%
12/08/2022,2834.51,2800.87,2836.13,2800.04,,1.15%
11/08/2022,2802.23,2800.32,2829.78,2797.17,,-0.04%
10/08/2022,2803.37,2742.50,2803.37,2739.85,,2.18%
09/08/2022,2743.62,2757.27,2757.72,2737.11,,-0.55%
08/08/2022,2758.72,2751.81,2783.17,2750.87,,0.24%
05/08/2022,2752.06,2763.72,2764.93,2732.99,,-0.35%
04/08/2022,2761.65,2757.96,2767.80,2751.51,,0.23%
03/08/2022,2755.25,2723.46,2763.82,2721.99,,0.99%
02/08/2022,2728.30,2747.69,2751.10,2720.77,,-0.76%
01/08/2022,2749.26,2747.49,2762.95,2735.82,,0.11%
29/07/2022,2746.36,2712.73,2751.69,2712.31,,1.35%
28/07/2022,2709.82,2682.30,2714.07,2667.74,,1.30%
27/07/2022,2675.08,2623.42,2689.05,2623.09,,1.93%
26/07/2022,2624.49,2652.41,2653.79,2618.73,,-1.01%
25/07/2022,2651.22,2646.73,2655.57,2640.59,,0.02%
22/07/2022,2650.82,2666.04,2679.53,2637.43,,-0.49%
21/07/2022,2663.84,2641.55,2666.28,2625.72,,0.75%
20/07/2022,2643.93,2628.73,2650.06,2622.55,,0.59%
19/07/2022,2628.34,2565.33,2628.34,2563.25,,2.36%
18/07/2022,2567.68,2570.37,2600.75,2558.99,,-0.04%
15/07/2022,2568.64,2523.42,2569.20,2520.88,,1.89%
14/07/2022,2520.92,2539.25,2541.54,2485.67,,-0.93%
13/07/2022,2544.68,2553.33,2556.23,2516.72,,-0.37%
12/07/2022,2554.18,2571.04,2578.73,2545.34,,-0.71%
11/07/2022,2572.33,2604.34,2605.42,2567.47,,-1.20%
08/07/2022,2603.62,2603.14,2613.38,2583.10,,0.06%
07/07/2022,2602.03,2561.95,2605.32,2561.38,,1.59%
06/07/2022,2561.20,2554.81,2573.26,2543.39,,0.28%
05/07/2022,2553.95,2569.28,2571.50,2512.07,,-0.54%
04/07/2022,2567.87,2564.45,2571.94,2563.86,,0.31%
01/07/2022,2559.95,2547.89,2564.29,2523.77,,0.54%
30/06/2022,2546.19,2573.07,2573.07,2519.05,,-1.10%
29/06/2022,2574.45,2583.30,2584.82,2563.80,,-0.38%
28/06/2022,2584.26,2621.85,2647.41,2583.97,,-1.48%
27/06/2022,2623.20,2621.68,2635.83,2614.49,,0.14%
24/06/2022,2619.48,2547.53,2620.32,2546.08,,2.76%
23/06/2022,2549.05,2534.76,2551.40,2522.07,,0.46%
22/06/2022,2537.26,2542.78,2556.34,2512.74,,-0.24%
21/06/2022,2543.36,2495.73,2551.17,2495.65,,1.94%
20/06/2022,2494.99,2488.68,2494.99,2485.84,,0.37%
17/06/2022,2485.77,2492.60,2507.66,2467.27,,-0.19%
16/06/2022,2490.54,2562.87,2565.50,2482.59,,-2.59%
15/06/2022,2556.67,2525.16,2583.80,2522.79,,1.22%
14/06/2022,2525.88,2542.35,2553.50,2508.97,,-0.75%
13/06/2022,2545.04,2637.82,2637.89,2536.34,,-3.66%
10/06/2022,2641.69,2717.92,2718.84,2639.90,,-2.95%
09/06/2022,2721.85,2780.98,2782.50,2719.02,,-2.21%
08/06/2022,2783.29,2805.83,2807.15,2777.46,,-0.79%
07/06/2022,2805.32,2787.13,2807.39,2761.04,,0.56%
06/06/2022,2789.83,2777.43,2814.04,2777.06,,0.39%
03/06/2022,2779.06,2817.28,2819.58,2774.26,,-1.24%
02/06/2022,2814.03,2768.53,2816.19,2762.04,,1.57%
01/06/2022,2770.43,2792.01,2811.96,2755.43,,-0.74%
31/05/2022,2791.01,2813.75,2814.42,2777.52,,-0.84%
30/05/2022,2814.74,2805.03,2815.37,2804.98,,0.43%
27/05/2022,2802.59,2746.84,2803.81,2746.84,,2.14%
26/05/2022,2743.96,2701.55,2752.15,2698.99,,1.62%
25/05/2022,2700.09,2681.04,2711.26,2672.33,,0.73%
24/05/2022,2680.46,2702.49,2702.55,2649.86,,-0.81%
23/05/2022,2702.25,2658.53,2706.43,2658.45,,1.74%
20/05/2022,2655.91,2650.73,2680.93,2611.56,,0.16%
19/05/2022,2651.55,2662.06,2673.16,2633.03,,-0.51%
18/05/2022,2665.06,2748.55,2751.45,2657.29,,-2.98%
17/05/2022,2746.82,2697.11,2747.76,2696.72,,1.96%
16/05/2022,2693.95,2703.83,2714.45,2682.06,,-0.27%
13/05/2022,2701.33,2637.99,2709.56,2637.82,,2.33%
12/05/2022,2639.75,2648.95,2658.77,2602.56,,-0.48%
11/05/2022,2652.59,2675.41,2709.75,2647.04,,-0.92%
10/05/2022,2677.25,2671.67,2716.36,2655.00,,0.20%
09/05/2022,2671.83,2757.46,2757.47,2665.61,,-3.27%
06/05/2022,2762.21,2783.89,2784.00,2731.87,,-0.79%
05/05/2022,2784.12,2871.70,2878.40,2763.89,,-2.80%
04/05/2022,2864.43,2809.38,2874.55,2790.52,,1.94%
03/05/2022,2809.82,2796.25,2821.14,2794.88,,0.48%
02/05/2022,2796.33,2793.30,2804.81,2750.48,,0.03%
29/04/2022,2795.62,2862.36,2873.68,2791.18,,-2.30%
28/04/2022,2861.55,2809.29,2872.41,2807.44,,1.92%
27/04/2022,2807.51,2808.33,2836.47,2794.85,,-0.12%
26/04/2022,2811.00,2878.43,2881.95,2809.50,,-2.32%
25/04/2022,2877.70,2881.86,2881.86,2833.21,,-0.16%
22/04/2022,2882.45,2956.78,2956.78,2880.95,,-2.62%
21/04/2022,2959.92,2993.55,3025.62,2954.36,,-1.16%
20/04/2022,2994.64,2986.11,3010.23,2985.76,,0.33%
19/04/2022,2984.70,2954.52,2988.55,2946.41,,1.03%
18/04/2022,2954.15,2958.46,2962.96,2942.89,,-0.19%
15/04/2022,2959.67,2960.55,2961.08,2958.90,,-0.03%
14/04/2022,2960.64,2989.23,2996.39,2960.64,,-0.82%
13/04/2022,2985.07,2957.45,2991.14,2952.85,,0.85%
12/04/2022,2959.78,2970.62,2997.38,2950.35,,-0.42%
11/04/2022,2972.40,3012.59,3013.05,2969.60,,-1.32%
08/04/2022,3012.19,3013.37,3029.02,3001.13,,-0.06%
07/04/2022,3014.08,3009.17,3022.76,2987.66,,0.06%
06/04/2022,3012.24,3045.10,3045.10,2994.10,,-1.22%
05/04/2022,3049.39,3081.04,3086.91,3041.34,,-1.04%
04/04/2022,3081.38,3057.77,3081.38,3057.12,,0.80%
01/04/2022,3057.07,3050.20,3058.81,3038.83,,0.13%
31/03/2022,3053.07,3094.69,3096.59,3049.70,,-1.41%
30/03/2022,3096.67,3109.42,3112.50,3085.74,,-0.45%
29/03/2022,3110.81,3062.27,3113.02,3062.27,,1.61%
28/03/2022,3061.63,3048.91,3062.62,3034.97,,0.41%
25/03/2022,3049.11,3041.31,3054.99,3029.16,,0.25%
24/03/2022,3041.48,3012.53,3041.48,3009.34,,0.95%
23/03/2022,3012.79,3040.22,3046.48,3012.68,,-0.91%
22/03/2022,3040.37,3009.04,3045.45,3006.87,,1.01%
21/03/2022,3010.08,3010.88,3021.13,2989.85,,-0.02%
18/03/2022,3010.59,2980.74,3012.71,2965.59,,0.98%
17/03/2022,2981.31,2937.95,2981.31,2934.97,,1.53%
16/03/2022,2936.33,2865.60,2939.52,2865.50,,2.46%
15/03/2022,2865.89,2823.35,2868.64,2815.14,,1.39%
14/03/2022,2826.49,2839.23,2865.59,2819.04,,-0.48%
11/03/2022,2840.04,2869.90,2887.78,2836.01,,-1.10%
10/03/2022,2871.52,2883.53,2891.60,2845.05,,-0.36%
09/03/2022,2881.78,2797.79,2892.52,2797.38,,3.01%
08/03/2022,2797.70,2818.12,2850.80,2792.22,,-0.77%
07/03/2022,2819.54,2897.16,2897.24,2818.60,,-2.66%
04/03/2022,2896.52,2943.07,2943.14,2876.43,,-1.56%
03/03/2022,2942.45,2969.52,2979.44,2932.84,,-0.74%
02/03/2022,2964.24,2929.08,2974.43,2918.44,,1.14%
01/03/2022,2930.76,2979.74,2981.01,2916.37,,-1.58%
28/02/2022,2977.95,2977.60,2985.42,2947.52,,-0.08%
25/02/2022,2980.20,2911.05,2981.71,2910.56,,2.56%
24/02/2022,2905.94,2907.85,2913.55,2825.07,,-0.12%
23/02/2022,2909.33,2948.88,2972.13,2906.50,,-1.37%
22/02/2022,2949.64,2972.45,2979.85,2930.66,,-0.88%
21/02/2022,2975.91,2982.91,2988.42,2972.05,,-0.26%
18/02/2022,2983.59,3008.48,3011.47,2973.25,,-0.85%
17/02/2022,3009.09,3061.12,3062.14,3006.09,,-1.67%
16/02/2022,3060.29,3055.11,3067.76,3039.13,,0.20%
15/02/2022,3054.26,3012.00,3055.95,3007.91,,1.42%
14/02/2022,3011.45,3036.51,3037.83,2994.81,,-0.91%
11/02/2022,3039.18,3084.70,3092.76,3028.46,,-1.58%
10/02/2022,3087.98,3124.31,3132.49,3075.49,,-1.18%
09/02/2022,3124.93,3077.19,3125.51,3077.13,,1.55%
08/02/2022,3077.13,3059.46,3082.16,3046.88,,0.58%
07/02/2022,3059.44,3062.22,3077.95,3053.56,,-0.07%
04/02/2022,3061.46,3052.58,3080.76,3036.55,,0.29%
03/02/2022,3052.50,3114.38,3114.38,3049.47,,-1.97%
02/02/2022,3113.84,3089.29,3117.43,3089.23,,0.88%
01/02/2022,3086.62,3060.64,3089.34,3052.06,,0.90%
31/01/2022,3059.05,3004.47,3061.44,3003.11,,1.78%
28/01/2022,3005.63,2955.18,3005.63,2932.52,,1.70%
27/01/2022,2955.34,2976.51,3008.21,2947.80,,-0.82%
26/01/2022,2979.70,2977.04,3032.36,2955.96,,0.14%
25/01/2022,2975.48,3006.95,3006.97,2939.00,,-1.00%
24/01/2022,3005.52,3023.89,3024.01,2912.04,,-0.65%
21/01/2022,3025.10,3078.73,3078.80,3022.91,,-1.85%
20/01/2022,3082.25,3098.36,3140.91,3075.96,,-0.53%
19/01/2022,3098.60,3121.96,3139.90,3097.83,,-0.82%
18/01/2022,3124.21,3176.36,3179.19,3119.43,,-1.64%
17/01/2022,3176.19,3171.84,3177.02,3170.86,,0.10%
14/01/2022,3173.12,3181.08,3181.08,3146.87,,-0.28%
13/01/2022,3182.06,3215.83,3226.48,3176.94,,-1.00%
12/01/2022,3214.19,3197.21,3226.08,3197.09,,0.65%
11/01/2022,3193.39,3166.10,3196.04,3154.08,,0.86%
10/01/2022,3166.14,3178.67,3179.21,3119.92,,-0.36%
07/01/2022,3177.54,3184.75,3193.58,3167.25,,-0.22%
06/01/2022,3184.62,3200.04,3200.06,3169.32,,-0.57%
05/01/2022,3203.03,3246.88,3251.78,3199.85,,-1.39%
04/01/2022,3248.12,3242.14,3261.66,3235.50,,0.21%
03/01/2022,3241.43,3230.72,3243.73,3223.85,,0.30%
31/12/2021,3231.73,3237.45,3241.14,3231.53,,-0.16%
30/12/2021,3237.07,3243.68,3251.95,3235.79,,-0.21%
29/12/2021,3243.95,3240.19,3247.98,3235.18,,0.14%
28/12/2021,3239.28,3240.05,3251.16,3236.98,,0.05%
27/12/2021,3237.70,3206.33,3238.29,3204.45,,0.96%
24/12/2021,3206.85,3207.02,3208.23,3205.40,,0.02%
23/12/2021,3206.08,3184.42,3214.28,3184.37,,0.71%
22/12/2021,3183.62,3153.86,3185.61,3152.40,,0.99%
21/12/2021,3152.31,3102.05,3154.55,3101.44,,1.67%
20/12/2021,3100.50,3135.90,3136.28,3083.19,,-1.25%
17/12/2021,3139.75,3168.17,3168.31,3125.51,,-0.87%
16/12/2021,3167.33,3178.78,3201.87,3159.24,,-0.25%
15/12/2021,3175.11,3136.92,3178.68,3126.59,,1.18%
14/12/2021,3138.06,3161.89,3164.30,3124.71,,-0.76%
13/12/2021,3162.00,3188.79,3190.95,3161.78,,-0.82%
10/12/2021,3188.26,3173.00,3190.54,3167.21,,0.50%
09/12/2021,3172.49,3197.12,3197.47,3172.49,,-0.75%
08/12/2021,3196.39,3185.52,3199.79,3183.18,,0.38%
07/12/2021,3184.17,3118.29,3188.27,3118.26,,2.14%
06/12/2021,3117.31,3087.98,3127.52,3084.79,,1.00%
03/12/2021,3086.44,3110.42,3129.75,3067.56,,-0.79%
02/12/2021,3111.17,3086.12,3119.13,3075.45,,0.75%
01/12/2021,3087.98,3106.80,3159.63,3084.73,,-0.45%
30/11/2021,3101.80,3157.49,3161.01,3101.80,,-1.71%
29/11/2021,3155.73,3130.77,3164.81,3125.58,,0.76%
26/11/2021,3131.98,3202.08,3202.55,3127.03,,-2.20%
25/11/2021,3202.44,3198.75,3203.78,3198.51,,0.14%
24/11/2021,3198.12,3196.75,3199.47,3173.04,,0.04%
23/11/2021,3196.88,3200.47,3206.05,3177.58,,-0.14%
22/11/2021,3201.49,3215.98,3234.43,3200.07,,-0.57%
19/11/2021,3219.90,3227.67,3230.41,3217.16,,-0.20%
18/11/2021,3226.37,3222.27,3230.34,3211.01,,0.17%
17/11/2021,3221.03,3230.04,3230.25,3220.06,,-0.28%
16/11/2021,3230.01,3230.04,3230.04,3230.01,,0.11%
15/11/2021,3226.45,3224.28,3233.09,3220.79,,0.08%
12/11/2021,3223.82,3200.76,3226.76,3200.70,,0.68%
11/11/2021,3201.99,3198.58,3209.24,3196.29,,0.01%
10/11/2021,3201.57,3228.62,3229.18,3191.78,,-0.81%
09/11/2021,3227.80,3237.60,3241.46,3220.64,,-0.30%
08/11/2021,3237.44,3237.60,3237.62,3237.31,,0.16%
05/11/2021,3232.26,3224.63,3242.90,3222.15,,0.24%
04/11/2021,3224.63,3215.69,3227.17,3214.26,,0.38%
03/11/2021,3212.35,3195.60,3215.85,3190.33,,0.52%
02/11/2021,3195.67,3190.79,3198.45,3187.44,,0.16%
01/11/2021,3190.54,3175.13,3191.23,3174.69,,0.50%
29/10/2021,3174.73,3178.94,3179.36,3159.24,,-0.15%
28/10/2021,3179.44,3152.20,3179.69,3148.81,,0.87%
27/10/2021,3152.05,3167.14,3172.17,3152.00,,-0.49%
26/10/2021,3167.44,3159.33,3180.72,3159.29,,0.24%
25/10/2021,3159.88,3150.76,3163.14,3144.34,,0.28%
22/10/2021,3151.16,3150.40,3161.16,3140.16,,-0.04%
21/10/2021,3152.33,3147.95,3152.33,3140.38,,0.15%
20/10/2021,3147.70,3136.61,3149.94,3134.68,,0.37%
19/10/2021,3136.19,3115.04,3136.26,3114.90,,0.71%
18/10/2021,3114.01,3108.62,3114.88,3092.42,,0.15%
15/10/2021,3109.47,3084.71,3110.37,3084.37,,0.81%
14/10/2021,3084.59,3040.66,3085.62,3040.66,,1.50%
13/10/2021,3039.01,3023.04,3043.46,3019.78,,0.47%
12/10/2021,3024.72,3030.26,3035.06,3020.10,,-0.23%
11/10/2021,3031.57,3042.60,3057.69,3029.57,,-0.40%
08/10/2021,3043.74,3046.03,3055.86,3040.55,,-0.09%
07/10/2021,3046.57,3017.59,3061.25,3016.75,,1.02%
06/10/2021,3015.95,3016.59,3019.20,2978.07,,-0.01%
05/10/2021,3016.19,2992.24,3027.41,2985.50,,0.78%
04/10/2021,2992.89,3024.21,3026.94,2981.95,,-0.99%
01/10/2021,3022.83,3006.75,3031.64,2988.36,,0.54%
30/09/2021,3006.60,3027.80,3041.81,3006.60,,-0.73%
29/09/2021,3028.75,3032.95,3044.51,3025.57,,-0.13%
28/09/2021,3032.70,3095.52,3095.57,3030.01,,-2.03%
27/09/2021,3095.56,3104.03,3108.56,3090.68,,-0.26%
24/09/2021,3103.53,3106.61,3109.83,3093.64,,-0.09%
23/09/2021,3106.42,3071.50,3114.02,3071.38,,1.04%
22/09/2021,3074.35,3049.14,3086.18,3047.18,,0.81%
21/09/2021,3049.68,3044.93,3070.99,3041.49,,0.11%
20/09/2021,3046.20,3095.74,3095.74,3020.61,,-1.63%
17/09/2021,3096.61,3123.06,3128.62,3093.43,,-0.83%
16/09/2021,3122.57,3128.46,3129.38,3108.43,,-0.16%
15/09/2021,3127.71,3113.16,3130.65,3107.80,,0.37%
14/09/2021,3116.08,3126.40,3138.88,3111.43,,-0.32%
13/09/2021,3126.10,3119.75,3139.85,3114.46,,0.13%
10/09/2021,3122.07,3136.58,3154.81,3120.00,,-0.45%
09/09/2021,3136.04,3146.63,3154.99,3136.04,,-0.35%
08/09/2021,3146.96,3157.76,3160.38,3136.53,,-0.38%
07/09/2021,3158.94,3171.70,3174.13,3155.92,,-0.34%
06/09/2021,3169.64,3165.01,3170.85,3164.54,,0.18%
03/09/2021,3163.99,3162.12,3167.17,3154.95,,0.08%
02/09/2021,3161.46,3150.63,3164.34,3149.33,,0.31%
01/09/2021,3151.66,3141.95,3160.60,3141.16,,0.33%
31/08/2021,3141.35,3145.48,3151.34,3139.52,,-0.17%
30/08/2021,3146.63,3136.41,3150.82,3135.69,,0.41%
27/08/2021,3133.67,3108.80,3136.85,3107.25,,0.75%
26/08/2021,3110.27,3127.85,3127.98,3109.18,,-0.50%
25/08/2021,3125.83,3121.47,3129.74,3119.57,,0.12%
24/08/2021,3122.00,3114.11,3124.56,3114.04,,0.30%
23/08/2021,3112.57,3082.83,3117.60,3082.83,,1.06%
20/08/2021,3080.02,3061.97,3082.38,3057.18,,0.55%
19/08/2021,3063.22,3075.83,3076.04,3047.60,,-0.48%
18/08/2021,3078.01,3099.55,3103.10,3077.05,,-0.71%
17/08/2021,3100.12,3121.79,3122.06,3084.90,,-0.70%
16/08/2021,3121.99,3124.70,3124.88,3099.81,,-0.10%
13/08/2021,3125.12,3115.97,3126.19,3115.38,,0.30%
12/08/2021,3115.74,3110.84,3115.95,3103.13,,0.19%
11/08/2021,3109.97,3100.30,3112.30,3100.22,,0.34%
10/08/2021,3099.49,3097.11,3105.24,3096.56,,0.08%
09/08/2021,3097.06,3097.64,3100.56,3093.20,,-0.03%
06/08/2021,3098.06,3101.28,3104.41,3094.82,,-0.13%
05/08/2021,3102.23,3085.18,3102.23,3085.18,,0.53%
04/08/2021,3085.83,3093.42,3096.86,3083.53,,-0.22%
03/08/2021,3092.51,3075.28,3093.31,3067.54,,0.50%
02/08/2021,3077.11,3071.08,3091.26,3070.87,,0.26%
30/07/2021,3069.25,3089.79,3089.99,3066.11,,-0.67%
29/07/2021,3089.82,3073.87,3095.57,3073.68,,0.66%
28/07/2021,3069.49,3067.07,3078.92,3062.13,,0.02%
27/07/2021,3068.87,3081.26,3082.45,3054.54,,-0.37%
26/07/2021,3080.40,3075.01,3080.40,3071.20,,0.26%
23/07/2021,3072.38,3046.02,3074.67,3044.40,,0.85%
22/07/2021,3046.60,3037.94,3047.33,3036.56,,0.33%
21/07/2021,3036.73,3009.46,3038.36,3007.87,,1.03%
20/07/2021,3005.86,2972.88,3014.25,2970.08,,1.02%
19/07/2021,2975.55,3022.42,3022.60,2962.62,,-1.62%
16/07/2021,3024.65,3041.70,3048.85,3021.73,,-0.62%
15/07/2021,3043.52,3058.78,3059.00,3032.35,,-0.49%
14/07/2021,3058.59,3055.24,3070.84,3053.90,,-0.02%
13/07/2021,3059.28,3068.85,3070.78,3055.48,,-0.29%
12/07/2021,3068.27,3055.72,3068.27,3055.72,,0.50%
09/07/2021,3053.12,3019.89,3055.26,3015.49,,1.02%
08/07/2021,3022.24,3049.90,3050.17,3003.94,,-0.90%
07/07/2021,3049.66,3040.26,3053.36,3033.78,,0.23%
06/07/2021,3042.63,3050.87,3053.35,3026.44,,-0.24%
05/07/2021,3049.84,3047.59,3050.47,3045.38,,0.12%
02/07/2021,3046.09,3027.28,3050.04,3027.22,,0.59%
01/07/2021,3028.20,3017.32,3028.20,3014.48,,0.36%
30/06/2021,3017.23,3024.95,3025.81,3013.73,,-0.24%
29/06/2021,3024.44,3024.03,3029.15,3021.82,,-0.03%
28/06/2021,3025.22,3024.66,3026.53,3017.61,,0.01%
25/06/2021,3024.94,3015.32,3026.23,3015.02,,0.38%
24/06/2021,3013.36,2996.41,3017.53,2995.45,,0.51%
23/06/2021,2998.00,3003.50,3009.12,2996.22,,-0.10%
22/06/2021,3001.14,2983.57,3009.07,2983.39,,0.64%
21/06/2021,2982.11,2953.08,2983.42,2943.47,,0.95%
18/06/2021,2954.19,2994.41,2995.11,2954.19,,-1.41%
17/06/2021,2996.51,2998.72,3000.35,2980.45,,-0.40%
16/06/2021,3008.48,3016.99,3020.93,2989.83,,-0.29%
15/06/2021,3017.27,3019.91,3025.73,3013.43,,-0.09%
14/06/2021,3019.88,3013.87,3019.88,3009.67,,0.24%
11/06/2021,3012.67,3008.68,3013.38,3004.39,,0.17%
10/06/2021,3007.46,2995.50,3012.63,2993.90,,0.36%
09/06/2021,2996.64,3000.67,3007.00,2995.83,,-0.17%
08/06/2021,3001.83,3001.02,3007.52,2991.96,,0.03%
07/06/2021,3000.97,2998.58,3002.20,2994.07,,0.12%
04/06/2021,2997.36,2971.56,2999.34,2970.12,,0.82%
03/06/2021,2972.87,2986.36,2989.71,2959.71,,-0.44%
02/06/2021,2985.97,2980.63,2990.57,2979.42,,0.13%
01/06/2021,2982.02,2976.98,2998.05,2975.18,,0.21%
31/05/2021,2975.70,2979.17,2980.03,2975.24,,-0.12%
28/05/2021,2979.30,2972.42,2987.71,2972.42,,0.29%
27/05/2021,2970.64,2967.48,2977.96,2965.51,,0.04%
26/05/2021,2969.51,2965.22,2971.87,2963.08,,0.13%
25/05/2021,2965.51,2966.94,2979.38,2963.54,,-0.03%
24/05/2021,2966.44,2942.55,2972.19,2942.42,,0.79%
21/05/2021,2943.13,2943.34,2960.20,2940.00,,0.03%
20/05/2021,2942.21,2906.30,2949.46,2906.26,,1.07%
19/05/2021,2910.94,2926.50,2926.90,2879.90,,-0.61%
18/05/2021,2928.68,2935.56,2948.06,2928.51,,-0.19%
17/05/2021,2934.18,2940.80,2941.53,2924.32,,-0.15%
14/05/2021,2938.63,2894.24,2943.54,2894.24,,1.60%
13/05/2021,2892.48,2874.75,2902.14,2860.30,,0.55%
12/05/2021,2876.79,2927.25,2928.00,2872.71,,-1.76%
11/05/2021,2928.33,2958.89,2958.94,2904.79,,-1.12%
10/05/2021,2961.57,2981.70,2985.47,2960.50,,-0.60%
07/05/2021,2979.41,2953.06,2983.88,2952.55,,0.93%
06/05/2021,2952.03,2934.01,2952.75,2923.30,,0.65%
05/05/2021,2932.84,2921.80,2942.85,2921.03,,0.35%
04/05/2021,2922.50,2947.63,2948.14,2903.13,,-0.89%
03/05/2021,2948.67,2938.21,2957.17,2936.12,,0.34%
30/04/2021,2938.76,2964.14,2964.43,2934.49,,-0.83%
29/04/2021,2963.31,2955.79,2972.72,2947.28,,0.39%
28/04/2021,2951.88,2951.37,2963.79,2949.97,,0.00%
27/04/2021,2952.01,2955.46,2955.46,2946.36,,-0.14%
26/04/2021,2956.13,2949.19,2959.29,2948.50,,0.34%
23/04/2021,2946.11,2922.32,2955.59,2921.40,,0.76%
22/04/2021,2923.91,2935.41,2944.86,2917.25,,-0.31%
21/04/2021,2932.98,2911.91,2933.64,2904.85,,0.59%
20/04/2021,2915.78,2942.68,2943.30,2906.56,,-0.96%
19/04/2021,2944.05,2952.81,2959.08,2937.82,,-0.31%
16/04/2021,2953.35,2942.06,2956.02,2939.34,,0.39%
15/04/2021,2941.75,2914.63,2943.10,2914.09,,0.97%
14/04/2021,2913.53,2920.20,2928.43,2912.45,,-0.16%
13/04/2021,2918.19,2907.86,2922.84,2905.74,,0.38%
12/04/2021,2907.25,2910.81,2910.94,2900.38,,-0.10%
09/04/2021,2910.10,2897.11,2910.53,2893.18,,0.50%
08/04/2021,2895.61,2878.66,2896.91,2877.77,,0.50%
07/04/2021,2881.15,2877.69,2884.42,2874.18,,0.17%
06/04/2021,2876.23,2874.37,2882.76,2869.18,,0.11%
05/04/2021,2872.97,2843.18,2875.43,2842.35,,1.09%
02/04/2021,2841.89,2842.74,2844.17,2841.89,,0.06%
01/04/2021,2840.19,2809.98,2841.34,2809.16,,1.01%
31/03/2021,2811.70,2805.16,2821.86,2801.01,,0.24%
30/03/2021,2805.10,2811.92,2812.30,2795.88,,-0.23%
29/03/2021,2811.53,2814.57,2817.38,2798.11,,-0.12%
26/03/2021,2814.86,2775.40,2816.12,2775.23,,1.43%
25/03/2021,2775.05,2765.86,2779.84,2744.82,,0.28%
24/03/2021,2767.26,2785.91,2794.26,2766.20,,-0.74%
23/03/2021,2788.01,2809.44,2811.62,2782.13,,-0.77%
22/03/2021,2809.65,2794.78,2817.03,2789.10,,0.48%
19/03/2021,2796.14,2801.09,2804.17,2777.94,,-0.22%
18/03/2021,2802.27,2833.39,2836.26,2799.09,,-0.87%
17/03/2021,2826.79,2823.04,2837.30,2805.91,,0.11%
16/03/2021,2823.69,2822.60,2834.43,2818.79,,0.07%
15/03/2021,2821.85,2807.66,2823.49,2797.29,,0.52%
12/03/2021,2807.21,2807.58,2809.57,2789.30,,0.04%
11/03/2021,2806.07,2777.39,2816.78,2775.53,,1.11%
10/03/2021,2775.34,2763.36,2786.48,2758.51,,0.49%
09/03/2021,2761.82,2723.24,2776.29,2721.18,,1.44%
08/03/2021,2722.64,2729.74,2754.21,2721.63,,-0.22%
05/03/2021,2728.56,2701.52,2734.05,2670.21,,0.82%
04/03/2021,2706.48,2740.34,2744.20,2678.72,,-1.28%
03/03/2021,2741.68,2769.89,2776.16,2740.34,,-0.96%
02/03/2021,2768.25,2784.75,2788.29,2768.25,,-0.56%
01/03/2021,2783.70,2727.78,2788.89,2727.55,,2.08%
26/02/2021,2726.91,2756.09,2756.09,2712.91,,-1.21%
25/02/2021,2760.26,2807.16,2813.96,2748.67,,-1.50%
24/02/2021,2802.40,2788.36,2806.61,2766.89,,0.47%
23/02/2021,2789.21,2788.98,2795.20,2743.05,,0.04%
22/02/2021,2788.11,2806.86,2811.00,2788.11,,-0.65%
19/02/2021,2806.47,2803.00,2818.76,2800.34,,0.13%
18/02/2021,2802.92,2816.86,2817.87,2787.06,,-0.46%
17/02/2021,2815.98,2826.57,2826.57,2800.41,,-0.43%
16/02/2021,2828.15,2830.53,2838.40,2821.92,,-0.05%
15/02/2021,2829.67,2820.78,2830.70,2820.66,,0.38%
12/02/2021,2818.85,2806.83,2819.94,2799.75,,0.42%
11/02/2021,2807.16,2800.18,2811.80,2793.70,,0.23%
10/02/2021,2800.68,2799.73,2814.78,2785.18,,0.08%
09/02/2021,2798.55,2795.96,2802.96,2791.89,,0.10%
08/02/2021,2795.89,2774.62,2796.07,2774.58,,0.81%
05/02/2021,2773.45,2759.34,2777.22,2759.23,,0.57%
04/02/2021,2757.66,2738.71,2757.66,2734.43,,0.72%
03/02/2021,2737.93,2734.86,2746.71,2730.56,,0.22%
02/02/2021,2731.95,2697.46,2739.33,2697.46,,1.26%
01/02/2021,2697.88,2659.13,2702.49,2659.13,,1.36%
29/01/2021,2661.69,2711.00,2711.59,2649.92,,-1.80%
28/01/2021,2710.60,2691.29,2731.76,2677.39,,0.60%
27/01/2021,2694.42,2755.14,2755.83,2685.39,,-2.17%
26/01/2021,2754.12,2757.42,2768.23,2752.62,,-0.10%
25/01/2021,2756.87,2755.36,2762.58,2726.18,,0.04%
22/01/2021,2755.66,2766.27,2766.44,2749.02,,-0.36%
21/01/2021,2765.57,2763.62,2770.88,2760.68,,0.15%
20/01/2021,2761.48,2732.70,2765.16,2731.82,,1.06%
19/01/2021,2732.48,2713.57,2736.01,2713.52,,0.70%
18/01/2021,2713.49,2711.70,2713.92,2709.93,,-0.05%
15/01/2021,2714.81,2739.16,2739.88,2702.02,,-0.85%
14/01/2021,2738.09,2739.99,2751.99,2738.09,,-0.06%
13/01/2021,2739.87,2737.73,2746.01,2731.39,,0.20%
12/01/2021,2734.40,2730.70,2740.53,2722.16,,0.16%
11/01/2021,2730.05,2751.15,2751.15,2722.14,,-0.84%
08/01/2021,2753.31,2735.27,2754.11,2729.57,,0.70%
07/01/2021,2734.19,2703.01,2738.63,2702.28,,1.28%
06/01/2021,2699.51,2685.94,2719.15,2677.25,,0.57%
05/01/2021,2684.18,2668.91,2690.33,2666.18,,0.53%
04/01/2021,2670.04,2690.12,2709.18,2649.36,,-0.74%
01/01/2021,2690.04,2690.04,2690.04,2690.04,,0.00%
31/12/2020,2690.04,2686.27,2690.77,2677.61,,0.15%
30/12/2020,2686.06,2682.66,2693.57,2680.36,,0.14%
29/12/2020,2682.18,2678.81,2699.37,2678.81,,0.20%
28/12/2020,2676.80,2661.20,2680.10,2659.77,,0.66%
25/12/2020,2659.27,2659.40,2660.22,2658.97,,0.01%
24/12/2020,2659.04,2651.75,2659.69,2651.61,,0.29%
23/12/2020,2651.41,2643.74,2661.62,2643.21,,0.32%
22/12/2020,2643.07,2647.63,2648.95,2636.53,,-0.07%
21/12/2020,2644.97,2665.71,2665.86,2612.71,,-0.80%
18/12/2020,2666.30,2675.20,2676.01,2654.23,,-0.32%
17/12/2020,2674.87,2655.82,2675.30,2654.94,,0.76%
16/12/2020,2654.79,2644.90,2659.98,2644.90,,0.42%
15/12/2020,2643.74,2620.38,2645.27,2617.19,,0.93%
14/12/2020,2619.43,2624.17,2645.80,2619.43,,-0.09%
11/12/2020,2621.89,2629.67,2631.37,2606.81,,-0.25%
10/12/2020,2628.58,2626.33,2633.47,2610.03,,0.04%
09/12/2020,2627.53,2641.62,2652.36,2619.21,,-0.55%
08/12/2020,2642.05,2634.48,2644.48,2627.16,,0.23%
07/12/2020,2635.88,2639.26,2640.18,2629.72,,-0.14%
04/12/2020,2639.66,2620.29,2639.66,2619.52,,0.70%
03/12/2020,2621.28,2616.34,2628.14,2613.75,,0.28%
02/12/2020,2613.91,2612.20,2616.16,2598.63,,0.19%
01/12/2020,2609.01,2581.24,2617.58,2581.20,,1.00%
30/11/2020,2583.14,2602.25,2602.25,2572.12,,-0.70%
27/11/2020,2601.45,2590.59,2603.87,2590.02,,0.44%
26/11/2020,2590.15,2590.31,2593.15,2589.34,,0.02%
25/11/2020,2589.67,2588.84,2593.34,2580.30,,0.10%
24/11/2020,2587.19,2547.84,2590.55,2547.84,,1.58%
23/11/2020,2546.90,2540.07,2557.94,2535.94,,0.27%
20/11/2020,2540.02,2547.75,2551.11,2539.97,,-0.25%
19/11/2020,2546.31,2541.80,2549.50,2526.58,,0.12%
18/11/2020,2543.36,2558.09,2565.99,2541.48,,-0.59%
17/11/2020,2558.43,2563.58,2564.80,2545.01,,-0.12%
16/11/2020,2561.50,2530.60,2562.62,2530.60,,1.27%
13/11/2020,2529.29,2508.43,2533.82,2504.41,,0.80%
12/11/2020,2509.24,2529.58,2530.74,2499.67,,-0.75%
11/11/2020,2528.25,2507.09,2532.60,2507.07,,0.84%
10/11/2020,2507.10,2503.49,2512.04,2487.55,,0.20%
09/11/2020,2502.06,2470.47,2546.16,2470.47,,1.30%
06/11/2020,2470.05,2466.90,2475.42,2456.46,,0.14%
05/11/2020,2466.58,2416.53,2474.76,2416.53,,2.07%
04/11/2020,2416.61,2371.55,2436.57,2360.67,,2.00%
03/11/2020,2369.27,2323.46,2377.88,2323.36,,2.03%
02/11/2020,2322.14,2293.39,2332.02,2293.39,,1.27%
30/10/2020,2292.93,2319.66,2320.30,2276.24,,-1.10%
29/10/2020,2318.44,2304.05,2333.92,2293.81,,0.51%
28/10/2020,2306.65,2378.28,2380.33,2305.62,,-3.15%
27/10/2020,2381.65,2388.32,2391.82,2379.94,,-0.35%
26/10/2020,2390.08,2431.14,2432.22,2372.21,,-1.66%
23/10/2020,2430.54,2420.97,2433.05,2418.15,,0.39%
22/10/2020,2421.00,2414.29,2423.78,2400.07,,0.13%
21/10/2020,2417.83,2423.71,2435.01,2416.51,,-0.20%
20/10/2020,2422.71,2415.72,2439.15,2412.64,,0.21%
19/10/2020,2417.69,2441.48,2454.27,2413.39,,-0.92%
16/10/2020,2440.14,2435.99,2457.68,2433.53,,0.17%
15/10/2020,2435.93,2452.27,2452.82,2414.58,,-0.72%
14/10/2020,2453.61,2462.67,2473.28,2448.38,,-0.43%
13/10/2020,2464.18,2479.03,2479.17,2458.45,,-0.55%
12/10/2020,2477.92,2447.82,2484.98,2447.01,,1.23%
09/10/2020,2447.76,2428.23,2450.50,2427.29,,0.84%
08/10/2020,2427.36,2410.57,2428.08,2409.85,,0.75%
07/10/2020,2409.39,2379.19,2412.95,2378.01,,1.13%
06/10/2020,2382.57,2403.31,2415.90,2377.34,,-0.87%
05/10/2020,2403.50,2362.55,2403.50,2362.52,,1.74%
02/10/2020,2362.41,2380.72,2382.07,2346.41,,-0.74%
01/10/2020,2380.02,2367.51,2387.01,2367.35,,0.54%
30/09/2020,2367.27,2360.73,2381.98,2350.85,,0.32%
29/09/2020,2359.63,2367.45,2371.63,2355.87,,-0.29%
28/09/2020,2366.41,2327.95,2371.99,2327.79,,1.70%
25/09/2020,2326.85,2302.97,2331.29,2289.77,,1.15%
24/09/2020,2300.30,2303.37,2318.54,2280.83,,-0.23%
23/09/2020,2305.57,2343.34,2352.16,2302.40,,-1.61%
22/09/2020,2343.39,2329.88,2346.04,2321.67,,0.60%
21/09/2020,2329.49,2366.63,2368.13,2300.42,,-1.63%
18/09/2020,2367.99,2385.69,2388.43,2353.65,,-0.65%
17/09/2020,2383.54,2401.54,2401.60,2368.72,,-0.83%
16/09/2020,2403.50,2407.74,2424.78,2401.11,,-0.19%
15/09/2020,2407.97,2394.92,2418.55,2393.55,,0.48%
14/09/2020,2396.37,2369.28,2404.50,2369.28,,1.19%
11/09/2020,2368.14,2365.08,2383.34,2352.99,,0.01%
10/09/2020,2367.80,2395.21,2413.49,2360.37,,-1.08%
09/09/2020,2393.75,2350.96,2405.82,2348.25,,1.67%
08/09/2020,2354.41,2408.15,2410.19,2352.64,,-2.23%
07/09/2020,2408.05,2401.09,2408.79,2399.96,,0.35%
04/09/2020,2399.60,2423.92,2433.90,2357.31,,-1.08%
03/09/2020,2425.78,2495.94,2500.32,2413.05,,-2.74%
02/09/2020,2494.10,2466.57,2497.61,2465.07,,1.09%
01/09/2020,2467.25,2453.75,2467.25,2448.25,,0.48%
31/08/2020,2455.51,2458.97,2461.35,2450.44,,-0.05%
28/08/2020,2456.86,2444.00,2457.86,2442.76,,0.58%
27/08/2020,2442.79,2447.61,2453.57,2434.50,,-0.13%
26/08/2020,2446.05,2423.60,2447.66,2420.34,,0.95%
25/08/2020,2422.95,2417.60,2425.05,2414.40,,0.24%
24/08/2020,2417.05,2393.08,2417.05,2392.26,,1.04%
21/08/2020,2392.11,2392.91,2394.79,2382.35,,0.12%
20/08/2020,2389.15,2389.82,2393.64,2371.46,,-0.22%
19/08/2020,2394.47,2400.39,2406.65,2388.33,,-0.20%
18/08/2020,2399.37,2394.26,2405.86,2388.89,,0.23%
17/08/2020,2393.97,2384.15,2396.20,2381.11,,0.41%
14/08/2020,2384.20,2389.12,2390.16,2379.00,,-0.25%
13/08/2020,2390.08,2392.64,2396.54,2383.42,,-0.07%
12/08/2020,2391.80,2358.36,2394.46,2357.01,,1.37%
11/08/2020,2359.47,2360.61,2382.53,2354.91,,-0.06%
10/08/2020,2360.87,2355.69,2364.04,2347.82,,0.21%
07/08/2020,2355.97,2360.56,2360.86,2344.19,,-0.17%
06/08/2020,2359.89,2355.17,2361.81,2343.99,,0.17%
05/08/2020,2355.94,2339.20,2357.69,2337.34,,0.82%
04/08/2020,2336.82,2327.09,2339.32,2323.93,,0.55%
03/08/2020,2324.08,2304.21,2329.36,2301.66,,0.83%
31/07/2020,2304.98,2307.08,2311.56,2279.06,,0.04%
30/07/2020,2304.01,2321.12,2321.60,2278.69,,-0.68%
29/07/2020,2319.71,2298.43,2324.13,2296.82,,0.86%
28/07/2020,2299.91,2311.30,2313.56,2298.64,,-0.51%
27/07/2020,2311.62,2290.64,2311.62,2289.95,,0.87%
24/07/2020,2291.58,2307.94,2309.35,2282.51,,-0.72%
23/07/2020,2308.12,2327.01,2332.03,2301.75,,-0.84%
22/07/2020,2327.76,2322.50,2329.00,2314.82,,0.27%
21/07/2020,2321.55,2313.93,2333.64,2313.93,,0.37%
20/07/2020,2312.95,2295.59,2315.91,2290.54,,0.83%
17/07/2020,2293.92,2286.83,2299.23,2283.22,,0.22%
16/07/2020,2288.81,2298.47,2298.47,2279.16,,-0.43%
15/07/2020,2298.78,2272.82,2306.12,2272.82,,1.24%
14/07/2020,2270.69,2250.97,2272.20,2232.93,,0.75%
13/07/2020,2253.76,2260.07,2294.70,2249.28,,-0.26%
10/07/2020,2259.60,2240.02,2259.60,2232.56,,0.84%
09/07/2020,2240.73,2253.46,2260.79,2221.54,,-0.53%
08/07/2020,2252.64,2241.37,2255.37,2235.52,,0.42%
07/07/2020,2243.17,2263.58,2265.32,2241.29,,-0.93%
06/07/2020,2264.29,2226.82,2265.66,2226.81,,1.70%
03/07/2020,2226.39,2229.25,2231.32,2224.53,,-0.06%
02/07/2020,2227.65,2211.70,2247.99,2211.07,,0.74%
01/07/2020,2211.27,2202.77,2216.99,2194.91,,0.43%
30/06/2020,2201.79,2178.80,2207.66,2173.62,,1.16%
29/06/2020,2176.44,2156.81,2176.89,2148.60,,0.89%
26/06/2020,2157.19,2195.11,2203.41,2157.02,,-1.65%
25/06/2020,2193.40,2176.85,2194.75,2160.47,,0.61%
24/06/2020,2180.12,2234.47,2235.58,2171.19,,-2.50%
23/06/2020,2236.04,2220.90,2246.32,2215.22,,0.82%
22/06/2020,2217.82,2207.41,2220.10,2198.59,,0.40%
19/06/2020,2208.97,2215.22,2237.26,2201.70,,-0.30%
18/06/2020,2215.64,2218.24,2220.16,2203.36,,-0.10%
17/06/2020,2217.90,2220.53,2231.61,2214.51,,-0.05%
16/06/2020,2219.10,2175.76,2238.02,2175.76,,2.19%
15/06/2020,2171.44,2163.37,2179.99,2116.44,,0.32%
12/06/2020,2164.46,2148.23,2196.02,2135.87,,0.47%
11/06/2020,2154.44,2266.86,2267.28,2149.94,,-4.98%
10/06/2020,2267.36,2273.08,2285.90,2261.83,,-0.35%
09/06/2020,2275.28,2289.24,2291.59,2266.21,,-0.56%
08/06/2020,2288.04,2268.33,2289.20,2263.83,,0.94%
05/06/2020,2266.76,2217.31,2274.68,2216.20,,2.18%
04/06/2020,2218.50,2223.77,2227.91,2207.65,,-0.18%
03/06/2020,2222.54,2187.95,2226.83,2187.95,,1.62%
02/06/2020,2187.09,2164.68,2187.09,2164.55,,1.07%
01/06/2020,2163.92,2147.96,2166.85,2147.63,,0.75%
29/05/2020,2147.88,2147.81,2149.63,2126.32,,-0.02%
28/05/2020,2148.33,2140.17,2167.71,2139.70,,0.53%
27/05/2020,2136.90,2114.36,2138.66,2102.49,,1.07%
26/05/2020,2114.27,2083.10,2127.61,2083.04,,1.56%
25/05/2020,2081.83,2073.92,2082.05,2073.37,,0.48%
22/05/2020,2071.90,2074.80,2075.39,2059.83,,-0.11%
21/05/2020,2074.10,2091.48,2093.14,2068.48,,-0.86%
20/05/2020,2092.03,2060.37,2096.69,2058.77,,1.49%
19/05/2020,2061.37,2071.66,2081.85,2060.39,,-0.37%
18/05/2020,2069.00,2009.06,2077.02,2008.37,,3.02%
15/05/2020,2008.41,2001.32,2008.77,1986.80,,0.43%
14/05/2020,1999.89,1997.23,2000.16,1952.89,,0.07%
13/05/2020,1998.48,2030.87,2032.60,1984.49,,-1.75%
12/05/2020,2034.06,2059.96,2070.81,2032.05,,-1.29%
11/05/2020,2060.70,2060.82,2066.39,2045.32,,-0.06%
08/05/2020,2061.89,2030.43,2061.89,2030.43,,1.77%
07/05/2020,2026.12,2005.93,2038.13,2005.04,,0.92%
06/05/2020,2007.60,2018.21,2030.00,2006.85,,-0.52%
05/05/2020,2018.11,1998.17,2032.59,1998.17,,1.02%
04/05/2020,1997.75,2002.13,2002.13,1976.01,,-0.35%
01/05/2020,2004.79,2049.78,2050.13,1999.44,,-2.34%
30/04/2020,2052.85,2072.60,2077.74,2043.10,,-0.86%
29/04/2020,2070.76,2023.90,2078.66,2023.90,,2.34%
28/04/2020,2023.35,2021.91,2053.65,2020.14,,0.04%
27/04/2020,2022.49,1988.73,2026.66,1988.41,,1.75%
24/04/2020,1987.65,1971.62,1990.67,1964.37,,0.67%
23/04/2020,1974.38,1968.46,1999.55,1967.52,,0.31%
22/04/2020,1968.27,1930.97,1974.42,1928.21,,1.86%
21/04/2020,1932.25,1991.45,1991.57,1927.14,,-3.10%
20/04/2020,1994.03,2015.56,2016.23,1989.25,,-1.16%
17/04/2020,2017.51,1966.08,2018.69,1966.08,,2.71%
16/04/2020,1964.33,1957.89,1969.81,1947.01,,0.21%
15/04/2020,1960.20,2007.24,2008.26,1949.68,,-2.32%
14/04/2020,2006.81,1958.46,2009.73,1957.92,,2.56%
13/04/2020,1956.75,1970.82,1971.84,1936.96,,-0.77%
10/04/2020,1971.95,1969.51,1972.79,1968.00,,0.06%
09/04/2020,1970.67,1939.83,1985.11,1938.34,,1.58%
08/04/2020,1940.08,1896.30,1944.56,1889.37,,2.38%
07/04/2020,1895.04,1883.20,1945.55,1882.98,,0.72%
06/04/2020,1881.48,1775.95,1887.42,1775.61,,5.89%
03/04/2020,1776.86,1802.87,1804.73,1763.77,,-1.45%
02/04/2020,1803.07,1781.33,1810.91,1765.26,,1.22%
01/04/2020,1781.27,1855.09,1856.84,1771.13,,-3.86%
31/03/2020,1852.73,1871.00,1881.14,1847.48,,-0.95%
30/03/2020,1870.48,1829.35,1873.55,1818.03,,2.37%
27/03/2020,1827.17,1876.21,1884.92,1811.35,,-2.58%
26/03/2020,1875.56,1788.40,1879.92,1779.88,,5.02%
25/03/2020,1785.99,1745.35,1834.67,1739.01,,2.49%
24/03/2020,1742.61,1605.52,1742.61,1605.43,,8.77%
23/03/2020,1602.11,1647.45,1652.22,1579.14,,-2.96%
20/03/2020,1650.94,1690.04,1729.69,1644.91,,-2.57%
19/03/2020,1694.45,1684.07,1717.87,1636.94,,0.73%
18/03/2020,1682.25,1774.56,1778.49,1626.51,,-5.11%
17/03/2020,1772.93,1702.25,1788.52,1683.91,,4.12%
16/03/2020,1702.79,1885.08,1885.45,1699.79,,-9.51%
13/03/2020,1881.64,1778.10,1882.28,1760.17,,5.92%
12/03/2020,1776.52,1970.61,1970.61,1776.52,,-9.91%
11/03/2020,1972.04,2049.04,2054.74,1956.02,,-3.89%
10/03/2020,2051.96,1994.60,2051.96,1982.51,,2.84%
09/03/2020,1995.22,2152.33,2152.46,1992.29,,-7.17%
06/03/2020,2149.29,2194.79,2194.79,2116.32,,-1.96%
05/03/2020,2192.35,2243.17,2248.62,2182.53,,-2.26%
04/03/2020,2243.09,2179.29,2243.22,2175.99,,2.92%
03/03/2020,2179.48,2212.99,2249.35,2167.64,,-1.49%
02/03/2020,2212.38,2144.07,2212.53,2139.85,,3.33%
28/02/2020,2141.12,2175.92,2176.00,2087.86,,-1.66%
27/02/2020,2177.25,2258.95,2259.07,2177.16,,-3.60%
26/02/2020,2258.62,2269.19,2291.63,2254.23,,-0.48%
25/02/2020,2269.42,2328.51,2330.67,2265.53,,-2.63%
24/02/2020,2330.75,2401.75,2401.99,2326.23,,-3.00%
21/02/2020,2402.80,2419.40,2420.58,2398.97,,-0.72%
20/02/2020,2420.21,2431.02,2433.95,2405.54,,-0.45%
19/02/2020,2431.22,2420.85,2433.60,2420.18,,0.40%
18/02/2020,2421.47,2431.13,2431.19,2413.78,,-0.38%
17/02/2020,2430.69,2431.44,2432.17,2428.73,,-0.03%
14/02/2020,2431.37,2429.32,2432.25,2425.30,,0.06%
13/02/2020,2429.89,2433.95,2434.49,2420.96,,-0.21%
12/02/2020,2434.95,2421.72,2434.95,2420.87,,0.57%
11/02/2020,2421.26,2412.73,2430.14,2412.72,,0.34%
10/02/2020,2413.10,2403.52,2413.10,2397.12,,0.35%
07/02/2020,2404.75,2416.56,2416.66,2401.12,,-0.49%
06/02/2020,2416.48,2405.10,2417.48,2405.09,,0.48%
05/02/2020,2404.96,2383.61,2406.20,2383.61,,0.91%
04/02/2020,2383.30,2351.21,2388.03,2350.55,,1.35%
03/02/2020,2351.45,2342.14,2361.26,2338.51,,0.39%
31/01/2020,2342.41,2371.64,2374.68,2337.97,,-1.25%
30/01/2020,2372.01,2374.43,2374.78,2351.68,,-0.06%
29/01/2020,2373.52,2373.77,2383.07,2371.95,,0.04%
28/01/2020,2372.52,2355.87,2377.71,2352.94,,0.70%
27/01/2020,2356.09,2396.25,2396.58,2354.15,,-1.64%
24/01/2020,2395.31,2406.23,2415.43,2389.24,,-0.45%
23/01/2020,2406.14,2410.86,2411.19,2395.44,,-0.17%
22/01/2020,2410.23,2408.55,2419.06,2408.52,,0.04%
21/01/2020,2409.29,2415.62,2415.62,2406.77,,-0.24%
20/01/2020,2415.03,2415.19,2416.53,2413.95,,-0.02%
17/01/2020,2415.51,2407.19,2415.51,2406.42,,0.39%
16/01/2020,2406.17,2393.16,2406.18,2392.41,,0.59%
15/01/2020,2392.06,2388.32,2396.93,2386.35,,0.15%
14/01/2020,2388.50,2388.41,2394.27,2385.46,,0.01%
13/01/2020,2388.25,2377.24,2388.49,2375.71,,0.45%
10/01/2020,2377.62,2380.47,2386.53,2375.80,,-0.09%
09/01/2020,2379.85,2365.75,2380.67,2365.69,,0.55%
08/01/2020,2366.93,2362.94,2372.28,2357.32,,0.19%
07/01/2020,2362.43,2365.97,2371.67,2359.76,,-0.09%
06/01/2020,2364.49,2360.98,2364.66,2348.78,,0.06%
03/01/2020,2363.12,2373.88,2375.75,2357.68,,-0.54%
02/01/2020,2375.94,2358.01,2375.94,2357.16,,0.74%
01/01/2020,2358.48,2358.25,2358.48,2358.03,,0.00%
31/12/2019,2358.47,2353.24,2358.52,2350.34,,0.22%
30/12/2019,2353.25,2365.60,2366.87,2351.65,,-0.49%
27/12/2019,2364.90,2361.08,2369.20,2360.69,,0.20%
26/12/2019,2360.21,2351.45,2360.64,2351.40,,0.38%
25/12/2019,2351.22,2351.31,2351.73,2349.92,,-0.03%
24/12/2019,2351.84,2351.47,2352.21,2349.49,,0.05%
23/12/2019,2350.75,2349.13,2352.75,2348.65,,0.04%
20/12/2019,2349.87,2340.72,2351.09,2339.24,,0.39%
19/12/2019,2340.65,2333.18,2341.03,2331.51,,0.32%
18/12/2019,2333.28,2336.47,2337.94,2333.11,,-0.14%
17/12/2019,2336.62,2336.95,2339.03,2335.06,,-0.04%
16/12/2019,2337.45,2319.52,2341.11,2319.52,,0.76%
13/12/2019,2319.73,2314.50,2329.51,2313.38,,0.45%
12/12/2019,2309.36,2297.33,2316.07,2295.80,,0.62%
11/12/2019,2295.02,2289.37,2298.87,2288.04,,0.23%
10/12/2019,2289.67,2292.34,2294.45,2285.65,,-0.13%
09/12/2019,2292.58,2298.68,2300.00,2292.35,,-0.17%
06/12/2019,2296.39,2279.14,2299.53,2279.12,,0.78%
05/12/2019,2278.63,2275.40,2281.48,2272.51,,0.14%
04/12/2019,2275.47,2262.84,2278.44,2260.39,,0.55%
03/12/2019,2263.10,2276.79,2277.24,2250.88,,-0.58%
02/12/2019,2276.40,2291.89,2296.59,2274.80,,-0.69%
29/11/2019,2292.26,2302.10,2302.86,2291.62,,-0.41%
28/11/2019,2301.79,2303.25,2303.72,2301.10,,-0.04%
27/11/2019,2302.67,2295.47,2302.84,2295.40,,0.34%
26/11/2019,2294.78,2291.85,2296.56,2290.13,,0.18%
25/11/2019,2290.65,2273.60,2290.70,2273.55,,0.74%
22/11/2019,2273.89,2269.62,2277.42,2268.76,,0.16%
21/11/2019,2270.36,2275.52,2275.52,2264.90,,-0.20%
20/11/2019,2274.92,2283.22,2283.89,2267.23,,-0.43%
19/11/2019,2284.85,2285.02,2290.09,2280.67,,-0.04%
18/11/2019,2285.76,2282.81,2286.36,2278.96,,0.13%
15/11/2019,2282.80,2266.54,2282.80,2266.37,,0.77%
14/11/2019,2265.29,2268.23,2268.44,2260.68,,-0.13%
13/11/2019,2268.33,2270.39,2270.55,2259.81,,-0.07%
12/11/2019,2270.01,2265.85,2275.34,2264.78,,0.16%
11/11/2019,2266.36,2268.45,2269.75,2259.76,,-0.11%
08/11/2019,2268.83,2266.83,2268.83,2258.63,,0.09%
07/11/2019,2266.69,2261.01,2273.18,2260.98,,0.24%
06/11/2019,2261.37,2260.10,2261.83,2256.19,,0.09%
05/11/2019,2259.26,2259.88,2264.49,2257.30,,-0.10%
04/11/2019,2261.45,2251.78,2265.29,2251.54,,0.42%
01/11/2019,2252.07,2232.03,2252.07,2231.82,,0.83%
31/10/2019,2233.53,2238.81,2241.21,2226.09,,-0.17%
30/10/2019,2237.31,2231.83,2240.15,2226.07,,0.22%
29/10/2019,2232.45,2231.75,2236.64,2228.88,,0.05%
28/10/2019,2231.40,2222.21,2234.51,2221.92,,0.39%
25/10/2019,2222.75,2215.76,2224.43,2211.53,,0.32%
24/10/2019,2215.64,2209.22,2218.79,2209.22,,0.33%
23/10/2019,2208.28,2204.11,2209.22,2201.32,,0.18%
22/10/2019,2204.29,2209.27,2213.97,2203.93,,-0.23%
21/10/2019,2209.34,2196.14,2209.60,2195.57,,0.64%
18/10/2019,2195.28,2202.59,2203.12,2190.94,,-0.30%
17/10/2019,2201.92,2196.10,2208.75,2194.10,,0.30%
16/10/2019,2195.35,2196.33,2199.97,2192.77,,-0.06%
15/10/2019,2196.61,2175.56,2201.11,2175.35,,0.98%
14/10/2019,2175.28,2179.04,2179.85,2172.72,,-0.19%
11/10/2019,2179.33,2151.48,2190.08,2151.48,,1.36%
10/10/2019,2150.16,2138.25,2155.75,2135.98,,0.59%
09/10/2019,2137.62,2124.27,2141.63,2121.99,,0.63%
08/10/2019,2124.15,2150.29,2153.22,2124.00,,-1.29%
07/10/2019,2151.82,2154.46,2159.92,2148.68,,-0.09%
04/10/2019,2153.83,2129.97,2155.04,2129.53,,1.05%
03/10/2019,2131.36,2121.98,2131.36,2102.44,,0.47%
02/10/2019,2121.47,2160.07,2160.35,2115.92,,-1.71%
01/10/2019,2158.47,2180.50,2185.82,2158.47,,-0.99%
30/09/2019,2180.02,2175.69,2183.02,2171.70,,0.21%
27/09/2019,2175.54,2181.37,2186.72,2167.89,,-0.36%
26/09/2019,2183.46,2185.46,2188.48,2176.83,,-0.05%
25/09/2019,2184.56,2182.21,2185.96,2168.02,,0.11%
24/09/2019,2182.07,2193.74,2202.85,2179.35,,-0.53%
23/09/2019,2193.74,2197.88,2198.29,2188.74,,-0.17%
20/09/2019,2197.55,2205.39,2209.32,2195.02,,-0.32%
19/09/2019,2204.67,2200.19,2211.52,2200.19,,0.17%
18/09/2019,2201.02,2202.95,2202.95,2185.64,,-0.03%
17/09/2019,2201.77,2195.58,2203.03,2193.19,,0.27%
16/09/2019,2195.88,2206.79,2207.05,2193.22,,-0.45%
13/09/2019,2205.81,2202.11,2211.21,2201.94,,0.18%
12/09/2019,2201.81,2195.26,2208.16,2195.09,,0.34%
11/09/2019,2194.42,2179.56,2194.50,2179.56,,0.69%
10/09/2019,2179.43,2178.22,2179.43,2166.64,,0.05%
09/09/2019,2178.41,2177.68,2183.82,2174.86,,-0.02%
06/09/2019,2178.90,2174.88,2181.29,2174.75,,0.21%
05/09/2019,2174.27,2151.56,2179.86,2151.46,,1.14%
04/09/2019,2149.80,2126.74,2150.59,2125.92,,1.08%
03/09/2019,2126.92,2136.13,2136.31,2119.08,,-0.45%
02/09/2019,2136.58,2137.10,2137.91,2135.84,,-0.09%
30/08/2019,2138.52,2134.12,2147.21,2130.66,,0.26%
29/08/2019,2133.08,2112.04,2134.92,2110.78,,1.00%
28/08/2019,2111.92,2104.69,2112.35,2093.78,,0.34%
27/08/2019,2104.85,2106.40,2119.75,2101.09,,-0.02%
26/08/2019,2105.22,2095.54,2105.30,2088.74,,0.51%
23/08/2019,2094.63,2131.54,2137.20,2091.58,,-1.74%
22/08/2019,2131.68,2135.49,2141.50,2122.58,,-0.18%
21/08/2019,2135.52,2118.44,2137.87,2117.63,,0.75%
20/08/2019,2119.57,2131.37,2134.39,2119.57,,-0.57%
19/08/2019,2131.81,2109.77,2135.00,2109.46,,1.11%
16/08/2019,2108.50,2082.11,2110.88,2081.82,,1.23%
15/08/2019,2082.84,2084.34,2087.99,2073.22,,-0.16%
14/08/2019,2086.26,2135.53,2136.40,2085.05,,-2.26%
13/08/2019,2134.54,2116.28,2143.94,2108.50,,0.79%
12/08/2019,2117.73,2135.35,2139.14,2112.91,,-0.82%
09/08/2019,2135.34,2148.68,2149.42,2127.82,,-0.54%
08/08/2019,2146.91,2112.79,2147.89,2112.06,,1.55%
07/08/2019,2114.05,2109.18,2116.91,2083.92,,0.23%
06/08/2019,2109.20,2098.47,2109.98,2092.80,,0.57%
05/08/2019,2097.32,2149.01,2149.69,2087.38,,-2.45%
02/08/2019,2149.99,2172.77,2172.89,2140.58,,-1.07%
01/08/2019,2173.18,2182.62,2201.77,2171.25,,-0.66%
31/07/2019,2187.56,2202.91,2205.10,2172.85,,-0.72%
30/07/2019,2203.40,2213.32,2214.14,2197.73,,-0.41%
29/07/2019,2212.50,2215.42,2217.56,2209.84,,-0.14%
26/07/2019,2215.71,2205.03,2216.79,2203.71,,0.40%
25/07/2019,2206.92,2217.19,2220.86,2202.88,,-0.49%
24/07/2019,2217.75,2209.94,2217.75,2206.11,,0.37%
23/07/2019,2209.59,2196.23,2209.59,2196.17,,0.54%
22/07/2019,2197.67,2193.96,2199.45,2192.22,,0.14%
19/07/2019,2194.61,2202.10,2209.77,2194.54,,-0.17%
18/07/2019,2198.40,2197.36,2202.87,2188.61,,0.02%
17/07/2019,2197.94,2206.86,2208.55,2197.94,,-0.46%
16/07/2019,2208.09,2214.29,2214.39,2205.57,,-0.28%
15/07/2019,2214.34,2213.69,2216.32,2211.85,,0.08%
12/07/2019,2212.65,2204.91,2213.76,2204.40,,0.33%
11/07/2019,2205.35,2202.24,2208.80,2199.91,,0.19%
10/07/2019,2201.14,2192.37,2208.05,2191.80,,0.34%
09/07/2019,2193.65,2194.86,2195.32,2184.60,,-0.04%
08/07/2019,2194.62,2205.54,2205.63,2192.12,,-0.50%
05/07/2019,2205.57,2215.52,2215.94,2192.71,,-0.43%
04/07/2019,2215.17,2214.59,2215.90,2214.33,,0.08%
03/07/2019,2213.35,2198.42,2213.45,2197.73,,0.67%
02/07/2019,2198.55,2191.01,2198.88,2190.77,,0.29%
01/07/2019,2192.24,2177.61,2200.66,2177.59,,0.64%
28/06/2019,2178.35,2166.34,2178.35,2165.38,,0.55%
27/06/2019,2166.48,2158.66,2168.47,2158.37,,0.37%
26/06/2019,2158.41,2161.51,2168.26,2157.71,,-0.25%
25/06/2019,2163.73,2178.60,2180.10,2162.08,,-0.66%
24/06/2019,2178.17,2181.23,2183.25,2178.17,,0.00%
21/06/2019,2178.16,2184.05,2184.95,2176.84,,-0.24%
20/06/2019,2183.36,2164.09,2186.67,2164.06,,1.01%
19/06/2019,2161.60,2153.22,2165.47,2153.01,,0.50%
18/06/2019,2150.91,2130.83,2157.73,2129.35,,0.94%
17/06/2019,2130.86,2129.53,2135.64,2128.56,,0.00%
14/06/2019,2130.95,2137.60,2137.82,2126.98,,-0.28%
13/06/2019,2136.96,2131.97,2139.67,2130.55,,0.12%
12/06/2019,2134.42,2139.60,2140.87,2131.43,,-0.25%
11/06/2019,2139.74,2135.93,2153.16,2135.64,,0.20%
10/06/2019,2135.51,2126.41,2144.08,2126.09,,0.41%
07/06/2019,2126.88,2103.86,2133.33,2103.68,,1.08%
06/06/2019,2104.18,2093.28,2107.11,2092.99,,0.40%
05/06/2019,2095.83,2080.35,2095.83,2080.35,,0.87%
04/06/2019,2077.66,2047.90,2079.78,2045.76,,1.59%
03/06/2019,2045.06,2046.47,2053.80,2039.89,,-0.06%
31/05/2019,2046.25,2066.41,2066.78,2042.57,,-0.98%
30/05/2019,2066.48,2063.39,2072.14,2061.76,,0.08%
29/05/2019,2064.80,2083.02,2083.08,2056.73,,-0.95%
28/05/2019,2084.57,2096.57,2104.40,2084.19,,-0.57%
27/05/2019,2096.43,2095.80,2098.62,2095.39,,0.07%
24/05/2019,2095.03,2087.25,2102.50,2086.59,,0.36%
23/05/2019,2087.46,2111.13,2111.25,2080.87,,-1.15%
22/05/2019,2111.78,2117.07,2118.42,2109.57,,-0.28%
21/05/2019,2117.66,2103.80,2119.82,2102.53,,0.62%
20/05/2019,2104.64,2116.88,2118.90,2099.77,,-0.56%
17/05/2019,2116.50,2126.98,2129.21,2113.82,,-0.45%
16/05/2019,2126.06,2110.26,2133.41,2108.01,,0.74%
15/05/2019,2110.40,2098.67,2113.66,2087.51,,0.55%
14/05/2019,2098.76,2084.61,2106.89,2081.75,,0.59%
13/05/2019,2086.46,2124.77,2125.11,2080.99,,-1.87%
10/05/2019,2126.32,2118.59,2129.96,2098.96,,0.33%
09/05/2019,2119.31,2130.71,2131.04,2102.48,,-0.59%
08/05/2019,2131.90,2134.48,2141.14,2127.22,,-0.17%
07/05/2019,2135.49,2166.82,2167.60,2126.11,,-1.44%
06/05/2019,2166.66,2178.27,2178.35,2150.17,,-0.51%
03/05/2019,2177.77,2160.71,2179.20,2160.21,,0.77%
02/05/2019,2161.11,2167.74,2168.84,2153.09,,-0.41%
01/05/2019,2170.03,2179.34,2185.44,2167.48,,-0.40%
30/04/2019,2178.67,2176.39,2180.33,2167.33,,0.14%
29/04/2019,2175.59,2173.25,2179.63,2171.90,,0.08%
26/04/2019,2173.82,2164.21,2173.82,2162.09,,0.39%
25/04/2019,2165.36,2166.23,2168.09,2157.75,,-0.16%
24/04/2019,2168.81,2175.48,2175.51,2166.08,,-0.26%
23/04/2019,2174.39,2162.09,2175.59,2160.40,,0.59%
22/04/2019,2161.58,2159.70,2162.47,2156.11,,0.06%
19/04/2019,2160.36,2160.06,2160.43,2159.72,,0.01%
18/04/2019,2160.21,2160.55,2161.58,2153.13,,-0.03%
17/04/2019,2160.94,2162.50,2170.36,2158.04,,-0.10%
16/04/2019,2163.08,2160.31,2167.42,2159.76,,0.09%
15/04/2019,2161.14,2160.26,2162.60,2155.92,,0.08%
12/04/2019,2159.39,2146.78,2160.71,2145.93,,0.55%
11/04/2019,2147.61,2148.37,2150.49,2143.66,,-0.02%
10/04/2019,2147.99,2141.34,2149.38,2140.58,,0.22%
09/04/2019,2143.20,2152.42,2155.97,2140.72,,-0.45%
08/04/2019,2152.89,2150.37,2153.24,2145.50,,0.14%
05/04/2019,2149.85,2142.51,2150.46,2142.25,,0.33%
04/04/2019,2142.75,2143.32,2144.47,2136.85,,-0.01%
03/04/2019,2143.02,2133.09,2149.09,2132.93,,0.53%
02/04/2019,2131.71,2130.56,2133.90,2126.95,,0.00%
01/04/2019,2131.79,2107.35,2132.00,2107.27,,1.14%
29/03/2019,2107.74,2094.60,2107.76,2094.56,,0.60%
28/03/2019,2095.18,2093.68,2098.65,2086.47,,0.06%
27/03/2019,2094.02,2102.47,2106.39,2084.32,,-0.41%
26/03/2019,2102.62,2087.13,2109.19,2086.92,,0.75%
25/03/2019,2087.06,2094.20,2094.21,2079.79,,-0.37%
22/03/2019,2094.81,2129.01,2131.24,2094.33,,-1.56%
21/03/2019,2127.93,2115.82,2130.40,2110.55,,0.75%
20/03/2019,2112.05,2120.47,2126.20,2107.10,,-0.44%
19/03/2019,2121.47,2114.20,2131.84,2113.17,,0.16%
18/03/2019,2117.99,2109.12,2119.11,2108.93,,0.44%
15/03/2019,2108.78,2096.08,2112.62,2096.02,,0.59%
14/03/2019,2096.32,2097.39,2099.58,2093.30,,0.03%
13/03/2019,2095.67,2083.80,2100.31,2080.93,,0.59%
12/03/2019,2083.38,2077.13,2087.04,2077.11,,0.42%
11/03/2019,2074.66,2050.99,2075.97,2050.25,,1.15%
08/03/2019,2051.12,2059.61,2059.73,2040.69,,-0.50%
07/03/2019,2061.41,2078.49,2078.97,2054.69,,-0.83%
06/03/2019,2078.69,2087.77,2089.08,2077.50,,-0.42%
05/03/2019,2087.50,2090.98,2091.46,2083.95,,-0.14%
04/03/2019,2090.40,2095.91,2103.62,2078.89,,-0.28%
01/03/2019,2096.35,2084.72,2100.52,2084.68,,0.50%
28/02/2019,2085.84,2091.31,2091.93,2084.00,,-0.30%
27/02/2019,2092.12,2093.33,2094.22,2082.44,,0.02%
26/02/2019,2091.70,2092.11,2097.84,2088.20,,-0.01%
25/02/2019,2091.83,2087.36,2100.65,2087.35,,0.23%
22/02/2019,2086.97,2076.48,2088.84,2075.50,,0.46%
21/02/2019,2077.44,2083.34,2084.81,2071.56,,-0.30%
20/02/2019,2083.64,2076.70,2086.11,2076.64,,0.37%
19/02/2019,2075.91,2072.57,2080.34,2067.68,,0.16%
18/02/2019,2072.62,2068.27,2073.94,2068.27,,0.29%
15/02/2019,2066.58,2048.84,2068.56,2045.65,,0.93%
14/02/2019,2047.56,2051.03,2054.74,2041.83,,-0.25%
13/02/2019,2052.76,2046.25,2058.11,2046.14,,0.37%
12/02/2019,2045.12,2021.54,2047.84,2021.27,,1.16%
11/02/2019,2021.60,2020.25,2026.47,2018.87,,0.05%
08/02/2019,2020.53,2025.89,2025.89,2008.01,,-0.32%
07/02/2019,2026.94,2045.91,2046.36,2017.40,,-0.99%
06/02/2019,2047.11,2051.34,2052.52,2043.71,,-0.21%
05/02/2019,2051.36,2037.97,2051.99,2037.90,,0.67%
04/02/2019,2037.76,2028.93,2037.87,2023.54,,0.40%
01/02/2019,2029.55,2027.35,2033.32,2024.40,,0.05%
31/01/2019,2028.49,2014.45,2029.69,2014.43,,0.87%
30/01/2019,2010.95,1989.54,2019.47,1988.86,,1.07%
29/01/2019,1989.60,1988.81,1996.21,1985.56,,0.02%
28/01/2019,1989.18,2003.00,2003.52,1979.90,,-0.63%
25/01/2019,2001.86,1982.00,2005.27,1981.87,,0.94%
24/01/2019,1983.23,1980.67,1985.24,1974.32,,0.16%
23/01/2019,1980.15,1978.89,1988.33,1968.78,,0.07%
22/01/2019,1978.83,2000.83,2001.19,1971.65,,-1.10%
21/01/2019,2000.77,2000.18,2002.47,1999.23,,0.00%
18/01/2019,2000.76,1976.57,2002.26,1976.57,,1.27%
17/01/2019,1975.61,1966.27,1981.06,1960.09,,0.46%
16/01/2019,1966.50,1963.08,1970.98,1961.06,,0.15%
15/01/2019,1963.61,1947.86,1963.99,1947.04,,0.79%
14/01/2019,1948.16,1956.95,1957.57,1941.31,,-0.46%
11/01/2019,1957.17,1956.28,1961.39,1946.20,,-0.03%
10/01/2019,1957.69,1952.68,1957.69,1938.59,,0.34%
09/01/2019,1950.99,1935.62,1957.13,1935.60,,0.79%
08/01/2019,1935.79,1920.23,1940.13,1919.54,,0.84%
07/01/2019,1919.75,1904.10,1927.69,1904.03,,0.82%
04/01/2019,1904.18,1853.69,1906.42,1847.89,,2.75%
03/01/2019,1853.18,1883.14,1884.98,1852.71,,-1.49%
02/01/2019,1881.15,1885.13,1885.70,1857.89,,-0.15%
01/01/2019,1883.93,1885.41,1886.77,1883.93,,0.00%
31/12/2018,1883.90,1871.36,1885.06,1870.83,,0.70%
28/12/2018,1870.80,1862.93,1887.38,1861.77,,0.45%
27/12/2018,1862.38,1848.17,1863.25,1820.86,,0.63%
26/12/2018,1850.70,1795.99,1850.70,1794.00,,3.09%
25/12/2018,1795.28,1802.60,1802.60,1794.04,,-0.43%
24/12/2018,1802.95,1833.04,1834.32,1802.54,,-1.74%
21/12/2018,1834.97,1864.58,1876.68,1828.73,,-1.50%
20/12/2018,1862.82,1890.53,1890.93,1853.75,,-1.58%
19/12/2018,1892.71,1908.58,1929.96,1887.47,,-0.81%
18/12/2018,1908.16,1914.53,1924.91,1900.56,,-0.32%
17/12/2018,1914.33,1942.95,1944.34,1907.99,,-1.45%
14/12/2018,1942.55,1975.03,1975.18,1940.06,,-1.61%
13/12/2018,1974.41,1975.50,1986.24,1969.18,,-0.07%
12/12/2018,1975.88,1954.22,1992.22,1954.22,,1.09%
11/12/2018,1954.65,1952.34,1977.39,1947.84,,0.09%
10/12/2018,1952.83,1964.67,1964.84,1927.59,,-0.63%
07/12/2018,1965.24,1990.42,2006.31,1961.17,,-1.29%
06/12/2018,1990.85,2008.90,2008.99,1954.86,,-0.89%
05/12/2018,2008.63,2016.34,2016.36,2008.08,,-0.41%
04/12/2018,2016.89,2066.62,2066.69,2015.25,,-2.41%
03/12/2018,2066.62,2042.05,2072.60,2041.84,,1.24%
30/11/2018,2041.36,2034.66,2041.45,2028.64,,0.32%
29/11/2018,2034.89,2034.71,2042.46,2027.02,,0.25%
28/11/2018,2029.78,2000.10,2034.71,1999.54,,1.49%
27/11/2018,2000.07,1998.94,2001.38,1987.94,,0.04%
26/11/2018,1999.20,1974.81,1999.68,1973.87,,1.22%
23/11/2018,1975.09,1984.22,1985.99,1973.04,,-0.45%
22/11/2018,1984.03,1984.93,1987.47,1982.93,,-0.04%
21/11/2018,1984.73,1974.43,1995.11,1971.48,,0.40%
20/11/2018,1976.91,2009.66,2009.81,1968.98,,-1.63%
19/11/2018,2009.61,2032.49,2036.84,2005.33,,-1.09%
16/11/2018,2031.76,2026.08,2036.54,2018.97,,0.27%
15/11/2018,2026.30,2015.79,2029.69,1995.95,,0.55%
14/11/2018,2015.14,2027.68,2040.09,2007.80,,-0.56%
13/11/2018,2026.52,2027.12,2042.78,2021.47,,-0.10%
12/11/2018,2028.62,2060.60,2061.92,2026.18,,-1.67%
09/11/2018,2063.16,2079.41,2079.83,2053.87,,-0.93%
08/11/2018,2082.47,2082.95,2089.51,2073.95,,-0.09%
07/11/2018,2084.45,2050.84,2084.45,2050.58,,1.65%
06/11/2018,2050.65,2041.24,2051.14,2041.18,,0.49%
05/11/2018,2040.68,2037.26,2043.99,2031.46,,0.20%
02/11/2018,2036.70,2041.84,2058.14,2026.23,,-0.21%
01/11/2018,2040.93,2021.42,2042.94,2020.43,,0.94%
31/10/2018,2021.98,1996.08,2032.75,1995.99,,1.24%
30/10/2018,1997.19,1975.19,1997.47,1971.72,,1.09%
29/10/2018,1975.70,1982.43,2010.53,1958.30,,-0.31%
26/10/2018,1981.89,2006.80,2008.36,1962.41,,-1.22%
25/10/2018,2006.27,1988.62,2014.15,1978.04,,0.89%
24/10/2018,1988.62,2034.10,2036.19,1987.44,,-2.23%
23/10/2018,2033.89,2053.34,2053.38,2009.18,,-0.95%
22/10/2018,2053.44,2062.78,2067.34,2050.41,,-0.43%
19/10/2018,2062.33,2062.97,2078.27,2058.91,,-0.10%
18/10/2018,2064.47,2087.33,2089.71,2057.43,,-1.20%
17/10/2018,2089.50,2090.78,2096.52,2075.38,,-0.08%
16/10/2018,2091.21,2055.19,2092.09,2054.22,,1.76%
15/10/2018,2055.11,2062.57,2066.64,2052.20,,-0.40%
12/10/2018,2063.43,2046.39,2070.01,2044.57,,0.90%
11/10/2018,2044.95,2089.03,2089.03,2040.05,,-2.11%
10/10/2018,2089.10,2140.46,2141.99,2088.19,,-2.31%
09/10/2018,2138.46,2144.44,2146.52,2132.27,,-0.24%
08/10/2018,2143.56,2151.98,2152.00,2133.61,,-0.37%
05/10/2018,2151.42,2164.55,2164.92,2143.72,,-0.65%
04/10/2018,2165.43,2180.37,2181.94,2155.84,,-0.83%
03/10/2018,2183.63,2183.39,2190.82,2179.98,,0.00%
02/10/2018,2183.62,2188.02,2190.18,2180.12,,-0.21%
01/10/2018,2188.18,2183.59,2195.88,2181.53,,0.19%
28/09/2018,2184.01,2188.71,2190.52,2180.01,,-0.21%
27/09/2018,2188.71,2189.07,2194.90,2182.29,,-0.03%
26/09/2018,2189.31,2192.49,2202.43,2188.79,,-0.22%
25/09/2018,2194.20,2191.11,2198.54,2190.75,,0.05%
24/09/2018,2193.01,2199.37,2199.44,2189.23,,-0.32%
21/09/2018,2200.01,2197.65,2203.96,2197.61,,0.20%
20/09/2018,2195.68,2178.73,2198.62,2177.78,,0.82%
19/09/2018,2177.74,2174.23,2180.73,2173.86,,0.25%
18/09/2018,2172.27,2159.65,2174.53,2159.65,,0.54%
17/09/2018,2160.53,2165.35,2168.57,2159.47,,-0.28%
14/09/2018,2166.59,2164.15,2169.23,2161.22,,0.18%
13/09/2018,2162.68,2153.92,2166.96,2153.88,,0.46%
12/09/2018,2152.70,2148.72,2155.48,2145.71,,0.23%
11/09/2018,2147.67,2142.48,2149.63,2134.85,,0.23%
10/09/2018,2142.64,2136.32,2148.23,2135.09,,0.24%
07/09/2018,2137.60,2143.61,2144.40,2131.62,,-0.30%
06/09/2018,2144.03,2152.16,2154.38,2138.84,,-0.41%
05/09/2018,2152.77,2163.36,2163.40,2146.80,,-0.47%
04/09/2018,2162.83,2172.64,2172.64,2156.35,,-0.49%
03/09/2018,2173.42,2172.37,2173.42,2171.10,,-0.10%
31/08/2018,2175.50,2181.12,2182.50,2168.81,,-0.28%
30/08/2018,2181.56,2193.03,2193.24,2179.17,,-0.42%
29/08/2018,2190.75,2182.05,2193.12,2180.48,,0.38%
28/08/2018,2182.50,2181.41,2187.62,2179.92,,0.12%
27/08/2018,2179.95,2162.93,2181.55,2162.63,,0.85%
24/08/2018,2161.61,2148.12,2162.75,2147.23,,0.58%
23/08/2018,2149.22,2155.79,2155.87,2146.09,,-0.31%
22/08/2018,2155.99,2154.76,2159.29,2153.44,,0.20%
21/08/2018,2151.79,2147.95,2159.27,2147.22,,0.31%
20/08/2018,2145.24,2138.64,2148.23,2137.91,,0.33%
17/08/2018,2138.11,2130.71,2141.71,2127.61,,0.33%
16/08/2018,2131.05,2115.34,2135.07,2113.41,,0.73%
15/08/2018,2115.70,2135.97,2136.00,2106.78,,-1.01%
14/08/2018,2137.36,2128.04,2138.79,2127.73,,0.46%
13/08/2018,2127.47,2136.96,2138.94,2125.22,,-0.58%
10/08/2018,2139.84,2161.26,2161.29,2135.04,,-1.10%
09/08/2018,2163.69,2166.28,2168.32,2160.84,,-0.11%
08/08/2018,2166.15,2166.90,2169.18,2162.31,,-0.03%
07/08/2018,2166.85,2157.35,2170.90,2157.31,,0.44%
06/08/2018,2157.34,2154.24,2158.67,2148.63,,0.09%
03/08/2018,2155.39,2146.48,2155.39,2144.75,,0.36%
02/08/2018,2147.58,2149.43,2149.72,2132.76,,-0.08%
01/08/2018,2149.36,2153.56,2156.77,2146.49,,-0.17%
31/07/2018,2153.10,2147.65,2157.02,2145.62,,0.23%
30/07/2018,2148.25,2155.53,2157.26,2146.17,,-0.36%
27/07/2018,2156.11,2161.55,2168.04,2151.22,,-0.27%
26/07/2018,2161.93,2166.46,2168.69,2160.19,,0.01%
25/07/2018,2161.76,2150.86,2165.43,2147.79,,0.50%
24/07/2018,2151.08,2139.80,2157.96,2138.60,,0.54%
23/07/2018,2139.44,2140.94,2142.36,2133.56,,0.01%
20/07/2018,2139.17,2136.97,2143.57,2134.16,,0.20%
19/07/2018,2134.84,2143.53,2145.04,2131.59,,-0.35%
18/07/2018,2142.24,2137.87,2143.57,2135.40,,0.19%
17/07/2018,2138.15,2133.36,2139.12,2127.30,,0.25%
16/07/2018,2132.79,2135.29,2137.01,2130.36,,-0.08%
13/07/2018,2134.60,2130.42,2136.33,2128.16,,0.18%
12/07/2018,2130.86,2114.15,2130.86,2113.94,,0.64%
11/07/2018,2117.30,2134.88,2135.12,2111.78,,-0.87%
10/07/2018,2135.87,2131.61,2137.33,2129.27,,0.22%
09/07/2018,2131.14,2114.35,2131.14,2114.32,,0.82%
06/07/2018,2113.74,2096.72,2115.30,2096.03,,0.84%
05/07/2018,2096.19,2082.62,2096.19,2080.48,,0.67%
04/07/2018,2082.17,2082.54,2084.13,2080.73,,0.01%
03/07/2018,2082.05,2083.68,2094.59,2081.00,,0.00%
02/07/2018,2082.08,2089.19,2089.42,2069.16,,-0.35%
29/06/2018,2089.30,2079.25,2102.08,2077.84,,0.47%
28/06/2018,2079.62,2074.50,2082.15,2066.44,,0.16%
27/06/2018,2076.30,2087.40,2100.83,2074.40,,-0.58%
26/06/2018,2088.41,2085.37,2091.91,2083.67,,0.14%
25/06/2018,2085.59,2116.18,2116.30,2078.43,,-1.39%
22/06/2018,2114.90,2104.14,2120.00,2103.96,,0.43%
21/06/2018,2105.93,2116.80,2118.12,2103.80,,-0.56%
20/06/2018,2117.76,2112.12,2121.88,2110.46,,0.30%
19/06/2018,2111.44,2125.98,2127.10,2100.83,,-0.68%
18/06/2018,2125.79,2132.35,2132.35,2115.68,,-0.39%
15/06/2018,2134.15,2138.14,2139.80,2126.13,,-0.37%
14/06/2018,2142.02,2140.31,2144.32,2136.31,,0.09%
13/06/2018,2140.20,2144.00,2149.03,2137.73,,-0.24%
12/06/2018,2145.36,2143.67,2147.69,2140.18,,0.05%
11/06/2018,2144.20,2138.03,2147.20,2137.67,,0.30%
08/06/2018,2137.74,2136.48,2137.98,2128.67,,0.01%
07/06/2018,2137.57,2137.20,2143.06,2132.60,,0.04%
06/06/2018,2136.74,2122.29,2136.74,2121.90,,0.82%
05/06/2018,2119.36,2121.83,2123.30,2115.91,,-0.12%
04/06/2018,2121.86,2111.09,2124.86,2111.09,,0.60%
01/06/2018,2109.19,2092.35,2110.63,2090.89,,0.78%
31/05/2018,2092.92,2103.22,2108.22,2090.15,,-0.36%
30/05/2018,2100.42,2081.39,2103.84,2077.97,,0.82%
29/05/2018,2083.27,2107.10,2108.02,2077.35,,-1.13%
28/05/2018,2107.14,2110.78,2114.11,2106.66,,-0.17%
25/05/2018,2110.80,2116.65,2119.32,2107.83,,-0.33%
24/05/2018,2117.73,2123.11,2124.79,2106.95,,-0.24%
23/05/2018,2122.90,2128.95,2129.17,2110.59,,-0.28%
22/05/2018,2128.78,2132.80,2138.86,2127.85,,-0.09%
21/05/2018,2130.72,2120.28,2133.99,2117.99,,0.47%
18/05/2018,2120.80,2125.71,2127.32,2117.73,,-0.22%
17/05/2018,2125.56,2125.25,2131.05,2120.77,,0.12%
16/05/2018,2122.97,2118.81,2126.56,2116.20,,0.14%
15/05/2018,2119.98,2134.24,2134.76,2113.58,,-0.75%
14/05/2018,2136.09,2131.91,2141.59,2131.69,,0.19%
11/05/2018,2131.96,2125.97,2134.82,2125.97,,0.40%
10/05/2018,2123.53,2109.70,2127.56,2109.32,,0.65%
09/05/2018,2109.84,2095.94,2111.58,2092.40,,0.70%
08/05/2018,2095.07,2097.76,2099.19,2088.11,,-0.09%
07/05/2018,2096.86,2090.56,2102.46,2088.91,,0.36%
04/05/2018,2089.44,2073.11,2094.17,2063.65,,0.87%
03/05/2018,2071.37,2076.35,2078.87,2054.08,,-0.26%
02/05/2018,2076.69,2084.17,2091.26,2074.10,,-0.34%
01/05/2018,2083.77,2086.09,2086.30,2071.41,,-0.13%
30/04/2018,2086.51,2096.37,2102.41,2086.15,,-0.46%
27/04/2018,2096.05,2093.06,2098.94,2089.45,,0.17%
26/04/2018,2092.44,2077.44,2096.32,2076.28,,0.76%
25/04/2018,2076.74,2082.08,2082.11,2063.33,,-0.23%
24/04/2018,2081.52,2097.32,2105.10,2075.56,,-0.75%
23/04/2018,2097.22,2098.88,2102.92,2090.81,,-0.12%
20/04/2018,2099.73,2112.91,2113.56,2095.35,,-0.77%
19/04/2018,2115.93,2123.92,2125.25,2108.79,,-0.37%
18/04/2018,2123.77,2117.59,2128.01,2117.50,,0.35%
17/04/2018,2116.43,2100.48,2120.56,2099.98,,0.79%
16/04/2018,2099.82,2089.31,2104.36,2089.16,,0.52%
13/04/2018,2088.98,2092.43,2101.73,2084.39,,-0.09%
12/04/2018,2090.89,2081.67,2096.35,2078.28,,0.40%
11/04/2018,2082.57,2091.05,2091.25,2080.23,,-0.36%
10/04/2018,2090.11,2061.71,2094.49,2061.53,,1.40%
09/04/2018,2061.19,2053.12,2080.96,2052.83,,0.41%
06/04/2018,2052.78,2081.86,2082.76,2045.41,,-1.34%
05/04/2018,2080.69,2062.64,2085.19,2061.98,,0.94%
04/04/2018,2061.31,2049.92,2063.18,2027.01,,0.61%
03/04/2018,2048.80,2036.66,2050.91,2029.39,,0.50%
02/04/2018,2038.54,2067.54,2069.07,2026.15,,-1.37%
30/03/2018,2066.85,2067.02,2068.39,2066.47,,0.06%
29/03/2018,2065.53,2044.93,2073.79,2044.73,,0.87%
28/03/2018,2047.75,2056.57,2059.80,2038.98,,-0.38%
27/03/2018,2055.55,2069.38,2085.75,2048.72,,-0.66%
26/03/2018,2069.13,2036.63,2070.44,2034.08,,1.60%
23/03/2018,2036.55,2074.28,2074.28,2035.83,,-1.76%
22/03/2018,2072.94,2113.53,2116.48,2072.46,,-1.72%
21/03/2018,2109.18,2109.99,2123.85,2108.97,,-0.08%
20/03/2018,2110.91,2110.07,2114.05,2107.28,,0.02%
19/03/2018,2110.40,2134.66,2134.92,2102.33,,-1.11%
16/03/2018,2134.05,2132.31,2139.56,2131.32,,0.03%
15/03/2018,2133.35,2134.68,2142.39,2130.26,,-0.05%
14/03/2018,2134.51,2144.20,2150.69,2132.83,,-0.47%
13/03/2018,2144.60,2154.92,2164.33,2141.04,,-0.45%
12/03/2018,2154.26,2149.35,2160.90,2149.35,,0.23%
09/03/2018,2149.32,2124.64,2149.33,2123.60,,1.13%
08/03/2018,2125.28,2116.25,2125.65,2116.25,,0.44%
07/03/2018,2115.98,2119.02,2119.39,2104.26,,-0.08%
06/03/2018,2117.77,2106.22,2120.67,2106.19,,0.53%
05/03/2018,2106.58,2091.09,2109.19,2080.99,,0.80%
02/03/2018,2089.84,2094.98,2094.99,2069.22,,-0.01%
01/03/2018,2089.98,2117.37,2117.45,2082.99,,-1.32%
28/02/2018,2117.99,2140.98,2144.23,2117.62,,-1.05%
27/02/2018,2140.57,2160.73,2165.52,2140.52,,-0.88%
26/02/2018,2159.67,2140.18,2161.35,2140.02,,0.88%
23/02/2018,2140.91,2118.19,2140.91,2116.90,,1.12%
22/02/2018,2117.17,2115.80,2131.08,2109.05,,-0.06%
21/02/2018,2118.36,2124.95,2141.48,2116.35,,-0.37%
20/02/2018,2126.22,2136.13,2136.59,2121.09,,-0.46%
19/02/2018,2135.94,2136.28,2141.29,2135.13,,-0.09%
16/02/2018,2137.91,2132.77,2148.02,2131.85,,0.33%
15/02/2018,2130.94,2108.20,2132.97,2108.16,,1.19%
14/02/2018,2105.86,2079.96,2109.26,2072.44,,1.21%
13/02/2018,2080.68,2076.88,2083.06,2069.21,,0.23%
12/02/2018,2075.91,2051.07,2084.68,2050.57,,1.22%
09/02/2018,2050.90,2044.73,2059.61,2009.60,,0.29%
08/02/2018,2045.01,2099.30,2102.86,2044.52,,-2.67%
07/02/2018,2101.07,2100.31,2124.05,2099.17,,0.11%
06/02/2018,2098.85,2103.04,2103.04,2054.55,,-0.23%
05/02/2018,2103.64,2170.44,2171.20,2100.65,,-3.13%
02/02/2018,2171.54,2213.89,2214.49,2171.44,,-1.85%
01/02/2018,2212.53,2211.12,2218.80,2207.90,,-0.03%
31/01/2018,2213.24,2214.13,2221.63,2205.36,,-0.04%
30/01/2018,2214.11,2234.85,2234.99,2212.34,,-0.90%
29/01/2018,2234.22,2248.30,2249.69,2234.15,,-0.65%
26/01/2018,2248.93,2225.45,2248.93,2225.45,,0.65%
25/01/2018,2234.38,2232.97,2239.54,2222.52,,0.09%
24/01/2018,2232.30,2230.22,2242.49,2227.09,,0.10%
23/01/2018,2230.05,2221.06,2231.25,2220.93,,0.41%
22/01/2018,2221.01,2208.60,2221.06,2206.16,,0.62%
19/01/2018,2207.40,2197.27,2207.40,2196.89,,0.49%
18/01/2018,2196.73,2196.41,2200.70,2194.55,,-0.15%
17/01/2018,2199.93,2189.43,2202.68,2185.55,,0.53%
16/01/2018,2188.39,2193.53,2203.01,2186.75,,-0.25%
15/01/2018,2193.95,2188.85,2194.71,2188.12,,0.40%
12/01/2018,2185.31,2172.16,2188.59,2170.65,,0.62%
11/01/2018,2171.78,2160.64,2172.06,2157.89,,0.44%
10/01/2018,2162.29,2161.77,2165.61,2155.73,,0.02%
09/01/2018,2161.78,2157.32,2165.56,2157.32,,0.18%
08/01/2018,2157.96,2156.99,2157.96,2152.77,,0.06%
05/01/2018,2156.60,2143.00,2157.05,2142.98,,0.65%
04/01/2018,2142.75,2125.15,2145.77,2124.90,,0.80%
03/01/2018,2125.65,2116.26,2126.20,2115.39,,0.45%
02/01/2018,2116.04,2103.31,2116.64,2102.70,,0.60%
01/01/2018,2103.47,2102.35,2103.47,2102.35,,0.00%
29/12/2017,2103.45,2107.08,2112.42,2102.45,,-0.16%
28/12/2017,2106.89,2103.78,2107.37,2103.48,,0.18%
27/12/2017,2103.19,2099.50,2105.04,2099.31,,0.18%
26/12/2017,2099.31,2101.23,2101.41,2098.36,,-0.03%
25/12/2017,2099.94,2100.43,2101.86,2099.94,,0.02%
22/12/2017,2099.59,2101.63,2102.27,2097.54,,-0.06%
21/12/2017,2100.78,2094.81,2104.92,2092.46,,0.25%
20/12/2017,2095.44,2098.05,2101.88,2094.05,,-0.04%
19/12/2017,2096.34,2102.70,2104.71,2096.34,,-0.37%
18/12/2017,2104.02,2085.04,2106.10,2084.85,,0.89%
15/12/2017,2085.54,2078.00,2087.27,2075.14,,0.38%
14/12/2017,2077.55,2087.85,2088.44,2077.55,,-0.33%
13/12/2017,2084.37,2083.96,2092.28,2083.27,,0.05%
12/12/2017,2083.43,2080.08,2086.37,2079.91,,0.11%
11/12/2017,2081.24,2074.08,2081.24,2073.95,,0.38%
08/12/2017,2073.46,2062.99,2074.17,2062.80,,0.48%
07/12/2017,2063.58,2058.34,2065.74,2057.58,,0.26%
06/12/2017,2058.22,2063.53,2063.71,2056.24,,-0.26%
05/12/2017,2063.64,2070.88,2073.22,2063.24,,-0.31%
04/12/2017,2069.99,2070.02,2083.91,2066.42,,0.03%
01/12/2017,2069.37,2074.68,2077.71,2057.24,,-0.38%
30/11/2017,2077.36,2065.85,2079.40,2064.69,,0.54%
29/11/2017,2066.22,2067.20,2072.89,2063.89,,-0.02%
28/11/2017,2066.55,2054.69,2067.40,2052.99,,0.52%
27/11/2017,2055.77,2058.86,2060.88,2054.42,,-0.18%
24/11/2017,2059.54,2053.69,2060.41,2052.06,,0.30%
23/11/2017,2053.28,2052.40,2054.67,2050.42,,0.16%
22/11/2017,2050.06,2047.51,2054.02,2047.48,,0.14%
21/11/2017,2047.15,2034.56,2048.92,2034.56,,0.56%
20/11/2017,2035.73,2033.42,2036.64,2031.36,,0.13%
17/11/2017,2033.18,2035.13,2040.06,2032.28,,-0.13%
16/11/2017,2035.81,2020.92,2037.08,2020.90,,0.73%
15/11/2017,2021.03,2033.68,2033.68,2016.64,,-0.53%
14/11/2017,2031.88,2035.17,2036.47,2026.11,,-0.19%
13/11/2017,2035.71,2038.67,2038.72,2029.13,,-0.22%
10/11/2017,2040.25,2043.87,2044.10,2037.16,,-0.10%
09/11/2017,2042.36,2050.78,2054.25,2035.58,,-0.41%
08/11/2017,2050.70,2048.05,2051.41,2045.48,,0.19%
07/11/2017,2046.78,2049.31,2052.08,2044.52,,0.00%
06/11/2017,2046.80,2045.70,2050.19,2043.78,,0.07%
03/11/2017,2045.47,2042.32,2045.82,2039.22,,0.11%
02/11/2017,2043.24,2041.07,2044.60,2036.44,,0.10%
01/11/2017,2041.17,2036.79,2047.05,2036.73,,0.21%
31/10/2017,2036.80,2035.37,2038.40,2033.84,,0.11%
30/10/2017,2034.59,2035.77,2038.04,2032.58,,0.00%
27/10/2017,2034.60,2023.26,2036.28,2022.93,,0.44%
26/10/2017,2025.69,2023.75,2028.30,2023.36,,0.11%
25/10/2017,2023.48,2031.59,2032.51,2017.36,,-0.39%
24/10/2017,2031.38,2030.98,2033.82,2029.59,,0.07%
23/10/2017,2030.06,2033.91,2036.88,2030.06,,-0.27%
20/10/2017,2035.58,2032.23,2035.58,2028.89,,0.11%
19/10/2017,2033.29,2031.26,2033.46,2024.76,,0.14%
18/10/2017,2030.44,2028.80,2033.10,2027.95,,0.15%
17/10/2017,2027.36,2028.73,2030.01,2025.69,,-0.12%
16/10/2017,2029.89,2027.01,2031.59,2027.00,,0.09%
13/10/2017,2028.01,2024.55,2031.11,2024.07,,0.22%
12/10/2017,2023.64,2025.47,2027.73,2022.15,,-0.04%
11/10/2017,2024.54,2020.53,2025.91,2019.86,,0.15%
10/10/2017,2021.55,2013.10,2022.67,2012.93,,0.42%
09/10/2017,2013.12,2015.05,2016.34,2012.41,,-0.04%
06/10/2017,2014.02,2015.27,2016.32,2009.78,,-0.11%
05/10/2017,2016.15,2010.52,2016.15,2008.22,,0.26%
04/10/2017,2010.95,2009.37,2011.91,2007.40,,0.07%
03/10/2017,2009.63,2004.81,2009.67,2002.64,,0.25%
02/10/2017,2004.67,2000.19,2004.67,1997.50,,0.21%
29/09/2017,2000.55,1993.07,2000.59,1991.31,,0.41%
28/09/2017,1992.36,1987.50,1993.91,1986.60,,0.22%
27/09/2017,1988.00,1984.51,1990.08,1980.61,,0.24%
26/09/2017,1983.25,1988.82,1989.18,1982.57,,-0.29%
25/09/2017,1989.08,1992.10,1993.72,1984.36,,-0.28%
22/09/2017,1994.58,1991.70,1994.86,1990.85,,0.21%
21/09/2017,1990.33,1992.66,1994.01,1988.99,,-0.42%
20/09/2017,1998.69,1995.86,1999.38,1986.12,,0.13%
19/09/2017,1996.09,1991.38,1997.59,1991.30,,0.28%
18/09/2017,1990.58,1986.60,1993.63,1986.54,,0.14%
15/09/2017,1987.72,1986.53,1988.01,1984.22,,0.22%
14/09/2017,1983.42,1985.93,1986.08,1981.08,,-0.17%
13/09/2017,1986.74,1989.15,1990.41,1983.60,,-0.08%
12/09/2017,1988.28,1981.70,1988.28,1981.33,,0.32%
11/09/2017,1981.97,1965.18,1981.97,1965.05,,0.89%
08/09/2017,1964.52,1965.77,1969.36,1964.52,,0.00%
07/09/2017,1964.57,1958.73,1966.63,1958.00,,0.28%
06/09/2017,1959.15,1954.08,1960.42,1951.48,,0.23%
05/09/2017,1954.64,1962.11,1963.82,1948.21,,-0.44%
04/09/2017,1963.32,1965.76,1965.94,1962.07,,-0.13%
01/09/2017,1965.79,1961.94,1968.04,1960.30,,0.31%
31/08/2017,1959.74,1947.00,1962.39,1946.51,,0.63%
30/08/2017,1947.53,1942.08,1948.04,1941.00,,0.13%
29/08/2017,1945.05,1945.79,1947.96,1935.24,,-0.06%
28/08/2017,1946.28,1947.25,1949.13,1944.17,,0.09%
25/08/2017,1944.56,1939.46,1951.21,1938.57,,0.25%
24/08/2017,1939.65,1942.37,1946.22,1938.68,,-0.13%
23/08/2017,1942.15,1945.86,1945.87,1939.49,,-0.16%
22/08/2017,1945.18,1931.45,1945.36,1930.64,,0.67%
21/08/2017,1932.22,1930.13,1932.45,1925.16,,0.09%
18/08/2017,1930.40,1934.01,1936.15,1926.98,,-0.31%
17/08/2017,1936.32,1958.46,1959.56,1936.21,,-0.91%
16/08/2017,1954.04,1949.92,1958.72,1949.10,,0.25%
15/08/2017,1949.23,1952.32,1954.18,1947.28,,-0.17%
14/08/2017,1952.58,1937.72,1954.66,1936.45,,0.77%
11/08/2017,1937.73,1940.60,1942.13,1934.11,,-0.13%
10/08/2017,1940.28,1963.19,1963.48,1940.28,,-1.10%
09/08/2017,1961.88,1968.23,1968.56,1955.19,,-0.25%
08/08/2017,1966.81,1972.43,1974.82,1966.09,,-0.25%
07/08/2017,1971.76,1969.81,1972.13,1968.71,,0.20%
04/08/2017,1967.77,1968.53,1971.42,1964.54,,-0.05%
03/08/2017,1968.72,1969.31,1970.90,1966.61,,-0.08%
02/08/2017,1970.29,1969.78,1971.13,1963.79,,-0.01%
01/08/2017,1970.39,1962.13,1971.42,1962.13,,0.47%
31/07/2017,1961.10,1960.68,1965.22,1959.17,,0.04%
28/07/2017,1960.32,1964.38,1964.47,1955.70,,-0.16%
27/07/2017,1963.54,1967.43,1971.25,1956.86,,0.08%
26/07/2017,1961.90,1960.39,1968.83,1958.93,,0.07%
25/07/2017,1960.59,1954.08,1964.51,1954.04,,0.29%
24/07/2017,1954.84,1958.64,1958.69,1952.52,,-0.20%
21/07/2017,1958.77,1961.90,1963.89,1953.65,,-0.23%
20/07/2017,1963.31,1958.75,1964.74,1958.31,,0.24%
19/07/2017,1958.56,1948.14,1958.56,1948.04,,0.46%
18/07/2017,1949.66,1947.85,1951.16,1944.00,,0.06%
17/07/2017,1948.58,1949.63,1950.91,1947.10,,0.03%
14/07/2017,1948.07,1937.96,1951.18,1937.56,,0.57%
13/07/2017,1936.94,1933.56,1938.24,1933.31,,0.21%
12/07/2017,1932.86,1918.27,1934.47,1916.99,,0.90%
11/07/2017,1915.67,1917.76,1919.77,1910.23,,-0.08%
10/07/2017,1917.11,1914.86,1920.07,1913.50,,0.21%
07/07/2017,1913.18,1908.25,1914.36,1905.25,,0.22%
06/07/2017,1909.01,1921.14,1921.36,1908.64,,-0.59%
05/07/2017,1920.33,1919.22,1922.27,1914.53,,0.07%
04/07/2017,1918.90,1921.94,1922.68,1918.27,,-0.09%
03/07/2017,1920.58,1917.50,1925.61,1915.68,,0.22%
30/06/2017,1916.43,1919.66,1923.40,1915.33,,-0.16%
29/06/2017,1919.59,1933.29,1938.69,1914.00,,-0.63%
28/06/2017,1931.73,1919.15,1933.33,1916.70,,0.74%
27/06/2017,1917.57,1926.52,1928.93,1917.57,,-0.51%
26/06/2017,1927.49,1925.08,1935.08,1924.69,,0.13%
23/06/2017,1925.01,1921.78,1926.68,1919.10,,0.18%
22/06/2017,1921.54,1921.15,1924.93,1919.26,,0.08%
21/06/2017,1920.00,1923.18,1923.99,1917.56,,-0.13%
20/06/2017,1922.54,1936.01,1937.46,1922.54,,-0.72%
19/06/2017,1936.52,1922.86,1936.62,1922.61,,0.69%
16/06/2017,1923.24,1916.80,1923.24,1916.33,,0.35%
15/06/2017,1916.52,1926.48,1926.94,1908.09,,-0.73%
14/06/2017,1930.52,1929.22,1936.35,1922.59,,0.09%
13/06/2017,1928.74,1918.87,1929.08,1918.84,,0.52%
12/06/2017,1918.70,1923.43,1924.69,1914.40,,-0.21%
09/06/2017,1922.79,1921.36,1930.25,1916.34,,-0.07%
08/06/2017,1924.20,1926.43,1927.11,1920.62,,-0.15%
07/06/2017,1927.06,1926.12,1930.85,1922.57,,0.05%
06/06/2017,1926.05,1931.17,1932.18,1924.88,,-0.29%
05/06/2017,1931.73,1934.38,1934.75,1930.48,,-0.18%
02/06/2017,1935.21,1923.10,1936.26,1922.96,,0.63%
01/06/2017,1923.10,1910.96,1923.10,1910.92,,0.59%
31/05/2017,1911.74,1908.92,1914.93,1907.08,,0.10%
30/05/2017,1909.90,1909.89,1911.66,1907.94,,-0.09%
29/05/2017,1911.70,1912.12,1912.49,1910.68,,-0.03%
26/05/2017,1912.21,1913.98,1913.99,1909.48,,-0.12%
25/05/2017,1914.59,1910.46,1916.21,1909.10,,0.36%
24/05/2017,1907.81,1904.63,1910.25,1903.76,,0.06%
23/05/2017,1906.69,1904.21,1908.23,1902.68,,0.09%
22/05/2017,1904.92,1896.17,1904.92,1894.77,,0.54%
19/05/2017,1894.77,1879.79,1899.15,1878.89,,0.73%
18/05/2017,1880.96,1881.77,1883.19,1873.03,,-0.09%
17/05/2017,1882.62,1906.17,1907.33,1882.62,,-1.24%
16/05/2017,1906.23,1902.39,1908.10,1901.80,,0.24%
15/05/2017,1901.64,1892.03,1902.44,1891.97,,0.46%
12/05/2017,1892.97,1890.59,1893.63,1889.47,,0.09%
11/05/2017,1891.21,1895.02,1896.19,1884.57,,-0.25%
10/05/2017,1895.93,1893.80,1895.93,1891.98,,0.13%
09/05/2017,1893.41,1896.66,1896.75,1890.80,,-0.21%
08/05/2017,1897.32,1897.71,1901.26,1893.91,,0.03%
05/05/2017,1896.75,1887.79,1897.77,1885.49,,0.54%
04/05/2017,1886.48,1881.23,1888.27,1880.10,,0.18%
03/05/2017,1883.13,1887.83,1887.83,1878.71,,-0.16%
02/05/2017,1886.15,1881.65,1887.38,1881.60,,0.19%
01/05/2017,1882.49,1878.91,1884.45,1878.11,,0.22%
28/04/2017,1878.28,1881.23,1882.97,1878.26,,-0.15%
27/04/2017,1881.14,1883.05,1884.36,1878.15,,-0.07%
26/04/2017,1882.44,1883.05,1887.94,1881.62,,0.02%
25/04/2017,1882.04,1871.80,1883.78,1871.76,,0.56%
24/04/2017,1871.65,1847.91,1873.19,1845.98,,1.61%
21/04/2017,1842.06,1845.87,1847.77,1840.99,,-0.25%
20/04/2017,1846.65,1834.81,1847.14,1834.67,,0.63%
19/04/2017,1835.04,1838.28,1842.49,1833.05,,-0.13%
18/04/2017,1837.34,1844.73,1844.98,1834.45,,-0.48%
17/04/2017,1846.13,1832.43,1846.13,1832.42,,0.76%
14/04/2017,1832.28,1831.96,1832.28,1831.31,,-0.05%
13/04/2017,1833.12,1844.61,1845.05,1832.31,,-0.54%
12/04/2017,1842.98,1846.68,1849.43,1840.54,,-0.27%
11/04/2017,1847.88,1846.78,1849.30,1837.44,,0.06%
10/04/2017,1846.78,1844.58,1850.53,1843.37,,0.07%
07/04/2017,1845.46,1846.69,1847.78,1842.34,,-0.06%
06/04/2017,1846.59,1846.45,1848.61,1839.67,,0.03%
05/04/2017,1845.95,1850.69,1860.33,1845.95,,-0.22%
04/04/2017,1850.02,1849.66,1850.08,1844.12,,0.06%
03/04/2017,1848.97,1853.55,1855.20,1842.45,,-0.25%
31/03/2017,1853.69,1857.20,1858.49,1851.96,,-0.34%
30/03/2017,1859.95,1857.67,1861.29,1854.79,,0.17%
29/03/2017,1856.76,1855.08,1858.71,1851.59,,-0.11%
28/03/2017,1858.88,1844.18,1858.88,1844.09,,0.74%
27/03/2017,1845.15,1848.04,1848.07,1833.81,,-0.04%
24/03/2017,1845.81,1844.61,1851.56,1842.87,,0.05%
23/03/2017,1844.97,1842.15,1851.04,1840.97,,0.13%
22/03/2017,1842.63,1846.42,1846.42,1835.66,,-0.20%
21/03/2017,1846.39,1859.97,1868.84,1845.47,,-0.76%
20/03/2017,1860.53,1863.36,1865.39,1857.99,,-0.14%
17/03/2017,1863.08,1864.13,1867.66,1862.01,,-0.05%
16/03/2017,1864.10,1860.89,1866.66,1859.98,,0.54%
15/03/2017,1854.15,1841.64,1862.13,1840.61,,0.61%
14/03/2017,1842.98,1848.95,1849.06,1838.28,,-0.38%
13/03/2017,1850.02,1846.41,1850.02,1845.98,,0.22%
10/03/2017,1845.88,1835.62,1848.62,1835.47,,0.54%
09/03/2017,1835.90,1834.15,1838.91,1831.83,,0.06%
08/03/2017,1834.72,1840.16,1841.20,1833.84,,-0.32%
07/03/2017,1840.57,1844.62,1846.04,1838.59,,-0.28%
06/03/2017,1845.70,1851.44,1852.11,1841.47,,-0.18%
03/03/2017,1848.98,1847.82,1852.10,1844.01,,0.01%
02/03/2017,1848.84,1856.51,1858.34,1847.22,,-0.40%
01/03/2017,1856.34,1834.55,1858.98,1833.72,,0.96%
28/02/2017,1838.70,1839.13,1841.32,1834.59,,-0.16%
27/02/2017,1841.57,1840.17,1841.57,1836.15,,0.04%
24/02/2017,1840.80,1844.71,1844.81,1833.32,,-0.25%
23/02/2017,1845.35,1843.01,1848.56,1840.59,,0.16%
22/02/2017,1842.37,1843.04,1845.11,1839.33,,-0.04%
21/02/2017,1843.05,1836.40,1844.00,1833.65,,0.34%
20/02/2017,1836.78,1835.99,1837.85,1834.71,,0.02%
17/02/2017,1836.50,1836.53,1836.57,1830.30,,0.00%
16/02/2017,1836.56,1835.11,1838.24,1832.15,,0.16%
15/02/2017,1833.55,1824.84,1835.86,1824.06,,0.54%
14/02/2017,1823.63,1823.60,1824.74,1816.39,,0.02%
13/02/2017,1823.34,1814.87,1825.26,1814.09,,0.48%
10/02/2017,1814.71,1806.61,1817.18,1806.51,,0.40%
09/02/2017,1807.54,1801.80,1808.68,1798.73,,0.29%
08/02/2017,1802.26,1797.41,1802.26,1794.87,,0.28%
07/02/2017,1797.29,1799.83,1800.71,1794.72,,-0.05%
06/02/2017,1798.21,1804.60,1806.39,1796.77,,-0.40%
03/02/2017,1805.51,1792.90,1806.01,1792.25,,0.58%
02/02/2017,1795.11,1794.20,1797.44,1790.65,,0.10%
01/02/2017,1793.39,1791.85,1799.87,1789.90,,0.06%
31/01/2017,1792.40,1792.21,1794.31,1786.22,,0.02%
30/01/2017,1792.06,1803.77,1804.32,1785.23,,-0.63%
27/01/2017,1803.39,1804.37,1806.01,1801.34,,-0.02%
26/01/2017,1803.75,1806.74,1810.75,1803.07,,-0.11%
25/01/2017,1805.81,1789.39,1807.49,1789.19,,0.85%
24/01/2017,1790.57,1783.80,1790.66,1779.78,,0.51%
23/01/2017,1781.43,1784.98,1786.91,1777.45,,-0.07%
20/01/2017,1782.71,1777.93,1785.02,1776.21,,0.38%
19/01/2017,1776.02,1780.37,1783.08,1774.79,,-0.54%
18/01/2017,1785.69,1784.01,1785.69,1778.82,,0.16%
17/01/2017,1782.86,1783.00,1787.94,1781.43,,-0.05%
16/01/2017,1783.76,1787.71,1788.85,1782.97,,-0.25%
13/01/2017,1788.23,1780.71,1790.08,1779.65,,0.27%
12/01/2017,1783.44,1785.22,1789.27,1775.71,,0.30%
11/01/2017,1778.17,1777.81,1785.49,1774.62,,-0.08%
10/01/2017,1779.62,1778.73,1782.90,1776.19,,0.15%
09/01/2017,1776.94,1780.03,1781.46,1775.89,,-0.35%
06/01/2017,1783.10,1782.52,1783.55,1775.62,,0.04%
05/01/2017,1782.46,1774.43,1782.97,1774.24,,0.48%
04/01/2017,1773.96,1759.03,1774.92,1759.03,,0.91%
03/01/2017,1757.99,1749.01,1760.40,1747.94,,0.28%
02/01/2017,1753.09,1749.61,1753.09,1748.01,,0.11%
