Date,ADS Index,,,,,,
2017-01-01,0.240665,,,,,,
2017-01-02,0.218388,,,,,,
2017-01-03,0.196605,,,,,,
2017-01-04,0.175308,,,,,,
2017-01-05,0.154488,,,,,,
2017-01-06,0.134139,,,,,,
2017-01-07,0.114251,,,,,,
2017-01-08,0.094817,,,,,,
2017-01-09,0.0755464,,,,,,
2017-01-10,0.0564316,,,,,,
2017-01-11,0.0374652,,,,,,
2017-01-12,0.0186398,,,,,,
2017-01-13,-5.17E-05,,,,,,
2017-01-14,-0.0186166,,,,,,
2017-01-15,-0.037062,,,,,,
2017-01-16,-0.0547437,,,,,,
2017-01-17,-0.0716684,,,,,,
2017-01-18,-0.0878426,,,,,,
2017-01-19,-0.103273,,,,,,
2017-01-20,-0.117964,,,,,,
2017-01-21,-0.131924,,,,,,
2017-01-22,-0.145155,,,,,,
2017-01-23,-0.158516,,,,,,
2017-01-24,-0.17201,,,,,,
2017-01-25,-0.185643,,,,,,
2017-01-26,-0.199419,,,,,,
2017-01-27,-0.213345,,,,,,
2017-01-28,-0.227426,,,,,,
2017-01-29,-0.241667,,,,,,
2017-01-30,-0.256186,,,,,,
2017-01-31,-0.270986,,,,,,
2017-02-01,-0.286076,,,,,,
2017-02-02,-0.300418,,,,,,
2017-02-03,-0.314018,,,,,,
2017-02-04,-0.326882,,,,,,
2017-02-05,-0.339014,,,,,,
2017-02-06,-0.349815,,,,,,
2017-02-07,-0.359288,,,,,,
2017-02-08,-0.367437,,,,,,
2017-02-09,-0.374265,,,,,,
2017-02-10,-0.379775,,,,,,
2017-02-11,-0.38397,,,,,,
2017-02-12,-0.386849,,,,,,
2017-02-13,-0.38837,,,,,,
2017-02-14,-0.388532,,,,,,
2017-02-15,-0.387336,,,,,,
2017-02-16,-0.38478,,,,,,
2017-02-17,-0.380864,,,,,,
2017-02-18,-0.375587,,,,,,
2017-02-19,-0.368946,,,,,,
2017-02-20,-0.361826,,,,,,
2017-02-21,-0.354222,,,,,,
2017-02-22,-0.346133,,,,,,
2017-02-23,-0.337556,,,,,,
2017-02-24,-0.328486,,,,,,
2017-02-25,-0.318921,,,,,,
2017-02-26,-0.308857,,,,,,
2017-02-27,-0.296911,,,,,,
2017-02-28,-0.283079,,,,,,
2017-03-01,-0.267356,,,,,,
2017-03-02,-0.251277,,,,,,
2017-03-03,-0.234835,,,,,,
2017-03-04,-0.218026,,,,,,
2017-03-05,-0.200842,,,,,,
2017-03-06,-0.184275,,,,,,
2017-03-07,-0.168321,,,,,,
2017-03-08,-0.152972,,,,,,
2017-03-09,-0.138222,,,,,,
2017-03-10,-0.124067,,,,,,
2017-03-11,-0.1105,,,,,,
2017-03-12,-0.0975157,,,,,,
2017-03-13,-0.0844366,,,,,,
2017-03-14,-0.0712572,,,,,,
2017-03-15,-0.0579725,,,,,,
2017-03-16,-0.0445773,,,,,,
2017-03-17,-0.0310664,,,,,,
2017-03-18,-0.0174348,,,,,,
2017-03-19,-0.00367701,,,,,,
2017-03-20,0.00996256,,,,,,
2017-03-21,0.0234892,,,,,,
2017-03-22,0.0369081,,,,,,
2017-03-23,0.0502245,,,,,,
2017-03-24,0.0634435,,,,,,
2017-03-25,0.0765702,,,,,,
2017-03-26,0.0896096,,,,,,
2017-03-27,0.101637,,,,,,
2017-03-28,0.112658,,,,,,
2017-03-29,0.122676,,,,,,
2017-03-30,0.131696,,,,,,
2017-03-31,0.13972,,,,,,
2017-04-01,0.146751,,,,,,
2017-04-02,0.152275,,,,,,
2017-04-03,0.15744,,,,,,
2017-04-04,0.162248,,,,,,
2017-04-05,0.166699,,,,,,
2017-04-06,0.170797,,,,,,
2017-04-07,0.174543,,,,,,
2017-04-08,0.177938,,,,,,
2017-04-09,0.180984,,,,,,
2017-04-10,0.183825,,,,,,
2017-04-11,0.186463,,,,,,
2017-04-12,0.188898,,,,,,
2017-04-13,0.191132,,,,,,
2017-04-14,0.193166,,,,,,
2017-04-15,0.195,,,,,,
2017-04-16,0.196635,,,,,,
2017-04-17,0.197993,,,,,,
2017-04-18,0.199076,,,,,,
2017-04-19,0.199884,,,,,,
2017-04-20,0.200417,,,,,,
2017-04-21,0.200675,,,,,,
2017-04-22,0.200658,,,,,,
2017-04-23,0.200367,,,,,,
2017-04-24,0.199226,,,,,,
2017-04-25,0.197236,,,,,,
2017-04-26,0.194394,,,,,,
2017-04-27,0.190701,,,,,,
2017-04-28,0.186155,,,,,,
2017-04-29,0.180754,,,,,,
2017-04-30,0.174496,,,,,,
2017-05-01,0.16768,,,,,,
2017-05-02,0.16091,,,,,,
2017-05-03,0.154183,,,,,,
2017-05-04,0.147497,,,,,,
2017-05-05,0.140848,,,,,,
2017-05-06,0.134234,,,,,,
2017-05-07,0.127653,,,,,,
2017-05-08,0.121097,,,,,,
2017-05-09,0.114566,,,,,,
2017-05-10,0.108055,,,,,,
2017-05-11,0.101562,,,,,,
2017-05-12,0.0950853,,,,,,
2017-05-13,0.088622,,,,,,
2017-05-14,0.0821695,,,,,,
2017-05-15,0.0757662,,,,,,
2017-05-16,0.0694095,,,,,,
2017-05-17,0.0630971,,,,,,
2017-05-18,0.0568264,,,,,,
2017-05-19,0.0505952,,,,,,
2017-05-20,0.0444009,,,,,,
2017-05-21,0.0382411,,,,,,
2017-05-22,0.0327832,,,,,,
2017-05-23,0.0280248,,,,,,
2017-05-24,0.0239643,,,,,,
2017-05-25,0.0206001,,,,,,
2017-05-26,0.0179307,,,,,,
2017-05-27,0.0159554,,,,,,
2017-05-28,0.0146731,,,,,,
2017-05-29,0.0132508,,,,,,
2017-05-30,0.0116879,,,,,,
2017-05-31,0.00998385,,,,,,
2017-06-01,0.00813787,,,,,,
2017-06-02,0.00614241,,,,,,
2017-06-03,0.00399667,,,,,,
2017-06-04,0.00169985,,,,,,
2017-06-05,-0.0009324,,,,,,
2017-06-06,-0.00390109,,,,,,
2017-06-07,-0.00720737,,,,,,
2017-06-08,-0.0108525,,,,,,
2017-06-09,-0.0148379,,,,,,
2017-06-10,-0.0191651,,,,,,
2017-06-11,-0.0238358,,,,,,
2017-06-12,-0.0284144,,,,,,
2017-06-13,-0.0329026,,,,,,
2017-06-14,-0.0373022,,,,,,
2017-06-15,-0.0416149,,,,,,
2017-06-16,-0.0458424,,,,,,
2017-06-17,-0.0499862,,,,,,
2017-06-18,-0.0540481,,,,,,
2017-06-19,-0.0582969,,,,,,
2017-06-20,-0.0627345,,,,,,
2017-06-21,-0.0673626,,,,,,
2017-06-22,-0.0721828,,,,,,
2017-06-23,-0.0771971,,,,,,
2017-06-24,-0.0824073,,,,,,
2017-06-25,-0.0878156,,,,,,
2017-06-26,-0.0929377,,,,,,
2017-06-27,-0.0977756,,,,,,
2017-06-28,-0.102331,,,,,,
2017-06-29,-0.106606,,,,,,
2017-06-30,-0.110602,,,,,,
2017-07-01,-0.114321,,,,,,
2017-07-02,-0.117627,,,,,,
2017-07-03,-0.120781,,,,,,
2017-07-04,-0.123786,,,,,,
2017-07-05,-0.126642,,,,,,
2017-07-06,-0.129351,,,,,,
2017-07-07,-0.131913,,,,,,
2017-07-08,-0.13433,,,,,,
2017-07-09,-0.136602,,,,,,
2017-07-10,-0.139491,,,,,,
2017-07-11,-0.142998,,,,,,
2017-07-12,-0.147123,,,,,,
2017-07-13,-0.151869,,,,,,
2017-07-14,-0.157238,,,,,,
2017-07-15,-0.163231,,,,,,
2017-07-16,-0.169851,,,,,,
2017-07-17,-0.176315,,,,,,
2017-07-18,-0.182626,,,,,,
2017-07-19,-0.188786,,,,,,
2017-07-20,-0.194798,,,,,,
2017-07-21,-0.200664,,,,,,
2017-07-22,-0.206387,,,,,,
2017-07-23,-0.211967,,,,,,
2017-07-24,-0.217767,,,,,,
2017-07-25,-0.223788,,,,,,
2017-07-26,-0.230033,,,,,,
2017-07-27,-0.236503,,,,,,
2017-07-28,-0.243202,,,,,,
2017-07-29,-0.250132,,,,,,
2017-07-30,-0.257296,,,,,,
2017-07-31,-0.264123,,,,,,
2017-08-01,-0.270618,,,,,,
2017-08-02,-0.276359,,,,,,
2017-08-03,-0.281349,,,,,,
2017-08-04,-0.285589,,,,,,
2017-08-05,-0.289082,,,,,,
2017-08-06,-0.291828,,,,,,
2017-08-07,-0.294627,,,,,,
2017-08-08,-0.29748,,,,,,
2017-08-09,-0.300388,,,,,,
2017-08-10,-0.303353,,,,,,
2017-08-11,-0.306375,,,,,,
2017-08-12,-0.309456,,,,,,
2017-08-13,-0.312596,,,,,,
2017-08-14,-0.315407,,,,,,
2017-08-15,-0.317891,,,,,,
2017-08-16,-0.320046,,,,,,
2017-08-17,-0.321876,,,,,,
2017-08-18,-0.323379,,,,,,
2017-08-19,-0.324558,,,,,,
2017-08-20,-0.325412,,,,,,
2017-08-21,-0.325852,,,,,,
2017-08-22,-0.32588,,,,,,
2017-08-23,-0.325494,,,,,,
2017-08-24,-0.324695,,,,,,
2017-08-25,-0.323483,,,,,,
2017-08-26,-0.321856,,,,,,
2017-08-27,-0.319815,,,,,,
2017-08-28,-0.315204,,,,,,
2017-08-29,-0.30802,,,,,,
2017-08-30,-0.298261,,,,,,
2017-08-31,-0.285923,,,,,,
2017-09-01,-0.271001,,,,,,
2017-09-02,-0.253311,,,,,,
2017-09-03,-0.232845,,,,,,
2017-09-04,-0.212524,,,,,,
2017-09-05,-0.192339,,,,,,
2017-09-06,-0.172282,,,,,,
2017-09-07,-0.152346,,,,,,
2017-09-08,-0.132524,,,,,,
2017-09-09,-0.112807,,,,,,
2017-09-10,-0.0931881,,,,,,
2017-09-11,-0.073753,,,,,,
2017-09-12,-0.0544943,,,,,,
2017-09-13,-0.0354046,,,,,,
2017-09-14,-0.0164766,,,,,,
2017-09-15,0.00229718,,,,,,
2017-09-16,0.0209238,,,,,,
2017-09-17,0.0394106,,,,,,
2017-09-18,0.0587433,,,,,,
2017-09-19,0.0789296,,,,,,
2017-09-20,0.0999771,,,,,,
2017-09-21,0.121894,,,,,,
2017-09-22,0.144689,,,,,,
2017-09-23,0.16837,,,,,,
2017-09-24,0.192947,,,,,,
2017-09-25,0.218139,,,,,,
2017-09-26,0.243955,,,,,,
2017-09-27,0.270406,,,,,,
2017-09-28,0.297502,,,,,,
2017-09-29,0.325253,,,,,,
2017-09-30,0.35367,,,,,,
2017-10-01,0.382764,,,,,,
2017-10-02,0.410284,,,,,,
2017-10-03,0.436239,,,,,,
2017-10-04,0.46064,,,,,,
2017-10-05,0.483497,,,,,,
2017-10-06,0.504818,,,,,,
2017-10-07,0.524611,,,,,,
2017-10-08,0.542885,,,,,,
2017-10-09,0.559248,,,,,,
2017-10-10,0.573706,,,,,,
2017-10-11,0.586266,,,,,,
2017-10-12,0.596931,,,,,,
2017-10-13,0.605707,,,,,,
2017-10-14,0.612596,,,,,,
2017-10-15,0.617602,,,,,,
2017-10-16,0.62174,,,,,,
2017-10-17,0.625013,,,,,,
2017-10-18,0.627422,,,,,,
2017-10-19,0.628969,,,,,,
2017-10-20,0.629652,,,,,,
2017-10-21,0.629473,,,,,,
2017-10-22,0.628432,,,,,,
2017-10-23,0.626266,,,,,,
2017-10-24,0.622973,,,,,,
2017-10-25,0.618553,,,,,,
2017-10-26,0.613003,,,,,,
2017-10-27,0.606322,,,,,,
2017-10-28,0.598507,,,,,,
2017-10-29,0.589555,,,,,,
2017-10-30,0.579769,,,,,,
2017-10-31,0.569146,,,,,,
2017-11-01,0.557681,,,,,,
2017-11-02,0.546677,,,,,,
2017-11-03,0.536131,,,,,,
2017-11-04,0.526038,,,,,,
2017-11-05,0.516394,,,,,,
2017-11-06,0.507152,,,,,,
2017-11-07,0.498307,,,,,,
2017-11-08,0.489856,,,,,,
2017-11-09,0.481796,,,,,,
2017-11-10,0.474124,,,,,,
2017-11-11,0.466837,,,,,,
2017-11-12,0.459932,,,,,,
2017-11-13,0.452781,,,,,,
2017-11-14,0.44538,,,,,,
2017-11-15,0.437727,,,,,,
2017-11-16,0.429818,,,,,,
2017-11-17,0.421652,,,,,,
2017-11-18,0.413224,,,,,,
2017-11-19,0.404532,,,,,,
2017-11-20,0.395779,,,,,,
2017-11-21,0.386963,,,,,,
2017-11-22,0.37808,,,,,,
2017-11-23,0.369126,,,,,,
2017-11-24,0.360098,,,,,,
2017-11-25,0.350993,,,,,,
2017-11-26,0.341808,,,,,,
2017-11-27,0.332571,,,,,,
2017-11-28,0.323281,,,,,,
2017-11-29,0.313932,,,,,,
2017-11-30,0.304523,,,,,,
2017-12-01,0.295049,,,,,,
2017-12-02,0.285019,,,,,,
2017-12-03,0.274431,,,,,,
2017-12-04,0.26282,,,,,,
2017-12-05,0.250182,,,,,,
2017-12-06,0.236513,,,,,,
2017-12-07,0.221807,,,,,,
2017-12-08,0.206059,,,,,,
2017-12-09,0.189262,,,,,,
2017-12-10,0.17141,,,,,,
2017-12-11,0.153677,,,,,,
2017-12-12,0.136057,,,,,,
2017-12-13,0.118543,,,,,,
2017-12-14,0.101129,,,,,,
2017-12-15,0.0838064,,,,,,
2017-12-16,0.0665699,,,,,,
2017-12-17,0.0494127,,,,,,
2017-12-18,0.031973,,,,,,
2017-12-19,0.0142441,,,,,,
2017-12-20,-0.00378077,,,,,,
2017-12-21,-0.0221086,,,,,,
2017-12-22,-0.0407463,,,,,,
2017-12-23,-0.0597013,,,,,,
2017-12-24,-0.0789807,,,,,,
2017-12-25,-0.0990477,,,,,,
2017-12-26,-0.11991,,,,,,
2017-12-27,-0.141576,,,,,,
2017-12-28,-0.164053,,,,,,
2017-12-29,-0.187351,,,,,,
2017-12-30,-0.211477,,,,,,
2017-12-31,-0.236443,,,,,,
2018-01-01,-0.261965,,,,,,
2018-01-02,-0.285297,,,,,,
2018-01-03,-0.306446,,,,,,
2018-01-04,-0.325422,,,,,,
2018-01-05,-0.342231,,,,,,
2018-01-06,-0.356881,,,,,,
2018-01-07,-0.369376,,,,,,
2018-01-08,-0.380893,,,,,,
2018-01-09,-0.391435,,,,,,
2018-01-10,-0.401006,,,,,,
2018-01-11,-0.409611,,,,,,
2018-01-12,-0.417253,,,,,,
2018-01-13,-0.423935,,,,,,
2018-01-14,-0.429658,,,,,,
2018-01-15,-0.433426,,,,,,
2018-01-16,-0.435239,,,,,,
2018-01-17,-0.435098,,,,,,
2018-01-18,-0.433003,,,,,,
2018-01-19,-0.428953,,,,,,
2018-01-20,-0.422947,,,,,,
2018-01-21,-0.414983,,,,,,
2018-01-22,-0.405228,,,,,,
2018-01-23,-0.393679,,,,,,
2018-01-24,-0.380333,,,,,,
2018-01-25,-0.365182,,,,,,
2018-01-26,-0.348223,,,,,,
2018-01-27,-0.329447,,,,,,
2018-01-28,-0.308849,,,,,,
2018-01-29,-0.286451,,,,,,
2018-01-30,-0.262246,,,,,,
2018-01-31,-0.236223,,,,,,
2018-02-01,-0.208374,,,,,,
2018-02-02,-0.181853,,,,,,
2018-02-03,-0.156653,,,,,,
2018-02-04,-0.132761,,,,,,
2018-02-05,-0.109932,,,,,,
2018-02-06,-0.0881565,,,,,,
2018-02-07,-0.0674258,,,,,,
2018-02-08,-0.047732,,,,,,
2018-02-09,-0.0290675,,,,,,
2018-02-10,-0.0114253,,,,,,
2018-02-11,0.00520158,,,,,,
2018-02-12,0.0205204,,,,,,
2018-02-13,0.0345372,,,,,,
2018-02-14,0.0472572,,,,,,
2018-02-15,0.0586854,,,,,,
2018-02-16,0.0688262,,,,,,
2018-02-17,0.0776835,,,,,,
2018-02-18,0.0852608,,,,,,
2018-02-19,0.0916944,,,,,,
2018-02-20,0.096987,,,,,,
2018-02-21,0.101141,,,,,,
2018-02-22,0.104157,,,,,,
2018-02-23,0.106037,,,,,,
2018-02-24,0.106781,,,,,,
2018-02-25,0.10639,,,,,,
2018-02-26,0.105532,,,,,,
2018-02-27,0.104207,,,,,,
2018-02-28,0.102414,,,,,,
2018-03-01,0.100153,,,,,,
2018-03-02,0.098721,,,,,,
2018-03-03,0.0981181,,,,,,
2018-03-04,0.098344,,,,,,
2018-03-05,0.0986512,,,,,,
2018-03-06,0.0990398,,,,,,
2018-03-07,0.0995101,,,,,,
2018-03-08,0.100062,,,,,,
2018-03-09,0.100696,,,,,,
2018-03-10,0.101412,,,,,,
2018-03-11,0.102211,,,,,,
2018-03-12,0.103401,,,,,,
2018-03-13,0.104983,,,,,,
2018-03-14,0.106958,,,,,,
2018-03-15,0.109325,,,,,,
2018-03-16,0.112087,,,,,,
2018-03-17,0.115244,,,,,,
2018-03-18,0.118797,,,,,,
2018-03-19,0.122484,,,,,,
2018-03-20,0.126307,,,,,,
2018-03-21,0.130267,,,,,,
2018-03-22,0.134365,,,,,,
2018-03-23,0.138603,,,,,,
2018-03-24,0.142983,,,,,,
2018-03-25,0.147506,,,,,,
2018-03-26,0.152846,,,,,,
2018-03-27,0.159004,,,,,,
2018-03-28,0.165983,,,,,,
2018-03-29,0.173786,,,,,,
2018-03-30,0.182414,,,,,,
2018-03-31,0.191873,,,,,,
2018-04-01,0.202165,,,,,,
2018-04-02,0.211558,,,,,,
2018-04-03,0.220054,,,,,,
2018-04-04,0.227657,,,,,,
2018-04-05,0.23437,,,,,,
2018-04-06,0.240196,,,,,,
2018-04-07,0.245137,,,,,,
2018-04-08,0.249194,,,,,,
2018-04-09,0.252375,,,,,,
2018-04-10,0.254681,,,,,,
2018-04-11,0.256114,,,,,,
2018-04-12,0.256672,,,,,,
2018-04-13,0.256358,,,,,,
2018-04-14,0.25517,,,,,,
2018-04-15,0.253109,,,,,,
2018-04-16,0.248784,,,,,,
2018-04-17,0.242195,,,,,,
2018-04-18,0.233338,,,,,,
2018-04-19,0.22221,,,,,,
2018-04-20,0.208807,,,,,,
2018-04-21,0.193124,,,,,,
2018-04-22,0.175155,,,,,,
2018-04-23,0.156233,,,,,,
2018-04-24,0.136352,,,,,,
2018-04-25,0.115503,,,,,,
2018-04-26,0.0936795,,,,,,
2018-04-27,0.0708719,,,,,,
2018-04-28,0.0470719,,,,,,
2018-04-29,0.0222701,,,,,,
2018-04-30,-0.00355982,,,,,,
2018-05-01,-0.030428,,,,,,
2018-05-02,-0.0558994,,,,,,
2018-05-03,-0.0799839,,,,,,
2018-05-04,-0.102691,,,,,,
2018-05-05,-0.124029,,,,,,
2018-05-06,-0.144006,,,,,,
2018-05-07,-0.162241,,,,,,
2018-05-08,-0.178741,,,,,,
2018-05-09,-0.193511,,,,,,
2018-05-10,-0.206558,,,,,,
2018-05-11,-0.217887,,,,,,
2018-05-12,-0.227502,,,,,,
2018-05-13,-0.235406,,,,,,
2018-05-14,-0.241732,,,,,,
2018-05-15,-0.24648,,,,,,
2018-05-16,-0.249654,,,,,,
2018-05-17,-0.251254,,,,,,
2018-05-18,-0.251281,,,,,,
2018-05-19,-0.249735,,,,,,
2018-05-20,-0.246616,,,,,,
2018-05-21,-0.242627,,,,,,
2018-05-22,-0.237766,,,,,,
2018-05-23,-0.232033,,,,,,
2018-05-24,-0.225424,,,,,,
2018-05-25,-0.217938,,,,,,
2018-05-26,-0.20957,,,,,,
2018-05-27,-0.200319,,,,,,
2018-05-28,-0.189779,,,,,,
2018-05-29,-0.177946,,,,,,
2018-05-30,-0.164815,,,,,,
2018-05-31,-0.150381,,,,,,
2018-06-01,-0.13464,,,,,,
2018-06-02,-0.119672,,,,,,
2018-06-03,-0.105472,,,,,,
2018-06-04,-0.0921118,,,,,,
2018-06-05,-0.0795868,,,,,,
2018-06-06,-0.067892,,,,,,
2018-06-07,-0.0570228,,,,,,
2018-06-08,-0.046975,,,,,,
2018-06-09,-0.0377447,,,,,,
2018-06-10,-0.0293285,,,,,,
2018-06-11,-0.0218518,,,,,,
2018-06-12,-0.0153117,,,,,,
2018-06-13,-0.00970577,,,,,,
2018-06-14,-0.00503181,,,,,,
2018-06-15,-0.00128803,,,,,,
2018-06-16,0.00152703,,,,,,
2018-06-17,0.00341444,,,,,,
2018-06-18,0.00473034,,,,,,
2018-06-19,0.00547521,,,,,,
2018-06-20,0.00564935,,,,,,
2018-06-21,0.00525283,,,,,,
2018-06-22,0.0042855,,,,,,
2018-06-23,0.00274698,,,,,,
2018-06-24,0.000636674,,,,,,
2018-06-25,-0.00195365,,,,,,
2018-06-26,-0.005025,,,,,,
2018-06-27,-0.00857856,,,,,,
2018-06-28,-0.0126157,,,,,,
2018-06-29,-0.017138,,,,,,
2018-06-30,-0.0221471,,,,,,
2018-07-01,-0.027645,,,,,,
2018-07-02,-0.0326035,,,,,,
2018-07-03,-0.0370244,,,,,,
2018-07-04,-0.0409095,,,,,,
2018-07-05,-0.0442603,,,,,,
2018-07-06,-0.047078,,,,,,
2018-07-07,-0.0493637,,,,,,
2018-07-08,-0.0511184,,,,,,
2018-07-09,-0.0523132,,,,,,
2018-07-10,-0.0529486,,,,,,
2018-07-11,-0.0530249,,,,,,
2018-07-12,-0.0525421,,,,,,
2018-07-13,-0.0515001,,,,,,
2018-07-14,-0.0498983,,,,,,
2018-07-15,-0.0477362,,,,,,
2018-07-16,-0.044307,,,,,,
2018-07-17,-0.0396094,,,,,,
2018-07-18,-0.0336415,,,,,,
2018-07-19,-0.0264011,,,,,,
2018-07-20,-0.0178853,,,,,,
2018-07-21,-0.00809091,,,,,,
2018-07-22,0.00298588,,,,,,
2018-07-23,0.0150056,,,,,,
2018-07-24,0.027973,,,,,,
2018-07-25,0.0418929,,,,,,
2018-07-26,0.0567708,,,,,,
2018-07-27,0.0726124,,,,,,
2018-07-28,0.0894238,,,,,,
2018-07-29,0.107211,,,,,,
2018-07-30,0.126262,,,,,,
2018-07-31,0.146582,,,,,,
2018-08-01,0.168179,,,,,,
2018-08-02,0.188372,,,,,,
2018-08-03,0.207166,,,,,,
2018-08-04,0.224571,,,,,,
2018-08-05,0.240592,,,,,,
2018-08-06,0.254937,,,,,,
2018-08-07,0.267614,,,,,,
2018-08-08,0.278626,,,,,,
2018-08-09,0.287978,,,,,,
2018-08-10,0.295673,,,,,,
2018-08-11,0.301714,,,,,,
2018-08-12,0.306105,,,,,,
2018-08-13,0.309068,,,,,,
2018-08-14,0.310607,,,,,,
2018-08-15,0.31072,,,,,,
2018-08-16,0.309408,,,,,,
2018-08-17,0.306671,,,,,,
2018-08-18,0.302508,,,,,,
2018-08-19,0.296916,,,,,,
2018-08-20,0.290026,,,,,,
2018-08-21,0.281833,,,,,,
2018-08-22,0.272336,,,,,,
2018-08-23,0.26153,,,,,,
2018-08-24,0.249412,,,,,,
2018-08-25,0.235976,,,,,,
2018-08-26,0.221217,,,,,,
2018-08-27,0.204495,,,,,,
2018-08-28,0.185804,,,,,,
2018-08-29,0.165136,,,,,,
2018-08-30,0.142484,,,,,,
2018-08-31,0.117838,,,,,,
2018-09-01,0.0911898,,,,,,
2018-09-02,0.0647962,,,,,,
2018-09-03,0.0391982,,,,,,
2018-09-04,0.0143861,,,,,,
2018-09-05,-0.0096499,,,,,,
2018-09-06,-0.0329189,,,,,,
2018-09-07,-0.0554299,,,,,,
2018-09-08,-0.0771916,,,,,,
2018-09-09,-0.0982124,,,,,,
2018-09-10,-0.118559,,,,,,
2018-09-11,-0.138238,,,,,,
2018-09-12,-0.157259,,,,,,
2018-09-13,-0.175628,,,,,,
2018-09-14,-0.193353,,,,,,
2018-09-15,-0.210439,,,,,,
2018-09-16,-0.226895,,,,,,
2018-09-17,-0.242871,,,,,,
2018-09-18,-0.258374,,,,,,
2018-09-19,-0.273409,,,,,,
2018-09-20,-0.287983,,,,,,
2018-09-21,-0.302102,,,,,,
2018-09-22,-0.31577,,,,,,
2018-09-23,-0.328992,,,,,,
2018-09-24,-0.341518,,,,,,
2018-09-25,-0.353352,,,,,,
2018-09-26,-0.364498,,,,,,
2018-09-27,-0.37496,,,,,,
2018-09-28,-0.384744,,,,,,
2018-09-29,-0.393851,,,,,,
2018-09-30,-0.402287,,,,,,
2018-10-01,-0.410234,,,,,,
2018-10-02,-0.417698,,,,,,
2018-10-03,-0.42468,,,,,,
2018-10-04,-0.431185,,,,,,
2018-10-05,-0.437213,,,,,,
2018-10-06,-0.442768,,,,,,
2018-10-07,-0.447852,,,,,,
2018-10-08,-0.452648,,,,,,
2018-10-09,-0.457159,,,,,,
2018-10-10,-0.461387,,,,,,
2018-10-11,-0.465333,,,,,,
2018-10-12,-0.468998,,,,,,
2018-10-13,-0.472385,,,,,,
2018-10-14,-0.475493,,,,,,
2018-10-15,-0.477794,,,,,,
2018-10-16,-0.479287,,,,,,
2018-10-17,-0.479974,,,,,,
2018-10-18,-0.479854,,,,,,
2018-10-19,-0.478927,,,,,,
2018-10-20,-0.477193,,,,,,
2018-10-21,-0.474652,,,,,,
2018-10-22,-0.471738,,,,,,
2018-10-23,-0.46845,,,,,,
2018-10-24,-0.464787,,,,,,
2018-10-25,-0.460746,,,,,,
2018-10-26,-0.456328,,,,,,
2018-10-27,-0.451529,,,,,,
2018-10-28,-0.446349,,,,,,
2018-10-29,-0.440647,,,,,,
2018-10-30,-0.434422,,,,,,
2018-10-31,-0.427671,,,,,,
2018-11-01,-0.420391,,,,,,
2018-11-02,-0.413178,,,,,,
2018-11-03,-0.406028,,,,,,
2018-11-04,-0.398939,,,,,,
2018-11-05,-0.391856,,,,,,
2018-11-06,-0.384775,,,,,,
2018-11-07,-0.377693,,,,,,
2018-11-08,-0.370609,,,,,,
2018-11-09,-0.363519,,,,,,
2018-11-10,-0.35642,,,,,,
2018-11-11,-0.349311,,,,,,
2018-11-12,-0.342134,,,,,,
2018-11-13,-0.334885,,,,,,
2018-11-14,-0.327564,,,,,,
2018-11-15,-0.320166,,,,,,
2018-11-16,-0.312689,,,,,,
2018-11-17,-0.305129,,,,,,
2018-11-18,-0.297485,,,,,,
2018-11-19,-0.289384,,,,,,
2018-11-20,-0.280822,,,,,,
2018-11-21,-0.271796,,,,,,
2018-11-22,-0.262303,,,,,,
2018-11-23,-0.25234,,,,,,
2018-11-24,-0.241901,,,,,,
2018-11-25,-0.230984,,,,,,
2018-11-26,-0.220323,,,,,,
2018-11-27,-0.209914,,,,,,
2018-11-28,-0.199753,,,,,,
2018-11-29,-0.189836,,,,,,
2018-11-30,-0.18016,,,,,,
2018-12-01,-0.170719,,,,,,
2018-12-02,-0.162154,,,,,,
2018-12-03,-0.15531,,,,,,
2018-12-04,-0.150186,,,,,,
2018-12-05,-0.146779,,,,,,
2018-12-06,-0.145088,,,,,,
2018-12-07,-0.145113,,,,,,
2018-12-08,-0.146853,,,,,,
2018-12-09,-0.150309,,,,,,
2018-12-10,-0.154035,,,,,,
2018-12-11,-0.158031,,,,,,
2018-12-12,-0.162299,,,,,,
2018-12-13,-0.166842,,,,,,
2018-12-14,-0.17166,,,,,,
2018-12-15,-0.176756,,,,,,
2018-12-16,-0.182131,,,,,,
2018-12-17,-0.187692,,,,,,
2018-12-18,-0.193441,,,,,,
2018-12-19,-0.19938,,,,,,
2018-12-20,-0.205512,,,,,,
2018-12-21,-0.211838,,,,,,
2018-12-22,-0.218362,,,,,,
2018-12-23,-0.225085,,,,,,
2018-12-24,-0.232049,,,,,,
2018-12-25,-0.239254,,,,,,
2018-12-26,-0.246706,,,,,,
2018-12-27,-0.254405,,,,,,
2018-12-28,-0.262356,,,,,,
2018-12-29,-0.27056,,,,,,
2018-12-30,-0.279023,,,,,,
2018-12-31,-0.288771,,,,,,
2019-01-01,-0.299809,,,,,,
2019-01-02,-0.311086,,,,,,
2019-01-03,-0.322606,,,,,,
2019-01-04,-0.334373,,,,,,
2019-01-05,-0.346392,,,,,,
2019-01-06,-0.358668,,,,,,
2019-01-07,-0.370961,,,,,,
2019-01-08,-0.383276,,,,,,
2019-01-09,-0.395617,,,,,,
2019-01-10,-0.407991,,,,,,
2019-01-11,-0.420401,,,,,,
2019-01-12,-0.432852,,,,,,
2019-01-13,-0.445349,,,,,,
2019-01-14,-0.457781,,,,,,
2019-01-15,-0.470153,,,,,,
2019-01-16,-0.482468,,,,,,
2019-01-17,-0.494733,,,,,,
2019-01-18,-0.506951,,,,,,
2019-01-19,-0.519128,,,,,,
2019-01-20,-0.531267,,,,,,
2019-01-21,-0.542314,,,,,,
2019-01-22,-0.552271,,,,,,
2019-01-23,-0.561143,,,,,,
2019-01-24,-0.568934,,,,,,
2019-01-25,-0.575646,,,,,,
2019-01-26,-0.581281,,,,,,
2019-01-27,-0.585843,,,,,,
2019-01-28,-0.590299,,,,,,
2019-01-29,-0.59465,,,,,,
2019-01-30,-0.598899,,,,,,
2019-01-31,-0.603047,,,,,,
2019-02-01,-0.607096,,,,,,
2019-02-02,-0.610284,,,,,,
2019-02-03,-0.612613,,,,,,
2019-02-04,-0.614266,,,,,,
2019-02-05,-0.615245,,,,,,
2019-02-06,-0.615549,,,,,,
2019-02-07,-0.615179,,,,,,
2019-02-08,-0.614135,,,,,,
2019-02-09,-0.612416,,,,,,
2019-02-10,-0.610021,,,,,,
2019-02-11,-0.607358,,,,,,
2019-02-12,-0.604427,,,,,,
2019-02-13,-0.601225,,,,,,
2019-02-14,-0.597752,,,,,,
2019-02-15,-0.594006,,,,,,
2019-02-16,-0.589986,,,,,,
2019-02-17,-0.58569,,,,,,
2019-02-18,-0.58001,,,,,,
2019-02-19,-0.572945,,,,,,
2019-02-20,-0.564491,,,,,,
2019-02-21,-0.554644,,,,,,
2019-02-22,-0.543402,,,,,,
2019-02-23,-0.530761,,,,,,
2019-02-24,-0.516714,,,,,,
2019-02-25,-0.501906,,,,,,
2019-02-26,-0.486331,,,,,,
2019-02-27,-0.469983,,,,,,
2019-02-28,-0.452856,,,,,,
2019-03-01,-0.434943,,,,,,
2019-03-02,-0.418414,,,,,,
2019-03-03,-0.403262,,,,,,
2019-03-04,-0.389162,,,,,,
2019-03-05,-0.376108,,,,,,
2019-03-06,-0.364095,,,,,,
2019-03-07,-0.353119,,,,,,
2019-03-08,-0.343175,,,,,,
2019-03-09,-0.33426,,,,,,
2019-03-10,-0.32637,,,,,,
2019-03-11,-0.319852,,,,,,
2019-03-12,-0.314703,,,,,,
2019-03-13,-0.310921,,,,,,
2019-03-14,-0.308506,,,,,,
2019-03-15,-0.307456,,,,,,
2019-03-16,-0.30777,,,,,,
2019-03-17,-0.309449,,,,,,
2019-03-18,-0.312322,,,,,,
2019-03-19,-0.316391,,,,,,
2019-03-20,-0.321657,,,,,,
2019-03-21,-0.328123,,,,,,
2019-03-22,-0.33579,,,,,,
2019-03-23,-0.344661,,,,,,
2019-03-24,-0.354741,,,,,,
2019-03-25,-0.366267,,,,,,
2019-03-26,-0.379244,,,,,,
2019-03-27,-0.393677,,,,,,
2019-03-28,-0.409571,,,,,,
2019-03-29,-0.426934,,,,,,
2019-03-30,-0.44577,,,,,,
2019-03-31,-0.466088,,,,,,
2019-04-01,-0.487919,,,,,,
2019-04-02,-0.508873,,,,,,
2019-04-03,-0.528959,,,,,,
2019-04-04,-0.548185,,,,,,
2019-04-05,-0.566557,,,,,,
2019-04-06,-0.584084,,,,,,
2019-04-07,-0.600771,,,,,,
2019-04-08,-0.616288,,,,,,
2019-04-09,-0.630642,,,,,,
2019-04-10,-0.643838,,,,,,
2019-04-11,-0.655881,,,,,,
2019-04-12,-0.666775,,,,,,
2019-04-13,-0.676525,,,,,,
2019-04-14,-0.685135,,,,,,
2019-04-15,-0.691538,,,,,,
2019-04-16,-0.695736,,,,,,
2019-04-17,-0.697731,,,,,,
2019-04-18,-0.697525,,,,,,
2019-04-19,-0.695117,,,,,,
2019-04-20,-0.690505,,,,,,
2019-04-21,-0.683689,,,,,,
2019-04-22,-0.675661,,,,,,
2019-04-23,-0.666419,,,,,,
2019-04-24,-0.655959,,,,,,
2019-04-25,-0.644277,,,,,,
2019-04-26,-0.631369,,,,,,
2019-04-27,-0.617229,,,,,,
2019-04-28,-0.601852,,,,,,
2019-04-29,-0.585262,,,,,,
2019-04-30,-0.567454,,,,,,
2019-05-01,-0.54842,,,,,,
2019-05-02,-0.529642,,,,,,
2019-05-03,-0.511113,,,,,,
2019-05-04,-0.492825,,,,,,
2019-05-05,-0.474773,,,,,,
2019-05-06,-0.45756,,,,,,
2019-05-07,-0.441181,,,,,,
2019-05-08,-0.425628,,,,,,
2019-05-09,-0.410895,,,,,,
2019-05-10,-0.396978,,,,,,
2019-05-11,-0.38387,,,,,,
2019-05-12,-0.371566,,,,,,
2019-05-13,-0.359351,,,,,,
2019-05-14,-0.347219,,,,,,
2019-05-15,-0.335165,,,,,,
2019-05-16,-0.323185,,,,,,
2019-05-17,-0.311275,,,,,,
2019-05-18,-0.299429,,,,,,
2019-05-19,-0.287643,,,,,,
2019-05-20,-0.275721,,,,,,
2019-05-21,-0.263657,,,,,,
2019-05-22,-0.251447,,,,,,
2019-05-23,-0.239087,,,,,,
2019-05-24,-0.226571,,,,,,
2019-05-25,-0.213895,,,,,,
2019-05-26,-0.201054,,,,,,
2019-05-27,-0.188293,,,,,,
2019-05-28,-0.175607,,,,,,
2019-05-29,-0.162991,,,,,,
2019-05-30,-0.150442,,,,,,
2019-05-31,-0.137952,,,,,,
2019-06-01,-0.125519,,,,,,
2019-06-02,-0.11416,,,,,,
2019-06-03,-0.103772,,,,,,
2019-06-04,-0.0943508,,,,,,
2019-06-05,-0.0858923,,,,,,
2019-06-06,-0.0783937,,,,,,
2019-06-07,-0.0718519,,,,,,
2019-06-08,-0.0662645,,,,,,
2019-06-09,-0.0616294,,,,,,
2019-06-10,-0.0584751,,,,,,
2019-06-11,-0.0568006,,,,,,
2019-06-12,-0.0566052,,,,,,
2019-06-13,-0.0578887,,,,,,
2019-06-14,-0.0606518,,,,,,
2019-06-15,-0.0648955,,,,,,
2019-06-16,-0.0706213,,,,,,
2019-06-17,-0.0766815,,,,,,
2019-06-18,-0.0830784,,,,,,
2019-06-19,-0.0898144,,,,,,
2019-06-20,-0.0968922,,,,,,
2019-06-21,-0.104315,,,,,,
2019-06-22,-0.112084,,,,,,
2019-06-23,-0.120204,,,,,,
2019-06-24,-0.129785,,,,,,
2019-06-25,-0.14083,,,,,,
2019-06-26,-0.153343,,,,,,
2019-06-27,-0.16733,,,,,,
2019-06-28,-0.182796,,,,,,
2019-06-29,-0.199746,,,,,,
2019-06-30,-0.218188,,,,,,
2019-07-01,-0.238285,,,,,,
2019-07-02,-0.256904,,,,,,
2019-07-03,-0.274052,,,,,,
2019-07-04,-0.289736,,,,,,
2019-07-05,-0.303961,,,,,,
2019-07-06,-0.316734,,,,,,
2019-07-07,-0.32806,,,,,,
2019-07-08,-0.33765,,,,,,
2019-07-09,-0.345508,,,,,,
2019-07-10,-0.351638,,,,,,
2019-07-11,-0.356043,,,,,,
2019-07-12,-0.358722,,,,,,
2019-07-13,-0.359679,,,,,,
2019-07-14,-0.358912,,,,,,
2019-07-15,-0.356651,,,,,,
2019-07-16,-0.352893,,,,,,
2019-07-17,-0.347638,,,,,,
2019-07-18,-0.340884,,,,,,
2019-07-19,-0.332627,,,,,,
2019-07-20,-0.322865,,,,,,
2019-07-21,-0.311594,,,,,,
2019-07-22,-0.298228,,,,,,
2019-07-23,-0.282763,,,,,,
2019-07-24,-0.265192,,,,,,
2019-07-25,-0.245508,,,,,,
2019-07-26,-0.223705,,,,,,
2019-07-27,-0.199772,,,,,,
2019-07-28,-0.173702,,,,,,
2019-07-29,-0.145549,,,,,,
2019-07-30,-0.1153,,,,,,
2019-07-31,-0.082946,,,,,,
2019-08-01,-0.048473,,,,,,
2019-08-02,-0.0159695,,,,,,
2019-08-03,0.0145769,,,,,,
2019-08-04,0.0431779,,,,,,
2019-08-05,0.0699592,,,,,,
2019-08-06,0.094931,,,,,,
2019-08-07,0.118103,,,,,,
2019-08-08,0.139484,,,,,,
2019-08-09,0.159082,,,,,,
2019-08-10,0.176905,,,,,,
2019-08-11,0.19296,,,,,,
2019-08-12,0.206868,,,,,,
2019-08-13,0.218632,,,,,,
2019-08-14,0.228259,,,,,,
2019-08-15,0.235752,,,,,,
2019-08-16,0.241114,,,,,,
2019-08-17,0.244347,,,,,,
2019-08-18,0.245451,,,,,,
2019-08-19,0.244916,,,,,,
2019-08-20,0.242742,,,,,,
2019-08-21,0.238927,,,,,,
2019-08-22,0.23347,,,,,,
2019-08-23,0.226369,,,,,,
2019-08-24,0.217621,,,,,,
2019-08-25,0.207223,,,,,,
2019-08-26,0.19499,,,,,,
2019-08-27,0.180917,,,,,,
2019-08-28,0.165,,,,,,
2019-08-29,0.147231,,,,,,
2019-08-30,0.127604,,,,,,
2019-08-31,0.106112,,,,,,
2019-09-01,0.0827456,,,,,,
2019-09-02,0.058986,,,,,,
2019-09-03,0.034824,,,,,,
2019-09-04,0.0102501,,,,,,
2019-09-05,-0.0147449,,,,,,
2019-09-06,-0.0401709,,,,,,
2019-09-07,-0.0660376,,,,,,
2019-09-08,-0.0923549,,,,,,
2019-09-09,-0.118895,,,,,,
2019-09-10,-0.145668,,,,,,
2019-09-11,-0.172683,,,,,,
2019-09-12,-0.199953,,,,,,
2019-09-13,-0.227486,,,,,,
2019-09-14,-0.255294,,,,,,
2019-09-15,-0.283388,,,,,,
2019-09-16,-0.311444,,,,,,
2019-09-17,-0.339474,,,,,,
2019-09-18,-0.367489,,,,,,
2019-09-19,-0.395498,,,,,,
2019-09-20,-0.423514,,,,,,
2019-09-21,-0.451546,,,,,,
2019-09-22,-0.479607,,,,,,
2019-09-23,-0.507811,,,,,,
2019-09-24,-0.536169,,,,,,
2019-09-25,-0.564694,,,,,,
2019-09-26,-0.593395,,,,,,
2019-09-27,-0.622283,,,,,,
2019-09-28,-0.651371,,,,,,
2019-09-29,-0.680669,,,,,,
2019-09-30,-0.710654,,,,,,
2019-10-01,-0.741338,,,,,,
2019-10-02,-0.769837,,,,,,
2019-10-03,-0.79616,,,,,,
2019-10-04,-0.820318,,,,,,
2019-10-05,-0.842321,,,,,,
2019-10-06,-0.862176,,,,,,
2019-10-07,-0.879377,,,,,,
2019-10-08,-0.89393,,,,,,
2019-10-09,-0.905842,,,,,,
2019-10-10,-0.915115,,,,,,
2019-10-11,-0.921755,,,,,,
2019-10-12,-0.925764,,,,,,
2019-10-13,-0.927143,,,,,,
2019-10-14,-0.926379,,,,,,
2019-10-15,-0.923474,,,,,,
2019-10-16,-0.918424,,,,,,
2019-10-17,-0.911229,,,,,,
2019-10-18,-0.901886,,,,,,
2019-10-19,-0.890391,,,,,,
2019-10-20,-0.87674,,,,,,
2019-10-21,-0.860473,,,,,,
2019-10-22,-0.841585,,,,,,
2019-10-23,-0.820069,,,,,,
2019-10-24,-0.795916,,,,,,
2019-10-25,-0.769117,,,,,,
2019-10-26,-0.739661,,,,,,
2019-10-27,-0.707538,,,,,,
2019-10-28,-0.672971,,,,,,
2019-10-29,-0.635948,,,,,,
2019-10-30,-0.596455,,,,,,
2019-10-31,-0.554475,,,,,,
2019-11-01,-0.509993,,,,,,
2019-11-02,-0.468228,,,,,,
2019-11-03,-0.429162,,,,,,
2019-11-04,-0.392124,,,,,,
2019-11-05,-0.357101,,,,,,
2019-11-06,-0.324078,,,,,,
2019-11-07,-0.293044,,,,,,
2019-11-08,-0.263986,,,,,,
2019-11-09,-0.236892,,,,,,
2019-11-10,-0.211753,,,,,,
2019-11-11,-0.189017,,,,,,
2019-11-12,-0.168673,,,,,,
2019-11-13,-0.150715,,,,,,
2019-11-14,-0.135136,,,,,,
2019-11-15,-0.12193,,,,,,
2019-11-16,-0.111091,,,,,,
2019-11-17,-0.102615,,,,,,
2019-11-18,-0.0969388,,,,,,
2019-11-19,-0.0940592,,,,,,
2019-11-20,-0.0939754,,,,,,
2019-11-21,-0.0966872,,,,,,
2019-11-22,-0.102196,,,,,,
2019-11-23,-0.110503,,,,,,
2019-11-24,-0.121613,,,,,,
2019-11-25,-0.134741,,,,,,
2019-11-26,-0.149892,,,,,,
2019-11-27,-0.167071,,,,,,
2019-11-28,-0.186287,,,,,,
2019-11-29,-0.207545,,,,,,
2019-11-30,-0.230854,,,,,,
2019-12-01,-0.256224,,,,,,
2019-12-02,-0.279525,,,,,,
2019-12-03,-0.300767,,,,,,
2019-12-04,-0.319957,,,,,,
2019-12-05,-0.337104,,,,,,
2019-12-06,-0.352213,,,,,,
2019-12-07,-0.365291,,,,,,
2019-12-08,-0.376342,,,,,,
2019-12-09,-0.386572,,,,,,
2019-12-10,-0.395984,,,,,,
2019-12-11,-0.404581,,,,,,
2019-12-12,-0.412368,,,,,,
2019-12-13,-0.419347,,,,,,
2019-12-14,-0.42552,,,,,,
2019-12-15,-0.430891,,,,,,
2019-12-16,-0.435254,,,,,,
2019-12-17,-0.438611,,,,,,
2019-12-18,-0.440963,,,,,,
2019-12-19,-0.442311,,,,,,
2019-12-20,-0.442657,,,,,,
2019-12-21,-0.441999,,,,,,
2019-12-22,-0.440337,,,,,,
2019-12-23,-0.437364,,,,,,
2019-12-24,-0.433077,,,,,,
2019-12-25,-0.427475,,,,,,
2019-12-26,-0.420556,,,,,,
2019-12-27,-0.412318,,,,,,
2019-12-28,-0.402756,,,,,,
2019-12-29,-0.391868,,,,,,
2019-12-30,-0.380087,,,,,,
2019-12-31,-0.36741,,,,,,
2020-01-01,-0.35383,,,,,,
2020-01-02,-0.34034,,,,,,
2020-01-03,-0.326934,,,,,,
2020-01-04,-0.313607,,,,,,
2020-01-05,-0.300353,,,,,,
2020-01-06,-0.287437,,,,,,
2020-01-07,-0.274854,,,,,,
2020-01-08,-0.262598,,,,,,
2020-01-09,-0.250664,,,,,,
2020-01-10,-0.239049,,,,,,
2020-01-11,-0.227748,,,,,,
2020-01-12,-0.216756,,,,,,
2020-01-13,-0.204778,,,,,,
2020-01-14,-0.19181,,,,,,
2020-01-15,-0.177846,,,,,,
2020-01-16,-0.162881,,,,,,
2020-01-17,-0.146909,,,,,,
2020-01-18,-0.129925,,,,,,
2020-01-19,-0.111921,,,,,,
2020-01-20,-0.0940697,,,,,,
2020-01-21,-0.0763645,,,,,,
2020-01-22,-0.0587983,,,,,,
2020-01-23,-0.0413644,,,,,,
2020-01-24,-0.0240561,,,,,,
2020-01-25,-0.00686659,,,,,,
2020-01-26,0.0102106,,,,,,
2020-01-27,0.027629,,,,,,
2020-01-28,0.0453953,,,,,,
2020-01-29,0.0635164,,,,,,
2020-01-30,0.0819992,,,,,,
2020-01-31,0.100851,,,,,,
2020-02-01,0.120079,,,,,,
2020-02-02,0.130005,,,,,,
2020-02-03,0.130634,,,,,,
2020-02-04,0.121964,,,,,,
2020-02-05,0.103993,,,,,,
2020-02-06,0.0767133,,,,,,
2020-02-07,0.0401149,,,,,,
2020-02-08,-0.0058164,,,,,,
2020-02-09,-0.0610984,,,,,,
2020-02-10,-0.125442,,,,,,
2020-02-11,-0.198873,,,,,,
2020-02-12,-0.281418,,,,,,
2020-02-13,-0.37311,,,,,,
2020-02-14,-0.473984,,,,,,
2020-02-15,-0.584079,,,,,,
2020-02-16,-0.703438,,,,,,
2020-02-17,-0.831972,,,,,,
2020-02-18,-0.969733,,,,,,
2020-02-19,-1.11677,,,,,,
2020-02-20,-1.27315,,,,,,
2020-02-21,-1.43892,,,,,,
2020-02-22,-1.61415,,,,,,
2020-02-23,-1.79891,,,,,,
2020-02-24,-1.99403,,,,,,
2020-02-25,-2.19959,,,,,,
2020-02-26,-2.41567,,,,,,
2020-02-27,-2.64236,,,,,,
2020-02-28,-2.87973,,,,,,
2020-02-29,-3.12788,,,,,,
2020-03-01,-3.38691,,,,,,
2020-03-02,-3.70905,,,,,,
2020-03-03,-4.09442,,,,,,
2020-03-04,-4.54318,,,,,,
2020-03-05,-5.05549,,,,,,
2020-03-06,-5.63156,,,,,,
2020-03-07,-6.2716,,,,,,
2020-03-08,-6.97586,,,,,,
2020-03-09,-7.74206,,,,,,
2020-03-10,-8.57048,,,,,,
2020-03-11,-9.46146,,,,,,
2020-03-12,-10.4153,,,,,,
2020-03-13,-11.4325,,,,,,
2020-03-14,-12.5132,,,,,,
2020-03-15,-13.6581,,,,,,
2020-03-16,-14.7527,,,,,,
2020-03-17,-15.7976,,,,,,
2020-03-18,-16.7931,,,,,,
2020-03-19,-17.7395,,,,,,
2020-03-20,-18.6373,,,,,,
2020-03-21,-19.4869,,,,,,
2020-03-22,-20.2884,,,,,,
2020-03-23,-21.0225,,,,,,
2020-03-24,-21.6893,,,,,,
2020-03-25,-22.2891,,,,,,
2020-03-26,-22.8223,,,,,,
2020-03-27,-23.2888,,,,,,
2020-03-28,-23.689,,,,,,
2020-03-29,-24.023,,,,,,
2020-03-30,-24.415,,,,,,
2020-03-31,-24.8651,,,,,,
2020-04-01,-25.3734,,,,,,
2020-04-02,-25.7791,,,,,,
2020-04-03,-26.0824,,,,,,
2020-04-04,-26.2833,,,,,,
2020-04-05,-26.3819,,,,,,
2020-04-06,-26.4434,,,,,,
2020-04-07,-26.468,,,,,,
2020-04-08,-26.4556,,,,,,
2020-04-09,-26.4062,,,,,,
2020-04-10,-26.3199,,,,,,
2020-04-11,-26.1964,,,,,,
2020-04-12,-26.0359,,,,,,
2020-04-13,-25.8127,,,,,,
2020-04-14,-25.5267,,,,,,
2020-04-15,-25.1779,,,,,,
2020-04-16,-24.766,,,,,,
2020-04-17,-24.2909,,,,,,
2020-04-18,-23.7525,,,,,,
2020-04-19,-23.1504,,,,,,
2020-04-20,-22.4888,,,,,,
2020-04-21,-21.7673,,,,,,
2020-04-22,-20.9857,,,,,,
2020-04-23,-20.1436,,,,,,
2020-04-24,-19.2407,,,,,,
2020-04-25,-18.2767,,,,,,
2020-04-26,-17.2512,,,,,,
2020-04-27,-16.1592,,,,,,
2020-04-28,-15.0002,,,,,,
2020-04-29,-13.7738,,,,,,
2020-04-30,-12.4795,,,,,,
2020-05-01,-11.1168,,,,,,
2020-05-02,-9.81587,,,,,,
2020-05-03,-8.57628,,,,,,
2020-05-04,-7.38884,,,,,,
2020-05-05,-6.25308,,,,,,
2020-05-06,-5.16858,,,,,,
2020-05-07,-4.1349,,,,,,
2020-05-08,-3.15166,,,,,,
2020-05-09,-2.21848,,,,,,
2020-05-10,-1.33499,,,,,,
2020-05-11,-0.487146,,,,,,
2020-05-12,0.325387,,,,,,
2020-05-13,1.10292,,,,,,
2020-05-14,1.84575,,,,,,
2020-05-15,2.55417,,,,,,
2020-05-16,3.22844,,,,,,
2020-05-17,3.86884,,,,,,
2020-05-18,4.47163,,,,,,
2020-05-19,5.03705,,,,,,
2020-05-20,5.56532,,,,,,
2020-05-21,6.05664,,,,,,
2020-05-22,6.5112,,,,,,
2020-05-23,6.92917,,,,,,
2020-05-24,7.31072,,,,,,
2020-05-25,7.6548,,,,,,
2020-05-26,7.96154,,,,,,
2020-05-27,8.23106,,,,,,
2020-05-28,8.46345,,,,,,
2020-05-29,8.65882,,,,,,
2020-05-30,8.81724,,,,,,
2020-05-31,8.93876,,,,,,
2020-06-01,9.03299,,,,,,
2020-06-02,9.11775,,,,,,
2020-06-03,9.19307,,,,,,
2020-06-04,9.25899,,,,,,
2020-06-05,9.31554,,,,,,
2020-06-06,9.36272,,,,,,
2020-06-07,9.40057,,,,,,
2020-06-08,9.42734,,,,,,
2020-06-09,9.44305,,,,,,
2020-06-10,9.44771,,,,,,
2020-06-11,9.44132,,,,,,
2020-06-12,9.42386,,,,,,
2020-06-13,9.39535,,,,,,
2020-06-14,9.35576,,,,,,
2020-06-15,9.30924,,,,,,
2020-06-16,9.25576,,,,,,
2020-06-17,9.1953,,,,,,
2020-06-18,9.12785,,,,,,
2020-06-19,9.05337,,,,,,
2020-06-20,8.97183,,,,,,
2020-06-21,8.88321,,,,,,
2020-06-22,8.78672,,,,,,
2020-06-23,8.68232,,,,,,
2020-06-24,8.56998,,,,,,
2020-06-25,8.44964,,,,,,
2020-06-26,8.32126,,,,,,
2020-06-27,8.1848,,,,,,
2020-06-28,8.0402,,,,,,
2020-06-29,7.88672,,,,,,
2020-06-30,7.72431,,,,,,
2020-07-01,7.55291,,,,,,
2020-07-02,7.38705,,,,,,
2020-07-03,7.22666,,,,,,
2020-07-04,7.07169,,,,,,
2020-07-05,6.92206,,,,,,
2020-07-06,6.78152,,,,,,
2020-07-07,6.65001,,,,,,
2020-07-08,6.52747,,,,,,
2020-07-09,6.41385,,,,,,
2020-07-10,6.30913,,,,,,
2020-07-11,6.21324,,,,,,
2020-07-12,6.12617,,,,,,
2020-07-13,6.04203,,,,,,
2020-07-14,5.9608,,,,,,
2020-07-15,5.88245,,,,,,
2020-07-16,5.80695,,,,,,
2020-07-17,5.73426,,,,,,
2020-07-18,5.66437,,,,,,
2020-07-19,5.59724,,,,,,
2020-07-20,5.5301,,,,,,
2020-07-21,5.46294,,,,,,
2020-07-22,5.39572,,,,,,
2020-07-23,5.32841,,,,,,
2020-07-24,5.261,,,,,,
2020-07-25,5.19346,,,,,,
2020-07-26,5.12576,,,,,,
2020-07-27,5.05394,,,,,,
2020-07-28,4.97798,,,,,,
2020-07-29,4.89785,,,,,,
2020-07-30,4.81352,,,,,,
2020-07-31,4.72495,,,,,,
2020-08-01,4.63211,,,,,,
2020-08-02,4.53417,,,,,,
2020-08-03,4.43326,,,,,,
2020-08-04,4.32936,,,,,,
2020-08-05,4.22241,,,,,,
2020-08-06,4.11238,,,,,,
2020-08-07,3.99923,,,,,,
2020-08-08,3.88291,,,,,,
2020-08-09,3.76338,,,,,,
2020-08-10,3.6494,,,,,,
2020-08-11,3.54093,,,,,,
2020-08-12,3.43793,,,,,,
2020-08-13,3.34036,,,,,,
2020-08-14,3.24819,,,,,,
2020-08-15,3.16137,,,,,,
2020-08-16,3.07987,,,,,,
2020-08-17,2.99943,,,,,,
2020-08-18,2.92003,,,,,,
2020-08-19,2.84163,,,,,,
2020-08-20,2.7642,,,,,,
2020-08-21,2.68771,,,,,,
2020-08-22,2.61213,,,,,,
2020-08-23,2.53744,,,,,,
2020-08-24,2.46599,,,,,,
2020-08-25,2.39775,,,,,,
2020-08-26,2.33271,,,,,,
2020-08-27,2.27083,,,,,,
2020-08-28,2.21209,,,,,,
2020-08-29,2.15646,,,,,,
2020-08-30,2.10394,,,,,,
2020-08-31,2.05472,,,,,,
2020-09-01,2.00879,,,,,,
2020-09-02,1.96526,,,,,,
2020-09-03,1.9241,,,,,,
2020-09-04,1.8853,,,,,,
2020-09-05,1.84885,,,,,,
2020-09-06,1.81472,,,,,,
2020-09-07,1.78102,,,,,,
2020-09-08,1.74773,,,,,,
2020-09-09,1.71483,,,,,,
2020-09-10,1.68231,,,,,,
2020-09-11,1.65016,,,,,,
2020-09-12,1.61837,,,,,,
2020-09-13,1.58693,,,,,,
2020-09-14,1.55706,,,,,,
2020-09-15,1.52874,,,,,,
2020-09-16,1.50198,,,,,,
2020-09-17,1.47675,,,,,,
2020-09-18,1.45305,,,,,,
2020-09-19,1.43087,,,,,,
2020-09-20,1.4102,,,,,,
2020-09-21,1.38824,,,,,,
2020-09-22,1.36497,,,,,,
2020-09-23,1.3404,,,,,,
2020-09-24,1.3145,,,,,,
2020-09-25,1.28727,,,,,,
2020-09-26,1.25869,,,,,,
2020-09-27,1.22877,,,,,,
2020-09-28,1.1998,,,,,,
2020-09-29,1.17177,,,,,,
2020-09-30,1.14468,,,,,,
2020-10-01,1.11852,,,,,,
2020-10-02,1.09219,,,,,,
2020-10-03,1.06568,,,,,,
2020-10-04,1.03899,,,,,,
2020-10-05,1.01493,,,,,,
2020-10-06,0.993508,,,,,,
2020-10-07,0.974703,,,,,,
2020-10-08,0.958511,,,,,,
2020-10-09,0.944927,,,,,,
2020-10-10,0.933945,,,,,,
2020-10-11,0.925561,,,,,,
2020-10-12,0.915839,,,,,,
2020-10-13,0.904775,,,,,,
2020-10-14,0.892365,,,,,,
2020-10-15,0.878605,,,,,,
2020-10-16,0.863489,,,,,,
2020-10-17,0.847011,,,,,,
2020-10-18,0.829165,,,,,,
2020-10-19,0.810202,,,,,,
2020-10-20,0.790115,,,,,,
2020-10-21,0.768897,,,,,,
2020-10-22,0.74654,,,,,,
2020-10-23,0.723033,,,,,,
2020-10-24,0.69837,,,,,,
2020-10-25,0.672539,,,,,,
2020-10-26,0.646598,,,,,,
2020-10-27,0.620538,,,,,,
2020-10-28,0.594347,,,,,,
2020-10-29,0.568016,,,,,,
2020-10-30,0.541534,,,,,,
2020-10-31,0.514892,,,,,,
2020-11-01,0.48808,,,,,,
2020-11-02,0.460643,,,,,,
2020-11-03,0.432572,,,,,,
2020-11-04,0.403856,,,,,,
2020-11-05,0.374483,,,,,,
2020-11-06,0.344443,,,,,,
2020-11-07,0.313724,,,,,,
2020-11-08,0.282314,,,,,,
2020-11-09,0.251792,,,,,,
2020-11-10,0.222145,,,,,,
2020-11-11,0.193363,,,,,,
2020-11-12,0.165435,,,,,,
2020-11-13,0.138348,,,,,,
2020-11-14,0.112094,,,,,,
2020-11-15,0.0866626,,,,,,
2020-11-16,0.0644435,,,,,,
2020-11-17,0.0454286,,,,,,
2020-11-18,0.0296105,,,,,,
2020-11-19,0.0169832,,,,,,
2020-11-20,0.00754179,,,,,,
2020-11-21,0.00128263,,,,,,
2020-11-22,-0.00179668,,,,,,
2020-11-23,-0.00661022,,,,,,
2020-11-24,-0.0131598,,,,,,
2020-11-25,-0.021448,,,,,,
2020-11-26,-0.031478,,,,,,
2020-11-27,-0.0432537,,,,,,
2020-11-28,-0.0567796,,,,,,
2020-11-29,-0.0720608,,,,,,
2020-11-30,-0.0805767,,,,,,
2020-12-01,-0.0823306,,,,,,
2020-12-02,-0.077704,,,,,,
2020-12-03,-0.0666952,,,,,,
2020-12-04,-0.0493,,,,,,
2020-12-05,-0.0255115,,,,,,
2020-12-06,0.00467922,,,,,,
2020-12-07,0.0359546,,,,,,
2020-12-08,0.0683265,,,,,,
2020-12-09,0.101808,,,,,,
2020-12-10,0.136411,,,,,,
2020-12-11,0.172149,,,,,,
2020-12-12,0.209037,,,,,,
2020-12-13,0.247088,,,,,,
2020-12-14,0.282598,,,,,,
2020-12-15,0.315582,,,,,,
2020-12-16,0.346052,,,,,,
2020-12-17,0.37402,,,,,,
2020-12-18,0.399496,,,,,,
2020-12-19,0.42249,,,,,,
2020-12-20,0.443012,,,,,,
2020-12-21,0.462302,,,,,,
2020-12-22,0.480369,,,,,,
2020-12-23,0.497219,,,,,,
2020-12-24,0.512858,,,,,,
2020-12-25,0.527294,,,,,,
2020-12-26,0.54053,,,,,,
2020-12-27,0.552573,,,,,,
2020-12-28,0.566614,,,,,,
2020-12-29,0.582659,,,,,,
2020-12-30,0.600714,,,,,,
2020-12-31,0.620786,,,,,,
2021-01-01,0.642883,,,,,,
2021-01-02,0.66132,,,,,,
2021-01-03,0.676105,,,,,,
2021-01-04,0.689842,,,,,,
2021-01-05,0.702538,,,,,,
2021-01-06,0.714196,,,,,,
2021-01-07,0.724822,,,,,,
2021-01-08,0.73442,,,,,,
2021-01-09,0.742992,,,,,,
2021-01-10,0.750544,,,,,,
2021-01-11,0.751223,,,,,,
2021-01-12,0.745032,,,,,,
2021-01-13,0.731967,,,,,,
2021-01-14,0.712023,,,,,,
2021-01-15,0.685193,,,,,,
2021-01-16,0.651466,,,,,,
2021-01-17,0.610829,,,,,,
2021-01-18,0.563226,,,,,,
2021-01-19,0.508637,,,,,,
2021-01-20,0.447042,,,,,,
2021-01-21,0.378416,,,,,,
2021-01-22,0.302734,,,,,,
2021-01-23,0.219967,,,,,,
2021-01-24,0.130081,,,,,,
2021-01-25,0.0351139,,,,,,
2021-01-26,-0.0649716,,,,,,
2021-01-27,-0.170214,,,,,,
2021-01-28,-0.280654,,,,,,
2021-01-29,-0.396334,,,,,,
2021-01-30,-0.517298,,,,,,
2021-01-31,-0.643594,,,,,,
2021-02-01,-0.775133,,,,,,
2021-02-02,-0.894032,,,,,,
2021-02-03,-1.00034,,,,,,
2021-02-04,-1.09409,,,,,,
2021-02-05,-1.17532,,,,,,
2021-02-06,-1.24407,,,,,,
2021-02-07,-1.30036,,,,,,
2021-02-08,-1.34509,,,,,,
2021-02-09,-1.37829,,,,,,
2021-02-10,-1.39998,,,,,,
2021-02-11,-1.41014,,,,,,
2021-02-12,-1.4088,,,,,,
2021-02-13,-1.39596,,,,,,
2021-02-14,-1.37159,,,,,,
2021-02-15,-1.33973,,,,,,
2021-02-16,-1.30036,,,,,,
2021-02-17,-1.25346,,,,,,
2021-02-18,-1.19901,,,,,,
2021-02-19,-1.137,,,,,,
2021-02-20,-1.06741,,,,,,
2021-02-21,-0.990193,,,,,,
2021-02-22,-0.900817,,,,,,
2021-02-23,-0.799243,,,,,,
2021-02-24,-0.685433,,,,,,
2021-02-25,-0.559342,,,,,,
2021-02-26,-0.420923,,,,,,
2021-02-27,-0.270121,,,,,,
2021-02-28,-0.106879,,,,,,
2021-03-01,0.0684074,,,,,,
2021-03-02,0.235611,,,,,,
2021-03-03,0.394796,,,,,,
2021-03-04,0.546024,,,,,,
2021-03-05,0.689354,,,,,,
2021-03-06,0.824841,,,,,,
2021-03-07,0.952536,,,,,,
2021-03-08,1.07334,,,,,,
2021-03-09,1.18731,,,,,,
2021-03-10,1.29447,,,,,,
2021-03-11,1.39488,,,,,,
2021-03-12,1.48857,,,,,,
2021-03-13,1.57557,,,,,,
2021-03-14,1.65593,,,,,,
2021-03-15,1.72624,,,,,,
2021-03-16,1.78654,,,,,,
2021-03-17,1.83685,,,,,,
2021-03-18,1.87719,,,,,,
2021-03-19,1.90757,,,,,,
2021-03-20,1.92801,,,,,,
2021-03-21,1.93851,,,,,,
2021-03-22,1.94362,,,,,,
2021-03-23,1.94334,,,,,,
2021-03-24,1.93766,,,,,,
2021-03-25,1.9266,,,,,,
2021-03-26,1.91014,,,,,,
2021-03-27,1.88828,,,,,,
2021-03-28,1.861,,,,,,
2021-03-29,1.82635,,,,,,
2021-03-30,1.7843,,,,,,
2021-03-31,1.73485,,,,,,
2021-04-01,1.67796,,,,,,
2021-04-02,1.62341,,,,,,
2021-04-03,1.57115,,,,,,
2021-04-04,1.52118,,,,,,
2021-04-05,1.47068,,,,,,
2021-04-06,1.41964,,,,,,
2021-04-07,1.36803,,,,,,
2021-04-08,1.31585,,,,,,
2021-04-09,1.26306,,,,,,
2021-04-10,1.20964,,,,,,
2021-04-11,1.15558,,,,,,
2021-04-12,1.10382,,,,,,
2021-04-13,1.05433,,,,,,
2021-04-14,1.00711,,,,,,
2021-04-15,0.962121,,,,,,
2021-04-16,0.919357,,,,,,
2021-04-17,0.878799,,,,,,
2021-04-18,0.840431,,,,,,
2021-04-19,0.804784,,,,,,
2021-04-20,0.771845,,,,,,
2021-04-21,0.741601,,,,,,
2021-04-22,0.714039,,,,,,
2021-04-23,0.689151,,,,,,
2021-04-24,0.666925,,,,,,
2021-04-25,0.647354,,,,,,
2021-04-26,0.62751,,,,,,
2021-04-27,0.607385,,,,,,
2021-04-28,0.586973,,,,,,
2021-04-29,0.566265,,,,,,
2021-04-30,0.545252,,,,,,
2021-05-01,0.523928,,,,,,
2021-05-02,0.502367,,,,,,
2021-05-03,0.481999,,,,,,
2021-05-04,0.462819,,,,,,
2021-05-05,0.444817,,,,,,
2021-05-06,0.427987,,,,,,
2021-05-07,0.412323,,,,,,
2021-05-08,0.397819,,,,,,
2021-05-09,0.384469,,,,,,
2021-05-10,0.372051,,,,,,
2021-05-11,0.36056,,,,,,
2021-05-12,0.349991,,,,,,
2021-05-13,0.340342,,,,,,
2021-05-14,0.331608,,,,,,
2021-05-15,0.323785,,,,,,
2021-05-16,0.316871,,,,,,
2021-05-17,0.31087,,,,,,
2021-05-18,0.305781,,,,,,
2021-05-19,0.301602,,,,,,
2021-05-20,0.29833,,,,,,
2021-05-21,0.295965,,,,,,
2021-05-22,0.294506,,,,,,
2021-05-23,0.293952,,,,,,
2021-05-24,0.29481,,,,,,
2021-05-25,0.29708,,,,,,
2021-05-26,0.300763,,,,,,
2021-05-27,0.305861,,,,,,
2021-05-28,0.312375,,,,,,
2021-05-29,0.320309,,,,,,
2021-05-30,0.329665,,,,,,
2021-05-31,0.340751,,,,,,
2021-06-01,0.353571,,,,,,
2021-06-02,0.366431,,,,,,
2021-06-03,0.379336,,,,,,
2021-06-04,0.392291,,,,,,
2021-06-05,0.4053,,,,,,
2021-06-06,0.418369,,,,,,
2021-06-07,0.432178,,,,,,
2021-06-08,0.446731,,,,,,
2021-06-09,0.462035,,,,,,
2021-06-10,0.478095,,,,,,
2021-06-11,0.494918,,,,,,
2021-06-12,0.512509,,,,,,
2021-06-13,0.530876,,,,,,
2021-06-14,0.549423,,,,,,
2021-06-15,0.568156,,,,,,
2021-06-16,0.587084,,,,,,
2021-06-17,0.606213,,,,,,
2021-06-18,0.62555,,,,,,
2021-06-19,0.645104,,,,,,
2021-06-20,0.664881,,,,,,
2021-06-21,0.682926,,,,,,
2021-06-22,0.699247,,,,,,
2021-06-23,0.71385,,,,,,
2021-06-24,0.72674,,,,,,
2021-06-25,0.737923,,,,,,
2021-06-26,0.747402,,,,,,
2021-06-27,0.755181,,,,,,
2021-06-28,0.763363,,,,,,
2021-06-29,0.771951,,,,,,
2021-06-30,0.780947,,,,,,
2021-07-01,0.790355,,,,,,
2021-07-02,0.798271,,,,,,
2021-07-03,0.804697,,,,,,
2021-07-04,0.809635,,,,,,
2021-07-05,0.811789,,,,,,
2021-07-06,0.81116,,,,,,
2021-07-07,0.807749,,,,,,
2021-07-08,0.801552,,,,,,
2021-07-09,0.792569,,,,,,
2021-07-10,0.780795,,,,,,
2021-07-11,0.766227,,,,,,
2021-07-12,0.752395,,,,,,
2021-07-13,0.739294,,,,,,
2021-07-14,0.72692,,,,,,
2021-07-15,0.715267,,,,,,
2021-07-16,0.704332,,,,,,
2021-07-17,0.694109,,,,,,
2021-07-18,0.684595,,,,,,
2021-07-19,0.673327,,,,,,
2021-07-20,0.660298,,,,,,
2021-07-21,0.645506,,,,,,
2021-07-22,0.628943,,,,,,
2021-07-23,0.610604,,,,,,
2021-07-24,0.590481,,,,,,
2021-07-25,0.568567,,,,,,
2021-07-26,0.545141,,,,,,
2021-07-27,0.520194,,,,,,
2021-07-28,0.493716,,,,,,
2021-07-29,0.465697,,,,,,
2021-07-30,0.436127,,,,,,
2021-07-31,0.404994,,,,,,
2021-08-01,0.372286,,,,,,
2021-08-02,0.339773,,,,,,
2021-08-03,0.307442,,,,,,
2021-08-04,0.275283,,,,,,
2021-08-05,0.243281,,,,,,
2021-08-06,0.211424,,,,,,
2021-08-07,0.179701,,,,,,
2021-08-08,0.148099,,,,,,
2021-08-09,0.117767,,,,,,
2021-08-10,0.088693,,,,,,
2021-08-11,0.0608663,,,,,,
2021-08-12,0.0342759,,,,,,
2021-08-13,0.00891154,,,,,,
2021-08-14,-0.0152365,,,,,,
2021-08-15,-0.0381774,,,,,,
2021-08-16,-0.0606029,,,,,,
2021-08-17,-0.0825216,,,,,,
2021-08-18,-0.103942,,,,,,
2021-08-19,-0.124872,,,,,,
2021-08-20,-0.14532,,,,,,
2021-08-21,-0.165294,,,,,,
2021-08-22,-0.184801,,,,,,
2021-08-23,-0.20383,,,,,,
2021-08-24,-0.222387,,,,,,
2021-08-25,-0.240481,,,,,,
2021-08-26,-0.258117,,,,,,
2021-08-27,-0.275302,,,,,,
2021-08-28,-0.292044,,,,,,
2021-08-29,-0.308349,,,,,,
2021-08-30,-0.324602,,,,,,
2021-08-31,-0.34081,,,,,,
2021-09-01,-0.356979,,,,,,
2021-09-02,-0.371162,,,,,,
2021-09-03,-0.383366,,,,,,
2021-09-04,-0.393596,,,,,,
2021-09-05,-0.401854,,,,,,
2021-09-06,-0.407227,,,,,,
2021-09-07,-0.409717,,,,,,
2021-09-08,-0.409326,,,,,,
2021-09-09,-0.406052,,,,,,
2021-09-10,-0.399895,,,,,,
2021-09-11,-0.390853,,,,,,
2021-09-12,-0.378921,,,,,,
2021-09-13,-0.363317,,,,,,
2021-09-14,-0.344035,,,,,,
2021-09-15,-0.321067,,,,,,
2021-09-16,-0.294404,,,,,,
2021-09-17,-0.264037,,,,,,
2021-09-18,-0.229953,,,,,,
2021-09-19,-0.192139,,,,,,
2021-09-20,-0.151465,,,,,,
2021-09-21,-0.107915,,,,,,
2021-09-22,-0.061471,,,,,,
2021-09-23,-0.0121164,,,,,,
2021-09-24,0.0401681,,,,,,
2021-09-25,0.0954027,,,,,,
2021-09-26,0.153609,,,,,,
2021-09-27,0.212349,,,,,,
2021-09-28,0.271645,,,,,,
2021-09-29,0.33152,,,,,,
2021-09-30,0.391998,,,,,,
2021-10-01,0.453101,,,,,,
2021-10-02,0.510042,,,,,,
2021-10-03,0.562841,,,,,,
2021-10-04,0.612844,,,,,,
2021-10-05,0.660067,,,,,,
2021-10-06,0.704531,,,,,,
2021-10-07,0.746252,,,,,,
2021-10-08,0.785245,,,,,,
2021-10-09,0.821527,,,,,,
2021-10-10,0.855111,,,,,,
2021-10-11,0.887084,,,,,,
2021-10-12,0.91746,,,,,,
2021-10-13,0.94625,,,,,,
2021-10-14,0.973465,,,,,,
2021-10-15,0.999115,,,,,,
2021-10-16,1.02321,,,,,,
2021-10-17,1.04576,,,,,,
2021-10-18,1.06576,,,,,,
2021-10-19,1.08322,,,,,,
2021-10-20,1.09815,,,,,,
2021-10-21,1.11054,,,,,,
2021-10-22,1.12042,,,,,,
2021-10-23,1.12777,,,,,,
2021-10-24,1.1326,,,,,,
2021-10-25,1.13562,,,,,,
2021-10-26,1.13681,,,,,,
2021-10-27,1.13618,,,,,,
2021-10-28,1.13374,,,,,,
2021-10-29,1.12947,,,,,,
2021-10-30,1.12338,,,,,,
2021-10-31,1.11546,,,,,,
2021-11-01,1.10557,,,,,,
2021-11-02,1.09499,,,,,,
2021-11-03,1.08372,,,,,,
2021-11-04,1.07175,,,,,,
2021-11-05,1.05908,,,,,,
2021-11-06,1.04571,,,,,,
2021-11-07,1.03163,,,,,,
2021-11-08,1.01712,,,,,,
2021-11-09,1.00218,,,,,,
2021-11-10,0.986804,,,,,,
2021-11-11,0.970985,,,,,,
2021-11-12,0.954717,,,,,,
2021-11-13,0.937994,,,,,,
2021-11-14,0.92081,,,,,,
2021-11-15,0.902154,,,,,,
2021-11-16,0.882019,,,,,,
2021-11-17,0.860399,,,,,,
2021-11-18,0.837283,,,,,,
2021-11-19,0.812664,,,,,,
2021-11-20,0.786532,,,,,,
2021-11-21,0.758876,,,,,,
2021-11-22,0.730711,,,,,,
2021-11-23,0.702025,,,,,,
2021-11-24,0.672808,,,,,,
2021-11-25,0.643047,,,,,,
2021-11-26,0.612732,,,,,,
2021-11-27,0.58185,,,,,,
2021-11-28,0.550391,,,,,,
2021-11-29,0.517732,,,,,,
2021-11-30,0.483862,,,,,,
2021-12-01,0.448767,,,,,,
2021-12-02,0.413698,,,,,,
2021-12-03,0.378642,,,,,,
2021-12-04,0.343587,,,,,,
2021-12-05,0.308517,,,,,,
2021-12-06,0.274899,,,,,,
2021-12-07,0.24272,,,,,,
2021-12-08,0.211967,,,,,,
2021-12-09,0.182629,,,,,,
2021-12-10,0.154694,,,,,,
2021-12-11,0.128151,,,,,,
2021-12-12,0.102991,,,,,,
2021-12-13,0.0776369,,,,,,
2021-12-14,0.0520803,,,,,,
2021-12-15,0.0263109,,,,,,
2021-12-16,0.000318716,,,,,,
2021-12-17,-0.0259061,,,,,,
2021-12-18,-0.0523738,,,,,,
2021-12-19,-0.0790946,,,,,,
2021-12-20,-0.106252,,,,,,
2021-12-21,-0.133857,,,,,,
2021-12-22,-0.16192,,,,,,
2021-12-23,-0.190452,,,,,,
2021-12-24,-0.219464,,,,,,
2021-12-25,-0.248967,,,,,,
2021-12-26,-0.278972,,,,,,
2021-12-27,-0.307385,,,,,,
2021-12-28,-0.334218,,,,,,
2021-12-29,-0.359479,,,,,,
2021-12-30,-0.383181,,,,,,
2021-12-31,-0.40533,,,,,,
2022-01-01,-0.425936,,,,,,
2022-01-02,-0.44367,,,,,,
2022-01-03,-0.458877,,,,,,
2022-01-04,-0.471561,,,,,,
2022-01-05,-0.481727,,,,,,
2022-01-06,-0.489381,,,,,,
2022-01-07,-0.494524,,,,,,
2022-01-08,-0.497158,,,,,,
2022-01-09,-0.497286,,,,,,
2022-01-10,-0.496001,,,,,,
2022-01-11,-0.493302,,,,,,
2022-01-12,-0.48919,,,,,,
2022-01-13,-0.483662,,,,,,
2022-01-14,-0.476717,,,,,,
2022-01-15,-0.468351,,,,,,
2022-01-16,-0.458561,,,,,,
2022-01-17,-0.447519,,,,,,
2022-01-18,-0.43522,,,,,,
2022-01-19,-0.421659,,,,,,
2022-01-20,-0.406831,,,,,,
2022-01-21,-0.390731,,,,,,
2022-01-22,-0.373353,,,,,,
2022-01-23,-0.354688,,,,,,
2022-01-24,-0.334724,,,,,,
2022-01-25,-0.313453,,,,,,
2022-01-26,-0.290866,,,,,,
2022-01-27,-0.266955,,,,,,
2022-01-28,-0.241711,,,,,,
2022-01-29,-0.215123,,,,,,
2022-01-30,-0.187182,,,,,,
2022-01-31,-0.158491,,,,,,
2022-02-01,-0.129038,,,,,,
2022-02-02,-0.101891,,,,,,
2022-02-03,-0.0770375,,,,,,
2022-02-04,-0.0544693,,,,,,
2022-02-05,-0.0341775,,,,,,
2022-02-06,-0.0161541,,,,,,
2022-02-07,0.00156971,,,,,,
2022-02-08,0.0190008,,,,,,
2022-02-09,0.0361459,,,,,,
2022-02-10,0.0530116,,,,,,
2022-02-11,0.0696043,,,,,,
2022-02-12,0.0859306,,,,,,
2022-02-13,0.101997,,,,,,
2022-02-14,0.11637,,,,,,
2022-02-15,0.129055,,,,,,
2022-02-16,0.140058,,,,,,
2022-02-17,0.149382,,,,,,
2022-02-18,0.157032,,,,,,
2022-02-19,0.163009,,,,,,
2022-02-20,0.167317,,,,,,
2022-02-21,0.16977,,,,,,
2022-02-22,0.170368,,,,,,
2022-02-23,0.169112,,,,,,
2022-02-24,0.166002,,,,,,
2022-02-25,0.161036,,,,,,
2022-02-26,0.154212,,,,,,
2022-02-27,0.145528,,,,,,
2022-02-28,0.136122,,,,,,
2022-03-01,0.125991,,,,,,
2022-03-02,0.116534,,,,,,
2022-03-03,0.107747,,,,,,
2022-03-04,0.0996267,,,,,,
2022-03-05,0.0921699,,,,,,
2022-03-06,0.0853739,,,,,,
2022-03-07,0.0784826,,,,,,
2022-03-08,0.0714933,,,,,,
2022-03-09,0.0644034,,,,,,
2022-03-10,0.0572101,,,,,,
2022-03-11,0.0499107,,,,,,
2022-03-12,0.0425023,,,,,,
2022-03-13,0.0349821,,,,,,
2022-03-14,0.027156,,,,,,
2022-03-15,0.019021,,,,,,
2022-03-16,0.0105739,,,,,,
2022-03-17,0.00181154,,,,,,
2022-03-18,-0.0072695,,,,,,
2022-03-19,-0.0166727,,,,,,
2022-03-20,-0.0264017,,,,,,
2022-03-21,-0.0358065,,,,,,
2022-03-22,-0.0448905,,,,,,
2022-03-23,-0.0536574,,,,,,
2022-03-24,-0.0621105,,,,,,
2022-03-25,-0.0702531,,,,,,
2022-03-26,-0.0780882,,,,,,
2022-03-27,-0.085619,,,,,,
2022-03-28,-0.0930716,,,,,,
2022-03-29,-0.100449,,,,,,
2022-03-30,-0.107753,,,,,,
2022-03-31,-0.114988,,,,,,
2022-04-01,-0.122156,,,,,,
2022-04-02,-0.129509,,,,,,
2022-04-03,-0.137051,,,,,,
2022-04-04,-0.144743,,,,,,
2022-04-05,-0.152591,,,,,,
2022-04-06,-0.160595,,,,,,
2022-04-07,-0.16876,,,,,,
2022-04-08,-0.177088,,,,,,
2022-04-09,-0.185583,,,,,,
2022-04-10,-0.194248,,,,,,
2022-04-11,-0.20345,,,,,,
2022-04-12,-0.213192,,,,,,
2022-04-13,-0.223477,,,,,,
2022-04-14,-0.234311,,,,,,
2022-04-15,-0.245696,,,,,,
2022-04-16,-0.257638,,,,,,
2022-04-17,-0.270141,,,,,,
2022-04-18,-0.282914,,,,,,
2022-04-19,-0.29596,,,,,,
2022-04-20,-0.309286,,,,,,
2022-04-21,-0.322896,,,,,,
2022-04-22,-0.336795,,,,,,
2022-04-23,-0.35099,,,,,,
2022-04-24,-0.365485,,,,,,
2022-04-25,-0.379938,,,,,,
2022-04-26,-0.394355,,,,,,
2022-04-27,-0.408741,,,,,,
2022-04-28,-0.423101,,,,,,
2022-04-29,-0.437442,,,,,,
2022-04-30,-0.451769,,,,,,
2022-05-01,-0.466087,,,,,,
2022-05-02,-0.480269,,,,,,
2022-05-03,-0.494319,,,,,,
2022-05-04,-0.508244,,,,,,
2022-05-05,-0.522048,,,,,,
2022-05-06,-0.535738,,,,,,
2022-05-07,-0.549317,,,,,,
2022-05-08,-0.562792,,,,,,
2022-05-09,-0.574805,,,,,,
2022-05-10,-0.585359,,,,,,
2022-05-11,-0.59446,,,,,,
2022-05-12,-0.60211,,,,,,
2022-05-13,-0.608313,,,,,,
2022-05-14,-0.613071,,,,,,
2022-05-15,-0.616386,,,,,,
2022-05-16,-0.619586,,,,,,
2022-05-17,-0.62267,,,,,,
2022-05-18,-0.625642,,,,,,
2022-05-19,-0.628501,,,,,,
2022-05-20,-0.63125,,,,,,
2022-05-21,-0.633888,,,,,,
2022-05-22,-0.636417,,,,,,
2022-05-23,-0.63881,,,,,,
2022-05-24,-0.641067,,,,,,
2022-05-25,-0.643189,,,,,,
2022-05-26,-0.645176,,,,,,
2022-05-27,-0.64703,,,,,,
2022-05-28,-0.648752,,,,,,
2022-05-29,-0.650342,,,,,,
2022-05-30,-0.650693,,,,,,
2022-05-31,-0.649808,,,,,,
2022-06-01,-0.647684,,,,,,
2022-06-02,-0.64394,,,,,,
2022-06-03,-0.638575,,,,,,
2022-06-04,-0.631586,,,,,,
2022-06-05,-0.622971,,,,,,
2022-06-06,-0.613375,,,,,,
2022-06-07,-0.602795,,,,,,
2022-06-08,-0.591227,,,,,,
2022-06-09,-0.578665,,,,,,
2022-06-10,-0.565106,,,,,,
2022-06-11,-0.550544,,,,,,
2022-06-12,-0.534974,,,,,,
2022-06-13,-0.518243,,,,,,
2022-06-14,-0.500345,,,,,,
2022-06-15,-0.481273,,,,,,
2022-06-16,-0.46102,,,,,,
2022-06-17,-0.439578,,,,,,
2022-06-18,-0.416939,,,,,,
2022-06-19,-0.393093,,,,,,
2022-06-20,-0.368236,,,,,,
2022-06-21,-0.342355,,,,,,
2022-06-22,-0.315443,,,,,,
2022-06-23,-0.287487,,,,,,
2022-06-24,-0.258478,,,,,,
2022-06-25,-0.228405,,,,,,
2022-06-26,-0.197255,,,,,,
2022-06-27,-0.164816,,,,,,
2022-06-28,-0.131076,,,,,,
2022-06-29,-0.0960203,,,,,,
2022-06-30,-0.0596366,,,,,,
2022-07-01,-0.0219107,,,,,,
2022-07-02,0.014096,,,,,,
2022-07-03,0.0483973,,,,,,
2022-07-04,0.0810793,,,,,,
2022-07-05,0.112155,,,,,,
2022-07-06,0.141635,,,,,,
2022-07-07,0.169532,,,,,,
2022-07-08,0.195857,,,,,,
2022-07-09,0.220618,,,,,,
2022-07-10,0.243827,,,,,,
2022-07-11,0.265469,,,,,,
2022-07-12,0.285551,,,,,,
2022-07-13,0.304081,,,,,,
2022-07-14,0.321067,,,,,,
2022-07-15,0.336515,,,,,,
2022-07-16,0.350431,,,,,,
2022-07-17,0.36282,,,,,,
2022-07-18,0.373834,,,,,,
2022-07-19,0.383475,,,,,,
2022-07-20,0.391748,,,,,,
2022-07-21,0.398656,,,,,,
2022-07-22,0.404202,,,,,,
2022-07-23,0.408388,,,,,,
2022-07-24,0.411215,,,,,,
2022-07-25,0.412871,,,,,,
2022-07-26,0.413356,,,,,,
2022-07-27,0.41267,,,,,,
2022-07-28,0.410814,,,,,,
2022-07-29,0.407787,,,,,,
2022-07-30,0.403587,,,,,,
2022-07-31,0.398212,,,,,,
2022-08-01,0.39095,,,,,,
2022-08-02,0.383676,,,,,,
2022-08-03,0.376388,,,,,,
2022-08-04,0.369081,,,,,,
2022-08-05,0.361754,,,,,,
2022-08-06,0.354403,,,,,,
2022-08-07,0.347027,,,,,,
2022-08-08,0.339919,,,,,,
2022-08-09,0.333078,,,,,,
2022-08-10,0.326501,,,,,,
2022-08-11,0.320186,,,,,,
2022-08-12,0.314129,,,,,,
2022-08-13,0.308329,,,,,,
2022-08-14,0.302784,,,,,,
2022-08-15,0.29735,,,,,,
2022-08-16,0.292027,,,,,,
2022-08-17,0.286812,,,,,,
2022-08-18,0.281703,,,,,,
2022-08-19,0.276697,,,,,,
2022-08-20,0.271794,,,,,,
2022-08-21,0.266991,,,,,,
2022-08-22,0.262189,,,,,,
2022-08-23,0.257384,,,,,,
2022-08-24,0.252577,,,,,,
2022-08-25,0.247763,,,,,,
2022-08-26,0.242943,,,,,,
2022-08-27,0.238113,,,,,,
2022-08-28,0.233273,,,,,,
2022-08-29,0.228454,,,,,,
2022-08-30,0.223653,,,,,,
2022-08-31,0.218871,,,,,,
2022-09-01,0.214103,,,,,,
2022-09-02,0.209054,,,,,,
2022-09-03,0.203722,,,,,,
2022-09-04,0.198103,,,,,,
2022-09-05,0.192051,,,,,,
2022-09-06,0.185564,,,,,,
2022-09-07,0.17864,,,,,,
2022-09-08,0.171275,,,,,,
2022-09-09,0.163467,,,,,,
2022-09-10,0.155212,,,,,,
2022-09-11,0.146509,,,,,,
2022-09-12,0.137918,,,,,,
2022-09-13,0.129438,,,,,,
2022-09-14,0.121065,,,,,,
2022-09-15,0.112795,,,,,,
2022-09-16,0.104626,,,,,,
2022-09-17,0.096554,,,,,,
2022-09-18,0.0885763,,,,,,
2022-09-19,0.0797927,,,,,,
2022-09-20,0.0702,,,,,,
2022-09-21,0.0597943,,,,,,
2022-09-22,0.0485718,,,,,,
2022-09-23,0.036528,,,,,,
2022-09-24,0.0236583,,,,,,
2022-09-25,0.00995775,,,,,,
2022-09-26,-0.00317342,,,,,,
2022-09-27,-0.0157403,,,,,,
2022-09-28,-0.0277477,,,,,,
2022-09-29,-0.0392003,,,,,,
2022-09-30,-0.0501024,,,,,,
2022-10-01,-0.0604584,,,,,,
2022-10-02,-0.0702356,,,,,,
2022-10-03,-0.0800533,,,,,,
2022-10-04,-0.0899153,,,,,,
2022-10-05,-0.0998255,,,,,,
2022-10-06,-0.109788,,,,,,
2022-10-07,-0.119806,,,,,,
2022-10-08,-0.129883,,,,,,
2022-10-09,-0.140024,,,,,,
2022-10-10,-0.150686,,,,,,
2022-10-11,-0.161871,,,,,,
2022-10-12,-0.173586,,,,,,
2022-10-13,-0.185834,,,,,,
2022-10-14,-0.198619,,,,,,
2022-10-15,-0.211948,,,,,,
2022-10-16,-0.225825,,,,,,
2022-10-17,-0.239916,,,,,,
2022-10-18,-0.254227,,,,,,
2022-10-19,-0.268762,,,,,,
2022-10-20,-0.283529,,,,,,
2022-10-21,-0.298532,,,,,,
2022-10-22,-0.313778,,,,,,
2022-10-23,-0.329272,,,,,,
2022-10-24,-0.345031,,,,,,
2022-10-25,-0.361062,,,,,,
2022-10-26,-0.377371,,,,,,
2022-10-27,-0.393964,,,,,,
2022-10-28,-0.410847,,,,,,
2022-10-29,-0.428027,,,,,,
2022-10-30,-0.445511,,,,,,
2022-10-31,-0.463273,,,,,,
2022-11-01,-0.481321,,,,,,
2022-11-02,-0.498968,,,,,,
2022-11-03,-0.516223,,,,,,
2022-11-04,-0.533091,,,,,,
2022-11-05,-0.549579,,,,,,
2022-11-06,-0.565694,,,,,,
2022-11-07,-0.581363,,,,,,
2022-11-08,-0.596591,,,,,,
2022-11-09,-0.611385,,,,,,
2022-11-10,-0.625751,,,,,,
2022-11-11,-0.639693,,,,,,
2022-11-12,-0.653218,,,,,,
2022-11-13,-0.666331,,,,,,
2022-11-14,-0.678728,,,,,,
2022-11-15,-0.690415,,,,,,
2022-11-16,-0.701396,,,,,,
2022-11-17,-0.711675,,,,,,
2022-11-18,-0.721257,,,,,,
2022-11-19,-0.730144,,,,,,
2022-11-20,-0.738342,,,,,,
2022-11-21,-0.746786,,,,,,
2022-11-22,-0.755482,,,,,,
2022-11-23,-0.764432,,,,,,
2022-11-24,-0.773639,,,,,,
2022-11-25,-0.783108,,,,,,
2022-11-26,-0.792841,,,,,,
2022-11-27,-0.802843,,,,,,
2022-11-28,-0.812644,,,,,,
2022-11-29,-0.822248,,,,,,
2022-11-30,-0.831659,,,,,,
2022-12-01,-0.84088,,,,,,
2022-12-02,-0.847988,,,,,,
2022-12-03,-0.852985,,,,,,
2022-12-04,-0.855874,,,,,,
2022-12-05,-0.856657,,,,,,
2022-12-06,-0.855334,,,,,,
2022-12-07,-0.851905,,,,,,
2022-12-08,-0.846367,,,,,,
2022-12-09,-0.83872,,,,,,
2022-12-10,-0.82896,,,,,,
2022-12-11,-0.817083,,,,,,
2022-12-12,-0.803119,,,,,,
2022-12-13,-0.787062,,,,,,
2022-12-14,-0.768906,,,,,,
2022-12-15,-0.748644,,,,,,
2022-12-16,-0.726269,,,,,,
2022-12-17,-0.701772,,,,,,
2022-12-18,-0.675143,,,,,,
2022-12-19,-0.646529,,,,,,
2022-12-20,-0.615921,,,,,,
2022-12-21,-0.583305,,,,,,
2022-12-22,-0.548669,,,,,,
2022-12-23,-0.512001,,,,,,
2022-12-24,-0.473285,,,,,,
2022-12-25,-0.432507,,,,,,
2022-12-26,-0.389623,,,,,,
2022-12-27,-0.344616,,,,,,
2022-12-28,-0.297469,,,,,,
2022-12-29,-0.248163,,,,,,
2022-12-30,-0.196681,,,,,,
2022-12-31,-0.143001,,,,,,
2023-01-01,-0.0871031,,,,,,
2023-01-02,-0.0340614,,,,,,
2023-01-03,0.0161447,,,,,,
2023-01-04,0.0635347,,,,,,
2023-01-05,0.108127,,,,,,
2023-01-06,0.149938,,,,,,
2023-01-07,0.188985,,,,,,
2023-01-08,0.225282,,,,,,
2023-01-09,0.258519,,,,,,
2023-01-10,0.288709,,,,,,
2023-01-11,0.315863,,,,,,
2023-01-12,0.339992,,,,,,
2023-01-13,0.361106,,,,,,
2023-01-14,0.379211,,,,,,
2023-01-15,0.394317,,,,,,
2023-01-16,0.406569,,,,,,
2023-01-17,0.415973,,,,,,
2023-01-18,0.422533,,,,,,
2023-01-19,0.426251,,,,,,
2023-01-20,0.427128,,,,,,
2023-01-21,0.425165,,,,,,
2023-01-22,0.420362,,,,,,
2023-01-23,0.412621,,,,,,
2023-01-24,0.401939,,,,,,
2023-01-25,0.388313,,,,,,
2023-01-26,0.371737,,,,,,
2023-01-27,0.352205,,,,,,
2023-01-28,0.329709,,,,,,
2023-01-29,0.304241,,,,,,
2023-01-30,0.276573,,,,,,
2023-01-31,0.246696,,,,,,
2023-02-01,0.214598,,,,,,
2023-02-02,0.183861,,,,,,
2023-02-03,0.154474,,,,,,
2023-02-04,0.126425,,,,,,
2023-02-05,0.0997042,,,,,,
2023-02-06,0.0737589,,,,,,
2023-02-07,0.0485791,,,,,,
2023-02-08,0.0241553,,,,,,
2023-02-09,0.000477918,,,,,,
2023-02-10,-0.0224621,,,,,,
2023-02-11,-0.0446736,,,,,,
2023-02-12,-0.0661652,,,,,,
2023-02-13,-0.0871831,,,,,,
2023-02-14,-0.107735,,,,,,
2023-02-15,-0.12783,,,,,,
2023-02-16,-0.147475,,,,,,
2023-02-17,-0.166678,,,,,,
2023-02-18,-0.185445,,,,,,
2023-02-19,-0.203785,,,,,,
2023-02-20,-0.221946,,,,,,
2023-02-21,-0.239934,,,,,,
2023-02-22,-0.257757,,,,,,
2023-02-23,-0.275421,,,,,,
2023-02-24,-0.292934,,,,,,
2023-02-25,-0.310302,,,,,,
2023-02-26,-0.327531,,,,,,
2023-02-27,-0.343486,,,,,,
2023-02-28,-0.358172,,,,,,
2023-03-01,-0.371595,,,,,,
2023-03-02,-0.383332,,,,,,
2023-03-03,-0.393386,,,,,,
2023-03-04,-0.401763,,,,,,
2023-03-05,-0.408464,,,,,,
2023-03-06,-0.414597,,,,,,
2023-03-07,-0.420164,,,,,,
2023-03-08,-0.425166,,,,,,
2023-03-09,-0.429606,,,,,,
2023-03-10,-0.433486,,,,,,
2023-03-11,-0.436806,,,,,,
2023-03-12,-0.439569,,,,,,
2023-03-13,-0.441202,,,,,,
2023-03-14,-0.441705,,,,,,
2023-03-15,-0.44108,,,,,,
2023-03-16,-0.439324,,,,,,
2023-03-17,-0.436439,,,,,,
2023-03-18,-0.432422,,,,,,
2023-03-19,-0.427273,,,,,,
2023-03-20,-0.421111,,,,,,
2023-03-21,-0.413934,,,,,,
2023-03-22,-0.405739,,,,,,
2023-03-23,-0.396523,,,,,,
2023-03-24,-0.386282,,,,,,
2023-03-25,-0.375013,,,,,,
2023-03-26,-0.362711,,,,,,
2023-03-27,-0.350254,,,,,,
2023-03-28,-0.337635,,,,,,
2023-03-29,-0.324852,,,,,,
2023-03-30,-0.311897,,,,,,
2023-03-31,-0.298767,,,,,,
2023-04-01,-0.285457,,,,,,
2023-04-02,-0.273292,,,,,,
2023-04-03,-0.261382,,,,,,
2023-04-04,-0.249721,,,,,,
2023-04-05,-0.238305,,,,,,
2023-04-06,-0.22713,,,,,,
2023-04-07,-0.216191,,,,,,
2023-04-08,-0.205485,,,,,,
2023-04-09,-0.195006,,,,,,
2023-04-10,-0.184739,,,,,,
2023-04-11,-0.174678,,,,,,
2023-04-12,-0.164821,,,,,,
2023-04-13,-0.155162,,,,,,
2023-04-14,-0.1457,,,,,,
2023-04-15,-0.136429,,,,,,
2023-04-16,-0.127346,,,,,,
2023-04-17,-0.119288,,,,,,
2023-04-18,-0.112251,,,,,,
2023-04-19,-0.106232,,,,,,
2023-04-20,-0.101229,,,,,,
2023-04-21,-0.0972408,,,,,,
2023-04-22,-0.094265,,,,,,
2023-04-23,-0.0923007,,,,,,
2023-04-24,-0.0904667,,,,,,
2023-04-25,-0.0887624,,,,,,
2023-04-26,-0.0871869,,,,,,
2023-04-27,-0.0857399,,,,,,
2023-04-28,-0.0844206,,,,,,
2023-04-29,-0.0832287,,,,,,
2023-04-30,-0.0821635,,,,,,
2023-05-01,-0.0809495,,,,,,
2023-05-02,-0.0801209,,,,,,
2023-05-03,-0.0796773,,,,,,
2023-05-04,-0.0796186,,,,,,
2023-05-05,-0.0799447,,,,,,
2023-05-06,-0.0806558,,,,,,
2023-05-07,-0.0817522,,,,,,
2023-05-08,-0.0837153,,,,,,
2023-05-09,-0.0865459,,,,,,
2023-05-10,-0.090245,,,,,,
2023-05-11,-0.0948142,,,,,,
2023-05-12,-0.100255,,,,,,
2023-05-13,-0.10657,,,,,,
2023-05-14,-0.113761,,,,,,
2023-05-15,-0.121747,,,,,,
2023-05-16,-0.130532,,,,,,
2023-05-17,-0.140118,,,,,,
2023-05-18,-0.15051,,,,,,
2023-05-19,-0.161711,,,,,,
2023-05-20,-0.173726,,,,,,
2023-05-21,-0.186559,,,,,,
2023-05-22,-0.200135,,,,,,
2023-05-23,-0.214457,,,,,,
2023-05-24,-0.229531,,,,,,
2023-05-25,-0.245364,,,,,,
2023-05-26,-0.261962,,,,,,
2023-05-27,-0.27933,,,,,,
2023-05-28,-0.297476,,,,,,
2023-05-29,-0.31552,,,,,,
2023-05-30,-0.333469,,,,,,
2023-05-31,-0.35133,,,,,,
2023-06-01,-0.36911,,,,,,
2023-06-02,-0.384044,,,,,,
2023-06-03,-0.396137,,,,,,
2023-06-04,-0.405394,,,,,,
2023-06-05,-0.41265,,,,,,
2023-06-06,-0.417907,,,,,,
2023-06-07,-0.421167,,,,,,
2023-06-08,-0.422432,,,,,,
2023-06-09,-0.421702,,,,,,
2023-06-10,-0.418976,,,,,,
2023-06-11,-0.414254,,,,,,
2023-06-12,-0.407704,,,,,,
2023-06-13,-0.399322,,,,,,
2023-06-14,-0.389106,,,,,,
2023-06-15,-0.377051,,,,,,
2023-06-16,-0.363154,,,,,,
2023-06-17,-0.347409,,,,,,
2023-06-18,-0.329809,,,,,,
2023-06-19,-0.311408,,,,,,
2023-06-20,-0.292199,,,,,,
2023-06-21,-0.272174,,,,,,
2023-06-22,-0.251326,,,,,,
2023-06-23,-0.229647,,,,,,
2023-06-24,-0.207128,,,,,,
2023-06-25,-0.183761,,,,,,
2023-06-26,-0.158065,,,,,,
2023-06-27,-0.130031,,,,,,
2023-06-28,-0.0996483,,,,,,
2023-06-29,-0.0669045,,,,,,
2023-06-30,-0.0317873,,,,,,
2023-07-01,0.00571686,,,,,,
2023-07-02,0.0417332,,,,,,
2023-07-03,0.075149,,,,,,
2023-07-04,0.105977,,,,,,
2023-07-05,0.13423,,,,,,
2023-07-06,0.159917,,,,,,
2023-07-07,0.18305,,,,,,
2023-07-08,0.203636,,,,,,
2023-07-09,0.221685,,,,,,
2023-07-10,0.23787,,,,,,
2023-07-11,0.252199,,,,,,
2023-07-12,0.264677,,,,,,
2023-07-13,0.275308,,,,,,
2023-07-14,0.284097,,,,,,
2023-07-15,0.291048,,,,,,
2023-07-16,0.296162,,,,,,
2023-07-17,0.299489,,,,,,
2023-07-18,0.301032,,,,,,
2023-07-19,0.30079,,,,,,
2023-07-20,0.298763,,,,,,
2023-07-21,0.294951,,,,,,
2023-07-22,0.289352,,,,,,
2023-07-23,0.281964,,,,,,
2023-07-24,0.273182,,,,,,
2023-07-25,0.263001,,,,,,
2023-07-26,0.251419,,,,,,
2023-07-27,0.23843,,,,,,
2023-07-28,0.22403,,,,,,
2023-07-29,0.208213,,,,,,
2023-07-30,0.190973,,,,,,
2023-07-31,0.172704,,,,,,
2023-08-01,0.1534,,,,,,
2023-08-02,0.13594,,,,,,
2023-08-03,0.120319,,,,,,
2023-08-04,0.10653,,,,,,
2023-08-05,0.0945674,,,,,,
2023-08-06,0.0844274,,,,,,
2023-08-07,0.0748638,,,,,,
2023-08-08,0.0658729,,,,,,
2023-08-09,0.0574513,,,,,,
2023-08-10,0.0495955,,,,,,
2023-08-11,0.0423027,,,,,,
2023-08-12,0.0355701,,,,,,
2023-08-13,0.029395,,,,,,
2023-08-14,0.0238928,,,,,,
2023-08-15,0.0190615,,,,,,
2023-08-16,0.0148991,,,,,,
2023-08-17,0.0114041,,,,,,
2023-08-18,0.00857505,,,,,,
2023-08-19,0.00641097,,,,,,
2023-08-20,0.00491098,,,,,,
2023-08-21,0.00406515,,,,,,
2023-08-22,0.00387313,,,,,,
2023-08-23,0.00433486,,,,,,
2023-08-24,0.00545052,,,,,,
2023-08-25,0.00722053,,,,,,
2023-08-26,0.00964559,,,,,,
2023-08-27,0.0127266,,,,,,
2023-08-28,0.0165039,,,,,,
2023-08-29,0.020979,,,,,,
2023-08-30,0.0261536,,,,,,
2023-08-31,0.0320296,,,,,,
2023-09-01,0.0386094,,,,,,
2023-09-02,0.0440484,,,,,,
2023-09-03,0.0483489,,,,,,
2023-09-04,0.0517324,,,,,,
2023-09-05,0.0542002,,,,,,
2023-09-06,0.0557533,,,,,,
2023-09-07,0.0563922,,,,,,
2023-09-08,0.0561173,,,,,,
2023-09-09,0.0549283,,,,,,
2023-09-10,0.052825,,,,,,
2023-09-11,0.0490865,,,,,,
2023-09-12,0.0437113,,,,,,
2023-09-13,0.0366976,,,,,,
2023-09-14,0.0280424,,,,,,
2023-09-15,0.0177425,,,,,,
2023-09-16,0.00579401,,,,,,
2023-09-17,-0.00780781,,,,,,
2023-09-18,-0.0222027,,,,,,
2023-09-19,-0.0373962,,,,,,
2023-09-20,-0.0533941,,,,,,
2023-09-21,-0.0702027,,,,,,
2023-09-22,-0.0878284,,,,,,
2023-09-23,-0.106278,,,,,,
2023-09-24,-0.125559,,,,,,
2023-09-25,-0.14569,,,,,,
2023-09-26,-0.166679,,,,,,
2023-09-27,-0.188535,,,,,,
2023-09-28,-0.211266,,,,,,
2023-09-29,-0.234881,,,,,,
2023-09-30,-0.259388,,,,,,
2023-10-01,-0.284797,,,,,,
2023-10-02,-0.308707,,,,,,
2023-10-03,-0.331125,,,,,,
2023-10-04,-0.352062,,,,,,
2023-10-05,-0.371525,,,,,,
2023-10-06,-0.389521,,,,,,
2023-10-07,-0.406057,,,,,,
2023-10-08,-0.42114,,,,,,
2023-10-09,-0.434973,,,,,,
2023-10-10,-0.447562,,,,,,
2023-10-11,-0.45891,,,,,,
2023-10-12,-0.469023,,,,,,
2023-10-13,-0.477905,,,,,,
2023-10-14,-0.485558,,,,,,
2023-10-15,-0.491986,,,,,,
2023-10-16,-0.49631,,,,,,
2023-10-17,-0.498533,,,,,,
2023-10-18,-0.498655,,,,,,
2023-10-19,-0.496676,,,,,,
2023-10-20,-0.492596,,,,,,
2023-10-21,-0.486412,,,,,,
2023-10-22,-0.478123,,,,,,
2023-10-23,-0.468064,,,,,,
2023-10-24,-0.456232,,,,,,
2023-10-25,-0.442621,,,,,,
2023-10-26,-0.427227,,,,,,
2023-10-27,-0.410044,,,,,,
2023-10-28,-0.391065,,,,,,
2023-10-29,-0.370282,,,,,,
2023-10-30,-0.347803,,,,,,
2023-10-31,-0.323618,,,,,,
2023-11-01,-0.297718,,,,,,
2023-11-02,-0.272885,,,,,,
2023-11-03,-0.249108,,,,,,
2023-11-04,-0.226378,,,,,,
2023-11-05,-0.204686,,,,,,
2023-11-06,-0.183469,,,,,,
2023-11-07,-0.162719,,,,,,
2023-11-08,-0.142428,,,,,,
2023-11-09,-0.122588,,,,,,
2023-11-10,-0.103191,,,,,,
2023-11-11,-0.0842295,,,,,,
2023-11-12,-0.0656967,,,,,,
2023-11-13,-0.0487662,,,,,,
2023-11-14,-0.0334315,,,,,,
2023-11-15,-0.0196866,,,,,,
2023-11-16,-0.00752635,,,,,,
2023-11-17,0.00305403,,,,,,
2023-11-18,0.0120586,,,,,,
2023-11-19,0.0194908,,,,,,
2023-11-20,0.0260143,,,,,,
2023-11-21,0.0316317,,,,,,
2023-11-22,0.036345,,,,,,
2023-11-23,0.0401562,,,,,,
2023-11-24,0.0430666,,,,,,
2023-11-25,0.0450775,,,,,,
2023-11-26,0.0461894,,,,,,
2023-11-27,0.0465384,,,,,,
2023-11-28,0.0461244,,,,,,
2023-11-29,0.0449474,,,,,,
2023-11-30,0.0430068,,,,,,
2023-12-01,0.0403019,,,,,,
2023-12-02,0.0369492,,,,,,
2023-12-03,0.0329474,,,,,,
2023-12-04,0.0276678,,,,,,
2023-12-05,0.0211083,,,,,,
2023-12-06,0.0132665,,,,,,
2023-12-07,0.00413931,,,,,,
2023-12-08,-0.00627677,,,,,,
2023-12-09,-0.0179858,,,,,,
2023-12-10,-0.0309922,,,,,,
2023-12-11,-0.0447418,,,,,,
2023-12-12,-0.0592399,,,,,,
2023-12-13,-0.0744921,,,,,,
2023-12-14,-0.0905043,,,,,,
2023-12-15,-0.107283,,,,,,
2023-12-16,-0.124833,,,,,,
2023-12-17,-0.143164,,,,,,
2023-12-18,-0.162114,,,,,,
2023-12-19,-0.181691,,,,,,
2023-12-20,-0.201902,,,,,,
2023-12-21,-0.222756,,,,,,
2023-12-22,-0.244261,,,,,,
2023-12-23,-0.266424,,,,,,
2023-12-24,-0.289254,,,,,,
2023-12-25,-0.313713,,,,,,
2023-12-26,-0.33981,,,,,,
2023-12-27,-0.367555,,,,,,
2023-12-28,-0.39696,,,,,,
2023-12-29,-0.428034,,,,,,
2023-12-30,-0.46079,,,,,,
2023-12-31,-0.495241,,,,,,
,,,,,,,
,,,,,,,
,,,,,,,
,,,,,,,
,,,,,,,
,,,,,,,
,,,,,,,
,,,,,,,
,,,,,,,
,,,,,,,
,,,,,,,
,,,,,,,
,,,,,,,
,,,,,,,
,,,,,,,
,,,,,,,
,,,,,,,
,,,,,,,
,,,,,,,
,,,,,,,
,,,,,,,
,,,,,,,
,,,,,,,
,,,,,,,
,,,,,,,
,,,,,,,
,,,,,,,
,,,,,,,
,,,,,,,
,,,,,,,
,,,,,,,
,,,,,,,
,,,,,,,
,,,,,,,
,,,,,,,
,,,,,,,
,,,,,,,
,,,,,,,
,,,,,,,
,,,,,,,
,,,,,,,
,,,,,,,
,,,,,,,
,,,,,,,
,,,,,,,
,,,,,,,
,,,,,,,
,,,,,,,
,,,,,,,
,,,,,,,
,,,,,,,
,,,,,,,
,,,,,,,
,,,,,,,
,,,,,,,
,,,,,,,
,,,,,,,
,,,,,,,
,,,,,,,
,,,,,,,
,,,,,,,
,,,,,,,
,,,,,,,
,,,,,,,
,,,,,,,
,,,,,,,
,,,,,,,
,,,,,,,
,,,,,,,
,,,,,,,
,,,,,,,
,,,,,,,
,,,,,,,
,,,,,,,
,,,,,,,
,,,,,,,
,,,,,,,
,,,,,,,
,,,,,,,
,,,,,,,
,,,,,,,
,,,,,,,
,,,,,,,
,,,,,,,
,,,,,,,
,,,,,,,
,,,,,,,
,,,,,,,
,,,,,,,
,,,,,,,
,,,,,,,
,,,,,,,
,,,,,,,
,,,,,,,
,,,,,,,
,,,,,,,
,,,,,,,
,,,,,,,
,,,,,,,
,,,,,,,
,,,,,,,
,,,,,,,
,,,,,,,
,,,,,,,
,,,,,,,
,,,,,,,
,,,,,,,
,,,,,,,
,,,,,,,
,,,,,,,
,,,,,,,
,,,,,,,
,,,,,,,
,,,,,,,
,,,,,,,
,,,,,,,
,,,,,,,
,,,,,,,
,,,,,,,
,,,,,,,
,,,,,,,
,,,,,,,
,,,,,,,
,,,,,,,
,,,,,,,
,,,,,,,
,,,,,,,
,,,,,,,
,,,,,,,
,,,,,,,
,,,,,,,
,,,,,,,
,,,,,,,
,,,,,,,
,,,,,,,
,,,,,,,
,,,,,,,
,,,,,,,
,,,,,,,
,,,,,,,
,,,,,,,
,,,,,,,
,,,,,,,
,,,,,,,
,,,,,,,
,,,,,,,
