Date,ADS_Change,EPU_Change,Stringency_Change,Rolling_Avg_Change_in_DCC,% FTSE100 Change,Previous % FTSE100 Change,Next % FTSE100 Change,% FTSE250 Change,Previous % FTSE250 Change,Next % FTSE250 Change,% FTSEAIM Change,Previous % FTSEAIM Change,Next % FTSEAIM Change,% FTSEAllShare Change,Previous % FTSEAllShare Change,Next % FTSEAllShare Change,% FTSESmallCap Change,Previous % FTSESmallCap Change,Next % FTSESmallCap Change,% MSCI Change,Previous % MSCI Change,Next % MSCI Change,% MSCIUK Change,Previous % MSCIUK Change,Next % MSCIUK Change,% GILT2 Change,Previous % GILT2 Change,Next % GILT2 Change,Close,Vix Close,TED,Previous TED,TED_Change,SWAV,SWAV_lagged,Change in SWAV,% Barc Change,Previous % Barc Change,Next % Barc Change,% Voda Change,Previous % Voda Change,Next % Voda Change,% BP Change,Previous % BP Change,Next % BP Change,% Glen Change,Previous % Glen Change,Next % Glen Change,% LLoyds Change,Previous % LLoyds Change,Next % LLoyds Change,festive
2017-01-20,-0.1179123,67.69999999999993,0.0,0.0,-1.9,1.77,-0.19,-1.2,0.17,0.22,-0.04,1.26,0.87,-1.74,1.49,-0.13,-0.42,0.92,-0.34,-0.31,0.29,1.16,-0.51,0.67,1.32,4.89,-13.21,-17.62,11.54,11.54,0.55,0.5,0.05,0.5423589951272529,0.5342361646422114,0.0081228304850415,-3.34,0.0,1.41,-4.03,1.59,-6.16,-3.79,0.68,-2.32,0.52,9.79,2.83,-1.48,0.21,1.24,1
2017-01-27,-0.095381,-311.04,0.0,0.0,-0.19,-1.9,0.05,0.22,-1.2,1.21,0.87,-0.04,1.41,-0.13,-1.74,0.26,-0.34,-0.42,0.72,1.16,-0.31,0.12,1.32,-0.51,-0.25,-17.62,4.89,-33.96,10.58,10.58,0.53,0.55,-0.02,0.5391225513100576,0.5423589951272529,-0.0032364438171953,1.41,-3.34,-0.76,-6.16,-4.03,0.39,-2.32,-3.79,-1.68,2.83,0.52,-5.45,1.24,-1.48,-0.03,1
2017-02-03,-0.100673,338.59000000000003,0.0,0.0,0.05,-0.19,0.98,1.21,0.22,1.65,1.41,0.87,0.78,0.26,-0.13,1.09,0.72,-0.34,1.1,0.12,1.16,0.51,-0.25,1.32,1.05,-33.96,-17.62,-10.48,10.97,10.97,0.53,0.53,0.0,0.5374839892118578,0.5391225513100576,-0.0016385620981997,-0.76,1.41,-0.09,0.39,-6.16,1.85,-1.68,-2.32,-3.97,-5.45,2.83,3.63,-0.03,1.24,-0.32,0
2017-02-10,-0.0657569999999999,-136.04000000000002,0.0,0.0,0.98,0.05,0.57,1.65,1.21,-0.04,0.78,1.41,0.82,1.09,0.26,0.47,1.1,0.72,0.48,0.51,0.12,1.2,1.05,-0.25,0.38,-10.48,-33.96,-6.38,10.85,10.85,0.5,0.53,-0.03,0.5321441486070851,0.5374839892118578,-0.0053398406047726,-0.09,-0.76,3.65,1.85,0.39,0.15,-3.97,-1.68,-2.96,3.63,-5.45,-0.4,-0.32,-0.03,1.86,0
2017-02-17,-0.001089,-16.5,0.0,0.0,0.57,0.98,-0.77,-0.04,1.65,-0.64,0.82,0.78,0.01,0.47,1.09,-0.75,0.48,1.1,-0.69,1.2,0.51,0.23,0.38,1.05,0.09,-6.38,-10.48,6.82,11.49,11.49,0.53,0.5,0.03,0.5250010438532863,0.5321441486070851,-0.0071431047537988,3.65,-0.09,-4.68,0.15,1.85,2.45,-2.96,-3.97,0.25,-0.4,3.63,2.52,1.86,-0.32,3.62,0
2017-02-24,0.0523779999999999,10.840000000000032,0.0,0.0,-0.77,0.57,1.8,-0.64,-0.04,1.58,0.01,0.82,0.77,-0.75,0.47,1.73,-0.69,0.48,0.88,0.23,1.2,0.44,0.09,0.38,0.16,6.82,-6.38,-2.13,11.47,11.47,0.54,0.53,0.01,0.5202756511105983,0.5250010438532863,-0.004725392742688,-4.68,3.65,2.43,2.45,0.15,-0.32,0.25,-2.96,3.79,2.52,-0.4,3.28,3.62,1.86,-1.24,0
2017-03-03,0.093651,-174.18000000000004,0.0,0.0,1.8,-0.77,-0.42,1.58,-0.64,0.42,0.77,0.01,0.12,1.73,-0.75,-0.27,0.88,-0.69,0.05,0.44,0.23,-0.17,0.16,0.09,-1.16,-2.13,6.82,5.43,10.96,10.96,0.4,0.54,-0.14,0.5464701296827986,0.5202756511105983,0.0261944785722003,2.43,-4.68,0.19,-0.32,2.45,0.82,3.79,0.25,1.43,3.28,2.52,-8.19,-1.24,3.62,0.5,0
2017-03-10,0.1107679999999999,92.33,0.0,0.0,-0.42,1.8,1.12,0.42,1.58,0.7,0.12,0.77,1.22,-0.27,1.73,1.05,0.05,0.88,1.03,-0.17,0.44,0.93,-1.16,0.16,3.16,5.43,-2.13,-12.37,11.66,11.66,0.39,0.4,-0.01,0.5450747832649959,0.5464701296827986,-0.0013953464178027,0.19,2.43,-0.63,0.82,-0.32,3.7,1.43,3.79,-1.64,-8.19,3.28,10.22,0.5,-1.24,0.84,0
2017-03-17,0.0930005999999999,-2.069999999999993,0.0,0.0,1.12,-0.42,-1.19,0.7,0.42,-0.6,1.22,0.12,-1.01,1.05,-0.27,-1.07,1.03,0.05,-0.65,0.93,-0.17,-0.93,3.16,-1.16,-0.58,-12.37,5.43,94.12,11.28,11.28,0.43,0.39,0.0399999999999999,0.5436872478986875,0.5450747832649959,-0.0013875353663084,-0.63,0.19,-1.5,3.7,0.82,0.09,-1.64,1.43,-2.41,10.22,-8.19,-6.59,0.84,0.5,-1.86,0
2017-03-24,0.0945099,-30.370000000000005,0.0,0.0,-1.19,1.12,-0.19,-0.6,0.7,-0.05,-1.01,1.22,1.26,-1.07,1.05,-0.13,-0.65,1.03,0.95,-0.93,0.93,0.43,-0.58,3.16,0.25,94.12,-12.37,-22.42,12.96,12.96,0.38,0.43,-0.0499999999999999,0.5040554635752946,0.5436872478986875,-0.0396317843233928,-1.5,-0.63,-0.82,0.09,3.7,-1.65,-2.41,-1.64,1.26,-6.59,10.22,-2.06,-1.86,0.84,-2.55,0
2017-03-31,0.0762765,137.37,0.0,0.0,-0.19,-1.19,0.36,-0.05,-0.6,1.36,1.26,-1.01,0.55,-0.13,-1.07,0.51,0.95,-0.65,-0.04,0.43,-0.93,-0.44,0.25,-0.58,-0.77,-22.42,94.12,-10.94,12.37,12.37,0.4,0.38,0.02,0.5177721875302672,0.5040554635752946,0.0137167239549725,-0.82,-1.5,-4.35,-1.65,0.09,-2.35,1.26,-2.41,2.81,-2.06,-6.59,2.54,-2.55,-1.86,-4.24,0
2017-04-07,0.0348229999999999,-175.59000000000003,0.0,0.0,0.36,-0.19,-3.2,1.36,-0.05,0.67,0.55,1.26,1.3,0.51,-0.13,-2.44,-0.04,0.95,0.4,-0.44,0.43,-0.18,-0.77,0.25,0.22,-10.94,-22.42,-7.02,12.87,12.87,0.35,0.4,-0.05,0.49888062634755,0.5177721875302672,-0.0188915611827172,-4.35,-0.82,-3.41,-2.35,-1.65,-2.19,2.81,1.26,-6.16,2.54,-2.06,-6.99,-4.24,-2.55,2.14,0
2017-04-21,0.0261319999999999,101.49,0.0,0.0,-3.2,0.36,1.26,0.67,1.36,1.33,1.3,0.55,1.8,-2.44,0.51,1.28,0.4,-0.04,1.45,-0.18,-0.44,1.97,0.22,-0.77,2.26,-9.43,-7.02,-21.88,14.63,14.63,0.38,0.35,0.03,0.5209158984477837,0.49888062634755,0.0220352721002337,-3.41,-4.35,2.07,-2.19,-2.35,0.15,-6.16,2.81,0.25,-6.99,2.54,1.67,2.14,-4.24,7.5,0
2017-04-28,-0.01452,23.629999999999995,0.0,0.0,1.26,-3.2,1.3,1.33,0.67,0.43,1.8,1.3,0.17,1.28,-2.44,1.12,1.45,0.4,0.43,1.97,-0.18,0.98,2.26,0.22,1.84,-21.88,-9.43,90.67,10.82,10.82,0.38,0.38,0.0,0.5222663438552453,0.5209158984477837,0.0013504454074615,2.07,-3.41,-2.78,0.15,-2.19,2.96,0.25,-6.16,2.0,1.67,-6.99,-4.81,7.5,2.14,1.16,0
2017-05-05,-0.0453069999999999,3.050000000000012,0.0,0.0,1.3,1.26,1.89,0.43,1.33,0.32,0.17,1.8,0.99,1.12,1.28,1.61,0.43,1.45,1.27,0.98,1.97,-0.2,1.84,2.26,1.07,90.67,-21.88,-23.78,10.57,10.57,0.3,0.38,-0.08,0.555020394369856,0.5222663438552453,0.0327540505146106,-2.78,2.07,-0.22,2.96,0.15,2.98,2.0,0.25,1.92,-4.81,1.67,-1.4,1.16,7.5,-1.86,0
2017-05-12,-0.0457627,-40.5,0.0,0.0,1.89,1.3,0.48,0.32,0.43,0.25,0.99,0.17,0.2,1.61,1.12,0.4,1.27,0.43,-0.46,-0.2,0.98,0.1,1.07,1.84,2.23,-23.78,90.67,2.75,10.4,10.4,0.32,0.3,0.02,0.5574758487226795,0.555020394369856,0.0024554543528235,-0.22,-2.78,3.79,2.98,2.96,4.38,1.92,2.0,2.64,-1.4,-4.81,3.56,-1.86,1.16,4.48,0
2017-05-19,-0.0444901,245.81,0.0,0.0,0.48,1.89,1.03,0.25,0.32,1.07,0.2,0.99,1.49,0.4,1.61,1.04,-0.46,1.27,1.15,0.1,-0.2,0.92,2.23,1.07,-1.0,2.75,-23.78,-20.54,12.04,12.04,0.29,0.32,-0.03,0.5656804263476848,0.5574758487226795,0.0082045776250052,3.79,-0.22,-0.96,4.38,2.98,4.49,2.64,1.92,0.51,3.56,-1.4,-0.9,4.48,-1.86,-0.06,0
2017-05-26,-0.0326645,-408.88,0.0,0.0,1.03,0.48,0.0,1.07,0.25,-0.11,1.49,0.2,0.04,1.04,0.4,-0.02,1.15,-0.46,-0.17,0.92,0.1,1.2,-1.0,2.23,0.93,-20.54,2.75,26.97,9.81,9.81,0.28,0.29,-0.0099999999999999,0.5828645771600512,0.5656804263476848,0.0171841508123664,-0.96,3.79,-0.35,4.49,4.38,-0.11,0.51,2.64,-2.49,-0.9,3.56,-1.96,-0.06,4.48,-3.33,0
2017-06-02,-0.01178829,243.73,0.0,0.0,0.0,1.03,-0.27,-0.11,1.07,-1.16,0.04,1.49,-1.39,-0.02,1.04,-0.42,-0.17,1.15,-0.48,1.2,0.92,-0.64,0.93,-1.0,-1.75,26.97,-20.54,-19.47,9.75,9.75,0.26,0.28,-0.02,0.5692437307248541,0.5828645771600512,-0.0136208464351971,-0.35,-0.96,-2.04,-0.11,4.49,-3.87,-2.49,0.51,1.09,-1.96,-0.9,2.88,-3.33,-0.06,0.95,0
2017-06-09,-0.02098031,315.81999999999994,0.0,0.0,-0.27,0.0,-0.85,-1.16,-0.11,0.23,-1.39,0.04,-0.68,-0.42,-0.02,-0.65,-0.48,-0.17,-0.18,-0.64,1.2,0.02,-1.75,0.93,0.12,-19.47,26.97,71.43,10.7,10.7,0.25,0.26,-0.01,0.5661361238490571,0.5692437307248541,-0.003107606875797,-2.04,-0.35,-1.62,-3.87,-0.11,0.68,1.09,-2.49,-0.25,2.88,-1.96,-5.17,0.95,-3.33,-2.1,0
2017-06-16,-0.0310044999999999,-206.5,0.0,0.0,-0.85,-0.27,-0.53,0.23,-1.16,-0.66,-0.68,-1.39,-0.22,-0.65,-0.42,-0.52,-0.18,-0.48,0.15,0.02,-0.64,0.09,0.12,-1.75,-3.48,71.43,-19.47,50.64,10.38,10.38,0.26,0.25,0.01,0.5765081222335613,0.5661361238490571,0.0103719983845042,-1.62,-2.04,-2.8,0.68,-3.87,0.52,-0.25,1.09,-2.21,-5.17,2.88,-0.09,-2.1,0.95,-2.71,0
2017-06-23,-0.0313547,314.4100000000001,0.0,0.0,-0.53,-0.85,-1.5,-0.66,0.23,-1.75,-0.22,-0.68,-0.34,-0.52,-0.65,-1.51,0.15,-0.18,-0.67,0.09,0.02,-0.45,-3.48,0.12,0.88,50.64,71.43,52.34,10.02,10.02,0.34,0.26,0.08,0.5725098594439503,0.5765081222335613,-0.003998262789611,-2.8,-1.62,2.63,0.52,0.68,-2.66,-2.21,-0.25,-2.97,-0.09,-5.17,2.76,-2.71,-2.1,-0.79,0
2017-06-30,-0.0334049,-65.68000000000006,0.0,0.0,-1.5,-0.53,0.52,-1.75,-0.66,0.28,-0.34,-0.22,-0.72,-1.51,-0.52,0.47,-0.67,0.15,0.07,-0.45,0.09,-0.17,0.88,-3.48,-0.42,52.34,50.64,-8.1,11.18,11.18,0.29,0.34,-0.05,0.5768826833092677,0.5725098594439503,0.0043728238653174,2.63,-2.8,2.66,-2.66,0.52,0.46,-2.97,-2.21,0.27,2.76,-0.09,3.5,-0.79,-2.71,0.57,0
2017-07-07,-0.0213109999999999,-327.1,0.0,0.0,0.52,-1.5,0.37,0.28,-1.75,0.07,-0.72,-0.34,-0.5,0.47,-1.51,0.32,0.07,-0.67,0.18,-0.17,-0.45,1.82,-0.42,0.88,2.14,-8.1,52.34,-2.74,11.19,11.19,0.28,0.29,-0.0099999999999999,0.5823045505939646,0.5768826833092677,0.0054218672846968,2.66,2.63,0.17,0.46,-2.66,0.02,0.27,-2.97,0.18,3.5,2.76,6.34,0.57,-0.79,0.62,0
2017-07-14,-0.0253249999999999,-46.06,0.0,0.0,0.37,0.52,1.01,0.07,0.28,1.77,-0.5,-0.72,1.62,0.32,0.47,1.14,0.18,0.07,1.23,1.82,-0.17,0.55,2.14,-0.42,0.09,-2.74,-8.1,-16.25,9.51,9.51,0.28,0.28,0.0,0.5682832956225643,0.5823045505939646,-0.0140212549714002,0.17,2.66,-1.65,0.02,0.46,3.29,0.18,0.27,0.34,6.34,3.5,-0.81,0.62,0.57,1.75,0
2017-07-21,-0.043426,-63.26999999999998,0.0,0.0,1.01,0.37,-1.13,1.77,0.07,-0.12,1.62,-0.5,1.39,1.14,0.32,-0.92,1.23,0.18,0.07,0.55,1.82,0.08,0.09,2.14,0.09,-16.25,-2.74,-7.46,9.36,9.36,0.17,0.28,-0.11,0.5487905207836814,0.5682832956225643,-0.0194927748388828,-1.65,0.17,0.02,3.29,0.02,-2.52,0.34,0.18,-0.59,-0.81,6.34,5.64,1.75,0.62,-2.36,0
2017-07-28,-0.0425379999999999,43.15999999999997,0.0,0.0,-1.13,1.01,1.95,-0.12,1.77,1.22,1.39,1.62,1.07,-0.92,1.14,1.79,0.07,1.23,0.87,0.08,0.55,0.38,0.09,0.09,1.24,-7.46,-16.25,1.21,10.29,10.29,0.25,0.17,0.0799999999999999,0.5708363237221282,0.5487905207836814,0.0220458029384468,0.02,-1.65,2.56,-2.52,3.29,2.13,-0.59,0.34,4.43,5.64,-0.81,1.98,-2.36,1.75,0.47,0
2017-08-04,-0.0423869999999999,272.47,0.0,0.0,1.95,-1.13,-2.69,1.22,-0.12,-2.13,1.07,1.39,-0.47,1.79,-0.92,-2.52,0.87,0.07,-0.81,0.38,0.08,-1.53,1.24,0.09,-2.68,1.21,-7.46,-15.94,10.03,10.03,0.25,0.25,0.0,0.5751769624806864,0.5708363237221282,0.0043406387585581,2.56,0.02,-5.23,2.13,-2.52,-2.44,4.43,-0.59,-3.36,1.98,5.64,-4.68,0.47,-2.36,-3.25,0
2017-08-11,-0.020786,-322.92,0.0,0.0,-2.69,1.95,0.19,-2.13,1.22,0.42,-0.47,1.07,1.04,-2.52,1.79,0.21,-0.81,0.87,-0.38,-1.53,0.38,-0.38,-2.68,1.24,-0.81,-15.94,1.21,10.9,15.51,15.51,0.3,0.25,0.0499999999999999,0.567406536929556,0.5751769624806864,-0.0077704255511303,-5.23,2.56,-1.86,-2.44,2.13,-0.21,-3.36,4.43,-1.73,-4.68,1.98,6.66,-3.25,0.47,-1.13,0
2017-08-18,-0.017004,-134.62,0.0,0.0,0.19,-2.69,1.06,0.42,-2.13,0.23,1.04,-0.47,0.59,0.21,-2.52,0.9,-0.38,-0.81,0.36,-0.38,-1.53,0.73,-0.81,-2.68,1.18,10.9,-15.94,-22.22,14.26,14.26,0.31,0.3,0.01,0.5658134352030838,0.567406536929556,-0.0015931017264722,-1.86,-5.23,-0.69,-0.21,-2.44,0.25,-1.73,-3.36,1.25,6.66,-4.68,2.72,-1.13,-3.25,1.56,0
2017-08-25,-0.0001039999999999,171.49,0.0,0.0,1.06,0.19,0.5,0.23,0.42,0.58,0.59,1.04,1.02,0.9,0.21,0.52,0.36,-0.38,0.68,0.73,-0.38,1.09,1.18,-0.81,1.22,-22.22,10.9,1.1,11.28,11.28,0.31,0.31,0.0,0.5551157154062113,0.5658134352030838,-0.0106977197968725,-0.69,-1.86,-1.11,0.25,-0.21,-0.05,1.25,-1.73,-0.17,2.72,6.66,4.02,1.56,-1.13,-1.88,0
2017-09-01,0.052482,-7.350000000000023,0.0,0.0,0.5,1.06,-0.82,0.58,0.23,-0.89,1.02,0.59,-0.49,0.52,0.9,-0.8,0.68,0.36,0.08,1.09,0.73,-0.06,1.22,1.18,0.74,1.1,-22.22,-8.15,10.13,10.13,0.32,0.31,0.01,0.556919938081383,0.5551157154062113,0.0018042226751716,-1.11,-0.69,-2.37,-0.05,0.25,-2.62,-0.17,1.25,0.3,4.02,2.72,-1.08,-1.88,1.56,0.13,0
2017-09-08,0.138477,389.47,0.0,0.0,-0.82,0.5,-2.2,-0.89,0.58,-1.18,-0.49,1.02,-1.66,-0.8,0.52,-2.0,0.08,0.68,-1.29,-0.06,1.09,1.18,0.74,1.22,0.85,-8.15,1.1,149.7,12.12,12.12,0.29,0.32,-0.03,0.5482339189699605,0.556919938081383,-0.0086860191114224,-2.37,-1.11,-0.51,-2.62,-0.05,-3.42,0.3,-0.17,0.48,-1.08,4.02,-5.11,0.13,-1.88,2.43,0
2017-09-15,0.13482118,-368.55,0.0,0.0,-2.2,-0.82,1.32,-1.18,-0.89,0.72,-1.66,-0.49,0.09,-2.0,-0.8,1.17,-1.29,0.08,0.03,1.18,-0.06,0.35,0.85,0.74,0.9,149.7,-8.15,5.92,10.17,10.17,0.29,0.29,0.0,0.5307001221106483,0.5482339189699605,-0.0175337968593122,-0.51,-2.37,2.63,-3.42,-2.62,0.87,0.48,0.3,4.09,-5.11,-1.08,0.77,2.43,0.13,2.43,0
2017-09-22,0.14239182,-50.29000000000002,0.0,0.0,1.32,-2.2,0.85,0.72,-1.18,1.83,0.09,-1.66,0.96,1.17,-2.0,1.02,0.03,-1.29,1.21,0.35,1.18,0.3,0.9,0.85,0.03,5.92,149.7,0.67,9.59,9.59,0.32,0.29,0.03,0.5310704248949698,0.5307001221106483,0.0003703027843214,2.63,-0.51,0.94,0.87,-3.42,0.26,4.09,0.48,2.29,0.77,-5.11,-1.48,2.43,2.43,1.23,0
2017-09-29,0.180564,-75.06,0.0,0.0,0.85,1.32,2.04,1.83,0.72,1.47,0.96,0.09,1.69,1.02,1.17,1.93,1.21,0.03,1.73,0.3,0.35,0.67,0.03,0.9,-0.55,0.67,5.92,-4.22,9.51,9.51,0.29,0.32,-0.03,0.5240609050646349,0.5310704248949698,-0.0070095198303349,0.94,2.63,-1.63,0.26,0.87,1.44,2.29,4.09,2.27,-1.48,0.77,7.28,1.23,2.43,-1.67,0
2017-10-06,0.1795649999999999,21.340000000000032,0.0,0.0,2.04,0.85,0.17,1.47,1.83,0.46,1.69,0.96,0.98,1.93,1.02,0.22,1.73,1.21,0.21,0.67,0.3,0.69,-0.55,0.03,1.99,-4.22,0.67,9.51,9.65,9.65,0.3,0.29,0.01,0.501640075274597,0.5240609050646349,-0.0224208297900379,-1.63,0.94,0.55,1.44,0.26,1.82,2.27,2.29,0.54,7.28,-1.48,2.65,-1.67,1.23,-1.05,0
2017-10-13,0.100889,233.5,0.0,0.0,0.17,2.04,-0.16,0.46,1.47,-0.56,0.98,1.69,-1.06,0.22,1.93,-0.22,0.21,1.73,-0.0,0.69,0.67,0.37,1.99,-0.55,-1.05,9.51,-4.22,-6.14,9.61,9.61,0.28,0.3,-0.0199999999999999,0.5062020956669595,0.501640075274597,0.0045620203923625,0.55,-1.63,2.33,1.82,1.44,0.56,0.54,2.27,0.22,2.65,7.28,0.42,-1.05,-1.67,1.67,0
2017-10-20,0.0239449999999999,-219.62,0.0,0.0,-0.16,0.17,-0.24,-0.56,0.46,-0.0,-1.06,0.98,1.41,-0.22,0.22,-0.19,-0.0,0.21,0.19,0.37,0.69,-0.05,-1.05,1.99,-0.86,-6.14,9.51,3.84,9.97,9.97,0.27,0.28,-0.01,0.5012452218488657,0.5062020956669595,-0.0049568738180938,2.33,0.55,-6.08,0.56,1.82,-0.58,0.22,0.54,1.22,0.42,2.65,-2.91,1.67,-1.05,2.85,0
2017-10-27,-0.0233299999999999,-105.06,0.0,0.0,-0.24,-0.16,0.74,-0.0,-0.56,1.62,1.41,-1.06,0.87,-0.19,-0.22,0.89,0.19,-0.0,0.99,-0.05,0.37,0.53,-0.86,-1.05,0.49,3.84,-6.14,-2.83,9.8,9.8,0.3,0.27,0.0299999999999999,0.5045886825948449,0.5012452218488657,0.0033434607459792,-6.08,2.33,-0.3,-0.58,0.56,1.74,1.22,0.22,3.8,-2.91,0.42,3.17,2.85,1.67,-2.21,0
2017-11-03,-0.070191,517.8,0.0,0.0,0.74,-0.24,-1.68,1.62,-0.0,-2.21,0.87,1.41,-0.67,0.89,-0.19,-1.75,0.99,0.19,-1.22,0.53,-0.05,-0.26,0.49,-0.86,-0.6,-2.83,3.84,9.17,9.14,9.14,0.23,0.3,-0.0699999999999999,0.476724071340155,0.5045886825948449,-0.0278646112546898,-0.3,-6.08,-2.24,1.74,-0.58,-0.78,3.8,1.22,-1.92,3.17,-2.91,-4.29,-2.21,2.85,-1.35,0
2017-11-10,-0.062007,-356.92,0.0,0.0,-1.68,0.74,-0.7,-2.21,1.62,-1.11,-0.67,0.87,-1.28,-1.75,0.89,-0.79,-1.22,0.99,-1.21,-0.26,0.53,-0.35,-0.6,0.49,-0.58,9.17,-2.83,-1.84,11.29,11.29,0.2,0.23,-0.03,0.4838213512234395,0.476724071340155,0.0070972798832844,-2.24,-0.3,3.27,-0.78,1.74,5.08,-1.92,3.8,-2.72,-4.29,3.17,-2.52,-1.35,-2.21,-0.74,0
2017-11-17,-0.0524719999999999,-75.13,0.0,0.0,-0.7,-1.68,0.39,-1.11,-2.21,0.74,-1.28,-0.67,0.62,-0.79,-1.75,0.45,-1.21,-1.22,0.52,-0.35,-0.26,1.3,-0.58,-0.6,1.51,-1.84,9.17,-3.97,11.43,11.43,0.18,0.2,-0.02,0.4984465146596232,0.4838213512234395,0.0146251634361836,3.27,-2.24,2.35,5.08,-0.78,-1.4,-2.72,-1.92,1.66,-2.52,-4.29,2.52,-0.74,-1.35,0.15,0
2017-11-24,-0.061554,257.23,0.0,0.0,0.39,-0.7,-1.47,0.74,-1.11,-0.45,0.62,-1.28,-0.75,0.45,-0.79,-1.26,0.52,-1.21,-0.28,1.3,-0.35,0.48,1.51,-0.58,-0.09,-3.97,-1.84,0.87,9.67,9.67,0.21,0.18,0.03,0.5011799619725411,0.4984465146596232,0.0027334473129179,2.35,3.27,0.03,-1.4,5.08,-0.67,1.66,-2.72,-1.86,2.52,-2.52,-6.51,0.15,-0.74,-2.03,0
2017-12-01,-0.0650489999999999,-298.6,0.0,0.0,-1.47,0.39,1.28,-0.45,0.74,0.7,-0.75,0.62,-0.51,-1.26,0.45,1.12,-0.28,0.52,-0.52,0.48,1.3,0.2,-0.09,1.51,0.34,0.87,-3.97,7.54,11.43,11.43,0.24,0.21,0.03,0.5255112316025062,0.5011799619725411,0.0243312696299651,0.03,2.35,3.7,-0.67,-1.4,2.41,-1.86,1.66,0.15,-6.51,2.52,1.99,-2.03,0.15,3.17,1
2017-12-08,-0.08899,203.31,0.0,0.0,1.28,-1.47,1.31,0.7,-0.45,0.28,-0.51,-0.75,-0.19,1.12,-1.26,1.11,-0.52,-0.28,0.67,0.2,0.48,0.58,0.34,-0.09,0.77,7.54,0.87,-12.63,9.58,9.58,0.29,0.24,0.0499999999999999,0.5291890756744287,0.5255112316025062,0.0036778440719225,3.7,0.03,2.98,2.41,-0.67,0.26,0.15,-1.86,2.53,1.99,-6.51,4.99,3.17,-2.03,-0.58,1
2017-12-15,-0.1222525999999999,256.21000000000004,0.0,0.0,1.31,1.28,1.36,0.28,0.7,2.16,-0.19,-0.51,1.89,1.11,1.12,1.49,0.67,-0.52,1.32,0.58,0.2,0.67,0.77,0.34,0.03,-12.63,7.54,3.67,9.42,9.42,0.32,0.29,0.03,0.5369280432838879,0.5291890756744287,0.0077389676094591,2.98,3.7,-0.05,0.26,2.41,2.57,2.53,0.15,2.38,4.99,1.99,3.49,-0.58,3.17,1.2,1
2017-12-22,-0.1245527,-384.55,0.0,0.0,1.36,1.31,1.25,2.16,0.28,1.2,1.89,-0.19,1.5,1.49,1.11,1.24,1.32,0.67,1.09,0.67,0.58,0.18,0.03,0.77,1.39,3.67,-12.63,-1.33,9.9,9.9,0.38,0.32,0.06,0.5452764605971262,0.5369280432838879,0.0083484173132383,-0.05,2.98,0.47,2.57,0.26,-0.38,2.38,2.53,1.06,3.49,4.99,3.89,1.2,-0.58,1.26,1
2017-12-29,-0.1466046999999999,-59.950000000000045,0.0,0.0,1.25,1.36,0.47,1.2,2.16,1.0,1.5,1.89,1.69,1.24,1.49,0.58,1.09,1.32,1.08,0.18,0.67,2.53,1.39,0.03,1.59,-1.33,3.67,12.33,11.04,11.04,0.32,0.38,-0.06,0.5087397211090039,0.5452764605971262,-0.0365367394881223,0.47,-0.05,-1.93,-0.38,2.57,0.77,1.06,2.38,1.32,3.89,3.49,-0.36,1.26,1.2,0.01,1
2018-01-05,-0.15488,244.78000000000003,0.0,0.0,0.47,1.25,0.7,1.0,1.2,-0.35,1.69,1.5,-0.15,0.58,1.24,0.53,1.08,1.09,0.67,2.53,0.18,1.33,1.59,1.39,1.98,12.33,-1.33,15.97,9.22,9.22,0.33,0.32,0.01,0.5069333083908044,0.5087397211090039,-0.0018064127181994,-1.93,0.47,-2.35,0.77,-0.38,-3.15,1.32,1.06,0.98,-0.36,3.89,4.88,0.01,1.26,3.57,1
2018-01-12,-0.0750219999999999,-32.97000000000003,0.0,0.0,0.7,0.47,-0.62,-0.35,1.0,-0.99,-0.15,1.69,0.19,0.53,0.58,-0.67,0.67,1.08,-0.32,1.33,2.53,1.01,1.98,1.59,0.49,15.97,12.33,-1.72,10.16,10.16,0.31,0.33,-0.02,0.4929509577415552,0.5069333083908044,-0.0139823506492491,-2.35,-1.93,3.08,-3.15,0.77,-1.55,0.98,1.32,-4.66,4.88,-0.36,-0.1,3.57,0.01,1.39,1
2018-01-19,-0.0116999999999999,-244.87,0.0,0.0,-0.62,0.7,-0.84,-0.99,-0.35,-0.18,0.19,-0.15,0.57,-0.67,0.53,-0.73,-0.32,0.67,-0.74,1.01,1.33,1.88,0.49,1.98,1.58,-1.72,15.97,9.81,11.27,11.27,0.32,0.31,0.01,0.4966462897316075,0.4929509577415552,0.0036953319900523,3.08,-2.35,4.74,-1.55,-3.15,-0.09,-4.66,0.98,1.26,-0.1,4.88,-1.29,1.39,3.57,-0.31,1
2018-01-26,0.0807299999999999,116.42999999999998,0.0,0.0,-0.84,-0.62,-2.9,-0.18,-0.99,-3.17,0.57,0.19,-1.36,-0.73,-0.67,-2.91,-0.74,-0.32,-2.17,1.88,1.01,-3.44,1.58,0.49,-4.25,9.81,-1.72,5.58,11.08,11.08,0.38,0.32,0.06,0.4811653338143297,0.4966462897316075,-0.0154809559172778,4.74,3.08,-6.88,-0.09,-1.55,-2.7,1.26,-4.66,-5.2,-1.29,-0.1,-4.76,-0.31,1.39,-3.52,1
2018-02-02,0.16637,-68.5,0.0,0.0,-2.9,-0.84,-4.72,-3.17,-0.18,-3.73,-1.36,0.57,-5.03,-2.91,-0.73,-4.5,-2.17,-0.74,-3.23,-3.44,1.88,-5.56,-4.25,1.58,-5.49,5.58,9.81,-0.76,17.31,17.31,0.33,0.38,-0.0499999999999999,0.4854366619702318,0.4811653338143297,0.0042713281559021,-6.88,4.74,-1.36,-2.7,-0.09,-8.06,-5.2,1.26,-3.96,-4.76,-1.29,-5.68,-3.52,-0.31,-3.2,0
2018-02-09,0.1527855,-63.67999999999998,0.0,0.0,-4.72,-2.9,2.85,-3.73,-3.17,2.69,-5.03,-1.36,3.26,-4.5,-2.91,2.8,-3.23,-2.17,2.31,-5.56,-3.44,4.24,-5.49,-4.25,3.91,-0.76,5.58,0.0,29.06,29.06,0.29,0.33,-0.04,0.4791260432684693,0.4854366619702318,-0.0063106187017625,-1.36,-6.88,3.71,-8.06,-2.7,1.41,-3.96,-5.2,0.71,-5.68,-4.76,7.48,-3.2,-3.52,1.77,0
2018-02-16,0.0978937,-65.07,0.0,0.0,2.85,-4.72,-0.69,2.69,-3.73,0.34,3.26,-5.03,0.43,2.8,-4.5,-0.52,2.31,-3.23,-0.64,4.24,-5.56,0.14,3.91,-5.49,-0.31,0.0,-0.76,8.07,19.46,19.46,0.29,0.29,0.0,0.4847138536975446,0.4791260432684693,0.0055878104290753,3.71,-1.36,4.87,1.41,-8.06,-0.39,0.71,-3.96,0.57,7.48,-5.68,2.13,1.77,-3.2,1.36,0
2018-02-23,0.0372108,183.86,0.0,0.0,-0.69,2.85,-2.41,0.34,2.69,-2.09,0.43,3.26,-1.59,-0.52,2.8,-2.3,-0.64,2.31,-0.9,0.14,4.24,-2.39,-0.31,3.91,-3.21,8.07,0.0,9.86,16.49,16.49,0.35,0.29,0.06,0.4823813249875632,0.4847138536975446,-0.0023325287099814,4.87,3.71,-2.14,-0.39,1.41,-2.37,0.57,0.71,-2.52,2.13,7.48,-8.01,1.36,1.77,-2.4,0
2018-03-02,-0.007316,138.49,0.0,0.0,-2.41,-0.69,2.19,-2.09,0.34,3.6,-1.59,0.43,2.04,-2.3,-0.52,2.4,-0.9,-0.64,1.76,-2.39,0.14,2.85,-3.21,-0.31,2.04,9.86,8.07,6.54,19.59,19.59,0.41,0.35,0.06,0.4851809482592592,0.4823813249875632,0.0027996232716959,-2.14,4.87,2.65,-2.37,-0.39,4.01,-2.52,0.57,3.04,-8.01,2.13,1.45,-2.4,1.36,0.43,0
2018-03-09,0.0019749999999999,-41.400000000000034,0.0,0.0,2.19,-2.41,-0.84,3.6,-2.09,-1.39,2.04,-1.59,0.74,2.4,-2.3,-0.91,1.76,-0.9,-0.36,2.85,-2.39,-0.71,2.04,-3.21,-0.6,6.54,9.86,-2.65,14.64,14.64,0.45,0.41,0.04,0.4923449762121097,0.4851809482592592,0.0071640279528504,2.65,-2.14,-0.59,4.01,-2.37,-2.66,3.04,-2.52,-0.93,1.45,-8.01,4.25,0.43,-2.4,0.31,0
2018-03-16,0.011391,-71.84999999999997,0.0,0.0,-0.84,2.19,-3.38,-1.39,3.6,-2.45,0.74,2.04,-3.39,-0.91,2.4,-3.21,-0.36,1.76,-2.83,-0.71,2.85,-4.57,-0.6,2.04,-2.7,-2.65,6.54,10.26,15.8,15.8,0.45,0.45,0.0,0.4947992636067507,0.4923449762121097,0.0024542873946409,-0.59,2.65,-2.46,-2.66,4.01,-3.91,-0.93,3.04,-2.39,4.25,1.45,-7.0,0.31,0.43,-4.06,0
2018-03-23,0.0265159999999999,-62.94999999999999,0.0,0.0,-3.38,-0.84,3.78,-2.45,-1.39,1.09,-3.39,0.74,0.33,-3.21,-0.91,3.22,-2.83,-0.36,0.81,-4.57,-0.71,0.8,-2.7,-0.6,3.98,10.26,-2.65,-7.96,24.87,24.87,0.58,0.45,0.1299999999999999,0.5100217967966043,0.4947992636067507,0.0152225331898536,-2.46,-0.59,2.54,-3.91,-2.66,5.36,-2.39,-0.93,7.77,-7.0,4.25,-2.05,-4.06,0.31,2.41,0
2018-04-06,0.1015929999999999,128.78999999999996,0.0,0.0,3.78,-3.38,1.13,1.09,-2.45,1.58,0.33,-3.39,0.26,3.22,-3.21,1.21,0.81,-2.83,1.39,0.8,-4.57,1.76,3.98,-2.7,2.86,4.87,-7.96,4.65,21.49,21.49,0.64,0.58,0.06,0.5024111862182452,0.5100217967966043,-0.0076106105783591,2.54,-2.46,1.81,5.36,-3.91,1.4,7.77,-2.39,1.18,-2.05,-7.0,-1.52,2.41,-4.06,2.8,0
2018-04-13,0.0161619999999999,32.46000000000004,0.0,0.0,1.13,3.78,1.43,1.58,1.09,1.93,0.26,0.33,0.84,1.21,3.22,1.52,1.39,0.81,1.83,1.76,0.8,0.51,2.86,3.98,-0.03,4.65,4.87,-7.77,17.41,17.41,0.62,0.64,-0.02,0.5170258715186695,0.5024111862182452,0.0146146853004243,1.81,2.54,1.01,1.4,5.36,1.52,1.18,7.77,2.76,-1.52,-2.05,10.08,2.8,2.41,-3.64,0
2018-04-20,-0.0475509999999999,-211.66000000000005,0.0,0.0,1.43,1.13,1.82,1.93,1.58,0.25,0.84,0.26,1.51,1.52,1.21,1.52,1.83,1.39,0.6,0.51,1.76,-0.18,-0.03,2.86,0.19,-7.77,4.65,-3.85,16.88,16.88,0.58,0.62,-0.04,0.5143464578947339,0.5170258715186695,-0.0026794136239356,1.01,1.81,-3.04,1.52,1.4,0.26,2.76,1.18,3.71,10.08,-1.52,-3.06,-3.64,2.8,-1.39,0
2018-04-27,-0.1379350999999999,-22.289999999999992,0.0,0.0,1.82,1.43,0.87,0.25,1.93,0.74,1.51,0.84,1.48,1.52,1.52,0.84,0.6,1.83,0.77,-0.18,0.51,-0.32,0.19,-0.03,-0.74,-3.85,-7.77,-2.13,15.41,15.41,0.58,0.58,0.0,0.4888000787634698,0.5143464578947339,-0.025546379131264,-3.04,1.01,-1.6,0.26,1.52,-0.02,3.71,2.76,3.85,-3.06,10.08,-2.44,-1.39,-3.64,0.91,0
2018-05-04,-0.1735629,-31.40000000000001,0.0,0.0,0.87,1.82,2.08,0.74,0.25,1.78,1.48,1.51,1.44,0.84,1.52,2.01,0.77,0.6,1.36,-0.32,-0.18,2.03,-0.74,0.19,1.94,-2.13,-3.85,1.02,14.77,14.77,0.57,0.58,-0.01,0.4944999369617529,0.4888000787634698,0.005699858198283,-1.6,-3.04,4.3,-0.02,0.26,-0.19,3.85,3.71,1.15,-2.44,-3.06,7.25,0.91,-1.39,2.6,0
2018-05-11,-0.1151959999999999,84.41000000000003,0.0,0.0,2.08,0.87,0.7,1.78,0.74,0.98,1.44,1.48,0.72,2.01,0.84,0.75,1.36,0.77,0.74,2.03,-0.32,-0.52,1.94,-0.74,0.46,1.02,-2.13,4.18,12.65,12.65,0.46,0.57,-0.1099999999999999,0.5240361488269859,0.4944999369617529,0.029536211865233,4.3,-1.6,-3.24,-0.19,-0.02,-8.05,1.15,3.85,3.86,7.25,-2.44,-1.49,2.6,0.91,-1.57,0
2018-05-18,-0.0333939999999999,-13.53000000000003,0.0,0.0,0.7,2.08,-0.62,0.98,1.78,0.58,0.72,1.44,-0.05,0.75,2.01,-0.44,0.74,1.36,-0.81,-0.52,2.03,-0.47,0.46,1.94,-1.98,4.18,1.02,-15.31,13.42,13.42,0.46,0.46,0.0,0.5205583345967363,0.5240361488269859,-0.0034778142302496,-3.24,4.3,-0.63,-8.05,-0.19,0.96,3.86,1.15,-5.32,-1.49,7.25,-0.75,-1.57,2.6,-0.55,0
2018-05-25,0.0333429999999999,224.66000000000005,0.0,0.0,-0.62,0.7,-0.37,0.58,0.98,-0.6,-0.05,0.72,-0.34,-0.44,0.75,-0.41,-0.81,0.74,-0.61,-0.47,-0.52,-0.08,-1.98,0.46,0.17,-15.31,4.18,-8.32,13.22,13.22,0.46,0.46,0.0,0.5078533340578129,0.5205583345967363,-0.0127050005389234,-0.63,-3.24,-2.09,0.96,-8.05,-0.06,-5.32,3.86,3.89,-0.75,-1.49,1.01,-0.55,-1.57,-3.53,0
2018-06-01,0.0832979999999999,-230.82,0.0,0.0,-0.37,-0.62,-0.27,-0.6,0.58,0.84,-0.34,-0.05,1.12,-0.41,-0.44,-0.05,-0.61,-0.81,0.76,-0.08,-0.47,1.35,0.17,-1.98,0.44,-8.32,-15.31,16.74,13.46,13.46,0.44,0.46,-0.02,0.524027993770945,0.5078533340578129,0.0161746597131321,-2.09,-0.63,-1.44,-0.06,0.96,-3.82,3.89,-5.32,1.23,1.01,-0.75,0.67,-3.53,-0.55,-0.71,0
2018-06-08,0.087665,109.16999999999996,0.0,0.0,-0.27,-0.37,-0.61,0.84,-0.6,-0.73,1.12,-0.34,0.46,-0.05,-0.41,-0.6,0.76,-0.61,0.32,1.35,-0.08,-0.17,0.44,0.17,-1.29,16.74,-8.32,-3.22,12.18,12.18,0.44,0.44,0.0,0.4938557458068943,0.524027993770945,-0.0301722479640507,-1.44,-2.09,-2.24,-3.82,-0.06,-1.43,1.23,3.89,-3.22,0.67,1.01,-0.67,-0.71,-3.53,-1.3,0
2018-06-15,0.04568697,73.31,0.0,0.0,-0.61,-0.27,0.63,-0.73,0.84,0.02,0.46,1.12,-0.85,-0.6,-0.05,0.49,0.32,0.76,-0.64,-0.17,1.35,-0.9,-1.29,0.44,-2.45,-3.22,16.74,6.09,11.98,11.98,0.43,0.44,-0.01,0.5090533312512814,0.4938557458068943,0.015197585444387,-2.24,-1.44,-0.27,-1.43,-3.82,1.34,-3.22,1.23,2.05,-0.67,0.67,1.53,-1.3,-0.71,0.06,0
2018-06-22,0.00557353,-46.15999999999997,0.0,0.0,0.63,-0.61,-0.59,0.02,-0.73,-0.85,-0.85,0.46,-0.9,0.49,-0.6,-0.67,-0.64,0.32,-1.49,-0.9,-0.17,-1.21,-2.45,-1.29,-0.86,6.09,-3.22,-5.74,13.77,13.77,0.45,0.43,0.02,0.5082844750738964,0.5090533312512814,-0.0007688561773849,-0.27,-2.24,-2.59,1.34,-1.43,-1.85,2.05,-3.22,0.29,1.53,-0.67,-6.5,0.06,-1.3,1.5,0
2018-06-29,-0.0214235,114.97999999999996,0.0,0.0,-0.59,0.63,-0.25,-0.85,0.02,-1.02,-0.9,-0.85,0.42,-0.67,0.49,-0.36,-1.49,-0.64,0.19,-1.21,-0.9,1.17,-0.86,-2.45,0.49,-5.74,6.09,2.91,16.09,16.09,0.45,0.45,0.0,0.4446580956702314,0.5082844750738964,-0.0636263794036649,-2.59,-0.27,-1.32,-1.85,1.34,3.91,0.29,2.05,0.14,-6.5,1.53,-9.13,1.5,0.06,-0.89,0
2018-07-06,-0.02994,-152.62,0.0,0.0,-0.25,-0.59,0.58,-1.02,-0.85,0.94,0.42,-0.9,0.71,-0.36,-0.67,0.62,0.19,-1.49,0.15,1.17,-1.21,0.99,0.49,-0.86,0.29,2.91,-5.74,0.54,13.37,13.37,0.4,0.45,-0.0499999999999999,0.4868508224189899,0.4446580956702314,0.0421927267487584,-1.32,-2.59,1.71,3.91,-1.85,-4.97,0.14,0.29,-1.43,-9.13,-6.5,-4.85,-0.89,1.5,-0.13,0
2018-07-13,-0.0044220999999999,-43.60999999999996,0.0,0.0,0.58,-0.25,0.22,0.94,-1.02,0.54,0.71,0.42,-0.01,0.62,-0.36,0.27,0.15,0.19,0.1,0.99,1.17,0.21,0.29,0.49,-0.74,0.54,2.91,-0.54,12.18,12.18,0.4,0.4,0.0,0.4724593437332481,0.4868508224189899,-0.0143914786857417,1.71,-1.32,-1.53,-4.97,3.91,-2.13,-1.43,0.14,-0.61,-4.85,-9.13,-0.43,-0.13,-0.89,0.35,0
2018-07-20,0.0336148,-119.26000000000002,0.0,0.0,0.22,0.58,0.29,0.54,0.94,-0.27,-0.01,0.71,0.67,0.27,0.62,0.19,0.1,0.15,0.01,0.21,0.99,0.79,-0.74,0.29,-0.03,-0.54,0.54,1.75,12.86,12.86,0.39,0.4,-0.01,0.4790842872894567,0.4724593437332481,0.0066249435562085,-1.53,1.71,2.21,-2.13,-4.97,1.33,-0.61,-1.43,0.0,-0.43,-4.85,4.6,0.35,-0.13,-0.05,0
2018-07-27,0.0904976999999999,154.31000000000003,0.0,0.0,0.29,0.22,-0.55,-0.27,0.54,-1.12,0.67,-0.01,-1.17,0.19,0.27,-0.64,0.01,0.1,-0.48,0.79,0.21,-0.03,-0.03,-0.74,-0.83,1.75,-0.54,-1.19,13.03,13.03,0.38,0.39,-0.01,0.496475964651722,0.4790842872894567,0.0173916773622653,2.21,-1.53,-1.15,1.33,-2.13,2.67,0.0,-0.61,-1.2,4.6,-0.43,-2.42,-0.05,0.35,-0.08,0
2018-08-03,0.1345536,208.17999999999995,0.0,0.0,-0.55,0.29,0.1,-1.12,-0.27,0.16,-1.17,0.67,-0.17,-0.64,0.19,0.12,-0.48,0.01,0.29,-0.03,0.79,-0.72,-0.83,-0.03,-1.51,-1.19,1.75,-6.16,11.64,11.64,0.37,0.38,-0.01,0.472876619741867,0.496475964651722,-0.0235993449098549,-1.15,2.21,-0.56,2.67,1.33,-1.23,-1.2,0.0,-0.8,-2.42,4.6,0.96,-0.08,-0.05,-1.1,0
2018-08-10,0.088507,-350.97,0.0,0.0,0.1,-0.55,-1.41,0.16,-1.12,-1.08,-0.17,-1.17,-0.83,0.12,-0.64,-1.35,0.29,-0.48,-1.1,-0.72,-0.03,-0.08,-1.51,-0.83,-1.35,-6.16,-1.19,0.71,13.16,13.16,0.31,0.37,-0.06,0.4927400861017679,0.472876619741867,0.0198634663599009,-0.56,-1.15,-2.69,-1.23,2.67,-3.69,-0.8,-1.2,-1.33,0.96,-2.42,-5.03,-1.1,-0.08,-2.75,0
2018-08-17,0.010998,106.01,0.0,0.0,-1.41,0.1,0.25,-1.08,0.16,1.21,-0.83,-0.17,1.31,-1.35,0.12,0.41,-1.1,0.29,0.48,-0.08,-0.72,1.1,-1.35,-1.51,0.95,0.71,-6.16,2.69,12.64,12.64,0.3,0.31,-0.01,0.4969758837925187,0.4927400861017679,0.0042357976907507,-2.69,-0.56,0.58,-3.69,-1.23,-0.28,-1.33,-0.8,2.75,-5.03,0.96,5.16,-2.75,-1.1,1.13,0
2018-08-24,-0.057259,-50.96999999999997,0.0,0.0,0.25,-1.41,-1.91,1.21,-1.08,-0.01,1.31,-0.83,1.09,0.41,-1.35,-1.55,0.48,-1.1,-0.31,1.1,-0.08,0.64,0.95,-1.35,-0.77,2.69,0.71,0.28,11.99,11.99,0.27,0.3,-0.0299999999999999,0.4904624291123063,0.4969758837925187,-0.0065134546802123,0.58,-2.69,-4.33,-0.28,-3.69,-6.15,2.75,-1.33,-2.91,5.16,-5.03,-2.24,1.13,-2.75,-2.53,0
2018-08-31,-0.131574,-155.59000000000003,0.0,0.0,-1.91,0.25,-2.08,-0.01,1.21,-2.32,1.09,1.31,-0.34,-1.55,0.41,-2.05,-0.31,0.48,-0.15,0.64,1.1,-1.74,-0.77,0.95,-2.32,0.28,2.69,4.68,12.86,12.86,0.25,0.27,-0.02,0.4958022048829173,0.4904624291123063,0.0053397757706109,-4.33,0.58,-0.68,-6.15,-0.28,0.46,-2.91,2.75,-1.9,-2.24,5.16,-5.61,-2.53,1.13,-0.94,0
2018-09-07,-0.1732679,-16.86999999999999,0.0,0.0,-2.08,-1.91,0.36,-2.32,-0.01,0.82,-0.34,1.09,-0.07,-2.05,-1.55,0.4,-0.15,-0.31,-0.6,-1.74,0.64,1.36,-2.32,-0.77,1.49,4.68,0.28,6.7,14.88,14.88,0.23,0.25,-0.0199999999999999,0.4915906590423727,0.4958022048829173,-0.0042115458405445,-0.68,-4.33,-1.96,0.46,-6.15,1.32,-1.9,-2.91,2.51,-5.61,-2.24,1.89,-0.94,-2.53,0.24,0
2018-09-14,-0.1379231,-39.870000000000005,0.0,0.0,0.36,-2.08,2.55,0.82,-2.32,1.05,-0.07,-0.34,0.03,0.4,-2.05,2.24,-0.6,-0.15,0.73,1.36,-1.74,1.54,1.49,-2.32,2.61,6.7,4.68,-0.49,12.07,12.07,0.22,0.23,-0.01,0.4802169263017218,0.4915906590423727,-0.0113737327406509,-1.96,-0.68,3.17,1.32,0.46,2.09,2.51,-1.9,3.02,1.89,-5.61,11.69,0.24,-0.94,5.06,0
2018-09-21,-0.1087489999999999,106.15,0.0,0.0,2.55,0.36,0.27,1.05,0.82,-1.38,0.03,-0.07,-0.13,2.24,0.4,-0.02,0.73,-0.6,-0.24,1.54,1.36,-0.73,2.61,1.49,-0.09,-0.49,6.7,1.61,11.68,11.68,0.23,0.22,0.01,0.4780533740974428,0.4802169263017218,-0.0021635522042789,3.17,-1.96,-2.67,2.09,1.32,-3.77,3.02,2.51,3.93,11.69,1.89,-1.52,5.06,0.24,-4.19,0
2018-09-28,-0.082642,-65.19,0.0,0.0,0.27,2.55,-2.55,-1.38,1.05,-1.92,-0.13,0.03,-2.67,-0.02,2.24,-2.42,-0.24,0.73,-1.59,-0.73,1.54,-1.49,-0.09,2.61,-1.73,1.61,-0.49,12.06,12.12,12.12,0.25,0.23,0.0199999999999999,0.4846059369108664,0.4780533740974428,0.0065525628134235,-2.67,3.17,0.68,-3.77,2.09,-2.6,3.93,3.02,-0.14,-1.52,11.69,-2.02,-4.19,5.06,-0.57,0
2018-10-05,-0.052469,16.85000000000001,0.0,0.0,-2.55,0.27,-4.41,-1.92,-1.38,-4.74,-2.67,-0.13,-7.23,-2.42,-0.02,-4.42,-1.59,-0.24,-3.27,-1.49,-0.73,-4.09,-1.73,-0.09,-3.61,12.06,1.61,-10.0,14.82,14.82,0.23,0.25,-0.0199999999999999,0.4858834104485409,0.4846059369108664,0.0012774735376745,0.68,-2.67,-4.59,-2.6,-3.77,-5.75,-0.14,3.93,-5.18,-2.02,-1.52,-3.51,-0.57,-4.19,-1.32,0
2018-10-12,-0.031785,18.27,0.0,0.0,-4.41,-2.55,0.77,-4.74,-1.92,-0.94,-7.23,-2.67,0.77,-4.42,-2.42,0.48,-3.27,-1.59,0.14,-4.09,-1.49,-0.05,-3.61,-1.73,-0.31,-10.0,12.06,-2.78,21.31,21.31,0.21,0.23,-0.02,0.4827588118222347,0.4858834104485409,-0.0031245986263062,-4.59,0.68,-0.96,-5.75,-2.6,0.97,-5.18,-0.14,-0.09,-3.51,-2.02,-1.67,-1.32,-0.57,-3.47,0
2018-10-19,-0.0099289999999999,3.5999999999999943,0.0,0.0,0.77,-4.41,-1.56,-0.94,-4.74,-2.36,0.77,-7.23,-3.66,0.48,-4.42,-1.76,0.14,-3.27,-3.51,-0.05,-4.09,-3.9,-0.31,-3.61,-3.17,-2.78,-10.0,-10.56,19.89,19.89,0.22,0.21,0.01,0.4872100200627443,0.4827588118222347,0.0044512082405096,-0.96,-4.59,2.84,0.97,-5.75,-5.52,-0.09,-5.18,-5.27,-1.67,-3.51,-1.9,-3.47,-1.32,1.25,0
2018-10-26,0.0225989999999999,-2.789999999999992,0.0,0.0,-1.56,0.77,2.23,-2.36,-0.94,5.3,-3.66,0.77,3.41,-1.76,0.48,2.73,-3.51,0.14,3.07,-3.9,-0.05,2.77,-3.17,-0.31,3.4,-10.56,-2.78,10.97,24.16,24.16,0.24,0.22,0.0199999999999999,0.4830775886272235,0.4872100200627443,-0.0041324314355208,2.84,-0.96,4.56,-5.52,0.97,4.5,-5.27,-0.09,0.98,-1.9,-1.67,5.79,1.25,-3.47,4.68,0
2018-11-02,0.04315,-14.590000000000003,0.0,0.0,2.23,-1.56,0.16,5.3,-2.36,-1.13,3.41,-3.66,0.12,2.73,-1.76,-0.07,3.07,-3.51,-0.39,2.77,-3.9,1.3,3.4,-3.17,0.37,10.97,-10.56,-2.75,19.51,19.51,0.31,0.24,0.07,0.4719197793978249,0.4830775886272235,-0.0111578092293985,4.56,2.84,0.61,4.5,-5.52,-4.38,0.98,-5.27,-1.76,5.79,-1.9,-5.03,4.68,1.25,0.77,0
2018-11-09,0.049659,-38.53999999999999,0.0,0.0,0.16,2.23,-1.29,-1.13,5.3,-2.71,0.12,3.41,-3.87,-0.07,2.73,-1.5,-0.39,3.07,-1.1,1.3,2.77,-1.52,0.37,3.4,-2.07,-2.75,10.97,-6.82,17.36,17.36,0.31,0.31,0.0,0.4654203369917838,0.4719197793978249,-0.006499442406041,0.61,4.56,-6.69,-4.38,4.5,6.59,-1.76,0.98,0.19,-5.03,5.79,-2.11,0.77,4.68,-9.09,0
2018-11-16,0.0508299999999999,9.33999999999999,0.0,0.0,-1.29,0.16,-0.87,-2.71,-1.13,-0.3,-3.87,0.12,-3.61,-1.5,-0.07,-0.8,-1.1,-0.39,-1.38,-1.52,1.3,-2.79,-2.07,0.37,-1.36,-6.82,-2.75,1.93,18.14,18.14,0.33,0.31,0.02,0.4565313447828929,0.4654203369917838,-0.0088889922088909,-6.69,0.61,-0.27,6.59,-4.38,1.12,0.19,-1.76,-2.34,-2.11,-5.03,-5.7,-9.09,0.77,4.95,0
2018-11-23,0.0603489999999999,-35.459999999999994,0.0,0.0,-0.87,-1.29,0.39,-0.3,-2.71,-0.28,-3.61,-3.87,0.69,-0.8,-1.5,0.29,-1.38,-1.1,0.4,-2.79,-1.52,3.36,-1.36,-2.07,0.48,1.93,-6.82,4.07,21.52,21.52,0.33,0.33,0.0,0.473823919610542,0.4565313447828929,0.0172925748276491,-0.27,-6.69,-1.01,1.12,6.59,8.91,-2.34,0.19,1.44,-5.7,-2.11,3.42,4.95,-9.09,-3.22,0
2018-11-30,0.07218,148.57,0.0,0.0,0.39,-0.87,-2.9,-0.28,-0.3,-3.45,0.69,-3.61,-3.59,0.29,-0.8,-2.95,0.4,-1.38,-1.98,3.36,-2.79,-3.73,0.48,-1.36,-3.6,4.07,1.93,-3.52,18.07,18.07,0.42,0.33,0.0899999999999999,0.4622209832364135,0.473823919610542,-0.0116029363741285,-1.01,-0.27,-5.23,8.91,1.12,-3.65,1.44,-2.34,-1.0,3.42,-5.7,-3.7,-3.22,4.95,-2.37,0
2018-12-07,0.0350469999999999,-64.65,0.0,0.0,-2.9,0.39,0.99,-3.45,-0.28,-0.99,-3.59,0.69,-1.08,-2.95,0.29,0.6,-1.98,0.4,-1.29,-3.73,3.36,-1.15,-3.6,0.48,-0.56,-3.52,4.07,-2.56,23.23,23.23,0.42,0.42,0.0,0.5170412106344425,0.4622209832364135,0.054820227398029,-5.23,-1.01,2.64,-3.65,8.91,-1.29,-1.0,1.44,-0.41,-3.7,3.42,3.67,-2.37,-3.22,-2.5,1
2018-12-14,-0.026547,37.390000000000015,0.0,0.0,0.99,-2.9,-1.81,-0.99,-3.45,-1.27,-1.08,-3.59,-4.2,0.6,-2.95,-1.72,-1.29,-1.98,-1.64,-1.15,-3.73,-5.54,-0.56,-3.6,-4.35,-2.56,-3.52,7.34,21.63,21.63,0.43,0.42,0.01,0.5331320879478246,0.5170412106344425,0.0160908773133821,2.64,-5.23,-5.96,-1.29,-3.65,-2.45,-0.41,-1.0,-3.41,3.67,-3.7,-0.85,-2.5,-2.37,-2.26,1
2018-12-21,-0.0401779999999999,-0.1100000000000136,0.0,0.0,-1.81,0.99,0.19,-1.27,-0.99,0.13,-4.2,-1.08,0.09,-1.72,0.6,0.18,-1.64,-1.29,0.18,-5.54,-1.15,1.95,-4.35,-0.56,1.94,7.34,-2.56,-4.0,30.11,30.11,0.48,0.43,0.0499999999999999,0.5383833492139867,0.5331320879478246,0.005251261266162,-5.96,2.64,0.77,-2.45,-1.29,-1.38,-3.41,-0.41,1.51,-0.85,3.67,0.97,-2.26,-2.5,-0.58,1
2018-12-28,-0.0505179999999999,37.49000000000001,0.0,0.0,0.19,-1.81,1.54,0.13,-1.27,1.89,0.09,-4.2,2.8,0.18,-1.72,1.59,0.18,-1.64,1.4,1.95,-5.54,1.78,1.94,-4.35,1.97,-4.0,7.34,0.54,28.34,28.34,0.45,0.48,-0.0299999999999999,0.4643084678246334,0.5383833492139867,-0.0740748813893532,0.77,-5.96,3.3,-1.38,-2.45,2.2,1.51,-3.41,3.6,0.97,-0.85,-2.0,-0.58,-2.26,3.1,1
2019-01-04,-0.072017,-7.800000000000011,0.0,0.0,1.54,0.19,1.18,1.89,0.13,4.19,2.8,0.09,4.1,1.59,0.18,1.7,1.4,0.18,2.8,1.78,1.95,2.78,1.97,1.94,2.04,0.54,-4.0,7.62,21.38,21.38,0.43,0.45,-0.02,0.4668673984417132,0.4643084678246334,0.0025589306170798,3.3,0.77,1.37,2.2,-1.38,-3.25,3.6,1.51,0.08,-2.0,0.97,4.03,3.1,-0.58,3.62,1
2019-01-11,-0.086028,61.70000000000002,0.0,0.0,1.18,1.54,0.72,4.19,1.89,1.2,4.1,2.8,0.38,1.7,1.59,0.76,2.8,1.4,-0.23,2.78,1.78,2.23,2.04,1.97,1.28,7.62,0.54,1.37,18.19,18.19,0.41,0.43,-0.02,0.4620862800798966,0.4668673984417132,-0.0047811183618166,1.37,3.3,5.5,-3.25,2.2,-2.29,0.08,3.6,0.4,4.03,-2.0,0.71,3.62,3.1,6.01,1
2019-01-18,-0.08655,-33.140000000000015,0.0,0.0,0.72,1.18,-2.28,1.2,4.19,-0.64,0.38,4.1,-0.2,0.76,1.7,-1.94,-0.23,2.8,-0.01,2.23,2.78,0.05,1.28,2.04,-0.19,1.37,7.62,-2.33,17.8,17.8,0.4,0.41,-0.0099999999999999,0.4604922483288085,0.4620862800798966,-0.0015940317510881,5.5,1.37,-1.06,-2.29,-3.25,-8.26,0.4,0.08,-3.13,0.71,4.03,-0.08,6.01,3.62,0.98,1
2019-01-25,-0.0686949999999999,-73.5,0.0,0.0,-2.28,0.72,3.1,-0.64,1.2,0.9,-0.2,0.38,1.1,-1.94,0.76,2.67,-0.01,-0.23,0.95,0.05,2.23,1.38,-0.19,1.28,2.27,-2.33,1.37,-3.76,17.42,17.42,0.41,0.4,0.0099999999999999,0.4676916657121283,0.4604922483288085,0.0071994173833198,-1.06,5.5,-3.34,-8.26,-2.29,1.34,-3.13,0.4,2.88,-0.08,0.71,2.92,0.98,6.01,-0.67,1
2019-02-01,-0.0314499999999999,2.8700000000000045,0.0,0.0,3.1,-2.28,0.73,0.9,-0.64,-0.84,1.1,-0.2,-1.84,2.67,-1.94,0.46,0.95,-0.01,0.07,1.38,0.05,-0.44,2.27,-0.19,0.28,-3.76,-2.33,-8.21,16.14,16.14,0.38,0.41,-0.0299999999999999,0.4509188960714809,0.4676916657121283,-0.0167727696406474,-3.34,-1.06,-1.69,1.34,-8.26,-0.12,2.88,-3.13,4.31,2.92,-0.08,-4.62,-0.67,0.98,-2.23,0
2019-02-08,-0.007039,-49.66999999999999,0.0,0.0,0.73,3.1,2.34,-0.84,0.9,1.79,-1.84,1.1,0.3,0.46,2.67,2.2,0.07,0.95,0.84,-0.44,1.38,2.28,0.28,2.27,1.67,-8.21,-3.76,1.99,15.72,15.72,0.32,0.38,-0.06,0.4456606692376114,0.4509188960714809,-0.0052582268338694,-1.69,-3.34,2.28,-0.12,1.34,1.82,4.31,2.88,-0.09,-4.62,2.92,3.97,-2.23,-0.67,2.74,0
2019-02-15,0.0201289999999999,5.679999999999993,0.0,0.0,2.34,0.73,-0.8,1.79,-0.84,1.49,0.3,-1.84,0.28,2.2,0.46,-0.42,0.84,0.07,0.1,2.28,-0.44,0.99,1.67,0.28,0.74,1.99,-8.21,4.18,14.91,14.91,0.3,0.32,-0.02,0.4544820520087634,0.4456606692376114,0.008821382771152,2.28,-1.69,-2.11,1.82,-0.12,0.42,-0.09,4.31,-1.18,3.97,-4.62,1.72,2.74,-2.23,2.67,0
2019-02-22,0.0506039999999999,31.059999999999988,0.0,0.0,-0.8,2.34,-1.0,1.49,1.79,0.67,0.28,0.3,0.63,-0.42,2.2,-0.69,0.1,0.84,0.4,0.99,2.28,0.45,0.74,1.67,0.52,4.18,1.99,6.82,13.51,13.51,0.24,0.3,-0.06,0.4549291564643592,0.4544820520087634,0.0004471044555957,-2.11,2.28,4.07,0.42,1.82,-5.33,-1.18,-0.09,-0.76,1.72,3.97,-1.44,2.67,2.74,4.75,0
2019-03-01,0.108459,26.74000000000001,0.0,0.0,-1.0,-0.8,-0.03,0.67,1.49,-1.81,0.63,0.28,-1.22,-0.69,-0.42,-0.35,0.4,0.1,-0.82,0.45,0.99,-2.16,0.52,0.74,-1.04,6.82,4.18,-6.26,13.57,13.57,0.21,0.24,-0.03,0.4659548639891773,0.4549291564643592,0.0110257075248181,4.07,-2.11,-2.29,-5.33,0.42,1.91,-0.76,-1.18,0.24,-1.44,1.72,-2.45,4.75,2.67,-1.56,0
2019-03-08,0.091768,-26.329999999999984,0.0,0.0,-0.03,-1.0,1.74,-1.81,0.67,2.33,-1.22,0.63,1.49,-0.35,-0.69,1.82,-0.82,0.4,1.21,-2.16,0.45,2.81,-1.04,0.52,3.5,-6.26,6.82,2.27,16.05,16.05,0.19,0.21,-0.0199999999999999,0.4833790830417986,0.4659548639891773,0.0174242190526212,-2.29,4.07,4.51,1.91,-5.33,4.94,0.24,-0.76,1.91,-2.45,-1.44,2.86,-1.56,4.75,4.8,0
2019-03-15,0.035719,7.97999999999999,0.0,0.0,1.74,-0.03,-0.29,2.33,-1.81,-2.53,1.49,-1.22,-0.89,1.82,-0.35,-0.65,1.21,-0.82,-0.48,2.81,-2.16,-0.66,3.5,-1.04,-1.38,2.27,-6.26,-14.36,12.88,12.88,0.23,0.19,0.04,0.4862503367526506,0.4833790830417986,0.002871253710852,4.51,-2.29,-6.33,4.94,1.91,0.49,1.91,0.24,1.4,2.86,-2.45,1.93,4.8,-1.56,-3.9,0
2019-03-22,-0.0283339999999999,-34.44,0.0,0.0,-0.29,1.74,0.99,-2.53,2.33,0.63,-0.89,1.49,0.75,-0.65,1.82,0.91,-0.48,1.21,0.15,-0.66,2.81,0.62,-1.38,3.5,0.15,-14.36,2.27,-3.51,16.48,16.48,0.2,0.23,-0.03,0.4995452257424982,0.4862503367526506,0.0132948889898476,-6.33,4.51,-0.49,0.49,4.94,-3.09,1.4,1.91,1.16,1.93,2.86,2.12,-3.9,4.8,-0.27,0
2019-03-29,-0.091144,15.22999999999999,0.0,0.0,0.99,-0.29,2.3,0.63,-2.53,2.2,0.75,-0.89,0.62,0.91,-0.65,2.24,0.15,-0.48,1.01,0.62,-0.66,2.0,0.15,-1.38,2.39,-3.51,-14.36,13.27,13.71,13.71,0.25,0.2,0.0499999999999999,0.4789963740541358,0.4995452257424982,-0.0205488516883624,-0.49,-6.33,5.22,-3.09,0.49,1.1,1.16,1.4,1.81,2.12,1.93,4.5,-0.27,-3.9,0.11,0
2019-04-05,-0.139623,-72.38,0.0,0.0,2.3,0.99,-0.13,2.2,0.63,0.89,0.62,0.75,2.11,2.24,0.91,0.06,1.01,0.15,0.84,2.0,0.62,0.44,2.39,0.15,0.41,13.27,-3.51,9.48,12.82,12.82,0.2,0.25,-0.0499999999999999,0.4765716467476777,0.4789963740541358,-0.002424727306458,5.22,-0.49,1.97,1.1,-3.09,-0.57,1.81,1.16,0.35,4.5,2.12,0.06,0.11,-0.27,4.16,0
2019-04-12,-0.100218,22.129999999999995,0.0,0.0,-0.13,2.3,-0.12,0.89,2.2,0.74,2.11,0.62,2.92,0.06,2.24,0.07,0.84,1.01,1.44,0.44,2.0,0.67,0.41,2.39,-1.24,9.48,13.27,-2.8,12.01,12.01,0.21,0.2,0.0099999999999999,0.4862904275821336,0.4765716467476777,0.0097187808344558,1.97,5.22,-2.96,-0.57,1.1,0.98,0.35,1.81,-2.54,0.06,4.5,-6.5,4.16,0.11,-2.78,0
2019-04-26,0.035406,58.09,0.0,0.0,-0.12,-0.13,-0.64,0.74,0.89,-0.76,2.92,2.11,0.11,0.07,0.06,-0.64,1.44,0.84,0.04,0.67,0.44,0.18,-1.24,0.41,1.04,-3.93,-2.8,8.87,12.73,12.73,0.21,0.21,0.0,0.4913226701091744,0.4862904275821336,0.0050322425270408,-2.96,1.97,1.64,0.98,-0.57,-1.31,-2.54,0.35,-1.44,-6.5,0.06,-4.01,-2.78,4.16,-0.57,0
2019-05-03,0.1202559999999999,-25.81,0.0,0.0,-0.64,-0.12,-2.4,-0.76,0.74,-1.72,0.11,2.92,-1.35,-0.64,0.07,-2.25,0.04,1.44,-1.15,0.18,0.67,-2.36,1.04,-1.24,-2.57,8.87,-3.93,-7.14,12.87,12.87,0.18,0.21,-0.03,0.5056457517791884,0.4913226701091744,0.0143230816700139,1.64,-2.96,-3.76,-1.31,0.98,-0.76,-1.44,-2.54,-4.36,-4.01,-6.5,-5.88,-0.57,-2.78,-2.54,0
2019-05-10,0.114135,27.05000000000001,0.0,0.0,-2.4,-0.64,2.02,-1.72,-0.76,0.68,-1.35,0.11,0.14,-2.25,-0.64,1.76,-1.15,0.04,0.63,-2.36,0.18,-0.46,-2.57,1.04,-0.97,-7.14,8.87,-6.07,16.04,16.04,0.15,0.18,-0.03,0.5236696954214584,0.5056457517791884,0.01802394364227,-3.76,1.64,0.77,-0.76,-1.31,-10.59,-4.36,-1.44,6.07,-5.88,-4.01,-1.48,-2.54,-0.57,-1.16,0
2019-05-17,0.0857029999999999,-13.319999999999991,0.0,0.0,2.02,-2.4,-0.96,0.68,-1.72,-1.9,0.14,-1.35,0.2,1.76,-2.25,-1.08,0.63,-1.15,-0.24,-0.46,-2.36,-1.01,-0.97,-2.57,-0.86,-6.07,-7.14,-8.05,15.96,15.96,0.18,0.15,0.03,0.483523764488582,0.5236696954214584,-0.0401459309328763,0.77,-3.76,-5.97,-10.59,-0.76,1.46,6.07,-4.36,-2.07,-1.48,-5.88,-5.67,-1.16,-2.54,-3.02,0
2019-05-24,0.084704,43.869999999999976,0.0,0.0,-0.96,2.02,-1.59,-1.9,0.68,-0.82,0.2,0.14,-0.07,-1.08,1.76,-1.45,-0.24,0.63,-0.92,-1.01,-0.46,-2.33,-0.86,-0.97,-2.19,-8.05,-6.07,-5.78,15.85,15.85,0.22,0.18,0.04,0.5043137451939468,0.483523764488582,0.0207899807053647,-5.97,0.77,0.05,1.46,-10.59,2.63,-2.07,6.07,-0.81,-5.67,-1.48,-2.43,-3.02,-1.16,-2.15,0
2019-05-31,0.088619,-57.61999999999999,0.0,0.0,-1.59,-0.96,2.38,-0.82,-1.9,1.38,-0.07,0.2,-2.24,-1.45,-1.08,2.15,-0.92,-0.24,0.37,-2.33,-1.01,3.94,-2.19,-0.86,3.34,-5.78,-8.05,-11.77,18.71,18.71,0.2,0.22,-0.0199999999999999,0.5071062787889068,0.5043137451939468,0.00279253359496,0.05,-5.97,1.15,2.63,1.46,0.37,-0.81,-2.07,2.17,-2.43,-5.67,2.45,-2.15,-3.02,0.61,0
2019-06-07,0.0661001,137.25,0.0,0.0,2.38,-1.59,0.19,1.38,-0.82,-0.59,-2.24,-0.07,-0.13,2.15,-1.45,0.07,0.37,-0.92,0.14,3.94,-2.33,0.19,3.34,-2.19,-0.82,-11.77,-5.78,13.16,16.3,16.3,0.22,0.2,0.0199999999999999,0.5300092016130493,0.5071062787889068,0.0229029228241425,1.15,0.05,-1.36,0.37,2.63,-1.45,2.17,-0.81,-2.34,2.45,-2.43,4.27,0.61,-2.15,0.16,0
2019-06-14,0.0112000999999999,-44.76000000000002,0.0,0.0,0.19,2.38,0.84,-0.59,1.38,1.08,-0.13,-2.24,-0.44,0.07,2.15,0.86,0.14,0.37,0.26,0.19,3.94,2.22,-0.82,3.34,-1.02,13.16,-11.77,1.33,15.28,15.28,0.25,0.22,0.03,0.5210853103980054,0.5300092016130493,-0.0089238912150438,-1.36,1.15,-0.2,-1.45,0.37,-0.87,-2.34,2.17,3.21,4.27,2.45,3.01,0.16,0.61,0.69,0
2019-06-21,-0.0436632,-52.78999999999999,0.0,0.0,0.84,0.19,0.24,1.08,-0.59,0.71,-0.44,-0.13,-1.47,0.86,0.07,0.29,0.26,0.14,-0.49,2.22,0.19,0.01,-1.02,-0.82,0.53,1.33,13.16,0.98,15.4,15.4,0.28,0.25,0.03,0.5210021606046262,0.5210853103980054,-8.314979337920025e-05,-0.2,-1.36,0.74,-0.87,-1.45,1.91,3.21,-2.34,-1.37,3.01,4.27,-2.46,0.69,0.16,-2.6,0
2019-06-28,-0.0784809999999999,41.52000000000001,0.0,0.0,0.24,0.84,1.72,0.71,1.08,0.99,-1.47,-0.44,-0.27,0.29,0.86,1.57,-0.49,0.26,0.7,0.01,2.22,1.25,0.53,-1.02,0.31,0.98,1.33,-8.93,15.08,15.08,0.24,0.28,-0.04,0.5301856619163742,0.5210021606046262,0.0091835013117479,0.74,-0.2,4.95,1.91,-0.87,4.11,-1.37,3.21,-1.11,-2.46,3.01,-1.39,-2.6,0.69,2.19,0
2019-07-05,-0.121165,-111.33,0.0,0.0,1.72,0.24,-0.62,0.99,0.71,-0.53,-0.27,-1.47,0.04,1.57,0.29,-0.62,0.7,-0.49,-0.94,1.25,0.01,0.32,0.31,0.53,-0.49,-8.93,0.98,6.06,13.28,13.28,0.13,0.24,-0.1099999999999999,0.5162181294437872,0.5301856619163742,-0.0139675324725869,4.95,0.74,-0.01,4.11,1.91,-2.15,-1.11,-1.37,0.65,-1.39,-2.46,-1.21,2.19,-2.6,-0.26,0
2019-07-12,-0.054761,86.41,0.0,0.0,-0.62,1.72,0.04,-0.53,0.99,0.36,0.04,-0.27,-0.32,-0.62,1.57,0.08,-0.94,0.7,-0.06,0.32,1.25,-0.82,-0.49,0.31,-0.46,6.06,-8.93,-15.29,12.39,12.39,0.22,0.13,0.09,0.544678084653574,0.5162181294437872,0.0284599552097868,-0.01,4.95,-1.01,-2.15,4.11,-1.82,0.65,-1.11,-5.18,-1.21,-1.39,2.23,-0.26,2.19,-1.54,0
2019-07-19,0.0260949999999999,-70.05,0.0,0.0,0.04,-0.62,0.54,0.36,-0.53,1.2,-0.32,0.04,1.53,0.08,-0.62,0.63,-0.06,-0.94,0.19,-0.82,0.32,0.96,-0.46,-0.49,-0.22,-15.29,6.06,-4.37,14.45,14.45,0.24,0.22,0.0199999999999999,0.5329512962024907,0.544678084653574,-0.0117267884510833,-1.01,-0.01,2.87,-1.82,-2.15,12.88,-5.18,0.65,1.02,2.23,-1.21,-0.05,-1.54,-0.26,-1.41,0
2019-07-26,0.108922,51.010000000000005,0.0,0.0,0.54,0.04,-1.88,1.2,0.36,-3.05,1.53,-0.32,-0.74,0.63,0.08,-2.05,0.19,-0.06,-1.52,0.96,-0.82,-2.97,-0.22,-0.46,-4.15,-4.37,-15.29,-11.0,12.16,12.16,0.19,0.24,-0.0499999999999999,0.5272426835624288,0.5329512962024907,-0.0057086126400619,2.87,-1.01,-4.32,12.88,-1.82,2.99,1.02,-5.18,0.75,-0.05,2.23,-10.97,-1.41,-1.54,-8.45,0
2019-08-02,0.2077355,7.3799999999999955,0.0,0.0,-1.88,0.54,-2.07,-3.05,1.2,-0.84,-0.74,1.53,-3.83,-2.05,0.63,-1.83,-1.52,0.19,-0.74,-2.97,0.96,-0.68,-4.15,-0.22,-2.02,-11.0,-4.37,3.03,17.61,17.61,0.22,0.19,0.03,0.5247766871412676,0.5272426835624288,-0.0024659964211611,-4.32,2.87,-6.14,2.99,12.88,-0.85,0.75,1.02,-4.55,-10.97,-0.05,-4.58,-8.45,-1.41,-3.43,0
2019-08-09,0.1750515,-31.30000000000001,0.0,0.0,-2.07,-1.88,-1.88,-0.84,-3.05,-1.42,-3.83,-0.74,-2.94,-1.83,-2.05,-1.81,-0.74,-1.52,-1.92,-0.68,-2.97,-1.26,-2.02,-4.15,-0.96,3.03,-11.0,13.8,17.97,17.97,0.22,0.22,0.0,0.5229544667510346,0.5247766871412676,-0.0018222203902329,-6.14,-4.32,-2.74,-0.85,2.99,1.18,-4.55,0.75,-2.53,-4.58,-10.97,-2.92,-3.43,-8.45,0.3,0
2019-08-16,0.082032,184.89,0.0,0.0,-1.88,-2.07,-0.31,-1.42,-0.84,2.2,-2.94,-3.83,1.33,-1.81,-1.83,0.13,-1.92,-0.74,1.02,-1.26,-0.68,-0.66,-0.96,-2.02,-0.03,13.8,3.03,-10.34,18.47,18.47,0.31,0.22,0.09,0.5335311752469306,0.5229544667510346,0.0105767084958959,-2.74,-6.14,-1.27,1.18,-0.85,-0.33,-2.53,-4.55,-0.45,-2.92,-4.58,0.49,0.3,-3.43,0.68,0
2019-08-23,-0.014745,56.870000000000005,0.0,0.0,-0.31,-1.88,1.58,2.2,-1.42,0.82,1.33,-2.94,0.02,0.13,-1.81,1.4,1.02,-1.92,-0.21,-0.66,-1.26,2.1,-0.03,-0.96,1.85,-10.34,13.8,-10.86,19.87,19.87,0.21,0.31,-0.1,0.534751527654304,0.5335311752469306,0.0012203524073733,-1.27,-2.74,-1.04,-0.33,1.18,3.26,-0.45,-2.53,2.5,0.49,-2.92,5.08,0.68,0.3,-0.32,0
2019-08-30,-0.0987649999999999,-146.95,0.0,0.0,1.58,-0.31,1.04,0.82,2.2,1.61,0.02,1.33,1.2,1.4,0.13,1.14,-0.21,1.02,1.33,2.1,-0.66,1.89,1.85,-0.03,2.11,-10.86,-10.34,-3.23,18.98,18.98,0.19,0.21,-0.0199999999999999,0.5226385605331642,0.534751527654304,-0.0121129671211398,-1.04,-1.27,2.56,3.26,-0.33,0.33,2.5,-0.45,0.16,5.08,0.49,1.96,-0.32,0.68,0.42,0
2019-09-06,-0.1677749,7.870000000000003,0.0,0.0,1.04,1.58,1.17,1.61,0.82,2.49,1.2,0.02,0.46,1.14,1.4,1.38,1.33,-0.21,1.18,1.89,2.1,1.24,2.11,1.85,2.1,-3.23,-10.86,46.02,15.0,15.0,0.21,0.19,0.0199999999999999,0.518980101187404,0.5226385605331642,-0.0036584593457601,2.56,-1.04,11.79,0.33,3.26,3.63,0.16,2.5,0.68,1.96,5.08,8.18,0.42,-0.32,9.17,0
2019-09-13,-0.1873150999999999,-34.400000000000006,0.0,0.0,1.17,1.04,-0.31,2.49,1.61,-0.13,0.46,1.2,0.05,1.38,1.14,-0.26,1.18,1.33,0.26,1.24,1.89,-0.37,2.1,2.11,-0.22,46.02,-3.23,-6.51,13.74,13.74,0.22,0.21,0.01,0.5188497967577007,0.518980101187404,-0.0001303044297032,11.79,2.56,-3.24,3.63,0.33,-1.18,0.68,0.16,3.29,8.18,1.96,-1.84,9.17,0.42,1.61,0
2019-09-20,-0.196028,60.46000000000001,0.0,0.0,-0.31,1.17,1.11,-0.13,2.49,-0.98,0.05,0.46,-1.55,-0.26,1.38,0.7,0.26,1.18,-0.72,-0.37,1.24,-1.0,-0.22,2.1,-0.54,-6.51,46.02,-26.74,15.32,15.32,0.26,0.22,0.04,0.5342652711150916,0.5188497967577007,0.0154154743573908,-3.24,11.79,-0.41,-1.18,3.63,1.68,3.29,0.68,-0.33,-1.84,8.18,-3.72,1.61,9.17,-1.03,0
2019-09-27,-0.198769,-81.94999999999999,0.0,0.0,1.11,-0.31,-3.65,-0.98,-0.13,-2.46,-1.55,0.05,-1.08,0.7,-0.26,-3.39,-0.72,0.26,-1.79,-1.0,-0.37,-1.0,-0.54,-0.22,-2.55,-26.74,-6.51,-10.03,17.22,17.22,0.34,0.26,0.08,0.5450376250584478,0.5342652711150916,0.0107723539433561,-0.41,-3.24,-5.29,1.68,-1.18,-2.68,-0.33,3.29,-4.7,-3.72,-1.84,-8.24,-1.03,1.61,-5.3,0
2019-10-04,-0.1980349999999999,104.20999999999998,0.0,0.0,-3.65,1.11,1.28,-2.46,-0.98,2.88,-1.08,-1.55,0.69,-3.39,0.7,1.5,-1.79,-0.72,0.13,-1.0,-1.0,1.18,-2.55,-0.54,3.43,-10.03,-26.74,56.57,17.04,17.04,0.35,0.34,0.0099999999999999,0.5240431727089353,0.5450376250584478,-0.0209944523495124,-5.29,-0.41,12.27,-2.68,1.68,2.18,-4.7,-0.33,-0.27,-8.24,-3.72,4.79,-5.3,-1.03,13.65,0
2019-10-11,-0.101437,-140.6,0.0,0.0,1.28,-3.65,-1.33,2.88,-2.46,0.93,0.69,-1.08,1.32,1.5,-3.39,-0.88,0.13,-1.79,0.93,1.18,-1.0,0.73,3.43,-2.55,1.14,56.57,-10.03,-1.64,15.58,15.58,0.35,0.35,0.0,0.5325855179111455,0.5240431727089353,0.0085423452022102,12.27,-5.29,2.82,2.18,-2.68,-0.51,-0.27,-4.7,-1.72,4.79,-8.24,-4.19,13.65,-5.3,1.79,0
2019-10-18,0.019869,-57.83999999999999,0.0,0.0,-1.33,1.28,2.43,0.93,2.88,-0.62,1.32,0.69,1.16,-0.88,1.5,1.85,0.93,0.13,0.44,0.73,1.18,1.25,1.14,3.43,1.44,-1.64,56.57,-3.71,14.25,14.25,0.32,0.35,-0.0299999999999999,0.5341413944960377,0.5325855179111455,0.0015558765848922,2.82,12.27,3.25,-0.51,2.18,0.07,-1.72,-0.27,5.56,-4.19,4.79,2.95,1.79,13.65,-0.32,0
2019-10-25,0.1327689999999999,11.39,0.0,0.0,2.43,-1.33,-0.3,-0.62,0.93,0.27,1.16,1.32,-0.02,1.85,-0.88,-0.18,0.44,0.93,0.4,1.25,0.73,1.32,1.44,1.14,0.68,-3.71,-1.64,0.77,12.65,12.65,0.3,0.32,-0.02,0.5022633501310013,0.5341413944960377,-0.0318780443650363,3.25,2.82,-1.87,0.07,-0.51,-1.31,5.56,-1.72,-2.91,2.95,-4.19,2.86,-0.32,1.79,-4.48,0
2019-11-01,0.259124,-20.02000000000001,0.0,0.0,-0.3,2.43,0.78,0.27,-0.62,0.99,-0.02,1.16,0.14,-0.18,1.85,0.82,0.4,0.44,0.93,1.32,1.25,0.74,0.68,1.44,-0.24,0.77,-3.71,5.74,12.3,12.3,0.4,0.3,0.1,0.5308778972461384,0.5022633501310013,0.0286145471151371,-1.87,3.25,-0.44,-1.31,0.07,2.36,-2.91,5.56,2.31,2.86,2.95,5.58,-4.48,-0.32,-1.8,0
2019-11-08,0.246007,97.61,0.0,0.0,0.78,-0.3,-0.77,0.99,0.27,0.23,0.14,-0.02,0.04,0.82,-0.18,-0.58,0.93,0.4,-0.17,0.74,1.32,0.62,-0.24,0.68,0.12,5.74,0.77,-0.72,12.07,12.07,0.38,0.4,-0.02,0.5317072177388467,0.5308778972461384,0.0008293204927082,-0.44,-1.87,2.58,2.36,-1.31,-4.71,2.31,-2.91,0.06,5.58,2.86,-4.25,-1.8,-4.48,5.14,0
2019-11-15,0.142056,-77.24000000000001,0.0,0.0,-0.77,0.78,0.33,0.23,0.99,0.4,0.04,0.14,1.64,-0.58,0.82,0.34,-0.17,0.93,0.4,0.62,0.74,-0.39,0.12,-0.24,-0.12,-0.72,5.74,-2.0,12.05,12.05,0.36,0.38,-0.02,0.5158821491645021,0.5317072177388467,-0.0158250685743445,2.58,-0.44,-0.87,-4.71,2.36,1.28,0.06,2.31,-1.95,-4.25,5.58,1.36,5.14,-1.8,1.05,0
2019-11-22,0.019734,-10.75,0.0,0.0,0.33,-0.77,0.27,0.4,0.23,1.6,1.64,0.04,1.72,0.34,-0.58,0.52,0.4,-0.17,1.18,-0.39,0.62,0.81,-0.12,0.12,1.01,-2.0,-0.72,2.79,12.34,12.34,0.37,0.36,0.01,0.4995331270326261,0.5158821491645021,-0.016349022131876,-0.87,2.58,1.35,1.28,-4.71,-2.06,-1.95,0.06,-3.77,1.36,-4.25,-1.21,1.05,5.14,2.27,0
2019-11-29,-0.105349,24.209999999999997,0.0,0.0,0.27,0.33,-1.45,1.6,0.4,0.58,1.72,1.64,-1.53,0.52,0.34,-1.07,1.18,0.4,-0.14,0.81,-0.39,0.18,1.01,-0.12,-0.09,2.79,-2.0,5.06,12.62,12.62,0.35,0.37,-0.02,0.5134844642505179,0.4995331270326261,0.0139513372178917,1.35,-0.87,-1.25,-2.06,1.28,-5.86,-3.77,-1.95,-1.48,-1.21,1.36,-9.74,2.27,1.05,0.52,0
2019-12-06,-0.144668,121.17,0.0,0.0,-1.45,0.27,1.57,0.58,1.6,2.75,-1.53,1.72,1.03,-1.07,0.52,1.79,-0.14,1.18,2.01,0.18,0.81,1.02,-0.09,1.01,3.65,5.06,2.79,-7.06,13.62,13.62,0.39,0.35,0.04,0.5367905498984114,0.5134844642505179,0.0233060856478934,-1.25,1.35,7.72,-5.86,-2.06,1.29,-1.48,-3.77,-2.25,-9.74,-1.21,2.56,0.52,2.27,4.65,1
2019-12-13,-0.067134,15.430000000000009,0.0,0.0,1.57,-1.45,3.11,2.75,0.58,0.77,1.03,-1.53,2.53,1.79,-1.07,2.72,2.01,-0.14,3.14,1.02,0.18,1.3,3.65,-0.09,-1.7,-7.06,5.06,-0.19,12.63,12.63,0.36,0.39,-0.03,0.5111988516400399,0.5367905498984114,-0.0255916982583714,7.72,-1.25,-2.22,1.29,-5.86,3.04,-2.25,-1.48,4.89,2.56,-9.74,4.81,4.65,0.52,-3.11,1
2019-12-20,-0.0233099999999999,-40.610000000000014,0.0,0.0,3.11,1.57,0.82,0.77,2.75,1.77,2.53,1.03,1.41,2.72,1.79,0.98,3.14,2.01,0.82,1.3,1.02,0.64,-1.7,3.65,1.37,-0.19,-7.06,0.93,12.51,12.51,0.38,0.36,0.02,0.5348684278220146,0.5111988516400399,0.0236695761819747,-2.22,7.72,1.73,3.04,1.29,0.21,4.89,-2.25,-0.23,4.81,2.56,0.89,-3.11,4.65,1.36,1
2019-12-27,0.030339,-7.0,0.0,0.0,0.82,3.11,-0.29,1.77,0.77,-0.32,1.41,2.53,1.04,0.98,2.72,-0.28,0.82,3.14,0.21,0.64,1.3,-0.08,1.37,-1.7,-0.41,0.93,-0.19,0.92,13.43,13.43,0.4,0.38,0.02,0.4763508936764377,0.5348684278220146,-0.0585175341455768,1.73,-2.22,0.99,0.21,3.04,-2.03,-0.23,4.89,2.09,0.89,4.81,1.22,1.36,-3.11,-0.21,1
2020-01-03,0.085384,-30.329999999999984,0.0,0.0,-0.29,0.82,-0.45,-0.32,1.77,-1.92,1.04,1.41,-0.25,-0.28,0.98,-0.68,0.21,0.82,0.0,-0.08,0.64,0.61,-0.41,1.37,-0.62,0.92,0.93,-2.37,14.02,14.02,0.38,0.4,-0.02,0.4814016468335292,0.4763508936764377,0.0050507531570915,0.99,1.73,-1.25,-2.03,0.21,2.5,2.09,-0.23,0.24,1.22,0.89,-0.6,-0.21,1.36,-4.31,1
2020-01-10,0.0878849999999999,-27.340000000000003,0.0,0.0,-0.45,-0.29,1.14,-1.92,-0.32,1.48,-0.25,1.04,1.37,-0.68,-0.28,1.22,0.0,0.21,1.67,0.61,-0.08,1.59,-0.62,-0.41,1.37,-2.37,0.92,-18.66,12.56,12.56,0.33,0.38,-0.0499999999999999,0.4829524298201342,0.4814016468335292,0.0015507829866049,-1.25,0.99,-3.18,2.5,-2.03,1.81,0.24,2.09,0.23,-0.6,1.22,1.25,-4.31,-0.21,-3.12,1
2020-01-17,0.09214,-18.52,0.0,0.0,1.14,-0.45,-1.15,1.48,-1.92,-0.56,1.37,-0.25,-0.92,1.22,-0.68,-1.05,1.67,0.0,-1.05,1.59,0.61,-0.84,1.37,-0.62,-1.26,-18.66,-2.37,-3.21,12.1,12.1,0.29,0.33,-0.04,0.4753839834003942,0.4829524298201342,-0.00756844641974,-3.18,-1.25,-1.03,1.81,2.5,1.37,0.23,0.24,-2.07,1.25,-0.6,-5.2,-3.12,-4.31,-0.62,1
2020-01-24,0.1228529,-31.870000000000005,0.0,0.0,-1.15,1.14,-3.95,-0.56,1.48,-2.85,-0.92,1.37,-1.54,-1.05,1.22,-3.69,-1.05,1.67,-1.78,-0.84,1.59,-2.21,-1.26,1.37,-3.03,-3.21,-18.66,21.09,14.56,14.56,0.29,0.29,0.0,0.4922682011855381,0.4753839834003942,0.0168842177851438,-1.03,-3.18,-3.14,1.37,1.81,-4.6,-2.07,0.23,-6.05,-5.2,1.25,-3.49,-0.62,-3.12,-2.24,1
2020-01-31,0.1249071,145.57999999999998,0.0,0.0,-3.95,-1.15,2.48,-2.85,-0.56,1.68,-1.54,-0.92,1.15,-3.69,-1.05,2.31,-1.78,-1.05,1.43,-2.21,-0.84,2.66,-3.03,-1.26,-0.03,21.09,-3.21,-3.72,18.84,18.84,0.23,0.29,-0.0599999999999999,0.5008613187926289,0.4922682011855381,0.0085931176070907,-3.14,-1.03,5.45,-4.6,1.37,2.51,-6.05,-2.07,2.91,-3.49,-5.2,4.81,-2.24,-0.62,0.23,1
2020-02-07,-0.0607360999999999,-28.889999999999983,0.0,0.0,2.48,-3.95,-0.77,1.68,-2.85,1.35,1.15,-1.54,0.39,2.31,-3.69,-0.39,1.43,-1.78,0.08,2.66,-2.21,1.11,-0.03,-3.03,0.89,-3.72,21.09,10.16,15.47,15.47,0.2,0.23,-0.03,0.5063330916801174,0.5008613187926289,0.0054717728874885,5.45,-3.14,-0.7,2.51,-4.6,-1.96,2.91,-6.05,-2.8,4.81,-3.49,0.32,0.23,-2.24,-0.54,0
2020-02-14,-0.5140989,-117.61,0.0,0.0,-0.77,2.48,-0.07,1.35,1.68,-0.05,0.39,1.15,0.72,-0.39,2.31,-0.06,0.08,1.43,0.18,1.11,2.66,-1.18,0.89,-0.03,-0.67,10.16,-3.72,-4.06,13.68,13.68,0.14,0.2,-0.06,0.4835128983629743,0.5063330916801174,-0.0228201933171431,-0.7,5.45,2.1,-1.96,2.51,3.23,-2.8,2.91,-0.72,0.32,4.81,-4.1,-0.54,0.23,-2.23,0
2020-02-21,-0.964936,69.9,0.0,0.0,-0.07,-0.77,-11.12,-0.05,1.35,-11.25,0.72,0.39,-11.92,-0.06,-0.39,-11.11,0.18,0.08,-10.19,-1.18,1.11,-10.89,-0.67,0.89,-10.4,-4.06,10.16,-39.42,17.08,17.08,0.15,0.14,0.0099999999999999,0.4875595417483507,0.4835128983629743,0.0040466433853764,2.1,-0.7,-17.19,3.23,-1.96,-13.25,-0.72,-2.8,-12.66,-4.1,0.32,-13.86,-2.23,-0.54,-9.3,0
2020-02-28,-1.44081,104.64999999999998,0.0,0.0,-11.12,-0.07,-1.79,-11.25,-0.05,-3.02,-11.92,0.72,-0.67,-11.11,-0.06,-1.98,-10.19,0.18,-1.13,-10.89,-1.18,0.38,-10.4,-0.67,-1.23,-39.42,-4.06,-70.79,40.11,40.11,0.21,0.15,0.06,0.4953355457427442,0.4875595417483507,0.0077760039943934,-17.19,2.1,-11.97,-13.25,3.23,1.68,-12.66,-0.72,-0.24,-13.86,-4.1,-9.93,-9.3,-2.23,-9.0,0
2020-03-06,-2.7518300000000004,-36.579999999999984,0.0,0.0,-1.79,-11.12,-16.97,-3.02,-11.25,-16.99,-0.67,-11.92,-12.89,-1.98,-11.11,-16.84,-1.13,-10.19,-13.41,0.38,-10.89,-12.45,-1.23,-10.4,-17.0,-70.79,-39.42,221.74,41.94,41.94,0.45,0.21,0.24,0.5175779012135343,0.4953355457427442,0.02224235547079,-11.97,-17.19,-21.81,1.68,-13.25,-23.1,-0.24,-12.66,-30.09,-9.93,-13.86,-22.05,-9.0,-9.3,-17.05,0
2020-03-13,-5.800939999999999,240.38,1.0,0.0,-16.97,-1.79,-3.27,-16.99,-3.02,-12.65,-12.89,-0.67,-15.88,-16.84,-1.98,-5.25,-13.41,-1.13,-14.86,-12.45,0.38,-12.26,-17.0,-1.23,-16.49,221.74,-70.79,-61.49,57.83,57.83,0.57,0.45,0.1199999999999999,0.5228463277964303,0.5175779012135343,0.0052684265828959,-21.81,-11.97,-13.05,-23.1,1.68,7.1,-30.09,-0.24,-8.9,-22.05,-9.93,-11.86,-17.05,-9.0,-15.28,0
2020-03-20,-7.2048000000000005,420.11,6.0,0.0,-3.27,-16.97,6.16,-12.65,-16.99,8.66,-15.88,-12.89,6.51,-5.25,-16.84,6.52,-14.86,-13.41,5.33,-12.26,-12.45,10.67,-16.49,-17.0,16.4,-61.49,221.74,12.28,66.04,66.04,1.15,0.57,0.58,0.4958248670675724,0.5228463277964303,-0.0270214607288578,-13.05,-21.81,9.38,7.1,-23.1,3.16,-8.9,-30.09,21.37,-11.86,-22.05,3.69,-15.28,-17.05,7.17,0
2020-03-27,-4.651499999999999,44.38,8.0,0.0,6.16,-3.27,-1.72,8.66,-12.65,-4.54,6.51,-15.88,-0.74,6.52,-5.25,-2.1,5.33,-14.86,0.31,10.67,-12.26,-2.75,16.4,-16.49,-3.43,12.28,-61.49,-28.91,65.54,65.54,1.42,1.15,0.27,0.5307142525200693,0.4958248670675724,0.0348893854524969,9.38,-13.05,-17.59,3.16,7.1,-4.36,21.37,-8.9,10.41,3.69,-11.86,-3.23,7.17,-15.28,-19.39,0
2020-04-03,-2.7936000000000014,-95.81999999999994,0.0,0.0,-1.72,6.16,6.86,-4.54,8.66,12.48,-0.74,6.51,15.17,-2.1,6.52,7.84,0.31,5.33,10.45,-2.75,10.67,13.54,-3.43,16.4,10.2,-28.91,12.28,-2.2,46.8,46.8,1.29,1.42,-0.1299999999999999,0.543062989820064,0.5307142525200693,0.0123487372999946,-17.59,9.38,13.05,-4.36,3.16,-1.93,10.41,21.37,-10.01,-3.23,3.69,17.73,-19.39,7.17,9.81,0
2020-04-17,1.7914999999999992,-66.04999999999995,0.0,0.0,6.86,-1.72,-0.6,12.48,-4.54,-1.08,15.17,-0.74,3.01,7.84,-2.1,-0.67,10.45,0.31,-0.32,13.54,-2.75,-1.48,10.2,-3.43,-1.49,-2.2,-28.91,-22.47,38.15,38.15,0.99,1.29,-0.3,0.5449056323102148,0.543062989820064,0.0018426424901508,13.05,-17.59,-2.32,-1.93,-4.36,0.4,-10.01,10.41,1.66,17.73,-3.23,-1.41,9.81,-19.39,-2.36,0
2020-04-24,5.0502,208.52,0.0,0.0,-0.6,6.86,0.19,-1.08,12.48,2.94,3.01,15.17,1.98,-0.67,7.84,0.65,-0.32,10.45,0.84,-1.48,13.54,0.86,-1.49,10.2,0.45,-22.47,-2.2,-50.72,35.93,35.93,0.77,0.99,-0.2199999999999999,0.5376328138416404,0.5449056323102148,-0.0072728184685744,-2.32,13.05,15.95,0.4,-1.93,0.97,1.66,-10.01,-3.16,-1.41,17.73,0.36,-2.36,9.81,6.56,0
2020-05-01,8.1239,-5.420000000000073,0.0,0.0,0.19,-0.6,0.64,2.94,-1.08,-3.02,1.98,3.01,1.4,0.65,-0.67,-0.03,0.84,-0.32,-1.52,0.86,-1.48,0.18,0.45,-1.49,-1.71,-50.72,-22.47,-142.65,37.19,37.19,0.42,0.77,-0.35,0.5254307239030461,0.5376328138416404,-0.0122020899385942,15.95,-2.32,-5.15,0.97,0.4,9.6,-3.16,1.66,-0.79,0.36,-1.41,1.07,6.56,-2.36,-10.04,0
2020-05-15,13.67097,-364.51,-1.0,0.0,0.64,0.19,3.34,-3.02,2.94,4.71,1.4,1.98,4.25,-0.03,0.65,3.56,-1.52,0.84,3.37,0.18,0.86,3.16,-1.71,0.45,3.48,-148.28,-142.65,-771.43,31.89,31.89,0.26,0.42,-0.1599999999999999,0.5324820050607232,0.5254307239030461,0.007051281157677,-5.15,15.95,5.84,9.6,0.97,7.46,-0.79,-3.16,4.55,1.07,0.36,4.85,-10.04,6.56,-1.33,0
2020-05-22,3.95703,104.81000000000006,0.0,0.0,3.34,0.64,1.39,4.71,-3.02,3.93,4.25,1.4,3.81,3.56,-0.03,1.87,3.37,-1.52,3.79,3.16,0.18,3.67,3.48,-1.71,2.88,-771.43,-148.28,-8.51,28.16,28.16,0.25,0.26,-0.01,0.4906484637253649,0.5324820050607232,-0.0418335413353582,5.84,-5.15,11.73,7.46,9.6,2.32,4.55,-0.79,-1.37,4.85,1.07,1.15,-1.33,-10.04,6.22,0
2020-05-29,2.1476200000000008,69.64999999999998,-1.0,0.0,1.39,3.34,6.71,3.93,4.71,6.96,3.81,4.25,3.25,1.87,3.56,6.72,3.79,3.37,5.8,3.67,3.16,5.53,2.88,3.48,8.36,-8.51,-771.43,-127.91,27.51,27.51,0.2,0.25,-0.0499999999999999,0.543959251929341,0.4906484637253649,0.053310788203976,11.73,5.84,14.02,2.32,7.46,4.47,-1.37,4.55,18.48,1.15,4.85,20.8,6.22,-1.33,19.02,0
2020-06-05,0.65672,-293.18,0.0,0.0,6.71,1.39,-5.85,6.96,3.93,-6.32,3.25,3.81,-4.07,6.72,1.87,-5.85,5.8,3.79,-3.44,5.53,3.67,-4.51,8.36,2.88,-5.88,-127.91,-8.51,-441.67,24.52,24.52,0.16,0.2,-0.04,0.5500482434406394,0.543959251929341,0.0060889915112983,14.02,11.73,-10.91,4.47,2.32,-9.25,18.48,-1.37,-10.82,20.8,1.15,-4.78,19.02,6.22,-10.18,0
2020-06-12,0.108319999999999,131.98999999999995,0.0,0.0,-5.85,6.71,3.07,-6.32,6.96,3.57,-4.07,3.25,2.7,-5.85,6.72,3.16,-3.44,5.8,3.47,-4.51,5.53,2.06,-5.88,8.36,-1.33,-441.67,-127.91,9.76,36.09,36.09,0.16,0.16,0.0,0.5481447822785066,0.5500482434406394,-0.0019034611621328,-10.91,14.02,-0.43,-9.25,4.47,1.32,-10.82,18.48,-0.5,-4.78,20.8,-0.2,-10.18,19.02,0.94,0
2020-06-19,-0.3704900000000002,67.92000000000007,0.0,0.0,3.07,-5.85,-2.12,3.57,-6.32,-3.25,2.7,-4.07,-0.81,3.16,-5.85,-2.3,3.47,-3.44,-2.2,2.06,-4.51,-2.34,-1.33,-5.88,-1.58,9.76,-441.67,44.44,35.12,35.12,0.16,0.16,0.0,0.5513126501016684,0.5481447822785066,0.0031678678231618,-0.43,-10.91,-4.79,1.32,-9.25,-1.97,-0.5,-10.82,-5.24,-0.2,-4.78,-3.05,0.94,-10.18,-3.57,0
2020-06-26,-0.7321099999999987,-130.86,0.0,0.0,-2.12,3.07,-0.03,-3.25,3.57,1.1,-0.81,2.7,1.14,-2.3,3.16,0.17,-2.2,3.47,0.64,-2.34,2.06,3.21,-1.58,-1.33,2.24,44.44,9.76,27.69,34.73,34.73,0.17,0.16,0.01,0.5619021375907,0.5513126501016684,0.0105894874890315,-4.79,-0.43,4.27,-1.97,1.32,3.51,-5.24,-0.5,0.97,-3.05,-0.2,1.76,-3.57,0.94,-0.19,0
2020-07-10,-0.9175300000000002,3.7200000000000273,0.0,0.0,-1.01,-0.03,3.2,-0.71,1.1,0.98,-1.22,1.14,-0.52,-0.96,0.17,2.76,-1.02,0.64,0.66,1.49,3.21,1.52,2.24,-1.58,2.11,22.89,27.69,-22.55,27.29,27.29,0.14,0.17,-0.03,0.514193830816243,0.5455955603250396,-0.0314017295087966,1.76,4.27,-1.15,-4.8,3.51,5.17,-5.45,0.97,6.36,3.36,1.76,4.81,-1.84,-0.19,0.39,0
2020-07-17,-0.5748699999999998,184.0,0.0,0.0,3.2,-1.01,-2.65,0.98,-0.71,-0.48,-0.52,-1.22,0.69,2.76,-0.96,-2.24,0.66,-1.02,-0.82,1.52,1.49,-0.1,2.11,2.24,-1.24,-22.55,22.89,-0.0,25.68,25.68,0.16,0.14,0.0199999999999999,0.5425289404734939,0.514193830816243,0.0283351096572508,-1.15,1.76,-2.41,5.17,-4.8,-5.89,6.36,-5.45,-3.62,4.81,3.36,-0.55,0.39,-1.84,-2.88,0
2020-07-24,-0.4732599999999998,-235.42,0.0,0.0,-2.65,3.2,-3.69,-0.48,0.98,-1.92,0.69,-0.52,0.14,-2.24,2.76,-3.32,-0.82,0.66,-1.17,-0.1,1.52,0.58,-1.24,2.11,-1.29,-0.0,-22.55,-8.86,25.84,25.84,0.14,0.16,-0.0199999999999999,0.5166449647488062,0.5425289404734939,-0.0258839757246877,-2.41,-1.15,-11.48,-5.89,5.17,-5.4,-3.62,6.36,-7.7,-0.55,4.81,-4.47,-2.88,0.39,-11.49,0
2020-07-31,-0.5360500000000004,60.62000000000006,0.0,0.0,-3.69,-2.65,2.28,-1.92,-0.48,4.08,0.14,0.69,5.41,-3.32,-2.24,2.56,-1.17,-0.82,1.83,0.58,-0.1,2.21,-1.29,-1.24,2.24,-8.86,-0.0,-84.72,24.46,24.46,0.16,0.14,0.0199999999999999,0.5360554251662043,0.5166449647488062,0.0194104604173981,-11.48,-2.41,4.02,-5.4,-5.89,1.02,-7.7,-3.62,4.4,-4.47,-0.55,-0.05,-11.49,-2.88,5.71,0
2020-08-07,-0.7257199999999999,6.5,0.0,0.0,2.28,-3.69,0.96,4.08,-1.92,0.64,5.41,0.14,1.63,2.56,-3.32,0.94,1.83,-1.17,2.16,2.21,0.58,1.2,2.24,-1.29,1.13,-84.72,-8.86,45.45,22.21,22.21,0.15,0.16,-0.01,0.5391157362150103,0.5360554251662043,0.0030603110488059,4.02,-11.48,4.4,1.02,-5.4,1.66,4.4,-7.7,1.88,-0.05,-4.47,-2.31,5.71,-11.49,4.21,0
2020-08-14,-0.7510399999999997,-79.67000000000007,-1.0,0.0,0.96,2.28,-1.45,0.64,4.08,-0.89,1.63,5.41,0.93,0.94,2.56,-1.34,2.16,1.83,-1.15,1.2,2.21,0.33,1.13,2.24,-1.12,45.45,-84.72,156.25,22.05,22.05,0.17,0.15,0.02,0.5244512500965991,0.5391157362150103,-0.0146644861184112,4.4,4.02,-1.1,1.66,1.02,-3.72,1.88,4.4,-6.59,-2.31,-0.05,-1.28,4.21,5.71,-2.94,0
2020-08-21,-0.5604800000000001,13.050000000000011,0.0,0.0,-1.45,0.96,-0.64,-0.89,0.64,1.2,0.93,1.63,0.74,-1.34,0.94,-0.29,-1.15,2.16,0.58,0.33,1.2,2.71,-1.12,1.13,1.55,156.25,45.45,21.95,22.54,22.54,0.15,0.17,-0.02,0.5264711391229656,0.5244512500965991,0.0020198890263665,-1.1,4.4,3.67,-3.72,1.66,-2.47,-6.59,1.88,-3.35,-1.28,-2.31,0.5,-2.94,4.21,0.89,0
2020-08-28,-0.4756200000000001,8.28000000000003,0.0,0.0,-0.64,-1.45,-2.76,1.2,-0.89,-2.44,0.74,0.93,-1.79,-0.29,-1.34,-2.64,0.58,-1.15,-0.89,2.71,0.33,-2.33,1.55,-1.12,-2.82,21.95,156.25,32.0,22.96,22.96,0.14,0.15,-0.0099999999999999,0.5324099671555887,0.5264711391229656,0.0059388280326231,3.67,-1.1,-4.54,-2.47,-3.72,-5.55,-3.35,-6.59,-2.54,0.5,-1.28,1.33,0.89,-2.94,-4.97,0
2020-09-04,-0.3267899999999999,-52.910000000000025,-1.0,0.0,-2.76,-0.64,4.02,-2.44,1.2,1.16,-1.79,0.74,0.77,-2.64,-0.29,3.43,-0.89,0.58,1.17,-2.33,2.71,-1.31,-2.82,1.55,-0.65,32.0,21.95,87.88,30.75,30.75,0.14,0.14,0.0,0.531824362463896,0.5324099671555887,-0.0005856046916927,-4.54,3.67,-3.99,-5.55,-2.47,4.71,-2.54,-3.35,1.77,1.33,0.5,6.16,-4.97,0.89,-3.93,0
2020-09-11,-0.2351399999999999,-36.94999999999999,0.0,0.0,4.02,-2.76,-0.42,1.16,-2.44,0.08,0.77,-1.79,2.04,3.43,-2.64,-0.29,1.17,-0.89,0.77,-1.31,-2.33,-0.01,-0.65,-2.82,0.46,87.88,32.0,-12.9,26.87,26.87,0.14,0.14,0.0,0.5336317735460985,0.531824362463896,0.0018074110822025,-3.99,-4.54,-5.07,4.71,-5.55,-2.32,1.77,-2.54,-6.22,6.16,1.33,-0.77,-3.93,-4.97,-2.47,0
2020-09-18,-0.1971100000000001,-9.439999999999998,0.0,0.0,-0.42,4.02,-2.74,0.08,1.16,-2.99,2.04,0.77,-1.97,-0.29,3.43,-2.8,0.77,1.17,-3.42,-0.01,-1.31,-1.74,0.46,-0.65,-3.41,-12.9,87.88,-41.67,25.83,25.83,0.13,0.14,-0.01,0.5348571057547403,0.5336317735460985,0.0012253322086418,-5.07,-3.99,-6.03,-2.32,4.71,-3.59,-6.22,1.77,-5.07,-0.77,6.16,-7.32,-2.47,-3.93,-2.06,0
2020-09-25,-0.16578,-43.19,0.0,0.0,-2.74,-0.42,1.02,-2.99,0.08,2.06,-1.97,2.04,1.1,-2.8,-0.29,1.21,-3.42,0.77,1.43,-1.74,-0.01,1.53,-3.41,0.46,2.06,-41.67,-12.9,-53.97,26.38,26.38,0.12,0.13,-0.01,0.5188895719362759,0.5348571057547403,-0.0159675338184643,-6.03,-5.07,6.73,-3.59,-2.32,-0.94,-5.07,-6.22,-8.1,-7.32,-0.77,-3.36,-2.06,-2.47,9.99,0
2020-10-02,-0.1950799999999999,98.63,0.0,0.0,1.02,-2.74,1.94,2.06,-2.99,3.9,1.1,-1.97,2.61,1.21,-2.8,2.33,1.43,-3.42,3.78,1.53,-1.74,3.61,2.06,-3.41,2.45,-53.97,-41.67,-75.86,27.63,27.63,0.14,0.12,0.02,0.5165113285818267,0.5188895719362759,-0.0023782433544492,6.73,-6.03,9.79,-0.94,-3.59,8.11,-8.1,-5.07,3.59,-3.36,-7.32,6.95,9.99,-2.06,3.82,0
2020-10-09,-0.147263,119.15999999999995,0.0,0.0,1.94,1.02,-1.61,3.9,2.06,-1.39,2.61,1.1,-1.24,2.33,1.21,-1.56,3.78,1.43,-1.16,3.61,1.53,-0.31,2.45,2.06,-2.65,-75.86,-53.97,614.29,25.0,25.0,0.12,0.14,-0.02,0.5355608194557376,0.5165113285818267,0.0190494908739109,9.79,6.73,-5.11,8.11,-0.94,-1.62,3.59,-8.1,-5.72,6.95,-3.36,-5.46,3.82,9.99,-4.32,0
2020-10-16,-0.081438,-185.80999999999997,0.0,0.0,-1.61,1.94,-1.0,-1.39,3.9,1.61,-1.24,2.61,0.28,-1.56,2.33,-0.46,-1.16,3.78,1.76,-0.31,3.61,-0.39,-2.65,2.45,0.39,614.29,-75.86,-48.0,27.41,27.41,0.11,0.12,-0.0099999999999999,0.5386054940095835,0.5355608194557376,0.0030446745538458,-5.11,9.79,9.57,-1.62,8.11,2.96,-5.72,3.59,-1.86,-5.46,6.95,2.39,-4.32,3.82,8.4,0
2020-10-23,-0.1404559999999999,-87.64000000000004,3.0,0.0,-1.0,-1.61,-4.83,1.61,-1.39,-4.94,0.28,-1.24,-3.25,-0.46,-1.56,-4.81,1.76,-1.16,-3.58,-0.39,-0.31,-5.66,0.39,-2.65,-5.55,-48.0,614.29,-7.69,27.55,27.55,0.12,0.11,0.0099999999999999,0.533292078557863,0.5386054940095835,-0.0053134154517204,9.57,-5.11,-4.46,2.96,-1.62,-8.53,-1.86,-5.72,-4.33,2.39,-5.46,-6.91,8.4,-4.32,-4.3,0
2020-10-30,-0.181499,222.20000000000005,0.0,0.0,-4.83,-1.0,5.97,-4.94,1.61,4.09,-3.25,0.28,3.6,-4.81,-0.46,5.57,-3.58,1.76,3.93,-5.66,-0.39,7.72,-5.55,0.39,7.23,-7.69,-48.0,-129.17,38.02,38.02,0.13,0.12,0.01,0.5080306456955929,0.533292078557863,-0.0252614328622701,-4.46,9.57,4.11,-8.53,2.96,1.98,-4.33,-1.86,1.66,-6.91,2.39,9.04,-4.3,8.4,-2.36,0
2020-11-06,-0.1970909999999999,45.46999999999997,0.0,0.0,5.97,-4.83,6.88,4.09,-4.94,7.55,3.6,-3.25,1.72,5.57,-4.81,7.02,3.93,-3.58,7.77,7.72,-5.66,2.4,7.23,-5.55,8.47,-129.17,-7.69,-485.71,24.86,24.86,0.11,0.13,-0.02,0.51294668213707,0.5080306456955929,0.004916036441477,4.11,-4.46,20.93,1.98,-8.53,13.79,1.66,-4.33,18.53,9.04,-6.91,11.49,-2.36,-4.3,26.9,0
2020-11-13,-0.206095,-292.61,-3.0,0.0,6.88,5.97,0.56,7.55,4.09,1.23,1.72,3.6,3.14,7.02,5.57,0.74,7.77,3.93,2.5,2.4,7.72,0.42,8.47,7.23,0.95,-485.71,-129.17,33.33,23.1,23.1,0.13,0.11,0.02,0.5183741654613092,0.51294668213707,0.0054274833242392,20.93,4.11,2.68,13.79,1.98,3.06,18.53,1.66,3.17,11.49,9.04,2.91,26.9,-2.36,3.14,0
2020-11-20,-0.13080621,123.61999999999998,0.0,0.0,0.56,6.88,0.25,1.23,7.55,-0.23,3.14,1.72,0.77,0.74,7.02,0.2,2.5,7.77,1.14,0.42,2.4,2.42,0.95,8.47,1.26,33.33,-485.71,16.67,23.7,23.7,0.13,0.13,0.0,0.5419657556631501,0.5183741654613092,0.0235915902018408,2.68,20.93,1.26,3.06,13.79,1.4,3.17,18.53,7.57,2.91,11.49,9.48,3.14,26.9,4.13,0
2020-11-27,-0.05079549,265.34000000000003,0.0,0.0,0.25,0.56,2.87,-0.23,1.23,3.7,0.77,3.14,2.87,0.2,0.74,3.02,1.14,2.5,3.26,2.42,0.42,1.47,1.26,0.95,3.14,16.67,33.33,-28.57,20.84,20.84,0.14,0.13,0.01,0.5414566542705365,0.5419657556631501,-0.0005091013926136,1.26,2.68,6.54,1.4,3.06,4.21,7.57,3.17,5.34,9.48,2.91,11.29,4.13,3.14,4.67,0
2020-12-04,-0.0060462999999999,-311.22,-1.0,0.0,2.87,0.25,-0.05,3.7,-0.23,-2.78,2.87,0.77,-0.72,3.02,0.2,-0.59,3.26,1.14,-2.28,1.47,2.42,-0.67,3.14,1.26,-1.61,-28.57,16.67,276.67,20.79,20.79,0.14,0.14,0.0,0.5720092322669138,0.5414566542705365,0.0305525779963773,6.54,1.26,-8.45,4.21,1.4,0.63,5.34,7.57,-0.61,11.29,9.48,-0.16,4.67,4.13,-12.71,1
2020-12-11,0.221449,-181.62,1.0,0.0,-0.05,2.87,-0.27,-2.78,3.7,2.52,-0.72,2.87,3.14,-0.59,3.02,0.26,-2.28,3.26,1.59,-0.67,1.47,1.69,-1.61,3.14,0.03,276.67,-28.57,-31.86,23.31,23.31,0.14,0.14,0.0,0.5371245770377603,0.5720092322669138,-0.0348846552291535,-8.45,6.54,6.57,0.63,4.21,-3.82,-0.61,5.34,-1.42,-0.16,11.29,2.02,-12.71,4.67,2.44,1
2020-12-18,0.227347,193.2,2.0,0.0,-0.27,-0.05,5.27,2.52,-2.78,4.71,3.14,-0.72,7.79,0.26,-0.59,5.17,1.59,-2.28,5.0,1.69,-0.67,3.26,0.03,-1.61,6.4,-31.86,276.67,16.88,21.57,21.57,0.16,0.14,0.0199999999999999,0.5766762244955868,0.5371245770377603,0.0395516474578264,6.57,-8.45,5.46,-3.82,0.63,1.95,-1.42,-0.61,10.08,2.02,-0.16,14.21,2.44,-12.71,5.53,1
2021-01-08,0.3349239999999999,-131.52999999999997,2.0,0.0,5.27,-0.27,-2.0,4.71,2.52,-2.13,7.79,3.14,-0.56,5.17,0.26,-1.98,5.0,1.59,-0.57,3.26,1.69,-1.4,6.4,0.03,-2.27,16.88,-31.86,51.11,21.56,21.56,0.14,0.16,-0.0199999999999999,0.5137322244846357,0.5766762244955868,-0.062944000010951,5.46,6.57,-2.69,1.95,-3.82,-0.95,10.08,-1.42,1.26,14.21,2.02,1.25,5.53,2.44,-2.42,1
2021-01-15,-0.0492269999999999,60.19999999999999,0.0,0.0,-2.0,5.27,-0.6,-2.13,4.71,-0.09,-0.56,7.79,1.89,-1.98,5.17,-0.47,-0.57,5.0,0.94,-1.4,3.26,1.5,-2.27,6.4,0.23,51.11,16.88,-13.97,24.34,24.34,0.13,0.14,-0.01,0.4823507147837897,0.5137322244846357,-0.031381509700846,-2.69,5.46,-3.86,-0.95,1.95,0.09,1.26,10.08,-4.12,1.25,14.21,-3.25,-2.42,5.53,-3.26,1
2021-01-22,-0.382459,100.42000000000002,0.0,0.0,-0.6,-2.0,-4.3,-0.09,-2.13,-1.79,1.89,-0.56,-2.9,-0.47,-1.98,-3.81,0.94,-0.57,-2.46,1.5,-1.4,-3.41,0.23,-2.27,-4.57,-13.97,51.11,-13.68,21.91,21.91,0.14,0.13,0.01,0.4811992693201692,0.4823507147837897,-0.0011514454636205,-3.86,-2.69,-6.65,0.09,-0.95,-1.96,-4.12,1.26,-6.38,-3.25,1.25,-9.01,-3.26,-2.42,-5.09,1
2021-01-29,-0.699068,-39.870000000000005,0.0,0.0,-4.3,-0.6,1.28,-1.79,-0.09,4.14,-2.9,1.89,4.39,-3.81,-0.47,1.87,-2.46,0.94,3.98,-3.41,1.5,4.2,-4.57,0.23,1.98,-13.68,-13.97,-93.07,33.09,33.09,0.14,0.14,0.0,0.476900774268273,0.4811992693201692,-0.0042984950518962,-6.65,-3.86,10.24,-1.96,0.09,7.4,-6.38,-4.12,-7.16,-9.01,-3.25,5.2,-5.09,-3.26,12.12,1
2021-02-05,-0.778986,-106.06,0.0,0.0,1.28,-4.3,1.55,4.14,-1.79,-0.14,4.39,-2.9,0.68,1.87,-3.81,1.21,3.98,-2.46,0.57,4.2,-3.41,1.64,1.98,-4.57,2.48,-93.07,-13.68,414.29,20.87,20.87,0.16,0.14,0.0199999999999999,0.5092235527969398,0.476900774268273,0.0323227785286667,10.24,-6.65,-0.9,7.4,-1.96,-0.12,-7.16,-6.38,3.87,5.2,-9.01,3.7,12.12,-5.09,0.27,0
2021-02-12,-0.2334800000000001,140.55,0.0,0.0,1.55,1.28,0.52,-0.14,4.14,-0.01,0.68,4.39,-0.46,1.21,1.87,0.4,0.57,3.98,-0.31,1.64,4.2,-0.44,2.48,1.98,1.41,414.29,-93.07,-86.11,19.97,19.97,0.15,0.16,-0.01,0.496050067700413,0.5092235527969398,-0.0131734850965267,-0.9,10.24,5.31,-0.12,7.4,-2.06,3.87,-7.16,4.03,3.7,5.2,11.66,0.27,12.12,2.94,0
2021-02-19,0.2718,-103.11,0.0,0.0,0.52,1.55,-2.12,-0.01,-0.14,-0.6,-0.46,0.68,-2.55,0.4,1.21,-1.79,-0.31,0.57,-0.28,-0.44,1.64,-2.83,1.41,2.48,-1.94,-86.11,414.29,-2680.0,22.05,22.05,0.14,0.15,-0.0099999999999999,0.513353035468817,0.496050067700413,0.017302967768404,5.31,-0.9,3.88,-2.06,-0.12,-6.97,4.03,3.87,7.12,11.66,3.7,-3.15,2.94,0.27,2.12,0
2021-02-26,0.7160770000000001,77.51999999999998,0.0,0.0,-2.12,0.52,2.27,-0.6,-0.01,0.24,-2.55,-0.46,-1.69,-1.79,0.4,1.87,-0.28,-0.31,1.23,-2.83,-0.44,0.06,-1.94,1.41,3.0,-2680.0,-86.11,-24.03,27.95,27.95,0.15,0.14,0.0099999999999999,0.5322695309217313,0.513353035468817,0.0189164954529142,3.88,5.31,7.51,-6.97,-2.06,2.08,7.12,4.03,9.27,-3.15,11.66,-2.65,2.12,2.94,2.77,0
2021-03-05,1.110277,125.95000000000005,0.0,0.0,2.27,-2.12,1.97,0.24,-0.6,2.6,-1.69,-2.55,2.42,1.87,-1.79,2.11,1.23,-0.28,2.59,0.06,-2.83,2.88,3.0,-1.94,1.89,-24.03,-2680.0,3.06,24.66,24.66,0.15,0.15,0.0,0.4965663968661655,0.5322695309217313,-0.0357031340555658,7.51,3.88,5.26,2.08,-6.97,6.63,9.27,7.12,1.46,-2.65,-3.15,2.56,2.77,2.12,2.82,0
2021-03-12,0.7992159999999999,-140.12,-1.0,0.0,1.97,2.27,-0.78,2.6,0.24,-0.4,2.42,-1.69,0.53,2.11,1.87,-0.68,2.59,1.23,0.18,2.88,0.06,-0.39,1.89,3.0,-1.51,3.06,-24.03,-4.95,20.69,20.69,0.15,0.15,0.0,0.5275811092306998,0.4965663968661655,0.0310147123645342,5.26,7.51,1.11,6.63,2.08,0.84,1.46,9.27,-5.18,2.56,-2.65,-2.84,2.82,2.77,-0.44,0
2021-03-19,0.419,182.38,0.0,0.0,-0.78,1.97,0.48,-0.4,2.6,0.31,0.53,2.42,-0.44,-0.68,2.11,0.45,0.18,2.59,0.67,-0.39,2.88,0.67,-1.51,1.89,0.54,-4.95,3.06,-34.38,20.95,20.95,0.19,0.15,0.04,0.4940795696615532,0.5275811092306998,-0.0335015395691465,1.11,5.26,0.2,0.84,6.63,1.08,-5.18,1.46,-1.32,-2.84,2.56,1.56,-0.44,2.82,3.0,0
2021-03-26,0.0025699999999999,-298.62,0.0,0.0,0.48,-0.78,2.6,0.31,-0.4,3.56,-0.44,0.53,3.69,0.45,-0.68,2.79,0.67,0.18,3.3,0.67,-0.39,3.38,0.54,-1.51,1.74,-34.38,-4.95,-17.46,18.86,18.86,0.18,0.19,-0.01,0.5210067982003904,0.4940795696615532,0.0269272285388371,0.2,1.11,1.5,1.08,0.84,-0.55,-1.32,-5.18,-2.53,1.56,-2.84,0.8,3.0,-0.44,2.37,0
2021-04-09,-0.6470799999999999,-4.590000000000003,0.0,0.0,2.6,0.48,1.5,3.56,0.31,1.22,3.69,-0.44,1.44,2.79,0.45,1.45,3.3,0.67,1.46,3.38,0.67,1.49,1.74,0.54,2.18,-17.46,-34.38,-9.62,16.69,16.69,0.17,0.18,-0.0099999999999999,0.5134252722218802,0.5210067982003904,-0.0075815259785102,1.5,0.2,1.87,-0.55,1.08,0.4,-2.53,-1.32,2.69,0.8,1.56,4.61,2.37,3.0,0.46,0
2021-04-16,-0.3437030000000001,-64.21000000000001,-4.0,0.0,1.5,2.6,-1.15,1.22,3.56,-0.67,1.44,3.69,0.91,1.45,2.79,-1.04,1.46,3.3,-0.29,1.49,3.38,-0.25,2.18,1.74,-1.07,-9.62,-17.46,-4.26,16.25,16.25,0.17,0.17,0.0,0.5339442877869629,0.5134252722218802,0.0205190155650827,1.87,1.5,-3.81,0.4,-0.55,-1.18,2.69,-2.53,-3.58,4.61,0.8,-1.9,0.46,2.37,-1.91,0
2021-04-23,-0.230206,45.63,0.0,0.0,-1.15,1.5,0.45,-0.67,1.22,0.56,0.91,1.44,1.51,-1.04,1.45,0.47,-0.29,1.46,0.49,-0.25,1.49,-0.25,-1.07,2.18,0.22,-4.26,-9.62,86.67,17.33,17.33,0.15,0.17,-0.02,0.5396119760806332,0.5339442877869629,0.0056676882936702,-3.81,1.87,-3.56,-1.18,0.4,2.41,-3.58,2.69,3.73,-1.9,4.61,-0.35,-1.91,0.46,6.59,0
2021-04-30,-0.143899,-33.31999999999999,0.0,0.0,0.45,-1.15,2.29,0.56,-0.67,1.24,1.51,0.91,-1.72,0.47,-1.04,2.07,0.49,-0.29,1.13,-0.25,-0.25,1.38,0.22,-1.07,4.18,86.67,-4.26,-53.57,18.61,18.61,0.17,0.15,0.02,0.5310833234875134,0.5396119760806332,-0.0085286525931197,-3.56,-3.81,3.44,2.41,-1.18,3.67,3.73,-3.58,3.48,-0.35,-1.9,9.33,6.59,-1.91,2.46,0
2021-05-07,-0.1329289999999999,62.09,0.0,0.0,2.29,0.45,-1.21,1.24,0.56,-1.93,-1.72,1.51,-2.08,2.07,0.47,-1.33,1.13,0.49,-1.09,1.38,-0.25,-1.37,4.18,0.22,-0.15,-53.57,86.67,112.82,16.69,16.69,0.14,0.17,-0.03,0.5273506527385229,0.5310833234875134,-0.0037326707489905,3.44,-3.56,-0.46,3.67,2.41,-0.78,3.48,3.73,0.03,9.33,-0.35,0.57,2.46,6.59,3.63,0
2021-05-14,-0.0807149999999999,-53.68000000000001,0.0,0.0,-1.21,2.29,-0.36,-1.93,1.24,0.28,-2.08,-1.72,1.04,-1.33,2.07,-0.24,-1.09,1.13,0.05,-1.37,1.38,0.15,-0.15,4.18,-0.12,112.82,-53.57,-40.96,18.81,18.81,0.15,0.14,0.0099999999999999,0.4926397320573124,0.5273506527385229,-0.0347109206812105,-0.46,3.44,-0.93,-0.78,3.67,-9.41,0.03,3.48,-0.46,0.57,9.33,-4.39,3.63,2.46,0.46,0
2021-05-21,-0.035643,22.539999999999992,0.0,0.0,-0.36,-1.21,0.06,0.28,-1.93,1.27,1.04,-2.08,0.55,-0.24,-1.33,0.34,0.05,-1.09,1.89,0.15,-1.37,1.23,-0.12,-0.15,-0.03,-40.96,112.82,34.69,20.15,20.15,0.14,0.15,-0.0099999999999999,0.5007986560025569,0.4926397320573124,0.0081589239452445,-0.93,-0.46,2.28,-9.41,-0.78,0.64,-0.46,0.03,-1.94,-4.39,0.57,3.58,0.46,3.63,2.93,0
2021-05-28,0.01641,100.2,0.0,0.0,0.06,-0.36,0.66,1.27,0.28,0.66,0.55,1.04,0.08,0.34,-0.24,0.65,1.89,0.05,0.49,1.23,0.15,0.61,-0.03,-0.12,0.95,34.69,-40.96,1.52,16.76,16.76,0.12,0.14,-0.02,0.5241626623995336,0.5007986560025569,0.0233640063969766,2.28,-0.93,0.47,0.64,-9.41,-0.28,-1.94,-0.46,4.34,3.58,-4.39,2.58,2.93,0.46,-1.9,0
2021-06-04,0.0799159999999999,-142.02999999999997,0.0,0.0,0.66,0.06,0.92,0.66,1.27,-0.43,0.08,0.55,-0.59,0.65,0.34,0.64,0.49,1.89,-0.32,0.61,1.23,0.51,0.95,-0.03,-1.08,1.52,34.69,-10.45,16.42,16.42,0.11,0.12,-0.0099999999999999,0.5235672801772864,0.5241626623995336,-0.0005953822222471,0.47,2.28,-1.94,-0.28,0.64,1.49,4.34,-1.94,1.52,2.58,3.58,-0.2,-1.9,2.93,-1.1,0
2021-06-11,0.102627,148.67000000000002,-1.0,0.0,0.92,0.66,-1.63,-0.43,0.66,-1.8,-0.59,0.08,-1.59,0.64,0.65,-1.63,-0.32,0.49,-0.57,0.51,0.61,-1.94,-1.08,0.95,-4.0,-10.45,1.52,111.67,15.65,15.65,0.09,0.11,-0.02,0.5226068035806704,0.5235672801772864,-0.000960476596616,-1.94,0.47,-4.73,1.49,-0.28,-1.66,1.52,4.34,-2.74,-0.2,2.58,-9.59,-1.1,-1.9,-4.07,0
2021-06-18,0.130632,57.70999999999998,0.0,0.0,-1.63,0.92,1.69,-1.8,-0.43,1.44,-1.59,-0.59,1.67,-1.63,0.64,1.64,-0.57,-0.32,1.54,-1.94,0.51,2.39,-4.0,-1.08,2.62,111.67,-10.45,-31.5,20.7,20.7,0.08,0.09,-0.0099999999999999,0.5355157777681947,0.5226068035806704,0.0129089741875243,-4.73,-1.94,1.73,-1.66,1.49,-3.67,-2.74,1.52,3.2,-9.59,-0.2,5.93,-4.07,-1.1,1.7,0
2021-06-25,0.1123729999999999,-135.3,0.0,0.0,1.69,-1.63,-0.18,1.44,-1.8,0.45,1.67,-1.59,1.25,1.64,-1.63,-0.05,1.54,-0.57,0.6,2.39,-1.94,0.7,2.62,-4.0,-0.6,-31.5,111.67,-29.89,15.62,15.62,0.09,0.08,0.0099999999999999,0.5456290060125318,0.5355157777681947,0.0101132282443371,1.73,-4.73,-1.42,-3.67,-1.66,-0.93,3.2,-2.74,-1.26,5.93,-9.59,-0.01,1.7,-4.07,-0.83,0
2021-07-02,0.0603479999999999,-0.9599999999999796,0.0,0.0,-0.18,1.69,-0.02,0.45,1.44,0.71,1.25,1.67,-1.35,-0.05,1.64,0.09,0.6,1.54,-0.36,0.7,2.39,0.23,-0.6,2.62,0.39,-29.89,-31.5,47.54,15.07,15.07,0.09,0.09,0.0,0.5513538747032097,0.5456290060125318,0.0057248686906778,-1.42,1.73,0.58,-0.93,-3.67,-2.64,-1.26,3.2,-3.27,-0.01,5.93,1.35,-0.83,1.7,-0.26,0
2021-07-09,-0.0057019999999999,-74.49000000000001,0.0,0.0,-0.02,-0.18,-1.6,0.71,0.45,-1.93,-1.35,1.25,-2.19,0.09,-0.05,-1.65,-0.36,0.6,-1.33,0.23,0.7,-0.93,0.39,-0.6,-2.59,47.54,-29.89,32.22,16.18,16.18,0.07,0.09,-0.0199999999999999,0.5461730057282336,0.5513538747032097,-0.0051808689749761,0.58,-1.42,-4.58,-2.64,-0.93,-1.72,-3.27,-1.26,-6.0,1.35,-0.01,-3.26,-0.26,-0.83,-2.12,0
2021-07-16,-0.088237,45.80000000000001,0.0,0.0,-1.6,-0.02,0.28,-1.93,0.71,1.85,-2.19,-1.35,0.9,-1.65,0.09,0.56,-1.33,-0.36,0.56,-0.93,0.23,1.58,-2.59,0.39,0.4,32.22,47.54,-32.77,18.45,18.45,0.08,0.07,0.0099999999999999,0.5449424154585399,0.5461730057282336,-0.0012305902696936,-4.58,0.58,1.03,-1.72,-2.64,1.92,-6.0,-3.27,-2.79,-3.26,1.35,2.19,-2.12,-0.26,0.35,0
2021-07-23,-0.0937279999999999,74.44,0.0,0.0,0.28,-1.6,0.07,1.85,-1.93,0.29,0.9,-2.19,1.51,0.56,-1.65,0.13,0.56,-1.33,0.71,1.58,-0.93,-0.1,0.4,-2.59,1.08,-32.77,32.22,-23.75,17.2,17.2,0.08,0.08,0.0,0.5144745336439288,0.5449424154585399,-0.0304678818146111,1.03,-4.58,4.42,1.92,-1.72,-2.24,-2.79,-6.0,1.8,2.19,-3.26,2.47,0.35,-2.12,-0.54,0
2021-07-30,-0.174477,22.680000000000007,0.0,0.0,0.07,0.28,1.29,0.29,1.85,2.21,1.51,0.9,0.84,0.13,0.56,1.46,0.71,0.56,1.5,-0.1,1.58,0.94,1.08,0.4,1.37,-23.75,-32.77,134.43,18.24,18.24,0.06,0.08,-0.02,0.5061340110919379,0.5144745336439288,-0.0083405225519909,4.42,1.03,4.68,-2.24,1.92,2.13,1.8,-2.79,6.31,2.47,2.19,0.57,-0.54,0.35,2.08,0
2021-08-06,-0.2247029999999999,-140.05,0.0,0.0,1.29,0.07,1.34,2.21,0.29,1.42,0.84,1.51,0.37,1.46,0.13,1.36,1.5,0.71,1.37,0.94,-0.1,0.87,1.37,1.08,1.44,134.43,-23.75,-4.9,16.15,16.15,0.07,0.06,0.01,0.513640975695883,0.5061340110919379,0.007506964603945,4.68,4.42,1.34,2.13,-2.24,1.38,6.31,1.8,-0.68,0.57,2.47,3.52,2.08,-0.54,-0.75,0
2021-08-13,-0.20251246,22.44,0.0,0.0,1.34,1.29,-1.81,1.42,2.21,-0.16,0.37,0.84,-0.4,1.36,1.46,-1.49,1.37,1.5,-0.92,0.87,0.94,-1.44,1.44,1.37,-3.02,-4.9,134.43,-27.21,15.45,15.45,0.06,0.07,-0.01,0.5426064873340858,0.513640975695883,0.0289655116382028,1.34,4.68,-3.12,1.38,2.13,1.98,-0.68,6.31,-5.73,3.52,0.57,-8.09,-0.75,2.08,-4.85,0
2021-08-20,-0.15423154,6.819999999999993,0.0,0.0,-1.81,1.34,0.85,-0.16,1.42,1.3,-0.4,0.37,1.59,-1.49,1.36,0.94,-0.92,1.37,1.29,-1.44,0.87,1.74,-3.02,1.44,1.53,-27.21,-4.9,25.25,18.56,18.56,0.08,0.06,0.02,0.5281258040569323,0.5426064873340858,-0.0144806832771534,-3.12,1.34,3.61,1.98,1.38,0.05,-5.73,-0.68,5.09,-8.09,3.52,7.42,-4.85,-0.75,0.23,0
2021-08-27,-0.129982,-5.949999999999989,0.0,0.0,0.85,-1.81,-0.14,1.3,-0.16,0.56,1.59,-0.4,2.26,0.94,-1.49,-0.01,1.29,-0.92,-0.15,1.74,-1.44,0.97,1.53,-3.02,0.81,25.25,-27.21,60.48,16.39,16.39,0.07,0.08,-0.0099999999999999,0.5513191581253097,0.5281258040569323,0.0231933540683774,3.61,-3.12,-0.59,0.05,1.98,-1.56,5.09,-5.73,-1.95,7.42,-8.09,1.04,0.23,-4.85,-1.54,0
2021-09-03,-0.108064,14.98999999999998,0.0,0.0,-0.14,0.85,-1.53,0.56,1.3,-1.91,2.26,1.59,-1.15,-0.01,0.94,-1.56,-0.15,1.29,-0.5,0.97,1.74,-1.32,0.81,1.53,-2.18,60.48,25.25,20.6,16.41,16.41,0.07,0.07,0.0,0.4459392003829353,0.5513191581253097,-0.1053799577423744,-0.59,3.61,-2.4,-1.56,0.05,-3.36,-1.95,5.09,-0.32,1.04,7.42,0.89,-1.54,0.23,-1.96,0
2021-09-10,-0.016529,-39.5,-1.0,0.0,-1.53,-0.14,-0.93,-1.91,0.56,-0.31,-1.15,2.26,-1.5,-1.56,-0.01,-0.81,-0.5,-0.15,-0.57,-1.32,0.97,-0.82,-2.18,0.81,-1.16,20.6,60.48,22.08,20.95,20.95,0.07,0.07,0.0,0.5228056686844369,0.4459392003829353,0.0768664683015015,-2.4,-0.59,1.36,-3.36,-1.56,-2.09,-0.32,-1.95,3.04,0.89,1.04,-2.62,-1.96,-1.54,5.83,0
2021-09-17,0.1358579999999999,-17.489999999999995,0.0,0.0,-0.93,-1.53,1.26,-0.31,-1.91,-0.21,-1.5,-1.15,-0.69,-0.81,-1.56,0.97,-0.57,-0.5,0.39,-0.82,-1.32,0.22,-1.16,-2.18,0.65,22.08,20.6,30.72,20.81,20.81,0.08,0.07,0.0099999999999999,0.5403627074415036,0.5228056686844369,0.0175570387570667,1.36,-2.4,0.56,-2.09,-3.36,-0.45,3.04,-0.32,5.1,-2.62,0.89,1.01,5.83,-1.96,0.87,0
2021-09-24,0.3042051,-42.83,0.0,0.0,1.26,-0.93,-0.35,-0.21,-0.31,-2.68,-0.69,-1.5,-2.83,0.97,-0.81,-0.82,0.39,-0.57,-2.0,0.22,-0.82,-2.6,0.65,-1.16,-0.55,30.72,22.08,4.44,17.75,17.75,0.1,0.08,0.02,0.5490976481338345,0.5403627074415036,0.0087349406923309,0.56,1.36,2.25,-0.45,-2.09,-1.41,5.1,3.04,5.54,1.01,-2.62,6.11,0.87,5.83,-0.42,0
2021-10-01,0.4129329,85.78999999999999,-1.0,0.0,-0.35,1.26,0.97,-2.68,-0.21,-1.91,-2.83,-0.69,-1.59,-0.82,0.97,0.44,-2.0,0.39,0.02,-2.6,0.22,0.69,-0.55,0.65,1.23,4.44,30.72,33.25,21.15,21.15,0.09,0.1,-0.01,0.5424557457266279,0.5490976481338345,-0.0066419024072066,2.25,0.56,3.87,-1.41,-0.45,-0.09,5.54,5.1,4.62,6.11,1.01,1.31,-0.42,0.87,3.58,0
2021-10-08,0.332144,5.070000000000022,0.0,0.0,0.97,-0.35,1.95,-1.91,-2.68,1.99,-1.59,-2.83,1.45,0.44,-0.82,1.91,0.02,-2.0,0.53,0.69,-2.6,2.16,1.23,-0.55,2.93,33.25,4.44,9.94,18.77,18.77,0.07,0.09,-0.0199999999999999,0.5453500411935521,0.5424557457266279,0.0028942954669242,3.87,2.25,1.36,-0.09,-1.41,-1.48,4.62,5.54,2.84,1.31,6.11,9.92,3.58,-0.42,4.82,0
2021-10-15,0.21387,-47.33000000000001,0.0,0.0,1.95,0.97,-0.41,1.99,-1.91,-0.23,1.45,-1.59,0.41,1.91,0.44,-0.37,0.53,0.02,-0.06,2.16,0.69,1.34,2.93,1.23,-0.03,9.94,33.25,15.02,16.3,16.3,0.07,0.07,0.0,0.4733179059834421,0.5453500411935521,-0.07203213521011,1.36,3.87,0.53,-1.48,-0.09,0.34,2.84,4.62,-2.37,9.92,1.31,-6.03,4.82,3.58,-0.81,0
2021-10-22,0.121305,13.019999999999996,0.0,0.0,-0.41,1.95,0.46,-0.23,1.99,0.76,0.41,1.45,-0.89,-0.37,1.91,0.49,-0.06,0.53,-0.05,1.34,2.16,0.75,-0.03,2.93,-0.18,15.02,9.94,5.34,15.43,15.43,0.06,0.07,-0.01,0.5084075644884257,0.4733179059834421,0.0350896585049836,0.53,1.36,1.7,0.34,-1.48,-2.51,-2.37,2.84,-1.35,-6.03,9.92,-0.48,-0.81,4.82,3.08,0
2021-10-29,0.00905,46.290000000000006,0.0,0.0,0.46,-0.41,0.92,0.76,-0.23,2.12,-0.89,0.41,1.15,0.49,-0.37,1.13,-0.05,-0.06,1.24,0.75,1.34,1.81,-0.18,-0.03,-0.45,5.34,15.02,-41.69,16.26,16.26,0.08,0.06,0.02,0.5319692346653164,0.5084075644884257,0.0235616701768907,1.7,0.53,-4.88,-2.51,0.34,3.07,-1.35,-2.37,-1.37,-0.48,-6.03,-3.25,3.08,-0.81,-2.23,0
2021-11-05,-0.0703899999999999,135.95,0.0,0.0,0.92,0.46,0.6,2.12,0.76,-0.17,1.15,-0.89,1.25,1.13,0.49,0.45,1.24,-0.05,0.12,1.81,0.75,-0.26,-0.45,-0.18,-0.06,-41.69,5.34,26.81,16.48,16.48,0.09,0.08,0.0099999999999999,0.5254862955895249,0.5319692346653164,-0.0064829390757915,-4.88,1.7,1.52,3.07,-2.51,1.98,-1.37,-1.35,-1.3,-3.25,-0.48,4.11,-2.23,3.08,0.26,0
2021-11-12,-0.1043629999999999,-48.339999999999975,0.0,0.0,0.6,0.92,-1.69,-0.17,2.12,-0.28,1.25,1.15,-1.64,0.45,1.13,-1.42,0.12,1.24,-0.95,-0.26,1.81,-0.12,-0.06,-0.45,-1.52,26.81,-41.69,-7.05,16.29,16.29,0.11,0.09,0.02,0.5183347238324714,0.5254862955895249,-0.0071515717570534,1.52,-4.88,-2.22,1.98,3.07,0.05,-1.3,-1.37,-4.21,4.11,-3.25,0.42,0.26,-2.23,-0.35,0
2021-11-19,-0.1420529999999999,-37.04000000000002,0.0,0.0,-1.69,0.6,-2.49,-0.28,-0.17,-4.06,-1.64,1.25,-4.1,-1.42,0.45,-2.77,-0.95,0.12,-2.96,-0.12,-0.26,-2.73,-1.52,-0.06,-2.79,-7.05,26.81,-5.53,17.91,17.91,0.11,0.11,0.0,0.4813124852519607,0.5183347238324714,-0.0370222385805106,-2.22,1.52,-4.87,0.05,1.98,-3.52,-4.21,-1.3,-2.73,0.42,4.11,-4.72,-0.35,0.26,-6.24,0
2021-11-26,-0.199932,-66.93,0.0,0.0,-2.49,-1.69,1.11,-4.06,-0.28,0.48,-4.1,-1.64,0.06,-2.77,-1.42,0.97,-2.96,-0.95,0.06,-2.73,-0.12,-1.45,-2.79,-1.52,0.53,-5.53,-7.05,3.04,28.62,28.62,0.12,0.11,0.0099999999999999,0.5286373199638117,0.4813124852519607,0.047324834711851,-4.87,-2.22,2.75,-3.52,0.05,0.69,-2.73,-4.21,7.3,-4.72,0.42,-0.03,-6.24,-0.35,1.04,0
2021-12-03,-0.23409,50.860000000000014,0.0,0.0,1.11,-2.49,2.38,0.48,-4.06,1.24,0.06,-4.1,0.73,0.97,-2.77,2.16,0.06,-2.96,1.51,-1.45,-2.73,3.3,0.53,-2.79,2.51,3.04,-5.53,-10.74,30.67,30.67,0.13,0.12,0.01,0.5701611152097312,0.5286373199638117,0.0415237952459195,2.75,-4.87,-2.23,0.69,-3.52,2.55,7.3,-2.73,0.51,-0.03,-4.72,4.55,1.04,-6.24,-0.32,1
2021-12-10,-0.2239479999999999,-80.04,0.0,0.0,2.38,1.11,-0.3,1.24,0.48,-0.64,0.73,0.06,-1.9,2.16,0.97,-0.38,1.51,0.06,-1.14,3.3,-1.45,-1.52,2.51,0.53,-3.66,-10.74,3.04,22.64,18.69,18.69,0.14,0.13,0.01,0.5642350593371699,0.5701611152097312,-0.0059260558725613,-2.23,2.75,-0.91,2.55,0.69,0.94,0.51,7.3,-2.58,4.55,-0.03,0.12,-0.32,1.04,-0.37,1
2021-12-17,-0.1806000999999999,63.21,0.0,0.0,-0.3,2.38,1.41,-0.64,1.24,2.15,-1.9,0.73,2.57,-0.38,2.16,1.54,-1.14,1.51,1.56,-1.52,3.3,2.14,-3.66,2.51,4.05,22.64,-10.74,29.62,21.57,21.57,0.16,0.14,0.0199999999999999,0.5954374171466315,0.5642350593371699,0.0312023578094615,-0.91,-2.23,3.65,0.94,2.55,-1.51,-2.58,0.51,1.23,0.12,4.55,1.26,-0.37,-0.32,2.77,1
2021-12-31,-0.185866,214.9,1.0,0.0,0.17,1.41,1.36,0.9,2.15,-0.54,1.55,2.57,-2.43,0.33,1.54,0.98,1.21,1.56,-0.41,0.78,2.14,-1.68,4.05,-3.66,2.53,0.74,29.62,22.97,17.22,17.22,0.15,0.16,-0.01,0.6125845726996743,0.6127321937433082,-0.0001476210436339,-0.23,3.65,9.76,-0.25,-1.51,2.08,-2.18,1.23,9.7,0.52,1.26,5.44,0.76,2.77,10.54,1
2022-01-07,-0.089194,-50.370000000000005,0.0,0.0,1.36,0.17,0.77,-0.54,0.9,-2.61,-2.43,1.55,-2.31,0.98,0.33,0.17,-0.41,1.21,-0.45,-1.68,0.78,-0.14,2.53,4.05,1.77,22.97,0.74,-4.55,18.76,18.76,0.14,0.15,-0.0099999999999999,0.5256904452053051,0.6125845726996743,-0.0868941274943692,9.76,-0.23,4.99,2.08,-0.25,3.21,9.7,-2.18,7.21,5.44,0.52,2.01,10.54,0.76,4.03,1
2022-01-14,0.017807,-215.98,0.0,0.0,0.77,1.36,-0.65,-2.61,-0.54,-2.11,-2.31,-2.43,-2.4,0.17,0.98,-0.92,-0.45,-0.41,-1.85,-0.14,-1.68,-4.66,1.77,2.53,-2.54,-4.55,22.97,10.04,19.19,19.19,0.11,0.14,-0.03,0.5460382344162583,0.5256904452053051,0.0203477892109532,4.99,9.76,-7.55,3.21,2.08,-0.63,7.21,9.7,-1.66,2.01,5.44,1.67,4.03,10.54,-5.86,1
2022-01-21,0.085986,193.68,-1.0,0.0,-0.65,0.77,-0.37,-2.11,-2.61,-2.78,-2.4,-2.31,-4.38,-0.92,0.17,-0.82,-1.85,-0.45,-2.39,-4.66,-0.14,-0.64,-2.54,1.77,0.12,10.04,-4.55,10.38,28.85,28.85,0.09,0.11,-0.02,0.5472062183644627,0.5460382344162583,0.0011679839482043,-7.55,4.99,-1.18,-0.63,3.21,8.58,-1.66,7.21,0.84,1.67,2.01,-4.1,-5.86,4.03,-1.06,1
